customer_id,frequency,monetary,n_purchase_days,n_active_months,frequency_90d,monetary_90d,monetary_prev_90d,n_products,is_uk,n_return_invoices,returned_value,recency_days,tenure_days,avg_order_value,avg_items_per_order,avg_days_between_purchases,is_one_time_buyer,return_rate,spend_trend,target_future_revenue,target_churned
13089,132,71480.4,84,16,23,13594.95,20574.159999999996,616,1,29,2763.0699999999997,5,466,541.5181818181818,283.0833333333333,5.554216867469879,0,0.03721633700579997,-0.4143125686857143,12641.6,0
16210,21,21521.61,19,10,3,4128.400000000001,9765.170000000002,109,1,2,185.45,38,466,1024.8385714285714,398.7142857142857,23.77777777777778,0,0.00854330342294166,-0.8607922548508782,1716.2700000000002,0
13735,9,6879.2300000000005,8,7,0,0.0,3211.05,272,1,5,221.34999999999997,105,455,764.3588888888889,334.1111111111111,50.0,0,0.031173509769624446,-8.07466464157065,935.1500000000001,0
17231,18,4639.960000000001,15,14,3,699.8800000000001,864.72,383,1,7,75.17,27,461,257.7755555555556,126.88888888888889,31.0,0,0.015942296394797172,-0.21122484228822014,1004.87,0
16085,8,1524.55,8,7,1,181.35,114.14999999999999,182,1,1,5.8,49,417,190.56875,104.75,52.57142857142857,0,0.003789982683699807,0.459692290987995,143.69,0
17742,10,2045.94,10,10,1,302.57000000000005,114.5,52,1,0,0.0,61,467,204.594,63.5,45.111111111111114,0,0.0,0.9663416964479303,0.0,1
15425,4,1941.12,4,4,0,0.0,157.5,114,1,0,0.0,129,392,485.28,260.25,87.66666666666667,0,0.0,-5.065754593317335,0.0,1
17789,2,397.15000000000003,2,2,1,225.90000000000003,0.0,27,1,0,0.0,10,390,198.57500000000002,99.5,380.0,0,0.0,5.424509391785796,0.0,1
12921,44,21819.530000000006,33,15,5,2485.58,6494.289999999999,222,1,18,1106.19,13,467,495.89840909090924,312.84090909090907,14.1875,0,0.04825104729535211,-0.9601690264630776,2897.94,0
12998,3,920.0800000000002,3,3,0,0.0,0.0,58,1,1,22.7,221,382,306.6933333333334,374.6666666666667,80.5,0,0.024077727571649797,0.0,0.0,1
15602,11,2244.84,11,8,3,312.2,1306.5800000000002,52,1,7,223.05,41,466,204.07636363636365,128.72727272727272,42.5,0,0.0903808516587044,-1.4290914154191272,138.2,0
14896,7,1614.45,7,5,0,0.0,257.22,140,1,2,98.7,94,462,230.6357142857143,119.42857142857143,61.333333333333336,0,0.05761316872427984,-5.553811934746573,211.55,0
12668,7,8010.549999999999,7,7,2,1281.67,2695.5299999999997,242,0,0,0.0,41,406,1144.3642857142856,596.5714285714286,60.833333333333336,0,0.0,-0.7430219183817828,1156.8000000000002,0
14493,5,2704.62,5,5,0,0.0,835.52,204,1,2,73.7,119,370,540.924,372.6,62.75,0,0.026526821964352562,-6.729250429286307,0.0,1
18196,3,1219.42,3,3,1,450.78,0.0,159,1,0,0.0,19,361,406.47333333333336,280.6666666666667,171.0,0,0.0,6.113195335679129,0.0,1
14530,11,3889.620000000001,11,9,1,662.8600000000001,1322.31,193,1,3,120.25,25,416,353.60181818181826,177.54545454545453,39.1,0,0.029988503367939602,-0.6898201687435117,834.1800000000001,0
13495,7,3683.87,7,5,1,354.48,2118.8799999999997,49,1,3,72.9,88,461,526.2671428571429,287.57142857142856,62.166666666666664,0,0.019404967565222253,-1.7856457734201445,207.0,0
17082,5,3365.12,4,4,1,636.94,942.8,74,1,0,0.0,47,453,673.024,358.6,135.33333333333334,0,0.0,-0.3916700442570482,0.0,1
15552,1,162.4,1,1,0,0.0,0.0,13,1,0,0.0,352,352,162.4,106.0,,1,0.0,0.0,90.12,0
17048,6,1906.73,6,6,2,760.4000000000001,501.28000000000003,83,1,3,40.28,11,419,317.78833333333336,167.83333333333334,81.6,0,0.02068813205890057,0.4160011108276338,0.0,1
13878,3,1145.33,3,3,0,0.0,0.0,59,1,0,0.0,276,333,381.77666666666664,154.66666666666666,28.5,0,0.0,0.0,0.0,1
13414,4,1493.6399999999999,4,4,1,390.0,0.0,27,1,1,11.9,25,332,373.40999999999997,432.0,102.33333333333333,0,0.007904140706988855,5.968707559985366,0.0,1
13092,9,1958.1000000000004,9,9,2,295.65,130.45,45,1,2,114.95000000000002,6,396,217.56666666666672,48.666666666666664,48.75,0,0.0554496997178071,0.8139264415287615,144.10000000000002,0
13286,1,734.91,1,1,0,0.0,0.0,46,1,0,0.0,329,329,734.91,274.0,,1,0.0,0.0,0.0,1
15451,2,226.86,2,2,0,0.0,122.10000000000001,56,1,0,0.0,163,328,113.43,38.0,165.0,0,0.0,-4.812997033190408,0.0,1
15111,3,1163.39,3,3,0,0.0,876.58,60,1,0,0.0,101,321,387.7966666666667,151.33333333333334,110.0,0,0.0,-6.777168119275631,0.0,1
16258,10,6739.01,8,7,0,0.0,2371.34,166,1,1,109.0,116,368,673.9010000000001,420.6,36.0,0,0.015917032831435703,-7.771632088800039,1032.46,0
16326,12,2012.21,12,8,2,425.18,227.35000000000002,145,1,0,0.0,42,409,167.68416666666667,40.5,33.36363636363637,0,0.0,0.6239822526067655,101.1,0
16549,25,8866.39,24,10,1,119.48999999999998,5248.070000000001,647,1,3,22.55,63,350,354.6556,193.96,12.478260869565217,0,0.0025368604130526252,-3.774239435101693,0.0,1
14744,12,3488.1299999999997,10,6,4,703.03,1647.3999999999999,53,1,2,11.45,26,299,290.67749999999995,190.91666666666666,30.333333333333332,0,0.0032718211899713683,-0.8507394305781917,0.0,1
15173,7,1494.6,7,5,0,0.0,408.77000000000004,68,1,1,95.34,109,346,213.5142857142857,120.0,39.5,0,0.05996452696328164,-6.0155960266829105,0.0,1
16742,13,2334.97,13,8,0,0.0,0.0,50,1,0,0.0,221,452,179.6130769230769,196.69230769230768,19.25,0,0.0,0.0,0.0,1
15625,5,1702.1399999999999,5,4,0,0.0,543.33,78,1,1,3.45,105,271,340.428,366.4,41.5,0,0.002022760452394773,-6.299555680584891,695.3299999999999,0
17646,11,3487.25,11,11,1,345.85,640.72,111,1,3,42.9,10,452,317.02272727272725,107.27272727272727,44.2,0,0.012152458110845147,-0.6152596616515646,411.53999999999996,0
12399,3,808.65,3,3,0,0.0,299.2,39,0,0,0.0,114,373,269.55,339.0,129.5,0,0.0,-5.704448919199361,839.0300000000001,0
14640,4,1541.98,4,4,0,0.0,339.35,91,1,4,120.1,138,415,385.495,191.25,92.33333333333333,0,0.07225885637273777,-5.829974499893961,395.75,0
17578,6,903.8700000000001,4,3,0,0.0,0.0,52,1,2,24.880000000000003,203,258,150.645,65.16666666666667,18.333333333333332,0,0.026788694481830418,0.0,143.45999999999998,0
17419,11,3266.2300000000005,10,10,3,992.28,1258.79,118,1,0,0.0,5,412,296.93000000000006,156.27272727272728,45.22222222222222,0,0.0,-0.23768772127368099,679.25,0
14298,52,51491.090000000004,27,13,14,11823.9,10212.1,870,1,1,40.32,17,457,990.2132692307694,1043.5192307692307,16.923076923076923,0,0.0007824354117226755,0.14653626769231387,18670.090000000004,0
12937,5,1593.3400000000001,5,4,0,0.0,0.0,71,1,0,0.0,192,465,318.668,195.2,68.25,0,0.0,0.0,428.23,0
15322,1,711.18,1,1,0,0.0,0.0,41,1,0,0.0,205,205,711.18,555.0,,1,0.0,0.0,0.0,1
15182,9,2376.1,5,5,0,0.0,753.83,67,1,3,56.2,114,385,264.0111111111111,103.44444444444444,67.75,0,0.02310570242157629,-6.62649255833254,370.48,0
12910,5,2721.48,4,4,0,0.0,1382.1,38,1,1,49.5,108,350,544.296,388.0,80.66666666666667,0,0.017863716086005673,-7.232082635630662,1142.5,0
14126,1,466.33000000000004,1,1,0,0.0,466.33000000000004,28,1,0,0.0,173,173,466.33000000000004,379.0,,1,0.0,-6.147035646233371,0.0,1
17858,22,9470.990000000002,20,12,3,1856.75,1945.95,106,1,1,60.0,33,462,430.4995454545455,215.3181818181818,22.57894736842105,0,0.006295253693477801,-0.04689796747071551,511.80000000000007,0
14030,15,6146.6900000000005,11,8,1,307.22999999999996,2665.28,482,1,2,116.69999999999999,34,458,409.77933333333334,203.93333333333334,42.4,0,0.018632082626181667,-2.1575932639414965,451.29,0
18223,17,9191.150000000001,17,13,5,1674.84,2199.2599999999998,142,1,17,390.25,7,464,540.6558823529413,263.52941176470586,28.5625,0,0.04072995595633205,-0.2722610030905459,1082.64,0
14998,2,338.31,2,2,0,0.0,224.82,49,1,0,0.0,157,334,169.155,47.0,177.0,0,0.0,-5.419738221752376,183.64000000000001,0
16008,12,4860.35,12,7,0,0.0,3134.87,58,1,0,0.0,111,359,405.0291666666667,242.83333333333334,22.545454545454547,0,0.0,-8.050661926529422,139.14999999999998,0
16797,5,1802.0200000000002,5,5,0,0.0,785.7900000000001,289,1,4,41.0,122,466,360.40400000000005,179.6,86.0,0,0.02224609608143156,-6.667961376723916,0.0,1
13780,1,372.06000000000006,1,1,0,0.0,372.06000000000006,35,1,0,0.0,136,136,372.06000000000006,161.0,,1,0.0,-5.921739264616416,0.0,1
14075,2,782.61,2,2,0,0.0,423.22,35,1,0,0.0,132,199,391.305,369.5,67.0,0,0.0,-6.05025218859107,307.91999999999996,0
17756,3,728.7500000000001,3,1,0,0.0,728.7500000000001,54,1,0,0.0,104,123,242.9166666666667,133.0,9.5,0,0.0,-6.592702009734224,0.0,1
17365,9,4159.79,8,7,2,742.66,1537.24,266,1,1,19.15,61,405,462.19888888888886,442.0,49.142857142857146,0,0.004582501782748736,-0.7268102435712249,1150.3300000000002,0
16228,3,885.71,2,1,0,0.0,885.71,45,1,1,4.65,114,129,295.2366666666667,185.0,15.0,0,0.005222606586100005,-6.78751798409388,0.0,1
15059,13,2522.59,12,10,3,369.90999999999997,592.94,233,1,7,91.0,25,462,194.04538461538462,86.38461538461539,39.72727272727273,0,0.03481800894554999,-0.4708188585825459,199.11,0
12358,3,2519.0099999999998,3,3,0,0.0,821.0799999999999,51,0,0,0.0,104,460,839.67,275.3333333333333,178.0,0,0.0,-6.711837713921518,0.0,1
17237,2,679.44,2,1,0,0.0,679.44,58,1,0,0.0,104,110,339.72,154.5,6.0,0,0.0,-6.522739647741382,0.0,1
13030,1,402.35999999999996,1,1,0,0.0,402.35999999999996,50,1,0,0.0,97,97,402.35999999999996,174.0,,1,0.0,-5.999829463439609,0.0,1
14062,16,18217.190000000002,14,10,3,2129.77,6461.01,129,1,3,169.37,52,458,1138.5743750000001,568.875,31.23076923076923,0,0.009211619791847958,-1.1094569981670999,1738.2400000000002,0
16931,6,1359.54,6,4,3,730.14,629.4000000000001,179,1,0,0.0,21,126,226.59,125.16666666666667,21.0,0,0.0,0.14825042133664112,1020.92,0
15194,19,6918.7300000000005,18,10,5,2107.57,2159.8500000000004,185,1,7,217.60000000000002,12,465,364.1436842105263,274.2105263157895,26.647058823529413,0,0.030491863464834165,-0.024491670196478132,1147.4500000000003,0
15641,10,4220.51,10,9,2,762.16,956.8400000000001,202,1,0,0.0,11,462,422.05100000000004,352.6,50.111111111111114,0,0.0,-0.2272130415494784,543.2199999999999,0
17426,8,4234.39,4,4,1,1193.8799999999999,0.0,151,1,3,456.4,11,389,529.29875,329.875,126.0,0,0.09729704378153786,7.085801040913303,0.0,1
17096,7,2675.7999999999997,7,5,0,0.0,932.05,128,1,3,38.9,112,284,382.2571428571428,174.28571428571428,28.666666666666668,0,0.014329391829668104,-6.83845878997948,133.49,0
13155,4,967.9200000000001,4,4,1,189.5,542.72,68,1,0,0.0,55,220,241.98000000000002,126.5,55.0,0,0.0,-1.0487822139002914,0.0,1
15057,5,3255.96,5,5,2,1489.5,901.4199999999998,62,1,1,71.4,4,463,651.192,278.8,114.75,0,0.021458453548759377,0.5017868694993632,0.0,1
15577,3,166.79999999999998,3,2,1,29.65,0.0,24,1,0,0.0,34,455,55.599999999999994,12.666666666666666,210.5,0,0.0,3.4226326623822203,0.0,1
13455,5,1847.5900000000001,5,4,0,0.0,692.94,70,1,4,123.16,95,459,369.51800000000003,126.2,91.0,0,0.06249397437523784,-6.542385501437915,0.0,1
15898,22,4125.51,21,12,0,0.0,1084.1599999999999,276,1,3,57.75,96,457,187.52318181818183,82.5909090909091,18.05,0,0.013805022876895053,-6.989482720540389,481.3,0
17409,8,7021.66,6,5,0,0.0,3761.6399999999994,40,1,0,0.0,150,457,877.7075,498.0,61.4,0,0.0,-8.232876117667209,771.85,0
17115,4,1923.9899999999998,4,4,0,0.0,0.0,75,1,4,114.60000000000001,277,463,480.99749999999995,128.25,62.0,0,0.056215325298368,0.0,612.82,0
15988,2,579.61,2,2,0,0.0,0.0,92,1,0,0.0,280,385,289.805,147.0,105.0,0,0.0,0.0,0.0,1
16450,2,1193.81,2,2,0,0.0,0.0,27,1,1,30.0,313,385,596.905,240.5,72.0,0,0.024513609138673488,0.0,0.0,1
18051,7,2282.2799999999997,7,4,0,0.0,0.0,41,1,1,6.3,363,459,326.03999999999996,237.28571428571428,16.0,0,0.0027527986786566342,0.0,0.0,1
17861,11,3232.27,11,8,1,241.85999999999999,863.37,213,1,3,21.5,48,458,293.84272727272725,241.63636363636363,41.0,0,0.006607719660578344,-1.2695157722502275,216.12,0
17158,3,1126.82,3,3,1,413.79,0.0,50,1,1,17.7,89,371,375.6066666666666,206.66666666666666,141.0,0,0.015464998427288296,6.027772368060912,284.76,0
16779,38,24695.039999999997,37,16,5,1809.9,2864.55,263,1,5,130.61,5,465,649.8694736842104,406.63157894736844,12.777777777777779,0,0.005261090847570961,-0.45893634455405063,1745.9899999999998,0
18283,9,934.0699999999999,8,6,3,314.69999999999993,195.34999999999997,213,1,0,0.0,13,387,103.78555555555555,56.333333333333336,53.42857142857143,0,0.0,0.47489361453992807,198.86999999999998,0
16133,25,9034.130000000001,23,11,2,630.9100000000001,4465.08,140,1,11,494.74999999999994,16,347,361.3652,209.48,15.045454545454545,0,0.051921107202525366,-1.9555193664180237,6160.460000000002,0
18064,9,3667.83,7,6,0,0.0,806.0999999999999,47,1,4,53.849999999999994,175,405,407.53666666666663,255.66666666666666,38.333333333333336,0,0.014469271941703745,-6.6934475763303265,408.0,0
12437,24,7709.949999999999,22,12,4,874.9599999999999,1780.35,222,0,7,270.55,18,466,321.24791666666664,238.54166666666666,21.333333333333332,0,0.0339013846250235,-0.709806354998638,884.1300000000001,0
13042,3,1488.5900000000001,3,3,0,0.0,0.0,164,1,1,33.75,327,461,496.1966666666667,270.6666666666667,67.0,0,0.022169817517768697,0.0,0.0,1
12863,5,2271.35,5,5,0,0.0,584.4,23,1,0,0.0,108,318,454.27,141.4,52.5,0,0.0,-6.372295374257785,0.0,1
13230,21,4139.93,21,13,4,692.6,1414.37,497,1,0,0.0,11,360,197.13952380952384,107.0952380952381,17.45,0,0.0,-0.7132508345289379,977.5800000000003,0
14025,8,4057.9000000000005,8,4,0,0.0,0.0,60,1,2,88.8,193,312,507.23750000000007,239.25,17.0,0,0.02141461885354619,0.0,0.0,1
17364,18,8076.16,17,12,2,924.3900000000001,2003.7,350,1,2,27.4,17,461,448.67555555555555,300.3333333333333,27.75,0,0.0033812299779356235,-0.7730344323338043,1161.06,0
18197,1,230.1,1,1,0,0.0,0.0,9,1,1,8.7,304,304,230.1,166.0,,1,0.0364321608040201,0.0,0.0,1
13402,3,913.9000000000001,3,3,0,0.0,308.28000000000003,43,1,0,0.0,101,293,304.6333333333334,209.33333333333334,96.0,0,0.0,-5.734247015460021,0.0,1
12986,10,2729.84,7,6,0,0.0,398.66,61,1,2,731.5,157,416,272.98400000000004,116.4,43.166666666666664,0,0.21133433872430907,-5.990614185653143,0.0,1
15720,1,140.49,1,1,0,0.0,0.0,25,1,0,0.0,279,279,140.49,46.0,,1,0.0,0.0,0.0,1
16656,18,9605.689999999999,16,13,2,969.56,1549.29,19,1,10,511.04,20,464,533.6494444444444,429.94444444444446,29.6,0,0.05051434603869037,-0.4683240646868514,2159.1600000000003,0
16529,3,1531.55,3,3,0,0.0,0.0,72,1,0,0.0,206,259,510.51666666666665,180.33333333333334,26.5,0,0.0,0.0,455.24999999999994,0
16809,4,812.74,4,4,0,0.0,176.1,68,1,0,0.0,161,334,203.185,110.25,57.666666666666664,0,0.0,-5.176714544788788,343.08,0
13715,17,8153.039999999999,16,11,2,582.71,2054.1200000000003,277,1,4,44.95,10,367,479.59058823529404,282.3529411764706,23.8,0,0.00548305133331463,-1.258685235234652,0.0,1
15151,2,2085.6099999999997,2,2,0,0.0,1116.26,56,1,0,0.0,152,238,1042.8049999999998,397.5,86.0,0,0.0,-7.018634538321726,0.0,1
13213,6,2330.94,6,4,0,0.0,1715.9899999999998,109,1,2,14.75,112,297,388.49,267.0,37.0,0,0.006288128439819413,-7.448328036768692,551.5300000000001,0
12980,17,12544.619999999999,17,15,5,3673.7400000000002,2948.4000000000005,7,1,3,123.3,11,466,737.9188235294117,77.76470588235294,28.4375,0,0.009733247447094709,0.21988062202799785,1785.2400000000002,0
14930,4,3977.8999999999996,4,4,1,1104.1299999999999,0.0,166,0,3,109.99000000000001,3,335,994.4749999999999,433.5,110.66666666666667,0,0.02690630129480001,7.007718254090804,0.0,1
16011,17,2992.04,17,11,2,347.09000000000003,1209.53,144,1,1,13.45,19,467,176.00235294117647,105.0,28.0,0,0.004475143820142473,-1.246352492190912,472.96999999999997,0
15424,1,214.44,1,1,0,0.0,0.0,16,1,0,0.0,192,192,214.44,319.0,,1,0.0,0.0,383.34000000000003,0
13842,13,3152.32,11,10,3,908.0300000000001,1169.4699999999998,137,1,1,24.950000000000003,2,390,242.48615384615385,110.46153846153847,38.8,0,0.007852653378529367,-0.25278255959667817,609.87,0
18193,2,963.5900000000001,2,2,0,0.0,963.5900000000001,50,1,1,20.85,109,171,481.7950000000001,401.0,62.0,0,0.02117955385803096,-6.871703140589635,0.0,1
14692,10,1504.44,10,8,2,380.84999999999997,532.5,84,1,1,9.5,28,346,150.44400000000002,81.7,35.333333333333336,0,0.006275017503996195,-0.33443120940741533,99.44999999999999,0
16131,6,6450.88,4,4,0,0.0,1950.94,105,1,3,91.15,104,466,1075.1466666666668,494.3333333333333,120.66666666666667,0,0.01393298410432236,-7.576579028795707,1664.52,0
12563,1,221.24,1,1,0,0.0,221.24,12,0,0,0.0,137,137,221.24,112.0,,1,0.0,-5.403757879006034,0.0,1
15271,11,2400.05,11,6,1,253.1,1065.4299999999998,262,1,1,49.0,66,220,218.18636363636367,120.45454545454545,15.4,0,0.02000775811028766,-1.4343440101756908,370.76,0
17326,2,312.35,2,2,0,0.0,147.65,82,1,0,0.0,137,258,156.175,68.0,121.0,0,0.0,-5.001594549444107,0.0,1
18098,1,527.94,1,1,0,0.0,527.94,85,1,0,0.0,125,125,527.94,215.0,,1,0.0,-6.270875003875495,0.0,1
14526,1,258.65,1,1,0,0.0,258.65,41,1,0,0.0,118,118,258.65,178.0,,1,0.0,-5.559334570290328,0.0,1
13985,7,2960.7299999999996,7,5,0,0.0,2367.5,81,1,1,2.95,103,397,422.9614285714285,213.0,49.0,0,0.0009953841170436757,-7.770012122363807,1165.3,0
12734,3,603.65,3,2,1,110.4,493.25,16,0,0,0.0,81,121,201.21666666666667,87.66666666666667,20.0,0,0.0,-1.4899141345575426,0.0,1
14189,5,2014.56,5,4,3,854.25,1160.31,84,1,1,3.75,17,117,402.912,295.2,25.0,0,0.001857990100628744,-0.30591013339627615,990.58,0
13144,2,135.35,2,2,1,110.94999999999999,24.4,6,1,0,0.0,61,160,67.675,14.5,99.0,0,0.0,1.4833031690202727,0.0,1
16951,1,1053.79,1,1,1,1053.79,0.0,70,1,0,0.0,33,33,1053.79,1066.0,,1,0.0,6.9610969739639605,0.0,1
12582,3,1634.1999999999998,3,3,1,165.16,631.93,80,0,0,0.0,17,306,544.7333333333332,275.0,144.5,0,0.0,-1.3374086519432336,186.2,0
14541,10,1870.38,9,8,4,832.35,98.25,99,1,0,0.0,16,430,187.038,90.1,51.75,0,0.0,2.1278118024208847,173.10000000000002,0
17804,3,383.78,3,3,0,0.0,119.0,82,1,0,0.0,105,467,127.92666666666666,64.66666666666667,181.0,0,0.0,-4.787491742782046,0.0,1
18061,21,4781.73,20,13,2,412.16999999999996,1163.91,23,1,1,8.5,19,464,227.70142857142855,143.0,23.42105263157895,0,0.0017744450683996385,-1.03653997925288,521.0400000000001,0
14695,3,1534.2199999999998,2,2,0,0.0,0.0,76,1,1,67.5,248,461,511.4066666666666,220.33333333333334,213.0,0,0.04214219713807657,0.0,0.0,1
16104,8,2476.25,7,6,0,0.0,257.0,162,1,2,263.25,147,462,309.53125,115.625,52.5,0,0.096094177769666,-5.552959584921617,0.0,1
17596,7,2075.74,7,7,0,0.0,734.3199999999999,184,1,1,13.35,97,453,296.53428571428566,451.85714285714283,59.333333333333336,0,0.006390342206415234,-6.600305778614671,896.24,0
15164,7,1371.97,7,7,1,168.44,482.1,198,1,1,16.9,68,419,195.99571428571429,87.0,58.5,0,0.012168165487050622,-1.0477247897072646,194.78999999999996,0
16320,4,4590.53,4,3,0,0.0,0.0,138,0,1,10.2,182,410,1147.6325,646.75,76.0,0,0.002217039469823267,0.0,852.68,0
15192,3,937.0699999999999,3,3,0,0.0,315.0,40,1,0,0.0,94,408,312.3566666666666,242.0,157.0,0,0.0,-5.755742213586912,422.99,0
12500,10,2414.1499999999996,10,8,3,914.76,206.85,65,0,4,31.35,10,402,241.41499999999996,142.4,43.55555555555556,0,0.012819464322224496,1.4829376559115746,223.44000000000003,0
15673,6,4358.35,6,6,1,880.2600000000001,561.3999999999999,115,1,1,4.95,56,384,726.3916666666668,364.6666666666667,65.6,0,0.0011344624481470446,0.44913936108337094,815.78,0
13044,11,4848.049999999999,11,8,1,560.4699999999999,0.0,356,1,2,29.7,20,429,440.73181818181814,231.63636363636363,40.9,0,0.006088872943467789,6.330558344434146,0.0,1
15538,6,3358.4,6,4,0,0.0,0.0,3,1,5,322.29999999999995,266,392,559.7333333333333,169.33333333333334,25.2,0,0.08756486537886814,0.0,0.0,1
14851,1,318.06000000000006,1,1,0,0.0,0.0,14,1,0,0.0,359,359,318.06000000000006,306.0,,1,0.0,0.0,206.13000000000002,0
16551,5,1626.07,5,5,1,311.07,353.55999999999995,54,1,0,0.0,65,455,325.214,277.4,97.5,0,0.0,-0.12765006249973432,0.0,1
12481,7,7244.120000000001,7,6,2,1073.0500000000002,3201.4700000000003,155,0,2,138.9,65,336,1034.8742857142859,652.8571428571429,45.166666666666664,0,0.018813439486822466,-1.092485837125527,1545.62,0
12391,5,2285.18,4,3,0,0.0,0.0,159,0,1,25.599999999999998,193,391,457.03599999999994,182.2,66.0,0,0.011078510286569903,0.0,0.0,1
12932,8,1698.56,7,5,0,0.0,0.0,69,1,0,0.0,268,396,212.32,201.125,21.333333333333332,0,0.0,0.0,0.0,1
12806,2,2558.96,2,2,0,0.0,0.0,56,0,0,0.0,301,317,1279.48,1042.0,16.0,0,0.0,0.0,0.0,1
14201,4,513.3399999999999,4,4,1,67.24000000000001,162.15,20,1,0,0.0,88,317,128.33499999999998,87.0,76.33333333333333,0,0.0,-0.8716391198559057,343.86,0
17238,19,4348.030000000001,17,11,2,365.87,1235.96,363,1,0,0.0,4,467,228.84368421052636,108.52631578947368,28.9375,0,0.0,-1.215404473702777,795.8800000000001,0
17617,1,385.18999999999994,1,1,0,0.0,0.0,18,1,1,158.05,287,287,385.18999999999994,249.0,,1,0.2909395478977984,0.0,0.0,1
14978,8,2323.2200000000003,8,6,3,1132.4,333.24,149,1,2,35.8,18,319,290.40250000000003,68.0,43.0,0,0.0151757933379115,1.2211179459272632,394.83,0
17692,10,2673.46,9,8,2,438.6,622.8,85,1,1,5.9,34,269,267.346,206.8,29.375,0,0.002202018392451929,-0.3499645816442367,169.5,0
16739,1,463.42999999999995,1,1,0,0.0,0.0,25,1,1,3.75,265,265,463.42999999999995,219.0,,1,0.008026884712530503,0.0,0.0,1
16915,6,975.8000000000001,6,6,1,54.3,390.45000000000005,14,1,0,0.0,12,298,162.63333333333335,12.666666666666666,57.2,0,0.0,-1.9570848848256341,112.49000000000001,0
16129,3,1396.05,3,2,0,0.0,949.1099999999999,91,1,0,0.0,136,236,465.34999999999997,420.3333333333333,50.0,0,0.0,-6.856577767365187,0.0,1
17109,2,410.42,2,2,0,0.0,225.73000000000002,22,1,0,0.0,135,226,205.21,100.0,91.0,0,0.0,-5.423759882238551,464.59000000000003,0
17046,4,1264.0500000000002,3,3,0,0.0,547.94,57,1,0,0.0,173,349,316.01250000000005,281.5,88.0,0,0.0,-6.307989145919499,0.0,1
17869,3,599.78,3,3,0,0.0,214.32,53,1,0,0.0,97,276,199.92666666666665,149.0,89.5,0,0.0,-5.372125293692757,96.63999999999999,0
18144,10,2664.25,10,9,2,495.0,593.9,39,1,0,0.0,47,452,266.425,117.2,45.0,0,0.0,-0.1818173974689321,945.6000000000001,0
14426,10,8741.85,9,8,3,1495.58,1870.1100000000001,384,1,7,85.45,5,374,874.1850000000001,516.6,46.125,0,0.00968019666262617,-0.223349332702945,0.0,1
13683,1,258.6,1,1,0,0.0,0.0,10,1,0,0.0,186,186,258.6,180.0,,1,0.0,0.0,0.0,1
17392,3,579.92,3,3,2,411.27,168.64999999999998,65,1,0,0.0,35,179,193.30666666666664,149.33333333333334,72.0,0,0.0,0.8879409832837526,0.0,1
17682,6,1982.45,6,6,0,0.0,549.25,61,1,0,0.0,97,370,330.40833333333336,187.33333333333334,54.6,0,0.0,-6.310372720406571,715.91,0
15129,13,3768.1800000000003,12,9,1,355.4,859.83,67,1,0,0.0,20,339,289.86,178.84615384615384,29.0,0,0.0,-0.8818433445046887,764.98,0
13707,4,3142.86,3,3,1,583.41,1838.9500000000003,126,1,0,0.0,44,265,785.715,522.5,110.5,0,0.0,-1.1468908850232085,223.0,0
16253,5,3538.34,5,4,0,0.0,1309.1,143,1,0,0.0,149,460,707.668,559.2,77.75,0,0.0,-7.177858749159625,1700.4,0
14756,2,1864.8000000000002,2,2,0,0.0,1864.8000000000002,67,1,1,40.3,111,153,932.4000000000001,503.0,42.0,0,0.021153745210225183,-7.531445194526861,0.0,1
17703,1,296.1,1,1,0,0.0,296.1,23,1,0,0.0,147,147,296.1,307.0,,1,0.0,-5.694068782468562,0.0,1
14312,8,2072.72,8,6,3,594.02,693.37,109,1,0,0.0,2,233,259.09,141.5,33.0,0,0.0,-0.1544099412218083,260.57,0
17374,2,423.28999999999996,2,2,1,191.95,231.34,23,1,1,15.9,10,124,211.64499999999998,49.5,114.0,0,0.036203010086750614,-0.18577072810170137,303.81999999999994,0
15527,17,3705.8100000000004,13,10,2,580.3,754.9999999999999,136,1,6,371.15,44,453,217.98882352941177,82.23529411764706,34.083333333333336,0,0.09103596797613907,-0.2627744014722273,566.99,0
16001,1,583.39,1,1,0,0.0,583.39,29,1,1,64.33000000000001,110,110,583.39,337.0,,1,0.0993176063731242,-6.37056856816272,0.0,1
14202,3,847.76,3,3,0,0.0,514.55,27,1,0,0.0,110,353,282.58666666666664,55.333333333333336,121.5,0,0.0,-6.2452342919639525,0.0,1
17889,6,644.4,4,3,1,99.35,528.61,89,1,0,0.0,51,347,107.39999999999999,61.333333333333336,98.66666666666667,0,0.0,-1.6634768113774125,102.02,0
12347,3,1798.71,3,3,1,475.38999999999993,1323.3200000000002,77,0,0,0.0,46,133,599.57,381.0,43.5,0,0.0,-1.0224175526403139,1018.77,0
17827,4,1659.8000000000002,2,2,0,0.0,1270.96,165,1,1,6.75,93,350,414.95000000000005,270.75,257.0,0,0.004050283519846389,-7.148314296864734,309.51,0
12754,2,61.62,2,2,2,61.62,0.0,49,0,0,0.0,6,37,30.81,24.5,31.0,0,0.0,4.1370847158982595,2949.12,0
15670,2,325.2,2,2,1,173.04999999999998,0.0,19,1,1,10.0,25,285,162.6,66.0,260.0,0,0.02983293556085919,5.159342614257448,0.0,1
13668,18,8387.73,18,12,3,1571.42,1589.25,236,1,5,207.28,24,457,465.98499999999996,193.55555555555554,25.470588235294116,0,0.02411631865466125,-0.01127540268227989,2286.6,0
15687,3,1032.55,3,2,3,1032.55,0.0,48,1,1,9.95,18,59,344.18333333333334,135.0,20.5,0,0.009544364508393285,6.940754757245245,646.9,0
16287,4,864.48,4,4,0,0.0,500.15999999999997,18,1,0,0.0,105,418,216.12,282.0,104.33333333333333,0,0.0,-6.2169254113773516,0.0,1
12504,2,261.0,2,2,0,0.0,144.60000000000002,7,0,0,0.0,146,325,130.5,183.0,179.0,0,0.0,-4.980863135762585,0.0,1
13901,11,3023.54,8,8,1,214.4,292.86,158,1,5,77.0,47,432,274.86727272727273,151.72727272727272,55.0,0,0.024834383688002736,-0.31060669872551205,433.9,0
12843,20,4759.610000000001,18,9,0,0.0,653.87,74,1,3,221.3,111,455,237.98050000000003,112.2,20.235294117647058,0,0.044429632336259836,-6.484436742654381,1071.51,0
14000,4,1410.68,4,4,0,0.0,222.66000000000003,23,1,2,166.8,143,466,352.67,282.0,107.66666666666667,0,0.10573826609529123,-5.410127041600043,635.6600000000001,0
17470,7,1679.8,7,6,0,0.0,929.8199999999999,62,1,0,0.0,96,237,239.97142857142856,166.85714285714286,23.5,0,0.0,-6.836065918090292,444.71,0
14534,12,2746.39,12,8,4,958.9799999999998,987.0899999999999,226,1,6,116.74,4,363,228.8658333333333,104.33333333333333,32.63636363636363,0,0.040773559007100627,-0.028861335805019372,903.2200000000001,0
17817,5,670.17,4,3,2,269.7,400.4699999999999,97,1,1,6.7,6,151,134.034,62.4,48.333333333333336,0,0.009898503405380649,-0.3941216141741499,0.0,1
12600,13,2687.55,13,10,2,554.24,814.96,35,0,2,42.25,38,461,206.7346153846154,58.84615384615385,35.25,0,0.015477324346105941,-0.38496488144785523,559.22,0
15366,6,1892.11,6,6,1,105.54,659.78,68,1,0,0.0,87,380,315.35166666666663,314.5,58.6,0,0.0,-1.8249004539160545,0.0,1
13723,5,994.23,4,4,0,0.0,573.6500000000001,46,1,0,0.0,121,340,198.846,110.0,73.0,0,0.0,-6.353761159814768,199.85000000000002,0
15259,4,1182.38,3,3,0,0.0,0.0,50,1,0,0.0,241,411,295.595,157.75,85.0,0,0.0,0.0,0.0,1
14344,16,2604.95,16,9,2,161.18,1131.1000000000001,119,1,0,0.0,4,355,162.809375,84.5625,23.4,0,0.0,-1.9431227645676525,144.05,0
12540,18,9651.42,17,14,3,1981.1699999999998,2978.96,181,0,1,65.69999999999999,40,461,536.19,291.5,26.3125,0,0.0067612625963248355,-0.40771767343131327,3485.35,0
15380,7,1788.7999999999997,7,6,0,0.0,564.54,6,1,1,48.96000000000001,94,467,255.54285714285712,93.71428571428571,62.166666666666664,0,0.02664112833014105,-6.33778102691849,0.0,1
16177,7,1915.3600000000001,6,4,0,0.0,270.75,66,1,4,105.69999999999999,165,376,273.6228571428572,132.28571428571428,42.2,0,0.05229928849217736,-5.604882526001319,0.0,1
16332,5,536.99,5,4,1,122.30000000000001,158.42000000000002,48,1,1,10.44,34,318,107.398,73.0,71.0,0,0.01907093144328955,-0.25692181882947907,0.0,1
13098,3,1242.8,3,3,3,1242.8,0.0,19,1,3,89.25,2,46,414.26666666666665,131.66666666666666,22.0,0,0.06700198941481175,7.125926488669789,6492.17,0
15920,5,401.64000000000004,4,4,0,0.0,134.6,42,1,0,0.0,153,454,80.328,27.8,100.33333333333333,0,0.0,-4.909709375506295,0.0,1
12978,5,2502.8199999999997,5,4,0,0.0,556.36,126,1,1,6.75,114,458,500.56399999999996,278.8,86.0,0,0.002689703813800771,-6.323211350721864,0.0,1
12662,12,3414.34,12,10,2,584.0999999999999,1104.99,105,0,2,38.849999999999994,5,346,284.52833333333336,154.5,31.0,0,0.011250466959535963,-0.6367133676558945,866.5,0
17221,3,642.14,2,1,0,0.0,0.0,58,1,0,0.0,320,336,214.04666666666665,142.0,16.0,0,0.0,0.0,0.0,1
17414,4,1471.52,4,4,0,0.0,284.32,6,1,0,0.0,152,465,367.88,1039.0,104.33333333333333,0,0.0,-5.6536113574098374,598.0,0
16709,10,7146.67,9,8,1,1120.5300000000002,2507.15,194,1,0,0.0,10,459,714.667,277.3,56.125,0,0.0,-0.8048516050857542,864.06,0
18044,10,1563.38,10,7,2,146.37,814.95,70,1,0,0.0,12,289,156.33800000000002,71.8,30.77777777777778,0,0.0,-1.7114066473517715,736.8399999999999,0
16489,2,303.7,2,2,0,0.0,303.7,4,1,0,0.0,109,165,151.85,19.0,56.0,0,0.0,-5.719327685991663,0.0,1
12924,10,1815.7400000000002,9,8,2,280.04,270.95,40,1,1,42.5,4,459,181.574,103.4,56.875,0,0.022871103840192867,0.032878782088602065,367.28,0
13399,3,275.4,3,2,0,0.0,0.0,10,1,0,0.0,193,248,91.8,40.0,27.5,0,0.0,0.0,0.0,1
17867,9,428.35,8,7,1,25.5,29.25,57,1,4,163.9,17,466,47.59444444444445,14.444444444444445,64.14285714285714,0,0.27674124102997044,-0.13235145148467398,578.5500000000001,0
17681,5,731.2,4,3,0,0.0,0.0,12,1,1,201.60000000000002,326,422,146.24,90.0,32.0,0,0.2161234991423671,0.0,0.0,1
17740,6,426.90000000000003,6,5,0,0.0,113.4,5,1,0,0.0,118,426,71.15,37.0,61.6,0,0.0,-4.739701078945697,0.0,1
18273,1,153.0,1,1,0,0.0,0.0,1,1,0,0.0,319,319,153.0,60.0,,1,0.0,0.0,51.0,0
17766,2,299.61,1,1,0,0.0,299.61,21,1,0,0.0,110,110,149.805,77.5,,1,0.0,-5.7058137435652805,0.0,1
17954,11,2196.46,10,8,2,580.0799999999999,450.24,324,1,6,102.09,24,459,199.67818181818183,177.54545454545453,48.333333333333336,0,0.04441495725566118,0.25288909226796275,807.6800000000002,0
17416,16,12519.74,9,8,1,2114.71,3031.0499999999997,265,1,1,21.9,10,454,782.48375,363.25,55.5,0,0.0017461831148079517,-0.3598485048453224,1333.3000000000002,0
13800,3,1679.5600000000004,3,3,1,558.3200000000002,642.5400000000001,73,1,0,0.0,38,465,559.8533333333335,297.0,213.5,0,0.0,-0.14026242499383468,0.0,1
17287,16,3000.5,13,9,0,0.0,1303.48,233,1,2,16.25,96,465,187.53125,94.1875,30.75,0,0.0053865915306207015,-7.173559772914601,277.64,0
17679,5,1585.5,4,4,0,0.0,0.0,41,1,4,411.05,250,465,317.1,205.2,71.66666666666667,0,0.20588014324710127,0.0,0.0,1
18092,11,8737.3,11,7,3,1626.1200000000001,2129.1800000000003,25,1,1,3.75,59,464,794.3,484.1818181818182,40.5,0,0.00042901024476464504,-0.26939490229796537,1558.1999999999998,0
17043,4,858.47,4,3,0,0.0,293.87,87,1,0,0.0,104,459,214.6175,154.5,118.33333333333333,0,0.0,-5.686534581246647,174.6,0
15971,8,2581.98,8,5,2,879.0,1256.7000000000003,7,1,2,972.4,12,460,322.7475,120.5,64.0,0,0.2735779517102842,-0.3571180275808583,202.2,0
17400,4,2949.61,4,4,1,424.16999999999996,0.0,230,1,0,0.0,82,451,737.4025,336.75,123.0,0,0.0,6.052489088945744,882.45,0
14595,3,587.6500000000001,3,3,1,163.8,0.0,30,1,0,0.0,42,417,195.88333333333335,108.66666666666667,187.5,0,0.0,5.1047326174753715,0.0,1
17176,2,596.1899999999999,2,2,0,0.0,0.0,25,1,0,0.0,255,406,298.09499999999997,203.0,151.0,0,0.0,0.0,306.13000000000005,0
16511,3,842.1599999999999,3,3,0,0.0,542.01,123,1,0,0.0,126,377,280.71999999999997,121.33333333333333,125.5,0,0.0,-6.297127735970621,328.34999999999997,0
17589,14,11403.35,12,7,0,0.0,1915.27,525,1,3,145.05,114,371,814.525,502.2142857142857,23.363636363636363,0,0.012560181497003916,-7.558135867183092,1211.42,0
17241,12,2736.64,11,8,0,0.0,328.05,116,1,0,0.0,114,391,228.0533333333333,71.58333333333333,27.7,0,0.0,-5.796209714902128,0.0,1
14709,15,5148.59,14,14,3,1183.3000000000002,827.3399999999999,74,1,2,19.85,5,463,343.2393333333333,143.4,35.23076923076923,0,0.0038406172849060837,0.35748346360747885,759.74,0
15532,7,2516.17,7,5,1,353.80000000000007,1044.3899999999999,296,1,0,0.0,87,278,359.45285714285717,129.42857142857142,31.833333333333332,0,0.0,-1.0805910500811722,0.0,1
16094,7,2617.33,7,6,0,0.0,933.05,74,1,7,84.69999999999999,104,331,373.9042857142857,196.14285714285714,37.833333333333336,0,0.03134680221907232,-6.839529969986571,252.10000000000002,0
15043,5,2318.3199999999997,5,4,0,0.0,0.0,38,1,0,0.0,192,262,463.66399999999993,141.4,17.5,0,0.0,0.0,0.0,1
12801,1,871.8199999999999,1,1,0,0.0,0.0,49,0,1,39.95,229,229,871.8199999999999,500.0,,1,0.04381587461750223,0.0,0.0,1
15387,1,468.65,1,1,0,0.0,0.0,20,1,0,0.0,221,221,468.65,335.0,,1,0.0,0.0,0.0,1
14221,9,3397.64,8,7,1,312.95,323.09,77,1,1,5.95,68,341,377.5155555555555,198.44444444444446,39.0,0,0.0017481541548776442,-0.031787517436884904,1340.88,0
15006,1,277.4,1,1,0,0.0,0.0,47,1,0,0.0,182,182,277.4,101.0,,1,0.0,0.0,0.0,1
13599,16,5963.670000000001,11,10,2,949.71,2104.84,121,1,13,320.67999999999995,12,467,372.72937500000006,238.1875,45.5,0,0.05102834819830211,-0.795260642523556,703.11,0
14461,10,4573.85,9,7,0,0.0,1389.3600000000001,368,1,1,15.9,111,419,457.38500000000005,223.9,38.5,0,0.0034642409717304864,-7.237317985397646,776.2299999999999,0
14310,1,492.1000000000001,1,1,0,0.0,492.1000000000001,22,1,0,0.0,161,161,492.1000000000001,230.0,,1,0.0,-6.2007119932300805,0.0,1
13423,1,217.03,1,1,0,0.0,217.03,12,1,0,0.0,157,157,217.03,141.0,,1,0.0,-5.3846326679999565,0.0,1
13280,6,2177.83,5,4,2,682.96,1016.3700000000001,157,1,1,25.5,45,373,362.97166666666664,236.5,82.0,0,0.011573391185160644,-0.3970767086460629,0.0,1
13763,2,3502.48,2,2,0,0.0,3502.48,35,1,1,9.95,146,164,1751.24,1248.0,18.0,0,0.0028327966678339494,-8.161512039217158,0.0,1
12874,2,873.42,2,2,0,0.0,414.15999999999997,43,0,1,15.0,114,283,436.71,309.0,169.0,0,0.01688390626055244,-6.0286639880970885,0.0,1
14649,5,2248.6000000000004,5,5,0,0.0,970.5600000000001,270,1,2,21.15,111,417,449.7200000000001,282.2,76.5,0,0.009318206850974774,-6.878903027075109,582.12,0
12735,2,689.5699999999999,2,1,2,689.5699999999999,0.0,37,0,0,0.0,44,66,344.78499999999997,181.5,22.0,0,0.0,6.537517343525793,0.0,1
17499,2,1341.3899999999999,2,2,1,622.8800000000001,0.0,66,1,1,44.550000000000004,18,290,670.6949999999999,543.0,272.0,0,0.032144248668773544,6.435958042183625,0.0,1
15764,3,2344.04,3,3,1,1120.9299999999998,358.2,115,1,2,15.299999999999999,5,207,781.3466666666667,506.0,101.0,0,0.0064848644112336495,1.1389263591165468,573.59,0
16059,8,1859.9100000000003,8,7,1,141.25,825.2,168,1,0,0.0,56,298,232.48875000000004,114.25,34.57142857142857,0,0.0,-1.7592508019562239,381.5,0
13931,10,4398.06,7,6,1,378.21000000000004,946.6300000000001,177,1,0,0.0,9,465,439.80600000000004,297.4,76.0,0,0.0,-0.915873989370148,0.0,1
13361,2,1450.5,2,2,0,0.0,0.0,29,1,0,0.0,201,346,725.25,162.0,145.0,0,0.0,0.0,0.0,1
17669,3,2735.63,3,3,0,0.0,0.0,56,1,0,0.0,191,346,911.8766666666667,529.6666666666666,77.5,0,0.0,0.0,1611.0,0
14195,4,1603.6000000000001,3,3,0,0.0,388.2,5,1,3,164.9,168,363,400.90000000000003,346.0,97.5,0,0.09324286118179247,-5.96409335031185,1012.0,0
14671,2,1127.45,2,2,0,0.0,0.0,48,1,0,0.0,278,297,563.725,285.5,19.0,0,0.0,0.0,0.0,1
16125,14,4292.35,14,12,0,0.0,957.2,168,1,0,0.0,96,454,306.5964285714286,129.92857142857142,27.53846153846154,0,0.0,-6.865056524449022,0.0,1
16743,9,2790.08,9,8,2,791.06,0.0,81,1,0,0.0,3,325,310.00888888888886,257.3333333333333,40.25,0,0.0,6.674637146520723,270.69000000000005,0
16477,8,2776.12,8,7,3,950.5600000000001,1310.53,140,1,0,0.0,3,213,347.015,218.125,30.0,0,0.0,-0.32084693053934554,376.3,0
17975,15,3591.85,15,7,3,1064.68,2265.62,131,1,1,5.95,39,219,239.45666666666665,68.33333333333333,12.857142857142858,0,0.0016537884262604926,-0.7546766420056459,1398.0900000000001,0
13310,3,819.3500000000001,3,2,1,410.18000000000006,409.17,44,1,1,21.25,53,131,273.11666666666673,154.33333333333334,39.0,0,0.025279562217463712,0.0024593669180754674,407.46999999999997,0
14127,4,1505.0,4,3,1,314.63,1190.3700000000001,84,1,0,0.0,39,154,376.25,167.0,38.333333333333336,0,0.0,-1.3282885429292852,137.6,0
17974,3,1035.1000000000001,3,2,0,0.0,1035.1000000000001,161,1,0,0.0,110,136,345.03333333333336,229.66666666666666,13.0,0,0.0,-6.9432189432577065,164.07,0
16385,3,473.68999999999994,3,3,0,0.0,363.42999999999995,64,1,0,0.0,95,360,157.89666666666665,95.0,132.5,0,0.0,-5.898334489110175,0.0,1
15028,3,521.78,3,2,0,0.0,521.78,45,1,0,0.0,97,123,173.92666666666665,111.0,13.0,0,0.0,-6.259160725471251,0.0,1
17607,1,333.81,1,1,0,0.0,333.81,22,1,0,0.0,105,105,333.81,269.0,,1,0.0,-5.813563206747519,0.0,1
15052,1,207.73000000000002,1,1,1,207.73000000000002,0.0,27,1,0,0.0,48,48,207.73000000000002,79.0,,1,0.0,5.341041550757815,0.0,1
16841,7,2453.62,7,7,1,317.38,344.09999999999997,111,1,1,69.69999999999999,16,425,350.51714285714286,208.28571428571428,68.16666666666667,0,0.02762233882345481,-0.08058859217696757,625.8000000000001,0
13742,3,1155.18,3,2,3,1155.18,0.0,116,1,1,19.9,16,49,385.06,159.0,16.5,0,0.016935017190318955,7.052876746453442,984.6899999999998,0
17883,3,324.08,2,2,0,0.0,0.0,30,1,1,15.9,268,381,108.02666666666666,34.0,113.0,0,0.04676745690922996,0.0,119.35,0
17081,4,660.48,4,4,0,0.0,382.94000000000005,121,1,0,0.0,124,384,165.12,76.0,86.66666666666667,0,0.0,-5.950486290379424,0.0,1
18170,6,1897.6900000000003,6,5,0,0.0,699.95,49,1,0,0.0,103,429,316.2816666666667,129.16666666666666,65.2,0,0.0,-6.552436557814545,304.21,0
17962,3,563.5,2,2,0,0.0,0.0,125,1,1,14.4,278,424,187.83333333333334,168.33333333333334,146.0,0,0.024917805848762763,0.0,0.0,1
16704,2,664.16,2,2,0,0.0,0.0,50,1,0,0.0,347,401,332.08,216.5,54.0,0,0.0,0.0,0.0,1
16078,2,362.99,2,2,1,79.2,0.0,39,1,0,0.0,12,398,181.495,100.0,386.0,0,0.0,4.384523514872469,0.0,1
15372,7,4009.66,5,3,0,0.0,61.44,19,1,2,62.64,179,392,572.8085714285714,498.0,53.25,0,0.01538197087640891,-4.134206095647231,0.0,1
16722,12,4572.630000000001,12,11,1,314.36,1979.9199999999998,113,1,2,3.0999999999999996,17,465,381.05250000000007,317.3333333333333,40.72727272727273,0,0.0006774875265804579,-1.8376018188340755,1139.58,0
14153,1,233.4,1,1,0,0.0,0.0,17,1,0,0.0,212,212,233.4,312.0,,1,0.0,0.0,0.0,1
14657,4,1126.37,4,4,2,524.4,601.9699999999999,120,1,1,9.95,11,164,281.5925,171.0,51.0,0,0.008756336243311742,-0.1377075669943304,0.0,1
13441,1,424.26,1,1,0,0.0,424.26,25,1,0,0.0,160,160,424.26,316.0,,1,0.0,-6.052700746578555,0.0,1
12725,3,1906.7600000000002,3,3,0,0.0,897.8100000000001,91,0,0,0.0,100,313,635.5866666666667,378.6666666666667,106.5,0,0.0,-6.801071666194987,0.0,1
15385,2,625.1999999999999,2,2,0,0.0,317.4,8,1,0,0.0,121,406,312.59999999999997,133.5,285.0,0,0.0,-5.763308453970228,0.0,1
15466,3,1225.93,3,3,0,0.0,326.21999999999997,172,1,0,0.0,118,465,408.6433333333334,231.66666666666666,173.5,0,0.0,-5.7906327275549305,0.0,1
15846,1,107.01,1,1,0,0.0,107.01,27,1,0,0.0,114,114,107.01,79.0,,1,0.0,-4.682223815430383,0.0,1
16112,2,136.14000000000001,2,1,2,136.14000000000001,0.0,10,1,0,0.0,62,67,68.07000000000001,171.0,5.0,0,0.0,4.921002301856219,0.0,1
13488,13,8633.41,10,9,2,2013.8400000000001,2720.7200000000003,254,1,3,21.4,37,412,664.1084615384615,336.0,41.666666666666664,0,0.0024726134946925467,-0.3007242456187642,2134.67,0
12451,4,6553.870000000001,3,3,1,2919.51,0.0,210,0,1,21.35,53,258,1638.4675000000002,1279.5,102.5,0,0.003247039642780013,7.9795135375457225,2388.31,0
16816,2,325.45,2,2,2,325.45,0.0,20,1,0,0.0,42,87,162.725,95.5,45.0,0,0.0,5.788276797632642,0.0,1
13497,6,1166.8300000000002,6,5,1,194.55,153.5,52,1,1,27.0,11,398,194.4716666666667,87.5,77.4,0,0.02261628540076895,0.23562200486372298,0.0,1
13026,5,842.08,5,5,1,84.35999999999999,0.0,25,1,1,3.75,4,455,168.416,200.4,112.75,0,0.0044335150089261435,4.446877606993498,159.35999999999999,0
13713,3,740.76,3,3,0,0.0,152.14999999999998,70,1,0,0.0,137,312,246.92,94.66666666666667,87.5,0,0.0,-5.031417833278784,0.0,1
14170,3,570.18,3,1,0,0.0,570.18,123,1,0,0.0,104,124,190.05999999999997,90.0,10.0,0,0.0,-6.347704396406768,0.0,1
14847,2,1039.5499999999997,2,2,0,0.0,734.7499999999999,47,1,1,28.35,136,293,519.7749999999999,206.5,157.0,0,0.02654742953460063,-6.600890387113582,0.0,1
16894,3,1306.96,2,2,0,0.0,0.0,186,1,2,41.7,231,264,435.65333333333336,167.66666666666666,33.0,0,0.030919579434401556,0.0,0.0,1
14608,7,1761.79,7,6,0,0.0,914.55,9,1,1,79.5,91,462,251.68428571428572,76.71428571428571,61.833333333333336,0,0.04317625143241966,-6.819524977587723,0.0,1
14644,6,1604.46,5,4,1,187.50000000000003,673.4599999999999,37,1,3,119.94999999999999,27,465,267.41,96.33333333333333,109.5,0,0.069560023428303,-1.2748143638136948,0.0,1
16209,4,1884.1599999999999,4,3,0,0.0,205.3,17,1,0,0.0,111,275,471.03999999999996,179.0,54.666666666666664,0,0.0,-5.329331420077207,568.0600000000001,0
17324,10,1886.82,9,8,1,575.18,433.05,85,1,1,153.0,60,450,188.682,124.8,48.75,0,0.07500661823102038,0.2832603770401194,0.0,1
16218,7,1355.29,7,4,0,0.0,1038.29,62,1,5,66.56,102,290,193.61285714285714,164.14285714285714,31.333333333333332,0,0.046812251643984955,-6.946293066687217,1257.46,0
16465,2,746.24,2,2,0,0.0,746.24,45,1,1,19.9,149,173,373.12,252.0,24.0,0,0.02597436499856423,-6.616386418672361,0.0,1
17863,8,3091.1800000000003,8,8,1,505.98,1194.18,96,1,0,0.0,39,381,386.39750000000004,342.5,48.857142857142854,0,0.0,-0.8575805255561288,481.2,0
15698,1,46.2,1,1,0,0.0,0.0,2,1,0,0.0,353,353,46.2,60.0,,1,0.0,0.0,0.0,1
17605,1,160.75,1,1,0,0.0,0.0,13,1,0,0.0,319,319,160.75,71.0,,1,0.0,0.0,0.0,1
12913,11,4666.0,11,9,2,448.77,2313.49,31,1,0,0.0,11,467,424.1818181818182,182.9090909090909,45.6,0,0.0,-1.6382082988829447,0.0,1
13582,2,241.68,2,2,0,0.0,164.18,10,1,0,0.0,118,346,120.84,53.0,228.0,0,0.0,-5.107035788382571,0.0,1
13540,3,632.39,2,2,0,0.0,0.0,26,1,0,0.0,196,384,210.79666666666665,63.0,188.0,0,0.0,0.0,0.0,1
12823,15,5277.5,12,9,2,535.5,1912.5,1,1,0,0.0,18,408,351.8333333333333,51.333333333333336,35.45454545454545,0,0.0,-1.271622742795004,459.0,0
13597,2,396.71,2,1,0,0.0,396.71,17,1,1,19.5,129,131,198.355,115.5,2.0,0,0.046851349078590135,-5.985723096478868,0.0,1
13784,7,873.83,7,5,4,426.39,447.44000000000005,10,1,1,13.05,10,179,124.83285714285715,160.42857142857142,28.166666666666668,0,0.014714504780804619,-0.04807794795998088,602.04,0
13029,3,1062.3,3,3,1,382.5,332.09999999999997,6,1,0,0.0,82,252,354.09999999999997,30.0,85.0,0,0.0,0.14089687560767672,0.0,1
13848,7,2695.0,7,7,1,615.0,640.0,3,1,0,0.0,26,459,385.0,1171.4285714285713,72.16666666666667,0,0.0,-0.03978249338715045,0.0,1
13452,1,139.8,1,1,0,0.0,0.0,1,1,0,0.0,201,201,139.8,4.0,,1,0.0,0.0,590.0,0
14546,6,2610.91,6,6,0,0.0,810.63,258,1,5,105.79999999999998,105,462,435.15166666666664,229.16666666666666,71.4,0,0.038944164080818335,-6.699044571290193,874.88,0
17625,4,3958.5,4,4,0,0.0,1643.0300000000002,304,1,0,0.0,175,453,989.625,581.25,92.66666666666667,0,0.0,-7.404905823624812,542.03,0
16718,5,3006.08,5,5,0,0.0,606.05,123,1,0,0.0,98,462,601.216,384.8,91.0,0,0.0,-6.408611159989984,0.0,1
16444,13,2971.21,12,8,0,0.0,1916.84,159,1,2,58.3,119,354,228.55461538461537,118.3076923076923,21.363636363636363,0,0.019244036164264185,-7.558954831734317,240.08,0
14706,1,367.53999999999996,1,1,0,0.0,0.0,25,1,0,0.0,347,347,367.53999999999996,246.0,,1,0.0,0.0,0.0,1
17137,6,1099.81,5,5,0,0.0,191.48,125,1,0,0.0,145,406,183.30166666666665,113.33333333333333,65.25,0,0.0,-5.259992252226368,0.0,1
16815,2,406.02,2,2,0,0.0,0.0,66,1,0,0.0,182,265,203.01,118.5,83.0,0,0.0,0.0,0.0,1
14992,1,210.50000000000003,1,1,0,0.0,210.50000000000003,27,1,0,0.0,171,171,210.50000000000003,145.0,,1,0.0,-5.354224998486333,0.0,1
16928,12,1321.33,12,7,2,213.75,912.6299999999999,83,1,3,118.39999999999999,30,403,110.11083333333333,61.333333333333336,33.90909090909091,0,0.08223764178005598,-1.4479511146260995,764.1099999999999,0
16386,1,765.59,1,1,0,0.0,765.59,54,1,0,0.0,116,116,765.59,495.0,,1,0.0,-6.641952108248798,61.1,0
17198,2,521.6600000000001,2,1,0,0.0,521.6600000000001,73,1,0,0.0,94,100,260.83000000000004,121.0,6.0,0,0.0,-6.258931157058856,0.0,1
16518,3,665.75,3,3,1,190.7,320.05,39,1,1,17.700000000000003,13,285,221.91666666666666,107.0,136.0,0,0.025898017411661426,-0.5156652241884583,0.0,1
16887,2,465.84000000000003,2,2,0,0.0,246.01999999999998,65,1,0,0.0,129,467,232.92000000000002,133.5,338.0,0,0.0,-5.509469305009868,0.0,1
15064,4,1154.41,4,4,0,0.0,390.35,74,1,0,0.0,139,446,288.6025,202.0,102.33333333333333,0,0.0,-5.969602300250847,0.0,1
13482,1,151.45000000000002,1,1,0,0.0,0.0,9,1,0,0.0,356,356,151.45000000000002,71.0,,1,0.0,0.0,184.64000000000001,0
15795,7,1369.8600000000001,6,5,0,0.0,383.4800000000001,74,1,0,0.0,159,419,195.69428571428574,118.57142857142857,52.0,0,0.0,-5.9518917719881586,0.0,1
17707,7,540.6,7,7,1,83.7,126.60000000000001,9,1,1,4.25,65,461,77.22857142857143,68.57142857142857,66.0,0,0.007800312012480499,-0.40978476925268037,68.7,0
12974,1,264.15000000000003,1,1,0,0.0,0.0,24,1,0,0.0,294,294,264.15000000000003,80.0,,1,0.0,0.0,144.8,0
16214,1,975.5,1,1,0,0.0,975.5,54,1,0,0.0,164,164,975.5,888.0,,1,0.0,-6.8839747503167334,749.67,0
15608,1,692.2999999999998,1,1,0,0.0,692.2999999999998,45,1,0,0.0,144,144,692.2999999999998,548.0,,1,0.0,-6.541462805948444,0.0,1
14216,1,310.74,1,1,0,0.0,310.74,18,1,1,7.6499999999999995,143,143,310.74,118.0,,1,0.024027136530669933,-5.742169507060905,0.0,1
14271,1,101.86000000000001,1,1,0,0.0,101.86000000000001,28,1,0,0.0,138,138,101.86000000000001,60.0,,1,0.0,-4.63336884034677,112.32000000000001,0
12997,5,1189.57,5,5,1,305.54999999999995,305.54,44,1,6,34.95,46,341,237.914,127.4,73.75,0,0.028541795969032766,3.262163793493755e-05,302.91999999999996,0
17868,1,227.15000000000003,1,1,0,0.0,227.15000000000003,18,1,0,0.0,115,115,227.15000000000003,85.0,,1,0.0,-5.430003307373411,0.0,1
16034,4,627.22,4,3,1,153.6,473.62,35,1,1,2.95,61,138,156.805,117.75,25.666666666666668,0,0.004681276480949585,-1.1216733477105505,284.09999999999997,0
16985,15,6732.599999999999,12,10,2,1273.56,420.24,104,1,3,377.4,42,458,448.84,122.66666666666667,37.81818181818182,0,0.05308016877637131,1.107153557480883,1641.8,0
16472,2,789.6,2,2,0,0.0,232.56000000000003,39,1,0,0.0,163,326,394.8,126.0,163.0,0,0.0,-5.453439003415337,0.0,1
12485,1,708.0999999999999,1,1,0,0.0,0.0,34,0,0,0.0,258,258,708.0999999999999,414.0,,1,0.0,0.0,0.0,1
13927,1,359.27,1,1,0,0.0,359.27,20,1,1,18.3,166,166,359.27,249.0,,1,0.04846783377916678,-5.886853750340702,0.0,1
13406,2,568.9200000000001,2,2,0,0.0,428.76000000000005,7,1,1,11.7,156,360,284.46000000000004,146.0,204.0,0,0.020150873204505523,-6.063226913334873,0.0,1
17983,1,171.70999999999998,1,1,0,0.0,171.70999999999998,23,1,0,0.0,124,124,171.70999999999998,108.0,,1,0.0,-5.151613887355828,0.0,1
14449,5,1555.4,4,4,0,0.0,1555.4,173,1,0,0.0,101,165,311.08000000000004,201.0,21.333333333333332,0,0.0,-7.350130741110399,189.67,0
12653,2,2730.08,2,2,1,779.1,0.0,55,0,0,0.0,25,255,1365.04,524.0,230.0,0,0.0,6.659422116594268,0.0,1
13880,7,1582.1899999999998,7,7,2,410.29999999999995,828.18,63,1,0,0.0,12,291,226.02714285714282,136.14285714285714,46.5,0,0.0,-0.7011143854009818,831.47,0
14243,11,5768.780000000001,11,7,3,926.5,1932.6,204,1,3,27.8,17,205,524.4345454545455,257.27272727272725,18.8,0,0.004795931394028893,-0.7346460349076835,373.27,0
14803,2,730.79,2,2,2,730.79,0.0,15,1,0,0.0,4,21,365.395,132.0,17.0,0,0.0,6.595493587555966,0.0,1
15752,4,1937.21,4,4,1,379.25,953.4300000000001,251,1,0,0.0,6,186,484.3025,316.75,60.0,0,0.0,-0.920285372511561,403.78,0
17329,4,718.7800000000001,3,2,1,243.35999999999999,0.0,73,1,0,0.0,44,465,179.69500000000002,88.75,210.5,0,0.0,5.498642547781566,0.0,1
12366,1,500.24,1,1,0,0.0,0.0,3,0,0,0.0,362,362,500.24,296.0,,1,0.0,0.0,0.0,1
13094,6,811.08,6,5,4,305.28000000000003,505.8,5,1,2,6.36,11,118,135.18,110.0,21.4,0,0.007780387551379918,-0.5036167322020617,564.12,0
17901,2,149.7,1,1,0,0.0,0.0,3,1,0,0.0,250,250,74.85,7.0,,1,0.0,0.0,0.0,1
16927,2,341.45,2,2,2,341.45,0.0,5,1,0,0.0,5,90,170.725,256.5,85.0,0,0.0,5.836125661643914,0.0,1
15510,1,250.0,1,1,1,250.0,0.0,1,1,0,0.0,59,59,250.0,2.0,,1,0.0,5.5254529391317835,0.0,1
13055,1,1106.7,1,1,0,0.0,1106.7,78,1,1,16.15,158,158,1106.7,927.0,,1,0.014383043149129445,-7.010041072522887,344.85999999999996,0
17397,1,516.87,1,1,0,0.0,516.87,44,1,0,0.0,145,145,516.87,441.0,,1,0.0,-6.249724245511469,0.0,1
16707,4,533.41,4,4,0,0.0,195.53,64,1,0,0.0,129,369,133.3525,99.0,80.0,0,0.0,-5.2808150914118945,0.0,1
14555,5,2177.8300000000004,5,5,1,186.34,713.85,93,1,1,9.15,31,450,435.5660000000001,162.0,104.75,0,0.0041838517041765345,-1.3391475826941885,0.0,1
15288,6,1565.66,5,5,0,0.0,808.05,77,1,0,0.0,94,394,260.9433333333333,104.0,75.0,0,0.0,-6.695860719845817,1458.35,0
16445,3,352.65000000000003,2,2,0,0.0,352.65000000000003,93,1,0,0.0,115,140,117.55000000000001,58.666666666666664,25.0,0,0.0,-5.868307723481999,0.0,1
13261,1,845.1,1,1,1,845.1,0.0,8,1,0,0.0,14,14,845.1,190.0,,1,0.0,6.740637555930455,99.0,0
13778,3,945.7900000000001,3,3,0,0.0,0.0,27,1,1,7.95,220,294,315.2633333333334,147.0,37.0,0,0.00833560509153438,0.0,0.0,1
16810,1,532.5,1,1,0,0.0,532.5,19,1,2,55.9,149,149,532.5,258.0,,1,0.09500339904826649,-6.279459070741808,309.54,0
14821,7,1230.15,5,4,0,0.0,936.5,65,1,0,0.0,95,405,175.7357142857143,65.57142857142857,77.5,0,0.0,-6.843216757844566,0.0,1
13209,7,3048.1,7,6,2,430.20000000000005,0.0,54,1,1,14.0,55,413,435.4428571428571,241.14285714285714,59.666666666666664,0,0.004572025733973417,6.066572019594788,1932.2399999999998,0
16572,1,342.58,1,1,1,342.58,0.0,21,1,0,0.0,4,4,342.58,202.0,,1,0.0,5.839419981198299,0.0,1
16259,3,340.94,2,2,0,0.0,183.07,75,1,0,0.0,139,334,113.64666666666666,47.666666666666664,195.0,0,0.0,-5.215316120044631,0.0,1
15396,1,508.20000000000005,1,1,0,0.0,0.0,2,1,0,0.0,312,312,508.20000000000005,156.0,,1,0.0,0.0,0.0,1
12905,2,1018.42,2,2,0,0.0,0.0,52,1,1,6.6,305,411,509.21,266.0,106.0,0,0.0064388987531950595,0.0,0.0,1
13906,1,42.0,1,1,0,0.0,42.0,1,1,0,0.0,138,138,42.0,100.0,,1,0.0,-3.7612001156935624,0.0,1
13207,2,285.6,2,2,0,0.0,71.4,4,1,0,0.0,180,341,142.8,24.0,161.0,0,0.0,-4.282206299391671,0.0,1
16211,2,543.5699999999999,2,2,0,0.0,543.5699999999999,12,1,0,0.0,150,167,271.78499999999997,182.5,17.0,0,0.0,-6.2999964924204805,0.0,1
13661,1,325.24,1,1,0,0.0,0.0,17,1,0,0.0,332,332,325.24,118.0,,1,0.0,0.0,0.0,1
14917,2,1123.75,1,1,0,0.0,0.0,29,1,0,0.0,325,325,561.875,445.5,,1,0.0,0.0,0.0,1
14429,1,516.28,1,1,0,0.0,516.28,22,1,0,0.0,132,132,516.28,286.0,,1,0.0,-6.248584313977123,0.0,1
14309,5,2016.6700000000003,5,4,3,588.3900000000001,764.04,82,1,1,32.85,25,279,403.33400000000006,283.8,63.5,0,0.01602814317498731,-0.2608400162881388,544.17,0
14436,1,182.64000000000001,1,1,0,0.0,0.0,2,1,0,0.0,282,282,182.64000000000001,168.0,,1,0.0,0.0,0.0,1
15446,3,396.75,3,3,0,0.0,168.98000000000002,89,1,1,6.75,105,455,132.25,87.33333333333333,175.0,0,0.016728624535315983,-5.13568078307048,0.0,1
16017,4,1333.7000000000003,4,3,0,0.0,406.35,81,1,0,0.0,146,432,333.42500000000007,133.25,95.33333333333333,0,0.0,-6.009672766756651,0.0,1
16527,1,1004.8800000000001,1,1,0,0.0,1004.8800000000001,58,1,0,0.0,153,153,1004.8800000000001,602.0,,1,0.0,-6.9136180592505125,0.0,1
15775,1,45.6,1,1,0,0.0,0.0,2,1,0,0.0,360,360,45.6,192.0,,1,0.0,0.0,104.9,0
16340,2,961.9300000000001,2,2,0,0.0,595.89,170,1,0,0.0,168,280,480.96500000000003,416.5,112.0,0,0.0,-6.391732841809271,0.0,1
18048,1,222.64,1,1,0,0.0,0.0,51,1,0,0.0,222,222,222.64,129.0,,1,0.0,0.0,172.29000000000002,0
15837,1,385.03,1,1,0,0.0,0.0,28,1,0,0.0,214,214,385.03,216.0,,1,0.0,0.0,0.0,1
14736,2,374.04999999999995,1,1,0,0.0,0.0,70,1,0,0.0,214,214,187.02499999999998,74.0,,1,0.0,0.0,0.0,1
17919,1,536.2800000000001,1,1,0,0.0,536.2800000000001,17,1,0,0.0,167,167,536.2800000000001,696.0,,1,0.0,-6.286519373889176,0.0,1
13167,1,333.82,1,1,0,0.0,333.82,16,1,0,0.0,119,119,333.82,222.0,,1,0.0,-5.813593073987638,0.0,1
14077,2,232.76999999999998,2,2,1,117.11,115.66,31,1,0,0.0,3,124,116.38499999999999,85.5,121.0,0,0.0,0.012352672298264089,193.28999999999996,0
14846,1,437.4,1,1,0,0.0,437.4,12,1,1,30.599999999999998,156,156,437.4,193.0,,1,0.06538461538461537,-6.083131735633806,0.0,1
14320,4,1221.47,4,4,1,352.51,0.0,63,1,2,142.63,61,416,305.3675,155.75,118.33333333333333,0,0.10455978300711091,5.867911773479654,125.28,0
17228,8,1393.32,8,6,1,123.42999999999999,355.95,115,1,0,0.0,40,366,174.165,151.0,46.57142857142857,0,0.0,-1.0538524071609299,208.20000000000005,0
13825,2,255.58999999999997,2,2,0,0.0,0.0,38,1,0,0.0,350,459,127.79499999999999,91.0,109.0,0,0.0,0.0,0.0,1
12656,3,2104.66,3,3,0,0.0,804.4100000000001,107,0,1,18.6,154,291,701.5533333333333,374.3333333333333,68.5,0,0.008760114164068463,-6.691351464530986,1425.6,0
13101,3,594.2099999999999,3,3,0,0.0,0.0,41,1,0,0.0,227,410,198.06999999999996,121.66666666666667,91.5,0,0.0,0.0,101.19,0
14722,2,309.1,2,1,0,0.0,0.0,53,1,0,0.0,206,215,154.55,48.0,9.0,0,0.0,0.0,0.0,1
17627,1,296.36,1,1,0,0.0,0.0,10,1,1,11.25,207,207,296.36,676.0,,1,0.03657228308572543,0.0,0.0,1
13363,1,731.36,1,1,0,0.0,731.36,42,1,0,0.0,138,138,731.36,436.0,,1,0.0,-6.596272196344404,0.0,1
16223,2,1087.0500000000002,2,1,0,0.0,1087.0500000000002,101,1,0,0.0,103,124,543.5250000000001,321.5,21.0,0,0.0,-6.992142382242302,0.0,1
17006,4,853.49,4,3,0,0.0,673.73,77,1,0,0.0,121,373,213.3725,75.0,84.0,0,0.0,-6.51431261085119,0.0,1
15590,5,1496.6,4,4,0,0.0,801.8399999999999,75,1,0,0.0,111,335,299.32,166.4,74.66666666666667,0,0.0,-6.6881554412912925,0.0,1
12413,2,610.6,2,2,1,425.25,185.35,35,0,1,9.95,66,131,305.3,104.0,65.0,0,0.016034163242285068,0.8273994026724596,84.65,0
14889,1,135.9,1,1,1,135.9,0.0,10,1,0,0.0,65,65,135.9,90.0,,1,0.0,4.919250732294404,0.0,1
14502,2,445.4,2,2,2,445.4,0.0,101,1,1,8.7,21,42,222.7,84.5,21.0,0,0.019158775600088086,6.101215411067101,614.54,0
12707,1,603.4200000000001,1,1,1,603.4200000000001,0.0,33,0,0,0.0,20,20,603.4200000000001,256.0,,1,0.0,6.404269320519532,0.0,1
15664,3,845.0999999999999,3,3,0,0.0,339.82,45,1,2,31.999999999999996,178,378,281.7,122.33333333333333,100.0,0,0.036483867289932734,-5.831354478679247,0.0,1
17172,2,638.8100000000001,2,2,0,0.0,301.99,24,1,2,41.080000000000005,159,455,319.40500000000003,367.5,296.0,0,0.060421538778331785,-5.7136998016644185,0.0,1
16585,2,341.59,2,2,0,0.0,0.0,16,1,0,0.0,322,424,170.795,75.5,102.0,0,0.0,0.0,0.0,1
18006,3,524.83,3,3,0,0.0,196.70000000000005,36,1,0,0.0,110,451,174.94333333333336,58.333333333333336,170.5,0,0.0,-5.286750730176571,0.0,1
14874,1,116.18,1,1,0,0.0,0.0,6,1,0,0.0,264,264,116.18,148.0,,1,0.0,0.0,0.0,1
17145,4,3120.91,3,2,0,0.0,0.0,168,1,3,106.27,241,387,780.2275,647.75,73.0,0,0.03292967854287644,0.0,0.0,1
16345,1,613.33,1,1,0,0.0,0.0,68,1,0,0.0,212,212,613.33,323.0,,1,0.0,0.0,0.0,1
14746,4,593.5,3,1,0,0.0,593.5,7,1,0,0.0,135,152,148.375,99.5,8.5,0,0.0,-6.387720716130836,0.0,1
14213,1,1192.2,1,1,0,0.0,1192.2,5,1,1,1192.2000000000003,133,133,1192.2,244.0,,1,0.5,-7.084394052640594,0.0,1
13721,1,217.39999999999998,1,1,0,0.0,217.39999999999998,14,1,0,0.0,124,124,217.39999999999998,196.0,,1,0.0,-5.38632824387075,0.0,1
14675,1,419.22,1,1,0,0.0,419.22,114,1,0,0.0,117,117,419.22,324.0,,1,0.0,-6.0407783836609035,0.0,1
18125,2,720.97,2,2,2,720.97,0.0,110,1,1,1.65,24,45,360.485,250.5,21.0,0,0.002283357781406548,6.581983586783012,212.92999999999998,0
13574,1,404.45,1,1,0,0.0,404.45,84,1,0,0.0,140,140,404.45,304.0,,1,0.0,-6.004997561390566,0.0,1
17216,1,63.6,1,1,0,0.0,0.0,13,1,0,0.0,283,283,63.6,21.0,,1,0.0,0.0,0.0,1
14486,2,175.5,2,2,0,0.0,0.0,4,1,0,0.0,240,282,87.75,45.0,42.0,0,0.0,0.0,0.0,1
18244,2,568.64,2,2,0,0.0,265.84,19,1,0,0.0,159,231,284.32,428.0,72.0,0,0.0,-5.586649227841314,0.0,1
14412,1,656.16,1,1,0,0.0,656.16,41,1,0,0.0,153,153,656.16,642.0,,1,0.0,-6.487927520038136,0.0,1
13387,1,181.84,1,1,0,0.0,181.84,70,1,0,0.0,146,146,181.84,117.0,,1,0.0,-5.2086114534635435,0.0,1
15828,1,1108.82,1,1,0,0.0,1108.82,74,1,0,0.0,104,104,1108.82,367.0,,1,0.0,-7.011953118994512,0.0,1
12427,1,249.5,1,1,0,0.0,249.5,9,0,1,56.95,100,100,249.5,76.0,,1,0.1858378201990537,-5.523458920524919,0.0,1
15137,2,823.4,2,2,0,0.0,0.0,34,1,3,75.85,249,409,411.7,298.0,160.0,0,0.08434806783430636,0.0,0.0,1
18163,1,728.84,1,1,0,0.0,0.0,33,1,1,89.5,313,313,728.84,452.0,,1,0.10936774445829361,0.0,0.0,1
14220,3,1195.58,3,2,1,312.98,0.0,22,1,0,0.0,87,298,398.52666666666664,110.0,105.5,0,0.0,5.749329289612172,319.42,0
15639,2,639.76,2,2,0,0.0,245.51999999999998,40,1,2,36.75,180,334,319.88,263.0,154.0,0,0.05432292205584544,-5.507443126094042,0.0,1
16896,1,103.94999999999999,1,1,0,0.0,0.0,18,1,0,0.0,284,284,103.94999999999999,18.0,,1,0.0,0.0,0.0,1
16263,1,348.15999999999997,1,1,0,0.0,348.15999999999997,19,1,0,0.0,152,152,348.15999999999997,197.0,,1,0.0,-5.855530269867149,0.0,1
13263,6,1807.96,6,4,2,568.6899999999999,1239.27,224,1,0,0.0,7,142,301.32666666666665,149.16666666666666,27.0,0,0.0,-0.7779920235980615,2865.81,0
17431,1,403.3,1,1,1,403.3,0.0,41,1,0,0.0,42,42,403.3,292.0,,1,0.0,6.002157176646725,0.0,1
14046,1,151.58999999999997,1,1,1,151.58999999999997,0.0,13,1,0,0.0,13,13,151.58999999999997,443.0,,1,0.0,5.027754585903644,0.0,1
15234,1,197.0,1,1,1,197.0,0.0,14,1,0,0.0,5,5,197.0,196.0,,1,0.0,5.288267030694535,0.0,1
15616,1,317.11,1,1,0,0.0,317.11,13,1,0,0.0,167,167,317.11,137.0,,1,0.0,-5.762397234916117,0.0,1
15392,4,1715.0700000000002,4,3,1,338.98,1376.0900000000001,54,1,1,19.799999999999997,89,160,428.76750000000004,317.25,23.666666666666668,0,0.011412958896055609,-1.3988410637193178,0.0,1
13672,3,419.92,3,3,2,186.39000000000001,0.0,13,1,3,186.39000000000001,30,459,139.97333333333333,46.0,214.5,0,0.3074169979053619,5.233192006587575,0.0,1
13177,1,229.75,1,1,0,0.0,229.75,13,1,0,0.0,159,159,229.75,89.0,,1,0.0,-5.441334873382962,0.0,1
17242,3,1754.2400000000002,3,3,0,0.0,0.0,27,1,0,0.0,185,413,584.7466666666668,282.6666666666667,114.0,0,0.0,0.0,0.0,1
13535,1,89.5,1,1,0,0.0,89.5,1,1,0,0.0,131,131,89.5,10.0,,1,0.0,-4.505349850705881,0.0,1
13666,4,106.45000000000002,3,3,2,64.05000000000001,22.9,14,1,0,0.0,16,464,26.612500000000004,12.25,224.0,0,0.0,1.0012777460210494,0.0,1
14576,1,35.400000000000006,1,1,0,0.0,35.400000000000006,1,1,0,0.0,101,101,35.400000000000006,12.0,,1,0.0,-3.594568774642695,0.0,1
13818,1,61.279999999999994,1,1,0,0.0,61.279999999999994,5,1,0,0.0,158,158,61.279999999999994,60.0,,1,0.0,-4.131640346965797,0.0,1
15040,1,7.49,1,1,0,0.0,0.0,1,1,0,0.0,270,270,7.49,1.0,,1,0.0,0.0,0.0,1
16109,2,642.5999999999999,2,2,1,314.99999999999994,0.0,16,1,1,15.9,37,427,321.29999999999995,282.0,390.0,0,0.024145785876993172,5.755742213586912,296.87999999999994,0
14580,1,14.850000000000001,1,1,0,0.0,0.0,1,1,0,0.0,247,247,14.850000000000001,3.0,,1,0.0,0.0,0.0,1
17383,1,110.69999999999999,1,1,0,0.0,0.0,2,1,0,0.0,182,182,110.69999999999999,12.0,,1,0.0,0.0,0.0,1
13105,1,72.0,1,1,0,0.0,72.0,1,1,0,0.0,165,165,72.0,100.0,,1,0.0,-4.290459441148391,0.0,1
14473,1,85.0,1,1,1,85.0,0.0,1,1,0,0.0,11,11,85.0,10.0,,1,0.0,4.454347296253507,0.0,1
16692,3,647.1999999999999,3,3,1,8.5,638.6999999999999,2,1,0,0.0,18,170,215.73333333333332,242.33333333333334,76.0,0,0.0,-4.209707517849596,1117.5,0
13215,1,81.6,1,1,0,0.0,81.6,1,1,0,0.0,131,131,81.6,96.0,,1,0.0,-4.414009680526933,0.0,1
17603,3,1393.6599999999999,3,3,0,0.0,0.0,93,1,3,113.45000000000002,346,458,464.5533333333333,188.0,56.0,0,0.07527652261613288,0.0,0.0,1
14128,1,286.71000000000004,1,1,0,0.0,0.0,19,1,1,14.850000000000001,280,280,286.71000000000004,250.0,,1,0.04924393155590927,0.0,305.54,0
17299,2,336.62,2,2,0,0.0,118.7,52,1,0,0.0,168,210,168.31,125.5,42.0,0,0.0,-4.784988612563928,0.0,1
17316,1,124.45,1,1,0,0.0,124.45,35,1,0,0.0,149,149,124.45,44.0,,1,0.0,-4.8319072728124315,0.0,1
15481,1,1993.34,1,1,0,0.0,1993.34,38,0,0,0.0,130,130,1993.34,1450.0,,1,0.0,-7.598068447520948,0.0,1
15452,3,1256.63,3,3,0,0.0,180.78,126,1,0,0.0,119,240,418.8766666666667,269.0,60.5,0,0.0,-5.202797164690624,237.0,0
15961,1,451.29,1,1,0,0.0,451.29,42,1,0,0.0,108,108,451.29,154.0,,1,0.0,-6.114323567019841,0.0,1
13369,1,258.28,1,1,0,0.0,258.28,13,1,1,44.53,94,94,258.28,148.0,,1,0.1470559096463129,-5.557908558833292,0.0,1
18159,1,530.15,1,1,1,530.15,0.0,23,1,0,0.0,30,30,530.15,139.0,,1,0.0,6.275044467226023,0.0,1
15196,2,313.70000000000005,2,2,0,0.0,164.0,34,1,0,0.0,161,455,156.85000000000002,65.0,294.0,0,0.0,-5.10594547390058,0.0,1
14949,4,515.0,4,4,0,0.0,0.0,16,1,2,16.45,198,450,128.75,62.5,84.0,0,0.030953052968294287,0.0,0.0,1
13108,2,748.46,2,2,0,0.0,748.46,27,1,0,0.0,101,164,374.23,372.5,63.0,0,0.0,-6.619352947205873,0.0,1
14834,1,485.86,1,1,0,0.0,485.86,20,1,0,0.0,136,136,485.86,138.0,,1,0.0,-6.187976607421274,243.69000000000003,0
16792,5,623.46,4,4,2,110.38,145.89000000000001,90,1,0,0.0,11,433,124.69200000000001,64.8,140.66666666666666,0,0.0,-0.2767362291818012,0.0,1
17729,1,438.6500000000001,1,1,0,0.0,0.0,23,1,0,0.0,325,325,438.6500000000001,247.0,,1,0.0,0.0,0.0,1
15614,4,3147.36,3,3,0,0.0,1209.3,73,1,3,138.5,166,355,786.84,408.0,94.5,0,0.04215030463866385,-7.0986235417445585,0.0,1
14509,1,110.94999999999999,1,1,0,0.0,0.0,25,1,0,0.0,263,263,110.94999999999999,38.0,,1,0.0,0.0,0.0,1
13046,1,319.94000000000005,1,1,0,0.0,0.0,21,1,0,0.0,185,185,319.94000000000005,241.0,,1,0.0,0.0,197.72,0
16876,1,136.01,1,1,0,0.0,136.01,32,1,0,0.0,132,132,136.01,181.0,,1,0.0,-4.920053915865017,0.0,1
13686,2,337.03999999999996,2,1,0,0.0,337.03999999999996,23,1,0,0.0,109,130,168.51999999999998,154.0,21.0,0,0.0,-5.823164231676281,72.0,0
14446,1,189.93,1,1,0,0.0,189.93,42,1,0,0.0,115,115,189.93,175.0,,1,0.0,-5.251906868725373,303.03999999999996,0
15157,3,1803.5,3,3,1,1085.46,0.0,81,1,1,30.24,87,458,601.1666666666666,717.3333333333334,185.5,0,0.01649088747586899,6.9906799835562845,0.0,1
12559,2,525.7099999999999,2,2,2,525.7099999999999,0.0,20,0,1,25.5,39,48,262.85499999999996,140.5,9.0,0,0.04626186027104008,6.266650112449227,0.0,1
13904,1,201.12,1,1,1,201.12,0.0,17,1,0,0.0,23,23,201.12,223.0,,1,0.0,5.308861580423708,0.0,1
16068,1,115.72999999999999,1,1,0,0.0,0.0,34,1,0,0.0,322,322,115.72999999999999,48.0,,1,0.0,0.0,0.0,1
17565,1,131.83,1,1,0,0.0,0.0,30,1,0,0.0,315,315,131.83,67.0,,1,0.0,0.0,0.0,1
14017,1,229.75,1,1,0,0.0,0.0,14,1,0,0.0,300,300,229.75,73.0,,1,0.0,0.0,0.0,1
17971,1,161.94,1,1,0,0.0,0.0,21,1,0,0.0,277,277,161.94,62.0,,1,0.0,0.0,0.0,1
14339,1,310.75,1,1,0,0.0,310.75,9,1,0,0.0,157,157,310.75,288.0,,1,0.0,-5.742201584560146,309.52,0
14975,1,192.45,1,1,0,0.0,192.45,15,1,0,0.0,150,150,192.45,127.0,,1,0.0,-5.265019081146522,0.0,1
14927,1,308.2,1,1,0,0.0,308.2,20,1,0,0.0,125,125,308.2,196.0,,1,0.0,-5.733988316713267,0.0,1
12961,1,211.98999999999998,1,1,0,0.0,211.98999999999998,37,1,0,0.0,108,108,211.98999999999998,180.0,,1,0.0,-5.361245216250509,0.0,1
13530,1,402.98,1,1,0,0.0,0.0,18,1,0,0.0,363,363,402.98,272.0,,1,0.0,0.0,0.0,1
15323,3,434.6,3,3,0,0.0,0.0,29,1,1,113.70000000000002,291,390,144.86666666666667,62.666666666666664,49.5,0,0.2073682290716761,0.0,0.0,1
13859,2,515.8600000000001,2,2,1,201.16000000000003,0.0,34,1,0,0.0,55,258,257.93000000000006,83.5,203.0,0,0.0,5.309059463079939,0.0,1
18286,2,1246.43,2,2,0,0.0,0.0,66,1,1,108.0,205,452,623.215,303.5,247.0,0,0.0797383401135533,0.0,0.0,1
16424,1,309.5,1,1,0,0.0,309.5,8,1,1,51.0,111,111,309.5,124.0,,1,0.14147018030513175,-5.738183901373533,133.56,0
16720,2,413.78999999999996,2,2,0,0.0,253.72,106,1,1,10.05,105,451,206.89499999999998,137.0,346.0,0,0.023711778029445078,-5.540164902656018,0.0,1
17856,1,482.81000000000006,1,1,1,482.81000000000006,0.0,5,1,0,0.0,10,10,482.81000000000006,347.0,,1,0.0,6.181692267660534,659.82,0
17273,1,141.12,1,1,0,0.0,141.12,12,1,0,0.0,153,153,141.12,133.0,,1,0.0,-4.956671771152826,0.0,1
12807,1,250.34999999999997,1,1,0,0.0,250.34999999999997,15,0,1,20.4,112,112,250.34999999999997,143.0,,1,0.07534626038781164,-5.5268463901385845,0.0,1
15206,1,17.700000000000003,1,1,1,17.700000000000003,0.0,1,1,0,0.0,4,4,17.700000000000003,6.0,,1,0.0,2.928523523860541,0.0,1
17941,3,1128.72,3,3,0,0.0,0.0,3,1,0,0.0,319,431,376.24,285.3333333333333,56.0,0,0.0,0.0,0.0,1
14119,2,183.37,2,2,0,0.0,116.88999999999999,11,1,1,19.9,104,447,91.685,88.5,343.0,0,0.0978993456978403,-4.769751986304036,0.0,1
17378,1,10.95,1,1,0,0.0,10.95,1,1,1,10.95,103,103,10.95,1.0,,1,0.5,-2.4807312783775197,0.0,1
17715,1,163.2,1,1,0,0.0,0.0,1,1,0,0.0,321,321,163.2,192.0,,1,0.0,0.0,326.4,0
14172,3,369.02,3,2,0,0.0,0.0,38,1,1,12.75,334,371,123.00666666666666,26.0,18.5,0,0.033397071535217544,0.0,0.0,1
13084,1,122.39999999999999,1,1,0,0.0,0.0,2,1,1,5.949999999999999,220,220,122.39999999999999,144.0,,1,0.04635761589403973,0.0,0.0,1
17479,1,389.26,1,1,0,0.0,0.0,18,1,0,0.0,361,361,389.26,266.0,,1,0.0,0.0,0.0,1
15256,1,71.95,1,1,0,0.0,0.0,4,1,0,0.0,290,290,71.95,37.0,,1,0.0,0.0,0.0,1
15305,1,93.6,1,1,0,0.0,0.0,5,1,0,0.0,284,284,93.6,40.0,,1,0.0,0.0,0.0,1
14945,1,179.4,1,1,0,0.0,179.4,11,1,0,0.0,142,142,179.4,156.0,,1,0.0,-5.1951766076285235,0.0,1
12562,2,1041.1799999999998,2,2,0,0.0,1041.1799999999998,32,0,0,0.0,114,164,520.5899999999999,270.0,50.0,0,0.0,-6.94906995211635,390.96000000000004,0
16850,1,332.41,1,1,1,332.41,0.0,19,1,0,0.0,62,62,332.41,249.0,,1,0.0,5.809372963868082,0.0,1
16937,1,196.24999999999997,1,1,0,0.0,0.0,49,1,0,0.0,228,228,196.24999999999997,123.0,,1,0.0,0.0,0.0,1
15401,2,216.95,2,2,0,0.0,0.0,14,1,0,0.0,181,297,108.475,46.5,116.0,0,0.0,0.0,0.0,1
17569,1,344.14,1,1,1,344.14,0.0,29,1,0,0.0,61,61,344.14,159.0,,1,0.0,5.843950131819433,0.0,1
12614,1,315.59999999999997,1,1,1,315.59999999999997,0.0,20,0,0,0.0,6,6,315.59999999999997,76.0,,1,0.0,5.757639147446912,0.0,1
12894,1,157.35,1,1,0,0.0,0.0,21,1,0,0.0,304,304,157.35,33.0,,1,0.0,0.0,0.0,1
15432,1,149.57,1,1,0,0.0,0.0,6,1,2,19.5,270,270,149.57,27.0,,1,0.11533684272786421,0.0,0.0,1
14749,1,310.15,1,1,0,0.0,0.0,18,1,0,0.0,208,208,310.15,403.0,,1,0.0,0.0,0.0,1
12850,1,330.0,1,1,0,0.0,330.0,2,1,0,0.0,174,174,330.0,200.0,,1,0.0,-5.802118375377063,0.0,1
13674,1,240.67999999999995,1,1,0,0.0,240.67999999999995,14,1,1,24.8,161,161,240.67999999999995,102.0,,1,0.09341569986439659,-5.487614537078416,0.0,1
12780,1,322.4,1,1,0,0.0,0.0,19,0,0,0.0,327,327,322.4,284.0,,1,0.0,0.0,0.0,1
17057,1,288.79,1,1,0,0.0,0.0,47,1,0,0.0,325,325,288.79,122.0,,1,0.0,0.0,0.0,1
13380,1,62.4,1,1,0,0.0,62.4,3,1,0,0.0,161,161,62.4,48.0,,1,0.0,-4.14946386144318,0.0,1
17702,2,1319.6699999999998,2,1,0,0.0,1319.6699999999998,69,1,2,127.6,112,129,659.8349999999999,400.0,17.0,0,0.08816599528767957,-7.18589446256499,439.8,0
16874,1,209.89000000000001,1,1,0,0.0,209.89000000000001,31,1,0,0.0,108,108,209.89000000000001,78.0,,1,0.0,-5.351336670523673,0.0,1
14760,1,89.2,1,1,1,89.2,0.0,5,1,1,35.400000000000006,26,26,89.2,40.0,,1,0.28410914927768866,4.502029427068578,0.0,1
14325,1,245.48000000000002,1,1,0,0.0,0.0,18,1,0,0.0,298,298,245.48000000000002,320.0,,1,0.0,0.0,0.0,1
17261,1,221.59000000000003,1,1,0,0.0,0.0,43,1,0,0.0,238,238,221.59000000000003,95.0,,1,0.0,0.0,0.0,1
13371,2,2297.66,2,2,0,0.0,0.0,75,1,2,26.2,234,361,1148.83,509.5,127.0,0,0.011274345270369128,0.0,0.0,1
13328,1,1308.48,1,1,1,1308.48,0.0,17,1,0,0.0,45,45,1308.48,680.0,,1,0.0,7.177385390826169,0.0,1
16378,2,287.04999999999995,2,1,2,287.04999999999995,0.0,20,1,0,0.0,25,39,143.52499999999998,112.5,14.0,0,0.0,5.663134076178392,75.9,0
16501,1,1191.23,1,1,0,0.0,1191.23,181,1,0,0.0,112,112,1191.23,628.0,,1,0.0,-7.0835807820323895,0.0,1
17009,1,242.06,1,1,0,0.0,0.0,10,1,0,0.0,280,280,242.06,336.0,,1,0.0,0.0,0.0,1
14366,1,136.0,1,1,0,0.0,0.0,1,1,0,0.0,254,254,136.0,16.0,,1,0.0,0.0,0.0,1
13548,1,223.28000000000003,1,1,0,0.0,0.0,61,1,0,0.0,200,200,223.28000000000003,122.0,,1,0.0,0.0,281.01,0
16238,1,63.660000000000004,1,1,0,0.0,63.660000000000004,6,1,0,0.0,151,151,63.660000000000004,85.0,,1,0.0,-4.169142772297287,0.0,1
15733,1,162.3,1,1,1,162.3,0.0,10,1,0,0.0,11,11,162.3,62.0,,1,0.0,5.095588999976419,0.0,1
12661,1,162.0,1,1,0,0.0,162.0,11,0,0,0.0,165,165,162.0,216.0,,1,0.0,-5.093750200806762,0.0,1
12666,1,1248.4200000000003,1,1,0,0.0,1248.4200000000003,31,0,1,227.44,123,123,1248.4200000000003,370.0,,1,0.15410675809358607,-7.130434722615036,0.0,1
17749,1,351.66,1,1,0,0.0,0.0,22,1,0,0.0,275,275,351.66,126.0,,1,0.0,0.0,369.01,0
14873,1,334.45,1,1,0,0.0,0.0,21,1,0,0.0,362,362,334.45,143.0,,1,0.0,0.0,519.68,0
12580,1,583.2,1,1,0,0.0,0.0,33,0,0,0.0,305,305,583.2,328.0,,1,0.0,0.0,379.69999999999993,0
14392,1,266.4,1,1,0,0.0,266.4,14,1,0,0.0,161,161,266.4,114.0,,1,0.0,-5.588745664667843,0.0,1
18083,1,463.53000000000003,1,1,0,0.0,463.53000000000003,36,1,0,0.0,126,126,463.53000000000003,268.0,,1,0.0,-6.141026141744223,0.0,1
12751,1,268.27,1,1,0,0.0,268.27,61,0,0,0.0,173,173,268.27,189.0,,1,0.0,-5.595714593686387,0.0,1
18102,92,361095.82999999996,45,14,3,11931.48,80122.68,282,1,2,2578.4,10,467,3924.954673913043,1378.7391304347825,10.386363636363637,0,0.007089861714974966,-1.90430734704435,52363.54,0
18077,10,2205.84,10,7,2,506.59000000000003,594.61,87,1,0,0.0,47,461,220.584,173.0,46.0,0,0.0,-0.1599120553661546,167.92000000000002,0
15311,146,70946.55000000003,136,16,26,15298.809999999998,10589.15,646,1,43,2047.3200000000002,2,467,485.93527397260294,289.56164383561645,3.4444444444444446,0,0.0280478347017359,0.36791608620167615,16702.45,0
15031,11,2600.58,9,8,1,150.83,503.90999999999997,205,1,2,289.21,11,460,236.41636363636363,113.0,56.125,0,0.10007993660438994,-1.2016187216767982,0.0,1
12800,2,500.25,2,2,0,0.0,0.0,30,0,0,0.0,199,405,250.125,140.5,206.0,0,0.0,0.0,0.0,1
16986,9,3015.55,4,4,0,0.0,172.5,64,1,0,0.0,174,402,335.06111111111113,166.55555555555554,76.0,0,0.0,-5.156177599386914,0.0,1
15867,22,6135.14,21,13,5,957.22,1360.02,418,1,3,74.25,25,454,278.87,156.6818181818182,21.45,0,0.011957696327658593,-0.3509123009202355,984.9000000000002,0
17547,2,727.85,2,2,0,0.0,323.3,22,1,2,35.5,104,394,363.925,111.5,290.0,0,0.04650553481365036,-5.781669013313272,0.0,1
14911,200,150965.05000000002,138,16,16,9456.460000000001,62985.27999999999,1796,0,54,7526.049999999998,9,467,754.8252500000001,375.485,3.343065693430657,0,0.047485631685312286,-1.896113076828156,23536.209999999995,0
15013,10,1610.8200000000002,10,8,0,0.0,0.0,177,1,0,0.0,216,406,161.08200000000002,171.5,21.11111111111111,0,0.0,0.0,0.0,1
12681,28,19203.75,28,13,5,3671.0099999999998,5833.07,360,0,6,214.32,41,455,685.8482142857143,433.67857142857144,15.333333333333334,0,0.011037142208262716,-0.4629756739361923,3348.31,0
16860,3,1610.62,3,3,0,0.0,0.0,35,1,1,16.95,181,391,536.8733333333333,208.33333333333334,105.0,0,0.010414298616956566,0.0,0.0,1
13426,14,5165.490000000001,13,11,2,639.4300000000001,1100.38,115,1,0,0.0,65,459,368.96357142857147,221.85714285714286,32.833333333333336,0,0.0,-0.5421793922096523,919.25,0
13883,9,3860.89,8,7,0,0.0,2224.1,135,1,8,112.14999999999998,132,378,428.98777777777775,238.44444444444446,35.142857142857146,0,0.028227755069166173,-7.707557137410622,1742.78,0
14958,3,458.26,3,3,0,0.0,0.0,26,1,0,0.0,324,465,152.75333333333333,40.0,70.5,0,0.0,0.0,376.3299999999999,0
17428,24,17830.73,19,11,6,3267.8199999999997,5488.7,300,1,3,477.25,7,467,742.9470833333334,423.9583333333333,25.555555555555557,0,0.026067867673003793,-0.518444545703856,3668.0000000000005,0
18271,2,680.85,2,2,0,0.0,0.0,19,1,0,0.0,338,460,340.425,159.5,122.0,0,0.0,0.0,0.0,1
17346,14,2706.4900000000002,14,9,2,203.85,971.3400000000001,305,1,0,0.0,27,329,193.3207142857143,143.71428571428572,23.23076923076923,0,0.0,-1.5574275335425005,591.8800000000001,0
14648,15,4463.389999999999,13,9,0,0.0,660.48,285,1,4,88.65,145,458,297.5593333333333,217.26666666666668,26.083333333333332,0,0.019474784931591115,-6.494479748781996,0.0,1
15570,19,6555.06,17,10,4,1116.2,2660.39,361,1,2,64.05,13,350,345.0031578947369,146.52631578947367,21.0625,0,0.009676527508985346,-0.8680229876106544,541.33,0
13126,9,2432.42,8,8,2,533.81,809.77,108,1,5,75.83,3,376,270.2688888888889,197.44444444444446,53.285714285714285,0,0.03023223362902422,-0.4160728697680902,320.17,0
16607,15,3461.94,14,9,4,1102.7800000000002,759.8,127,1,3,317.65,13,318,230.796,139.13333333333333,23.46153846153846,0,0.0840435073645554,0.3721254203855686,614.28,0
15290,13,3652.19,12,11,5,1099.1299999999999,1030.52,52,1,3,47.9,6,382,280.9376923076923,211.6153846153846,34.18181818181818,0,0.012945631052217648,0.06439491205941295,933.44,0
12813,3,1621.8,3,3,0,0.0,0.0,36,0,0,0.0,230,422,540.6,378.0,96.0,0,0.0,0.0,0.0,1
15805,15,5585.3099999999995,11,10,1,553.76,2417.9700000000003,192,1,7,404.0,17,458,372.354,227.46666666666667,44.1,0,0.06745351300901106,-1.4725615209260567,1779.8600000000001,0
16710,15,4095.8900000000003,15,10,2,272.11,1536.68,410,1,1,12.75,5,464,273.05933333333337,177.8,32.785714285714285,0,0.003103216636161844,-1.7281554215656412,986.3000000000001,0
16180,5,5995.6900000000005,4,3,0,0.0,0.0,106,1,1,42.9,207,263,1199.1380000000001,789.2,18.666666666666668,0,0.007104307462503664,0.0,2745.4300000000003,0
15717,4,456.70000000000005,4,4,0,0.0,151.8,13,1,0,0.0,150,321,114.17500000000001,38.5,57.0,0,0.0,-5.02912987673242,150.3,0
15264,1,454.66,1,1,0,0.0,0.0,32,1,1,4.2,259,259,454.66,178.0,,1,0.009153118598265265,0.0,0.0,1
14217,10,1672.41,10,7,3,260.5,722.8299999999999,75,1,4,130.4,40,256,167.241,61.3,24.0,0,0.07233152689412639,-1.018122274679511,610.4499999999999,0
14656,4,632.0600000000001,4,4,1,133.11,183.18,112,1,0,0.0,12,332,158.01500000000001,57.25,106.66666666666667,0,0.0,-0.3172531815703721,0.0,1
17680,2,313.04999999999995,2,2,0,0.0,87.0,9,1,1,34.95,112,240,156.52499999999998,29.5,128.0,0,0.10043103448275864,-4.477336814478207,0.0,1
12480,4,2693.4700000000003,4,4,1,744.2500000000001,1551.32,97,0,1,29.75,65,236,673.3675000000001,398.75,57.0,0,0.010924567240252347,-0.733786132498671,645.0200000000001,0
18277,4,1069.67,3,3,0,0.0,732.53,48,1,2,20.7,126,223,267.4175,95.25,48.5,0,0.018984381448499132,-6.597868496542164,0.0,1
18178,9,5146.88,9,9,1,333.29999999999995,2150.34,172,1,2,31.85,38,388,571.8755555555556,350.44444444444446,43.75,0,0.0061501565055525195,-1.8618073893663674,465.99,0
13658,4,3386.33,4,4,0,0.0,680.8,92,1,2,35.730000000000004,112,401,846.5825,288.0,96.33333333333333,0,0.010441079349865287,-6.524736359703803,933.3000000000001,0
16369,4,1111.15,4,4,0,0.0,326.35,36,1,0,0.0,165,340,277.7875,139.75,58.333333333333336,0,0.0,-5.7910299348871,354.45,0
16558,23,6776.66,21,13,4,1241.6399999999999,2706.2000000000003,220,1,7,104.3,2,465,294.63739130434783,148.56521739130434,23.15,0,0.015157768683439519,-0.7786767417322524,1639.54,0
14710,9,1300.31,9,7,0,0.0,321.84000000000003,203,1,0,0.0,108,465,144.4788888888889,84.44444444444444,44.625,0,0.0,-5.777156844456171,0.0,1
17811,18,4658.9,17,5,10,2900.92,1757.9799999999998,423,1,1,1.25,7,174,258.8277777777778,135.05555555555554,10.4375,0,0.0002682317092797442,0.5006384912928405,1128.0600000000002,0
12993,5,947.7700000000001,4,4,1,102.9,408.42,51,1,2,68.37,27,388,189.55400000000003,115.0,120.33333333333333,0,0.06728403566437695,-1.3713126259072936,72.4,0
15502,6,5259.4,5,4,1,1711.06,1922.13,154,1,5,476.46999999999997,4,283,876.5666666666666,529.8333333333334,69.75,0,0.08306847958548572,-0.11625674319139101,0.0,1
15860,10,1496.3000000000002,10,6,0,0.0,879.3799999999999,168,1,0,0.0,97,462,149.63000000000002,89.3,40.55555555555556,0,0.0,-6.78035363244743,317.59999999999997,0
15024,9,2603.55,7,4,1,189.37,2414.18,124,1,0,0.0,25,153,289.28333333333336,150.55555555555554,21.333333333333332,0,0.0,-2.540559550552934,0.0,1
13733,2,487.03000000000003,2,2,0,0.0,337.93,28,1,1,2.5,139,464,243.51500000000001,167.5,325.0,0,0.00510693930913325,-5.825793596383006,0.0,1
15093,20,11708.57,17,14,2,1979.48,2955.43,104,1,10,664.28,16,460,585.4285,466.9,27.75,0,0.05368851962159082,-0.4006432197849099,793.47,0
17478,2,1272.8000000000002,2,2,0,0.0,566.6,40,1,0,0.0,137,362,636.4000000000001,258.0,225.0,0,0.0,-6.3414169452858875,0.0,1
15078,27,9752.259999999998,20,13,5,1743.49,1622.4,92,1,9,163.64999999999998,16,464,361.1948148148148,174.11111111111111,23.57894736842105,0,0.01650378028844554,0.07193953398180408,1965.52,0
14952,24,11713.69,18,12,2,1497.67,3737.52,176,1,8,198.4,14,465,488.0704166666667,197.79166666666666,26.529411764705884,0,0.016655347634210286,-0.9141117630626283,1350.78,0
12576,4,1013.74,4,4,1,266.85,271.27,67,0,2,50.0,33,255,253.435,181.0,74.0,0,0.04700396713482618,-0.01636709867955144,154.79999999999998,0
12779,9,3691.33,9,9,2,950.4200000000001,798.0299999999999,98,0,3,202.84999999999997,37,465,410.1477777777778,222.55555555555554,53.5,0,0.052090555649713155,0.17455711343445746,1800.83,0
17203,4,2004.0100000000002,1,1,0,0.0,2004.0100000000002,84,1,0,0.0,117,117,501.00250000000005,437.75,,1,0.0,-7.603404327259404,0.0,1
12967,3,2938.5199999999995,3,2,1,292.5,2646.0199999999995,47,1,1,29.95,87,112,979.5066666666665,304.0,12.5,0,0.010089372639777395,-2.199312118653866,0.0,1
13802,17,22629.43,16,11,1,969.7399999999999,5283.88,204,1,3,191.84999999999997,40,390,1331.1429411764707,720.4117647058823,23.333333333333332,0,0.008406627498545217,-1.6945465250302085,2161.32,0
16306,6,1086.92,6,4,4,526.37,560.55,54,1,3,29.999999999999996,23,163,181.15333333333334,115.0,28.0,0,0.026859578125559568,-0.06279842792913559,37.8,0
17284,2,1627.23,2,2,1,716.11,911.1199999999999,197,1,0,0.0,65,118,813.615,638.5,53.0,0,0.0,-0.24054231451817376,207.24,0
15939,5,4801.28,5,4,4,1896.4499999999998,2904.8300000000004,50,1,1,12.75,3,103,960.256,519.8,25.0,0,0.0026485086299836104,-0.42620818430170004,2720.9,0
13969,19,4612.120000000001,18,11,1,345.23999999999995,2015.52,252,1,2,85.85000000000001,51,353,242.7431578947369,129.31578947368422,17.764705882352942,0,0.018273850194871398,-1.761996356221232,1329.65,0
15497,8,8365.789999999999,8,8,1,970.6000000000001,2005.6799999999998,65,1,2,13.93,48,450,1045.7237499999999,355.125,57.42857142857143,0,0.0016623467132553355,-0.7252926970029367,0.0,1
16496,4,1467.9499999999998,3,3,1,736.7,278.25,75,1,0,0.0,45,238,366.98749999999995,275.75,96.5,0,0.0,0.9714297999409469,448.34,0
15881,5,501.39000000000004,3,2,4,386.94,114.45000000000002,26,1,3,63.15,41,93,100.278,52.0,26.0,0,0.11186098416409819,1.2120131526896412,0.0,1
13151,3,2454.71,3,2,1,1257.87,0.0,130,1,1,61.55,24,356,818.2366666666667,262.6666666666667,166.0,0,0.02446090626564822,7.1379697721602025,0.0,1
15304,3,330.6,3,3,1,105.45,225.15000000000003,5,1,1,4.95,10,150,110.2,14.666666666666666,70.0,0,0.014751899865891819,-0.7535231045843638,153.0,0
16592,13,4149.51,10,9,1,455.28000000000003,1159.37,136,1,3,143.05,16,450,319.19307692307694,223.92307692307693,48.22222222222222,0,0.033325102037012874,-0.9333875425992684,1065.7,0
15658,5,1669.57,5,5,1,270.20000000000005,717.0,62,1,4,131.88,38,465,333.914,101.6,106.75,0,0.07320769380221488,-0.9736130129819829,447.7,0
15298,14,5134.95,14,12,2,475.48,1300.4199999999998,149,1,4,77.54,53,460,366.78214285714284,263.35714285714283,31.307692307692307,0,0.014875807915219023,-1.004785505512312,904.1199999999999,0
17731,2,468.88,2,2,0,0.0,0.0,30,1,0,0.0,350,397,234.44,107.0,47.0,0,0.0,0.0,662.57,0
18179,4,1377.28,4,3,2,622.9,0.0,53,1,0,0.0,55,392,344.32,207.5,112.33333333333333,0,0.0,6.435990099116741,480.26000000000005,0
17969,19,2251.29,19,9,1,125.2,0.0,108,1,7,118.74999999999999,90,462,118.48894736842105,52.26315789473684,20.666666666666668,0,0.05010463958414203,4.837867950107113,0.0,1
15994,2,761.4100000000001,2,2,0,0.0,370.95000000000005,69,1,2,3.34,140,364,380.70500000000004,144.5,224.0,0,0.004367440339980385,-5.918759436637351,0.0,1
18247,3,839.73,3,3,0,0.0,399.7,28,1,3,118.3,143,360,279.91,111.66666666666667,108.5,0,0.12348256317651848,-5.993213017642099,0.0,1
17340,9,11625.05,9,8,1,1689.1200000000001,5322.59,234,1,7,263.95,83,392,1291.6722222222222,664.8888888888889,38.625,0,0.022201194381360922,-1.1473483554690276,1442.42,0
16441,4,842.98,4,4,1,211.0,406.24,59,1,1,10.95,20,356,210.745,103.5,112.0,0,0.012823065122433922,-0.6528164175669824,0.0,1
16578,1,156.60000000000002,1,1,0,0.0,0.0,9,1,0,0.0,355,355,156.60000000000002,108.0,,1,0.0,0.0,0.0,1
16807,3,1002.29,3,3,0,0.0,0.0,62,1,2,59.00000000000001,199,352,334.09666666666664,218.33333333333334,76.5,0,0.05559272206465717,0.0,651.83,0
14809,2,686.76,1,1,0,0.0,0.0,18,1,0,0.0,350,350,343.38,116.0,,1,0.0,0.0,0.0,1
16655,8,3445.9900000000002,8,8,1,812.25,1095.3500000000001,270,1,0,0.0,60,406,430.74875000000003,243.5,49.42857142857143,0,0.0,-0.29870319424104963,418.44999999999993,0
13831,13,4795.09,13,8,0,0.0,1432.3200000000002,78,1,2,14.4,98,458,368.8530769230769,139.23076923076923,30.0,0,0.002994080453436851,-7.267748710644696,685.45,0
17314,11,2942.7100000000005,11,9,2,566.2,334.63,115,1,3,379.52,40,465,267.51909090909095,187.1818181818182,42.5,0,0.11423652185429664,0.524702612486613,220.8,0
12982,7,2354.2700000000004,7,6,0,0.0,578.01,117,1,8,169.35,123,335,336.3242857142858,205.85714285714286,35.333333333333336,0,0.06710598267568016,-6.3613197485810185,390.53999999999996,0
17908,5,1142.47,5,5,0,0.0,473.86000000000007,178,1,2,53.650000000000006,102,454,228.494,134.0,88.0,0,0.044853359194729624,-6.163020023749096,0.0,1
15055,3,549.1199999999999,3,3,0,0.0,0.0,77,1,0,0.0,203,452,183.03999999999996,75.0,124.5,0,0.0,0.0,0.0,1
18020,1,190.47999999999996,1,1,0,0.0,0.0,12,1,1,61.199999999999996,272,272,190.47999999999996,67.0,,1,0.24316592498410683,0.0,0.0,1
12469,2,3070.54,2,2,0,0.0,0.0,76,0,0,0.0,251,265,1535.27,1276.0,14.0,0,0.0,0.0,0.0,1
17380,3,645.0,3,3,0,0.0,123.6,5,1,1,1.25,163,263,215.0,84.0,50.0,0,0.0019342359767891683,-4.825108606353353,0.0,1
15791,3,1995.6499999999999,3,3,0,0.0,0.0,73,1,3,58.3,258,370,665.2166666666666,413.0,56.0,0,0.02838433262737652,0.0,1223.2399999999998,0
14110,21,7304.800000000001,20,9,0,0.0,1151.17,126,1,1,14.85,164,467,347.8476190476191,160.95238095238096,15.947368421052632,0,0.0020287855293627424,-7.049402399812982,1701.52,0
16126,12,9248.18,12,11,1,891.35,4586.44,125,1,0,0.0,25,466,770.6816666666667,357.5,40.09090909090909,0,0.0,-1.6372189809561961,952.65,0
16469,1,178.48,1,1,0,0.0,0.0,23,1,0,0.0,243,243,178.48,72.0,,1,0.0,0.0,268.29999999999995,0
14615,5,951.76,5,4,0,0.0,134.25,40,1,1,17.5,123,277,190.352,99.0,38.5,0,0.018055011039349606,-4.907124917726591,0.0,1
16523,8,3241.7599999999993,7,6,1,743.9,940.18,72,1,4,32.99,44,413,405.2199999999999,109.75,61.5,0,0.010074051454309493,-0.23388442597644055,2091.7,0
14247,5,753.5600000000001,5,5,1,136.77,299.80999999999995,82,1,1,2.95,7,280,150.71200000000002,75.6,68.25,0,0.0038994857966186828,-0.7808932081474351,0.0,1
17259,5,1239.1100000000001,4,4,0,0.0,622.57,159,1,0,0.0,97,384,247.82200000000003,142.4,95.66666666666667,0,0.0,-6.435461028265021,0.0,1
17134,1,212.1,1,1,0,0.0,212.1,13,1,0,0.0,171,171,212.1,46.0,,1,0.0,-5.361761539104571,318.7,0
17315,13,4496.549999999999,13,6,8,1178.2,3318.35,256,1,4,68.55000000000001,9,167,345.88846153846146,146.69230769230768,13.166666666666666,0,0.01501610041401065,-1.0349327381749127,1713.1699999999998,0
17521,2,554.8499999999999,2,2,0,0.0,554.8499999999999,29,1,0,0.0,123,163,277.42499999999995,143.5,40.0,0,0.0,-6.320498473679624,159.56,0
15105,2,795.98,2,2,0,0.0,465.59999999999997,50,1,0,0.0,159,355,397.99,268.0,196.0,0,0.0,-6.1454723595873295,0.0,1
15782,1,1399.36,1,1,0,0.0,1399.36,18,1,1,7.65,159,159,1399.36,980.0,,1,0.00543706157028024,-7.244484625404935,0.0,1
13002,3,414.13,3,2,1,120.94999999999999,293.18,19,1,0,0.0,47,163,138.04333333333332,67.0,58.0,0,0.0,-0.8805807002292685,0.0,1
16920,1,355.45000000000005,1,1,0,0.0,355.45000000000005,23,1,0,0.0,140,140,355.45000000000005,81.0,,1,0.0,-5.876193977563638,0.0,1
16780,1,174.15999999999997,1,1,0,0.0,174.15999999999997,37,1,0,0.0,136,136,174.15999999999997,82.0,,1,0.0,-5.165699841933197,161.89,0
13431,6,2047.1399999999999,5,5,0,0.0,1251.0900000000001,74,1,1,27.0,135,388,341.19,149.66666666666666,63.25,0,0.013017443374121323,-7.132569434060468,0.0,1
12838,9,2694.75,9,7,0,0.0,1515.9,177,1,2,22.450000000000003,102,321,299.4166666666667,164.33333333333334,27.375,0,0.008262181657588696,-7.324424057597627,0.0,1
17276,1,501.23999999999995,1,1,0,0.0,501.23999999999995,49,1,1,57.05,131,131,501.23999999999995,186.0,,1,0.1021870354117036,-6.219078093093644,0.0,1
14440,10,4810.0599999999995,9,8,1,529.01,2187.3,55,1,2,111.89999999999999,45,466,481.006,135.8,52.625,0,0.02273484546806557,-1.4179843913676153,0.0,1
17001,11,3757.32,10,9,3,1106.0900000000001,1178.7,77,1,0,0.0,9,353,341.57454545454544,204.0909090909091,38.22222222222222,0,0.0,-0.06352521763088337,695.85,0
13626,1,449.81,1,1,0,0.0,449.81,25,1,1,17.55,108,108,449.81,189.0,,1,0.0375513522766176,-6.1110459647057445,257.22999999999996,0
13995,9,2508.32,9,8,0,0.0,869.1300000000001,106,1,3,55.550000000000004,108,450,278.70222222222225,164.44444444444446,42.75,0,0.021666465148388957,-6.76864262577314,310.45,0
14508,3,554.87,2,2,0,0.0,263.06,100,1,1,18.849999999999998,105,269,184.95666666666668,72.66666666666667,164.0,0,0.03285574844872063,-5.576176350051055,0.0,1
16539,8,2648.1,8,5,1,304.9,1225.75,78,1,0,0.0,87,261,331.0125,111.5,24.857142857142858,0,0.0,-1.3888654238131553,306.36,0
15856,29,20492.52,27,14,3,2788.8900000000003,6486.1900000000005,187,1,3,218.7,30,465,706.6386206896552,370.41379310344826,16.73076923076923,0,0.010559493839571015,-0.8438272946171903,3190.4300000000003,0
17890,2,586.8899999999999,2,2,2,586.8899999999999,0.0,88,1,0,0.0,51,90,293.44499999999994,201.0,39.0,0,0.0,6.376539855568016,0.0,1
14475,2,531.85,2,2,1,306.55,225.3,21,1,1,21.549999999999997,33,137,265.925,112.5,104.0,0,0.03894109143476689,0.30677612301488644,315.61999999999995,0
13453,2,609.71,2,2,1,185.0,424.71000000000004,28,1,2,22.7,18,131,304.855,141.5,113.0,0,0.03589443557186002,-0.8280116895661678,0.0,1
15221,4,2062.2,4,4,0,0.0,1275.05,21,1,3,360.19999999999993,95,366,515.55,61.0,90.33333333333333,0,0.14869550858652575,-7.151524648090003,0.0,1
12613,5,3184.9900000000007,5,5,0,0.0,414.14000000000004,131,0,2,118.14999999999999,117,454,636.9980000000002,499.4,84.25,0,0.035768995561798765,-6.028615812738775,1336.52,0
13206,13,8308.189999999999,12,7,0,0.0,313.2,393,1,0,0.0,129,461,639.0915384615383,545.0769230769231,30.181818181818183,0,0.0,-5.750029725821521,0.0,1
14370,6,1175.78,5,5,0,0.0,122.39999999999999,37,1,3,83.65,179,405,195.96333333333334,44.333333333333336,56.5,0,0.06641893555020922,-4.8154311114712876,0.0,1
14593,9,3040.88,6,5,0,0.0,1109.94,323,1,5,55.720000000000006,126,459,337.8755555555556,168.44444444444446,66.6,0,0.017993928825163083,-7.012961782780746,339.59,0
17404,12,22751.760000000002,12,9,4,6895.46,5374.469999999999,69,0,4,1536.3,3,430,1895.9800000000002,2069.3333333333335,38.81818181818182,0,0.063253302239866,0.24916222442174174,6958.16,0
14327,5,1583.28,5,5,0,0.0,637.96,89,1,0,0.0,111,429,316.656,231.4,79.5,0,0.0,-6.459841854609134,0.0,1
14341,12,2620.67,8,7,2,335.63,695.3700000000001,112,1,2,23.85,47,467,218.38916666666668,134.91666666666666,60.0,0,0.009018649887314144,-0.726896723930829,367.52000000000004,0
13219,1,76.23,1,1,0,0.0,0.0,11,1,0,0.0,347,347,76.23,11.0,,1,0.0,0.0,0.0,1
12609,7,2308.94,7,7,1,251.93,733.45,94,0,0,0.0,47,448,329.84857142857146,158.85714285714286,66.83333333333333,0,0.0,-1.0660091491747306,422.79999999999995,0
15845,5,1947.0900000000001,5,5,2,1232.5800000000002,0.0,71,1,1,91.73,16,411,389.418,153.6,98.75,0,0.04499171089159416,7.117675789966873,304.58,0
14233,5,2072.5,5,5,2,630.95,0.0,30,1,2,122.10000000000001,39,373,414.5,178.8,83.5,0,0.05563656247152101,6.448810277093135,328.15,0
15418,2,449.42,2,2,0,0.0,242.93,64,1,0,0.0,154,315,224.71,132.0,161.0,0,0.0,-5.496881298887856,0.0,1
13393,4,1131.45,4,3,0,0.0,0.0,53,1,2,25.6,312,461,282.8625,165.5,49.666666666666664,0,0.022125232271725512,0.0,0.0,1
15358,28,11535.560000000001,20,15,6,2832.3500000000004,4087.76,301,1,9,192.06000000000003,9,461,411.98428571428576,381.07142857142856,23.789473684210527,0,0.016376724348162716,-0.3667819884389143,906.17,0
16668,8,606.46,7,7,1,50.76,146.7,24,1,0,0.0,13,360,75.8075,67.375,57.833333333333336,0,0.0,-1.0485655393446889,145.98000000000002,0
16232,3,1722.0900000000001,3,3,0,0.0,734.82,49,1,2,13.3,149,279,574.0300000000001,433.0,65.0,0,0.007663983312108517,-6.600985523600535,366.47,0
13346,6,299.40000000000003,5,5,0,0.0,0.0,4,1,0,0.0,191,325,49.900000000000006,30.0,33.5,0,0.0,0.0,0.0,1
13608,1,232.04999999999995,1,1,0,0.0,0.0,31,1,0,0.0,269,269,232.04999999999995,110.0,,1,0.0,0.0,0.0,1
16918,11,2413.5,10,9,1,275.78,446.07,235,1,2,49.74999999999999,46,465,219.4090909090909,138.0,46.55555555555556,0,0.02019689434689942,-0.4794922151079275,0.0,1
17950,6,947.26,5,5,0,0.0,418.21999999999997,110,1,1,10.08,94,433,157.87666666666667,79.83333333333333,84.75,0,0.010529174587920697,-6.038395841792414,0.0,1
14069,2,225.81,2,2,0,0.0,0.0,37,1,0,0.0,243,290,112.905,29.0,47.0,0,0.0,0.0,0.0,1
15224,5,871.3599999999999,5,4,1,310.47999999999996,11.6,24,1,3,34.1,87,422,174.272,88.6,83.75,0,0.03766041570030703,3.2076383167513534,0.0,1
15142,5,2121.18,4,3,0,0.0,838.12,97,1,1,10.95,139,229,424.236,358.0,30.0,0,0.005135709361061475,-6.732353723653349,0.0,1
15051,6,2543.55,6,6,0,0.0,1004.0600000000001,113,1,1,15.0,108,467,423.925,340.3333333333333,71.8,0,0.0058626956674679015,-6.91280252020365,0.0,1
16503,9,3024.2,8,7,2,841.79,982.55,145,1,2,16.45,59,265,336.0222222222222,144.77777777777777,29.428571428571427,0,0.0054100274612336186,-0.15445065872929753,251.60000000000002,0
17471,1,321.65000000000003,1,1,0,0.0,0.0,19,1,0,0.0,203,203,321.65000000000003,153.0,,1,0.0,0.0,0.0,1
17873,15,5107.1,12,11,1,485.78000000000003,1658.06,62,1,1,191.52,10,452,340.47333333333336,236.2,40.18181818181818,0,0.03614526046404535,-1.2261941802667087,756.81,0
12356,4,5071.92,4,3,1,1947.6200000000001,3124.3,88,0,0,0.0,54,153,1267.98,750.25,33.0,0,0.0,-0.47240884884510415,481.46000000000004,0
13081,22,35968.600000000006,19,13,3,5100.83,10205.779999999999,593,1,9,594.2,17,460,1634.936363636364,1169.9545454545455,24.61111111111111,0,0.01625149058606015,-0.6934529064555459,6995.9000000000015,0
15159,8,6173.84,7,4,4,2698.12,3475.72,149,1,0,0.0,44,160,771.73,447.375,19.333333333333332,0,0.0,-0.25316352663228425,2977.75,0
14203,1,339.34,1,1,0,0.0,339.34,16,1,0,0.0,126,126,339.34,80.0,,1,0.0,-5.82994511794329,0.0,1
16717,9,3127.85,7,6,0,0.0,2000.47,141,1,4,125.35,95,461,347.5388888888889,151.11111111111111,61.0,0,0.03853129226607648,-7.601637189561864,0.0,1
15356,6,1111.75,6,4,2,447.09000000000003,664.66,178,1,0,0.0,25,151,185.29166666666666,91.33333333333333,25.2,0,0.0,-0.3957849245791607,571.45,0
15509,1,152.40999999999997,1,1,0,0.0,152.40999999999997,26,1,0,0.0,109,109,152.40999999999997,58.0,,1,0.0,-5.033114075856682,0.0,1
15906,3,962.5,3,3,0,0.0,962.5,41,1,1,41.849999999999994,103,179,320.8333333333333,68.33333333333333,38.0,0,0.04166874097675113,-6.870572487854421,683.16,0
15574,5,989.3399999999999,4,3,2,214.5,630.1700000000001,186,1,1,42.0,87,193,197.868,140.8,35.333333333333336,0,0.04072371865728082,-1.0746143303412357,0.0,1
15646,3,526.97,3,3,0,0.0,526.97,50,1,0,0.0,101,139,175.65666666666667,219.0,19.0,0,0.0,-6.26903946391023,150.24,0
17787,3,1668.52,3,3,2,932.24,736.28,87,1,0,0.0,33,100,556.1733333333333,276.3333333333333,33.5,0,0.0,0.23569466386743532,0.0,1
16904,9,1650.22,7,5,2,289.90999999999997,1360.31,238,1,0,0.0,27,140,183.35777777777778,101.33333333333333,18.833333333333332,0,0.0,-1.5431888094262236,602.74,0
14544,2,2036.0,2,2,1,1101.77,0.0,111,1,0,0.0,90,199,1018.0,856.0,109.0,0,0.0,7.005580475297575,0.0,1
12528,2,681.6600000000001,2,2,2,681.6600000000001,0.0,37,0,0,0.0,5,41,340.83000000000004,176.5,36.0,0,0.0,6.525996931818605,0.0,1
12350,1,294.4,1,1,1,294.4,0.0,16,0,0,0.0,39,39,294.4,196.0,,1,0.0,5.68833037009728,0.0,1
15236,1,321.05,1,1,1,321.05,0.0,15,1,0,0.0,27,27,321.05,269.0,,1,0.0,5.7747068129929,0.0,1
14176,5,756.46,4,4,3,417.35,339.11,33,1,1,2.9,26,110,151.292,53.0,28.0,0,0.0038190054782975135,0.2070493080439908,0.0,1
16317,3,1421.62,3,3,1,570.76,0.0,69,1,1,12.75,26,313,473.8733333333333,242.66666666666666,143.5,0,0.008888919874230499,6.348719322911723,0.0,1
14665,5,1645.6100000000001,4,3,3,731.66,634.3500000000001,78,1,1,17.8,25,321,329.122,134.4,98.66666666666667,0,0.010700909577314071,0.14250571892244146,0.0,1
14524,6,1536.08,4,3,2,470.04999999999995,1066.0299999999997,160,1,0,0.0,10,145,256.0133333333333,117.66666666666667,45.0,0,0.0,-0.8176701216255067,283.68,0
15834,5,2809.51,3,3,2,1270.27,1539.2400000000002,244,1,1,23.849999999999998,6,153,561.902,251.6,73.5,0,0.008417567834655674,-0.1919218476353599,0.0,1
16712,3,988.1300000000001,2,2,1,366.57000000000005,621.5600000000001,108,1,0,0.0,5,130,329.3766666666667,165.66666666666666,125.0,0,0.0,-0.5269262325311628,831.6500000000001,0
13345,1,339.50000000000006,1,1,1,339.50000000000006,0.0,19,1,1,11.899999999999999,16,16,339.50000000000006,140.0,,1,0.03386454183266931,5.8304151255895675,0.0,1
13587,3,961.0999999999999,2,2,0,0.0,392.79999999999995,20,1,0,0.0,178,392,320.3666666666666,161.33333333333334,214.0,0,0.0,-5.975843166205025,0.0,1
17110,2,336.6,2,2,0,0.0,0.0,32,1,0,0.0,249,339,168.3,43.0,90.0,0,0.0,0.0,0.0,1
13129,2,233.25,2,2,0,0.0,0.0,10,1,0,0.0,181,258,116.625,148.0,77.0,0,0.0,0.0,0.0,1
15824,2,890.94,2,2,0,0.0,0.0,24,1,0,0.0,182,261,445.47,239.0,79.0,0,0.0,0.0,0.0,1
17083,8,3640.0299999999997,8,7,2,996.02,984.54,29,1,2,14.71,24,397,455.00374999999997,218.125,53.285714285714285,0,0.00402491011672513,0.0115811156383554,0.0,1
15141,7,1388.4699999999998,6,5,0,0.0,0.0,44,1,2,10.16,186,350,198.35285714285712,171.0,32.8,0,0.007264251446057929,0.0,0.0,1
18008,15,17773.699999999997,14,9,1,130.81,2461.7000000000003,62,1,0,0.0,47,431,1184.9133333333332,439.93333333333334,29.53846153846154,0,0.0,-2.9276520962979564,1934.6000000000001,0
13970,2,846.55,2,2,0,0.0,846.55,10,1,0,0.0,115,166,423.275,234.5,51.0,0,0.0,-6.742349834564496,0.0,1
16312,1,171.15,1,1,0,0.0,171.15,10,1,0,0.0,161,161,171.15,53.0,,1,0.0,-5.148366189784533,0.0,1
15728,2,544.6,2,2,0,0.0,544.6,10,1,0,0.0,108,173,272.3,66.0,65.0,0,0.0,-6.301886106529253,0.0,1
17302,1,182.85,1,1,1,182.85,0.0,11,1,0,0.0,34,34,182.85,99.0,,1,0.0,5.214120207747281,120.26999999999998,0
16648,2,382.14,2,2,0,0.0,0.0,18,1,0,0.0,184,319,191.07,111.0,135.0,0,0.0,0.0,0.0,1
17696,22,5887.72,19,12,1,318.24,2087.85,160,1,16,218.98999999999998,6,458,267.62363636363636,205.63636363636363,25.11111111111111,0,0.0358605533912696,-1.8784257832794378,343.75,0
13643,7,1637.3300000000002,7,6,0,0.0,950.3600000000001,57,1,5,44.6,111,460,233.90428571428575,89.85714285714286,58.166666666666664,0,0.02651715588639242,-6.857892539809733,87.9,0
14112,7,3536.54,6,5,1,617.1,195.6,141,1,9,169.10000000000002,4,383,505.21999999999997,324.57142857142856,75.8,0,0.04563314299284335,1.1454790489521613,535.4,0
16996,5,794.1900000000002,4,3,2,127.54,666.6500000000001,29,1,3,58.800000000000004,82,146,158.83800000000002,84.2,21.333333333333332,0,0.06893398515809095,-1.6475239441868332,573.34,0
13403,2,154.5,2,2,0,0.0,75.9,6,1,0,0.0,116,452,77.25,35.0,336.0,0,0.0,-4.3425058765115985,0.0,1
16890,3,277.90999999999997,3,2,0,0.0,0.0,16,1,0,0.0,205,311,92.63666666666666,80.33333333333333,53.0,0,0.0,0.0,0.0,1
13544,4,514.14,3,3,0,0.0,171.45,152,1,1,8.5,140,373,128.535,54.75,116.5,0,0.016263584876779428,-5.15010733938285,113.01,0
17494,1,54.699999999999996,1,1,0,0.0,0.0,3,1,0,0.0,230,230,54.699999999999996,26.0,,1,0.0,0.0,0.0,1
17089,1,128.45,1,1,0,0.0,128.45,4,1,0,0.0,115,115,128.45,35.0,,1,0.0,-4.8632947061975464,0.0,1
16182,6,4179.0,6,6,1,825.0,660.0,8,1,0,0.0,23,369,696.5,432.6666666666667,69.2,0,0.0,0.22284093366929092,1692.0,0
17170,2,178.68,2,1,0,0.0,178.68,8,1,1,59.699999999999996,103,118,89.34,76.0,15.0,0,0.2504404731940599,-5.191177490990133,0.0,1
15885,12,1572.47,12,9,0,0.0,424.44,68,1,5,214.25,112,416,131.03916666666666,42.583333333333336,27.636363636363637,0,0.11991246529954329,-6.05312392749471,0.0,1
14866,7,6450.32,6,3,0,0.0,6450.32,12,1,0,0.0,95,173,921.4742857142857,354.2857142857143,15.6,0,0.0,-8.772040040014415,0.0,1
13417,4,1028.6599999999999,3,3,0,0.0,0.0,35,1,1,75.6,276,398,257.16499999999996,92.5,61.0,0,0.06846213754007209,0.0,236.0,0
17351,10,1575.83,9,8,1,198.6,282.0,29,1,0,0.0,2,458,157.583,29.5,57.0,0,0.0,-0.349131533765874,0.0,1
15879,4,1137.8,4,4,0,0.0,424.28,171,1,0,0.0,133,451,284.45,159.75,106.0,0,0.0,-6.052747775524881,0.0,1
13223,4,805.9200000000001,4,4,0,0.0,201.60000000000002,4,1,0,0.0,152,394,201.48000000000002,120.0,80.66666666666667,0,0.0,-5.311233591814583,163.20000000000002,0
15587,4,953.28,4,4,1,344.88,426.24,3,1,0,0.0,80,220,238.32,84.0,46.666666666666664,0,0.0,-0.2112540221292658,0.0,1
17092,8,3872.2800000000007,7,7,1,134.9,1209.4100000000003,201,1,3,31.650000000000002,6,404,484.0350000000001,343.375,66.33333333333333,0,0.008107215037154865,-2.186795103014579,0.0,1
17739,13,5621.83,13,11,2,682.59,1667.64,45,1,1,7.15,62,461,432.4484615384615,132.84615384615384,33.25,0,0.0012702123652953113,-0.8924058796761472,388.18,0
13855,4,1310.3400000000001,4,3,0,0.0,0.0,64,1,1,56.400000000000006,229,460,327.58500000000004,143.75,77.0,0,0.04126607840554897,0.0,0.0,1
16560,7,2539.15,7,6,1,332.17999999999995,332.13,111,1,1,12.75,87,460,362.7357142857143,181.71428571428572,62.166666666666664,0,0.004996277283592617,0.0001500802932383749,0.0,1
13462,4,1002.3499999999999,4,4,0,0.0,475.89,55,1,0,0.0,139,454,250.58749999999998,158.75,105.0,0,0.0,-6.167285856327778,151.5,0
17734,3,741.69,3,3,0,0.0,0.0,40,1,0,0.0,254,371,247.23000000000002,106.33333333333333,58.5,0,0.0,0.0,112.98,0
18171,5,1446.4499999999998,5,5,1,240.45,0.0,48,1,0,0.0,62,432,289.28999999999996,118.2,92.5,0,0.0,5.486662412319551,224.14000000000004,0
16823,6,1884.71,6,5,0,0.0,965.63,118,1,1,6.95,116,466,314.11833333333334,171.66666666666666,70.0,0,0.0036740217586669907,-6.873815795552573,358.38,0
16794,5,856.1999999999999,5,4,0,0.0,338.34999999999997,151,1,0,0.0,109,353,171.23999999999998,130.6,61.0,0,0.0,-5.827032023149767,0.0,1
15443,8,2338.35,8,6,1,437.71000000000004,0.0,249,1,1,35.04,49,371,292.29375,155.25,46.0,0,0.014763692439927699,6.083838602532844,0.0,1
16098,9,2857.47,9,8,1,421.8,584.45,72,1,0,0.0,27,453,317.49666666666667,177.44444444444446,53.25,0,0.0,-0.32548152829865096,369.82,0
13979,6,2503.76,5,4,0,0.0,1217.25,308,1,4,89.39999999999999,122,465,417.29333333333335,267.0,85.75,0,0.03447531197457927,-7.1051706817236155,0.0,1
14938,2,2322.43,1,1,0,0.0,0.0,71,0,2,33.0,291,291,1161.215,684.5,,1,0.014010180731331435,0.0,0.0,1
14515,6,1647.17,5,3,0,0.0,1451.0700000000002,55,1,3,30.36,116,279,274.52833333333336,130.5,40.75,0,0.018098036994867454,-7.280745403589099,765.6500000000001,0
13334,3,4336.67,3,3,1,1637.19,0.0,241,1,1,6.75,34,381,1445.5566666666666,754.3333333333334,173.5,0,0.0015540748995031565,7.401347252802097,1071.4,0
15076,2,566.8900000000001,2,2,0,0.0,0.0,30,1,2,21.9,221,251,283.44500000000005,147.5,30.0,0,0.03719492518555002,0.0,0.0,1
18207,1,544.47,1,1,0,0.0,0.0,31,1,2,39.349999999999994,228,228,544.47,325.0,,1,0.06740091123976566,0.0,0.0,1
17049,11,5212.039999999999,9,5,1,924.54,1440.75,188,1,4,288.5,4,374,473.8218181818181,174.0,46.25,0,0.052449395877495676,-0.4432355815347764,657.2600000000001,0
18225,16,7978.659999999999,15,12,1,438.82,2760.74,184,1,4,255.25,34,464,498.66624999999993,270.3125,30.714285714285715,0,0.030999853046729926,-1.8372506425505772,1199.25,0
15339,6,1504.85,5,5,1,257.9,699.8000000000001,134,1,3,177.25,47,398,250.8083333333333,146.83333333333334,87.75,0,0.10537423458771773,-0.9957806528646902,0.0,1
16095,1,447.05,1,1,0,0.0,0.0,30,1,0,0.0,185,185,447.05,265.0,,1,0.0,0.0,0.0,1
17220,9,1901.3600000000001,6,6,1,320.0,727.05,205,1,0,0.0,41,417,211.26222222222225,109.88888888888889,75.2,0,0.0,-0.8189286040268975,825.33,0
14631,4,1328.21,4,4,1,309.5,700.76,43,1,1,2.52,27,216,332.0525,236.25,63.0,0,0.0018936974442599174,-0.8154075638559899,320.58,0
16372,3,934.5800000000002,3,2,0,0.0,823.6300000000001,203,1,1,30.0,138,336,311.5266666666667,188.0,99.0,0,0.031101619357647884,-6.7149348008867875,0.0,1
15294,1,233.35000000000002,1,1,0,0.0,233.35000000000002,15,1,1,11.049999999999999,139,139,233.35000000000002,97.0,,1,0.0452127659574468,-5.456815724368715,0.0,1
15580,8,1375.3899999999999,8,7,0,0.0,535.5200000000001,150,1,6,159.24,105,399,171.92374999999998,119.375,42.0,0,0.10376442530121269,-6.28510384003389,0.0,1
15235,13,1986.19,9,4,7,1295.8899999999999,690.3000000000001,120,1,0,0.0,13,117,152.78384615384616,100.6923076923077,13.0,0,0.0,0.6291504866660151,786.5699999999999,0
12551,1,168.0,1,1,1,168.0,0.0,10,0,0,0.0,86,86,168.0,100.0,,1,0.0,5.1298987149230735,0.0,1
15002,8,3643.91,8,7,2,515.94,631.6500000000001,194,1,0,0.0,25,425,455.48875,234.625,57.142857142857146,0,0.0,-0.20199053302025582,0.0,1
15529,5,1770.6100000000001,5,4,2,628.0899999999999,1142.5200000000002,207,1,0,0.0,4,123,354.122,311.0,29.75,0,0.0,-0.5975921727460731,978.46,0
13623,6,1961.32,6,6,1,155.99999999999997,380.13,156,1,4,64.69,26,466,326.88666666666666,130.83333333333334,88.0,0,0.031929753555017,-0.8868947189294847,383.17,0
16057,4,2275.71,4,4,1,683.98,0.0,115,1,5,590.2300000000001,13,430,568.9275,261.25,139.0,0,0.2059463910619204,6.52938964075569,375.56,0
16217,1,183.0,1,1,1,183.0,0.0,11,1,0,0.0,11,11,183.0,60.0,,1,0.0,5.214935757608986,121.25000000000001,0
15094,2,83.0,2,2,0,0.0,0.0,4,1,0,0.0,192,373,41.5,14.0,181.0,0,0.0,0.0,0.0,1
16303,5,3394.8199999999997,5,5,1,827.18,1339.3,82,1,1,49.75,62,360,678.9639999999999,323.6,74.5,0,0.014443021915652754,-0.48141822642090837,0.0,1
14264,4,1183.39,4,4,0,0.0,332.85,49,1,2,41.5,108,340,295.8475,120.75,77.33333333333333,0,0.0338805933594037,-5.810691790303878,115.70000000000002,0
15889,7,1274.95,7,5,0,0.0,507.98,236,1,1,10.45,98,458,182.1357142857143,104.28571428571429,60.0,0,0.008129765053679787,-6.2324087230476986,0.0,1
14947,4,758.97,4,4,0,0.0,170.45,37,1,0,0.0,117,353,189.7425,59.25,78.66666666666667,0,0.0,-5.144291678908929,0.0,1
15970,2,1017.32,2,2,1,314.1,0.0,19,1,0,0.0,32,327,508.66,249.0,295.0,0,0.0,5.752890048763229,0.0,1
15199,7,2206.8,7,7,1,353.09999999999997,612.0,17,1,0,0.0,37,304,315.25714285714287,88.0,44.5,0,0.0,-0.5487855768183536,304.05,0
13989,3,759.98,3,3,0,0.0,0.0,34,1,0,0.0,193,292,253.32666666666668,298.0,49.5,0,0.0,0.0,896.6700000000001,0
14572,5,3047.4700000000003,4,4,1,331.03000000000003,1736.0900000000001,220,1,2,27.7,53,350,609.494,327.0,99.0,0,0.009007632098388056,-1.654741252090414,742.3000000000001,0
17381,19,25322.46,15,10,7,5595.699999999999,10907.42,49,1,0,0.0,6,277,1332.7610526315789,1423.7894736842106,19.357142857142858,0,0.0,-0.6673578297627234,4618.710000000001,0
13439,2,702.9,2,2,0,0.0,418.62,101,1,0,0.0,117,255,351.45,355.0,138.0,0,0.0,-6.039349539828555,283.71,0
13649,5,1304.88,5,5,0,0.0,576.37,90,1,0,0.0,95,256,260.976,142.0,40.25,0,0.0,-6.358483308830181,148.8,0
13963,17,2860.5699999999997,17,11,3,513.24,1143.06,129,1,1,112.25,37,326,168.26882352941175,118.05882352941177,18.0625,0,0.03775876104170452,-0.7996485355677185,0.0,1
15555,23,7430.48,19,11,1,169.79000000000002,1689.27,438,1,7,326.40000000000003,90,462,323.06434782608693,206.3913043478261,20.666666666666668,0,0.042078773940037756,-2.292208826838829,784.6199999999999,0
13103,2,465.7,2,2,0,0.0,342.36,21,1,0,0.0,166,306,232.85,172.0,140.0,0,0.0,-5.838779459442334,0.0,1
14087,2,638.0,2,2,0,0.0,402.56,126,1,1,30.0,133,464,319.0,234.0,331.0,0,0.04491017964071856,-6.000325175540179,0.0,1
15034,9,5607.65,9,8,3,1650.6100000000001,2846.3399999999997,257,1,1,9.25,7,306,623.0722222222222,346.55555555555554,37.375,0,0.0016468158592818105,-0.544634655374197,989.7700000000001,0
16893,2,249.47000000000003,2,2,0,0.0,249.47000000000003,79,1,0,0.0,95,105,124.73500000000001,58.0,10.0,0,0.0,-5.523339152874019,0.0,1
16350,6,1514.12,5,3,1,376.7,1137.42,59,1,3,31.4,62,157,252.35333333333332,121.33333333333333,23.75,0,0.020316786583156478,-1.1032963854201236,0.0,1
16583,2,297.95000000000005,2,2,0,0.0,233.45000000000005,18,1,0,0.0,102,402,148.97500000000002,76.5,300.0,0,0.0,-5.457242345535596,0.0,1
16122,4,461.04,4,4,1,144.12,316.92,20,1,0,0.0,61,154,115.26,149.5,31.0,0,0.0,-0.78423879243668,0.0,1
17446,1,68.10000000000001,1,1,1,68.10000000000001,0.0,5,1,0,0.0,39,39,68.10000000000001,102.0,,1,0.0,4.235554730773624,0.0,1
14754,5,1138.15,5,5,1,228.26999999999998,407.0,90,1,1,4.2,24,419,227.63000000000002,139.4,98.75,0,0.0036766315052304457,-0.5763668260695907,0.0,1
13043,1,516.4200000000001,1,1,1,516.4200000000001,0.0,13,1,0,0.0,2,2,516.4200000000001,254.0,,1,0.0,6.248854923817375,0.0,1
17188,9,3543.1400000000003,9,8,2,910.8000000000001,919.3199999999999,106,1,4,231.10000000000002,44,460,393.68222222222226,216.77777777777777,52.0,0,0.06123087032091229,-0.009300767873231308,0.0,1
16521,3,1136.3600000000001,2,2,0,0.0,1044.99,211,1,0,0.0,144,377,378.7866666666667,337.6666666666667,233.0,0,0.0,-6.952719084349724,0.0,1
15633,13,4335.96,13,8,0,0.0,0.0,77,1,5,179.05,238,460,333.5353846153846,157.53846153846155,18.5,0,0.03965661205623022,0.0,0.0,1
12349,2,2221.1399999999994,2,2,0,0.0,1152.62,89,0,1,24.15,136,318,1110.5699999999997,495.5,182.0,0,0.010755848910385743,-7.0506601034123,0.0,1
16702,4,1109.53,4,4,0,0.0,315.90999999999997,83,1,1,9.95,144,461,277.3825,172.5,105.66666666666667,0,0.008888055168471075,-5.758617821894807,0.0,1
17963,4,643.1600000000001,4,4,0,0.0,0.0,98,1,0,0.0,200,418,160.79000000000002,85.25,72.66666666666667,0,0.0,0.0,0.0,1
13676,2,243.90000000000003,2,2,0,0.0,0.0,13,1,1,90.75,268,348,121.95000000000002,52.0,80.0,0,0.2711788435679067,0.0,0.0,1
17384,1,171.15,1,1,0,0.0,0.0,5,1,0,0.0,196,196,171.15,33.0,,1,0.0,0.0,227.65,0
15966,1,426.53,1,1,0,0.0,426.53,27,1,1,26.950000000000003,179,179,426.53,275.0,,1,0.05942930228455501,-6.058024461353231,0.0,1
17204,5,3940.13,4,4,0,0.0,3640.8,89,1,2,97.05,103,276,788.0260000000001,401.0,57.666666666666664,0,0.024039056965505623,-8.200233343897743,1250.1599999999999,0
15606,12,3505.5000000000005,12,9,4,1194.67,819.83,67,1,0,0.0,7,376,292.12500000000006,89.0,33.54545454545455,0,0.0,0.3761459532490994,631.6800000000001,0
15058,8,1755.61,7,6,3,470.57,512.14,116,1,1,32.849999999999994,28,382,219.45125,100.25,59.0,0,0.018367757735705578,-0.0844811590142891,529.84,0
15212,1,106.47999999999999,1,1,0,0.0,106.47999999999999,5,1,0,0.0,105,105,106.47999999999999,48.0,,1,0.0,-4.6773047837472905,101.79999999999998,0
16355,1,416.34999999999997,1,1,0,0.0,416.34999999999997,47,1,1,67.15,104,104,416.34999999999997,179.0,,1,0.13888314374353672,-6.033925198296745,0.0,1
15370,3,2107.1800000000003,3,3,2,754.22,1352.96,73,1,0,0.0,26,139,702.3933333333334,296.3333333333333,56.5,0,0.0,-0.5837798134068866,373.72,0
17634,2,1237.31,2,2,2,1237.31,0.0,109,1,0,0.0,6,66,618.655,144.0,60.0,0,0.0,7.121502825775944,573.98,0
15759,6,762.9300000000001,6,6,2,185.04000000000002,0.0,10,1,3,19.95,25,466,127.15500000000002,85.83333333333333,88.2,0,0.025482832618025746,5.225961704355896,68.0,0
16984,7,5891.009999999999,7,6,0,0.0,1048.42,476,1,6,55.199999999999996,133,371,841.5728571428571,392.42857142857144,39.666666666666664,0,0.009283224104093196,-6.955992909580625,0.0,1
13545,2,364.93,2,2,0,0.0,246.75000000000003,54,1,1,27.29,119,273,182.465,126.0,154.0,0,0.06957829789403905,-5.5124201732100975,0.0,1
15649,4,1660.35,4,3,1,306.0,1354.35,8,1,0,0.0,65,116,415.0875,91.25,17.0,0,0.0,-1.4849672549552615,0.0,1
15711,2,420.25,2,2,0,0.0,0.0,25,1,0,0.0,285,413,210.125,99.5,128.0,0,0.0,0.0,0.0,1
17025,4,1152.87,3,3,0,0.0,304.16999999999996,28,1,0,0.0,102,370,288.2175,197.25,134.0,0,0.0,-5.7208689983797,0.0,1
13980,4,568.68,4,4,0,0.0,271.36,47,1,4,46.800000000000004,168,385,142.17,72.75,72.33333333333333,0,0.07603821407681811,-5.607124720614766,0.0,1
12943,2,496.49999999999994,2,2,0,0.0,0.0,22,1,2,7.5,287,334,248.24999999999997,111.0,47.0,0,0.014880952380952382,0.0,0.0,1
15299,6,3484.5299999999997,4,4,0,0.0,2753.01,5,1,0,0.0,101,425,580.755,417.5,108.0,0,0.0,-7.92081331036407,600.0,0
12409,4,12346.62,4,4,0,0.0,5231.06,125,0,2,313.08,149,294,3086.655,1898.0,48.333333333333336,0,0.024730443849380314,-8.562560360961188,6207.08,0
16532,3,3918.2400000000002,3,3,1,1910.4,1146.24,1,1,0,0.0,67,349,1306.0800000000002,336.0,141.0,0,0.0,0.5104769000910938,0.0,1
13510,7,2766.7300000000005,6,6,0,0.0,985.52,126,1,5,63.5,104,447,395.24714285714293,236.85714285714286,68.6,0,0.022436339096115858,-6.894183598952043,585.3199999999999,0
15025,1,609.8800000000001,1,1,0,0.0,0.0,71,1,0,0.0,297,297,609.8800000000001,318.0,,1,0.0,0.0,0.0,1
12695,3,789.02,3,3,0,0.0,0.0,27,0,0,0.0,257,394,263.00666666666666,77.33333333333333,68.5,0,0.0,0.0,89.25,0
14859,1,351.90000000000003,1,1,0,0.0,0.0,8,1,0,0.0,283,283,351.90000000000003,217.0,,1,0.0,0.0,296.86,0
17915,1,225.77999999999997,1,1,0,0.0,0.0,27,1,0,0.0,280,280,225.77999999999997,184.0,,1,0.0,0.0,0.0,1
13920,4,1774.68,4,4,0,0.0,321.12,81,1,1,39.8,160,291,443.67,443.0,43.666666666666664,0,0.02193465896565407,-5.7749241469273445,0.0,1
15645,2,443.16,2,1,0,0.0,443.16,16,1,1,12.600000000000001,143,154,221.58,70.0,11.0,0,0.02764612954186414,-6.096184857878385,0.0,1
15921,3,442.58000000000004,3,3,0,0.0,342.4,51,1,0,0.0,125,369,147.52666666666667,57.0,122.0,0,0.0,-5.838895948463375,0.0,1
15215,4,1687.4900000000002,4,4,0,0.0,1221.2700000000002,59,1,2,836.8700000000001,122,341,421.87250000000006,137.75,73.0,0,0.33151769161292366,-7.10846506458935,0.0,1
18007,1,215.22000000000003,1,1,0,0.0,215.22000000000003,46,1,0,0.0,121,121,215.22000000000003,246.0,,1,0.0,-5.376296407864626,0.0,1
16599,1,172.79999999999998,1,1,0,0.0,172.79999999999998,12,1,0,0.0,114,114,172.79999999999998,159.0,,1,0.0,-5.157905212831292,0.0,1
13240,5,1030.76,4,4,0,0.0,761.29,132,1,1,77.35000000000001,94,381,206.152,108.2,95.66666666666667,0,0.06980353935981086,-6.636327060713247,203.39000000000001,0
15415,1,559.6099999999999,1,1,1,559.6099999999999,0.0,46,1,0,0.0,42,42,559.6099999999999,551.0,,1,0.0,6.329025476602274,0.0,1
16912,7,2642.77,6,6,3,737.84,1179.09,85,1,1,23.4,19,459,377.5385714285714,141.28571428571428,88.0,0,0.008776634648203227,-0.46826459702653267,408.02000000000004,0
15393,4,783.5800000000002,4,4,1,124.10000000000001,0.0,35,1,0,0.0,10,453,195.89500000000004,80.5,147.66666666666666,0,0.0,4.829113417472866,0.0,1
13740,4,1232.02,4,4,0,0.0,315.29,62,1,0,0.0,144,466,308.005,140.5,107.33333333333333,0,0.0,-5.756659514256968,350.74999999999994,0
17665,1,563.0999999999999,1,1,0,0.0,0.0,19,1,0,0.0,222,222,563.0999999999999,690.0,,1,0.0,0.0,0.0,1
14565,2,1927.5100000000002,2,2,1,1167.41,0.0,85,1,0,0.0,90,202,963.7550000000001,520.0,112.0,0,0.0,7.06339912918973,660.14,0
16636,4,3802.04,4,3,0,0.0,1295.25,62,1,0,0.0,167,375,950.51,546.5,69.33333333333333,0,0.0,-7.167230759543737,0.0,1
16848,3,1130.2,2,2,0,0.0,1130.2,64,1,0,0.0,105,161,376.73333333333335,199.33333333333334,56.0,0,0.0,-7.031034295142308,0.0,1
14227,6,3751.9000000000005,5,5,1,736.6999999999999,1000.7700000000001,191,1,3,9.05,13,398,625.3166666666667,435.0,96.25,0,0.002406306917135298,-0.30598647648784194,1662.8200000000002,0
16229,4,1857.26,4,4,0,0.0,768.8999999999999,109,1,1,32.5,110,293,464.315,243.5,61.0,0,0.017197951062568793,-6.646260636284004,358.20000000000005,0
12386,2,401.9,2,2,1,143.0,258.9,10,0,0,0.0,66,95,200.95,177.0,29.0,0,0.0,-0.5904836420714439,0.0,1
14162,1,177.68,1,1,1,177.68,0.0,13,1,0,0.0,21,21,177.68,110.0,,1,0.0,5.185596496483918,0.0,1
16618,1,728.1599999999999,1,1,1,728.1599999999999,0.0,35,1,0,0.0,51,51,728.1599999999999,396.0,,1,0.0,6.591893186664721,713.13,0
14549,4,913.6000000000001,4,4,1,289.24,117.0,117,1,0,0.0,40,466,228.40000000000003,98.5,142.0,0,0.0,0.9000235424611072,0.0,1
16335,7,2753.5200000000004,7,6,0,0.0,0.0,193,1,1,27.0,280,464,393.36000000000007,143.42857142857142,30.666666666666668,0,0.009710413879418237,0.0,0.0,1
14538,3,982.5900000000001,3,2,0,0.0,0.0,28,1,0,0.0,259,412,327.53000000000003,43.0,76.5,0,0.0,0.0,106.50000000000001,0
13415,4,784.1700000000001,3,3,0,0.0,0.0,85,1,1,118.74999999999999,201,457,196.04250000000002,124.0,128.0,0,0.1315177424356532,0.0,0.0,1
15903,6,3974.3599999999997,6,5,1,161.28,3458.88,36,1,3,80.02,24,423,662.3933333333333,316.6666666666667,79.8,0,0.019736679837607723,-3.059665947031161,480.36,0
15786,2,3582.62,2,2,0,0.0,1795.9099999999999,166,1,2,23.97,146,265,1791.31,1308.5,119.0,0,0.00664616715512437,-7.493823802056886,0.0,1
17815,1,591.9599999999999,1,1,0,0.0,591.9599999999999,13,1,0,0.0,122,122,591.9599999999999,612.0,,1,0.0,-6.385126943096995,0.0,1
15986,1,186.3,1,1,0,0.0,186.3,11,1,0,0.0,110,110,186.3,100.0,,1,0.0,-5.2327116094500425,0.0,1
13034,2,279.90999999999997,2,2,0,0.0,279.90999999999997,16,1,0,0.0,98,130,139.95499999999998,76.5,32.0,0,0.0,-5.638034333334138,0.0,1
17691,4,637.55,4,3,1,147.9,317.0,37,1,1,10.2,87,275,159.3875,78.75,62.666666666666664,0,0.015746815901196448,-0.7587764430902135,0.0,1
13725,4,1451.93,4,1,4,1451.93,0.0,66,1,1,27.849999999999998,17,37,362.9825,120.75,6.666666666666667,0,0.018820365189420048,7.281337486222574,299.67,0
14198,5,868.3299999999999,5,5,0,0.0,240.6,33,1,1,4.25,129,432,173.666,66.6,75.75,0,0.0048706135827087495,-5.48728346606066,183.3,0
14805,4,645.4,4,4,1,109.24999999999999,180.4,82,1,0,0.0,42,350,161.35,82.75,102.66666666666667,0,0.0,-0.49795402335408134,0.0,1
16783,1,391.95,1,1,0,0.0,391.95,25,1,0,0.0,165,165,391.95,163.0,,1,0.0,-5.973682377312183,0.0,1
14410,3,1669.2800000000002,3,3,1,137.65,1531.63,184,1,0,0.0,34,166,556.4266666666667,291.0,66.0,0,0.0,-2.402787720862084,635.3499999999999,0
15124,2,266.63,2,2,0,0.0,0.0,16,1,0,0.0,205,380,133.315,114.5,175.0,0,0.0,0.0,90.75,0
17363,3,920.46,2,1,0,0.0,920.46,34,1,0,0.0,124,131,306.82,166.33333333333334,7.0,0,0.0,-6.825959368679954,0.0,1
16798,3,841.1600000000001,3,3,0,0.0,0.0,141,1,1,8.95,283,458,280.3866666666667,68.33333333333333,87.5,0,0.010528049311265598,0.0,0.0,1
13712,1,537.58,1,1,0,0.0,0.0,23,1,0,0.0,339,339,537.58,776.0,,1,0.0,0.0,228.83999999999997,0
13465,2,931.12,2,2,0,0.0,319.62,34,1,0,0.0,175,315,465.56,292.0,140.0,0,0.0,-5.770256621261527,0.0,1
15080,2,546.25,2,2,0,0.0,184.9,31,1,0,0.0,156,230,273.125,143.5,74.0,0,0.0,-5.225208894727398,0.0,1
12519,1,349.7,1,1,0,0.0,0.0,21,0,1,31.35,205,205,349.7,210.0,,1,0.08227266762892009,0.0,0.0,1
13815,5,3992.39,5,5,1,922.01,750.4000000000001,150,0,1,177.5,47,394,798.478,680.6,86.75,0,0.04256707011455938,0.20570193554047922,0.0,1
13785,4,542.49,3,2,0,0.0,230.5,26,1,0,0.0,157,189,135.6225,37.75,16.0,0,0.0,-5.444579873526289,0.0,1
13299,2,1076.2,2,2,0,0.0,725.02,56,1,2,45.400000000000006,152,257,538.1,193.0,105.0,0,0.040477888730385166,-6.587577562654717,142.5,0
16861,3,772.8299999999999,3,2,0,0.0,635.43,38,1,1,17.700000000000003,119,237,257.60999999999996,158.66666666666666,59.0,0,0.022390042123638577,-6.455874435515988,0.0,1
16615,1,291.5,1,1,0,0.0,0.0,19,1,1,27.0,355,355,291.5,211.0,,1,0.0847723704866562,0.0,0.0,1
14999,1,129.48000000000002,1,1,0,0.0,0.0,9,1,0,0.0,321,321,129.48000000000002,88.0,,1,0.0,0.0,0.0,1
16430,5,802.0899999999999,5,3,0,0.0,579.7,16,1,0,0.0,110,410,160.41799999999998,40.6,75.0,0,0.0,-6.364234272378004,0.0,1
14525,10,4529.64,10,10,2,726.9499999999999,868.38,170,1,0,0.0,55,455,452.96400000000006,291.5,44.44444444444444,0,0.0,-0.1775479493999219,1205.09,0
12929,1,117.85000000000001,1,1,1,117.85000000000001,0.0,8,1,0,0.0,40,40,117.85000000000001,37.0,,1,0.0,4.777862193806203,0.0,1
17518,2,329.4200000000001,2,2,0,0.0,175.87,71,1,0,0.0,154,350,164.71000000000004,133.5,196.0,0,0.0,-5.175414999446702,0.0,1
14714,3,746.05,3,3,0,0.0,282.93,59,1,3,9.84,136,416,248.6833333333333,137.66666666666666,140.0,0,0.013017767135429759,-5.6487277289070565,0.0,1
13751,1,296.25,1,1,1,296.25,0.0,9,1,0,0.0,17,17,296.25,152.0,,1,0.0,5.694573535570891,0.0,1
14279,2,191.86,2,2,0,0.0,0.0,3,1,0,0.0,249,410,95.93,23.0,161.0,0,0.0,0.0,0.0,1
16039,2,456.40000000000003,2,2,0,0.0,312.92,27,1,1,6.75,152,357,228.20000000000002,204.5,205.0,0,0.014574112058728272,-5.749138176376999,0.0,1
18086,1,101.34,1,1,1,101.34,0.0,7,1,0,0.0,3,3,101.34,106.0,,1,0.0,4.628300603376946,0.0,1
18268,5,1464.73,5,4,0,0.0,0.0,36,1,1,13.510000000000002,320,457,292.946,141.8,34.25,0,0.00913924667171772,0.0,0.0,1
12509,1,158.5,1,1,1,158.5,0.0,6,0,0,0.0,13,13,158.5,54.0,,1,0.0,5.072043922224899,0.0,1
16990,1,165.0,1,1,0,0.0,165.0,1,1,0,0.0,151,151,165.0,100.0,,1,0.0,-5.111987788356544,179.0,0
16619,3,1712.1200000000001,3,3,0,0.0,347.20000000000005,93,1,0,0.0,112,384,570.7066666666667,307.3333333333333,136.0,0,0.0,-5.8527770273340884,226.20999999999998,0
16134,4,1810.78,4,4,1,283.53,268.05,71,1,2,25.349999999999998,88,269,452.695,356.0,60.333333333333336,0,0.013806211978454684,0.05594146022634838,0.0,1
14976,2,271.52000000000004,2,2,2,271.52000000000004,0.0,31,1,0,0.0,3,55,135.76000000000002,36.5,52.0,0,0.0,5.6077120059054675,178.73999999999998,0
17258,2,417.30000000000007,2,2,0,0.0,133.45000000000002,46,1,0,0.0,125,394,208.65000000000003,94.0,269.0,0,0.0,-4.901192382714874,0.0,1
13803,2,1061.84,2,2,0,0.0,628.31,58,1,1,19.799999999999997,160,347,530.92,355.0,187.0,0,0.01830553603786842,-6.4446239810788075,277.07,0
13308,1,284.86,1,1,0,0.0,0.0,17,1,0,0.0,325,325,284.86,230.0,,1,0.0,0.0,814.95,0
13136,8,3666.95,5,5,0,0.0,1383.4300000000003,140,1,5,112.68,104,460,458.36875,222.625,89.0,0,0.029812441958604417,-7.233043781563959,574.46,0
15572,5,1877.69,4,4,2,445.90999999999997,1130.85,143,1,0,0.0,7,333,375.538,218.2,108.66666666666667,0,0.0,-0.9292515090895233,427.62999999999994,0
15150,3,3686.61,2,2,0,0.0,0.0,231,1,0,0.0,185,272,1228.8700000000001,841.6666666666666,87.0,0,0.0,0.0,1318.0699999999997,0
13809,3,679.7,3,3,1,155.05,397.59999999999997,23,0,0,0.0,34,189,226.5666666666667,93.66666666666667,77.5,0,0.0,-0.9377819390619058,0.0,1
13651,1,132.64999999999998,1,1,0,0.0,132.64999999999998,8,1,1,17.9,110,110,132.64999999999998,29.0,,1,0.11889737628694787,-4.895224442584928,0.0,1
14381,1,423.26000000000005,1,1,0,0.0,423.26000000000005,56,1,0,0.0,180,180,423.26000000000005,303.0,,1,0.0,-6.050346474844204,0.0,1
17468,1,57.8,1,1,0,0.0,57.8,3,1,0,0.0,104,104,57.8,68.0,,1,0.0,-4.074141854904581,0.0,1
12586,3,1865.73,3,3,0,0.0,1443.38,76,0,1,17.0,103,452,621.91,202.66666666666666,174.5,0,0.009029441290041589,-7.275435442727543,0.0,1
17028,3,1593.83,3,3,0,0.0,0.0,85,1,0,0.0,310,450,531.2766666666666,285.3333333333333,70.0,0,0.0,0.0,0.0,1
16254,3,967.44,3,3,0,0.0,606.2500000000001,65,1,0,0.0,107,361,322.48,181.0,127.0,0,0.0,-6.408940567882282,0.0,1
14355,3,840.05,3,3,0,0.0,538.91,57,1,0,0.0,94,356,280.01666666666665,205.66666666666666,131.0,0,0.0,-6.291402459001221,0.0,1
13278,3,882.6200000000001,3,3,0,0.0,258.51,47,1,0,0.0,128,339,294.2066666666667,265.3333333333333,105.5,0,0.0,-5.558795237508936,0.0,1
17748,1,358.15000000000003,1,1,0,0.0,0.0,17,1,0,0.0,256,256,358.15000000000003,111.0,,1,0.0,0.0,0.0,1
12959,1,150.95,1,1,0,0.0,0.0,8,1,0,0.0,213,213,150.95,109.0,,1,0.0,0.0,0.0,1
14445,1,221.64999999999998,1,1,0,0.0,0.0,32,1,0,0.0,184,184,221.64999999999998,83.0,,1,0.0,0.0,0.0,1
17898,2,147.12,2,2,0,0.0,0.0,22,1,0,0.0,181,296,73.56,30.5,115.0,0,0.0,0.0,99.84,0
18112,2,420.67,2,2,0,0.0,268.67,34,1,0,0.0,147,280,210.335,94.0,133.0,0,0.0,-5.5971989892534175,0.0,1
14423,2,651.41,2,2,0,0.0,406.60999999999996,11,1,1,1.65,166,423,325.705,149.5,257.0,0,0.0025265672373135702,-6.010310834904342,265.2,0
14777,1,307.56,1,1,0,0.0,307.56,16,1,2,65.35,132,132,307.56,212.0,,1,0.17524335630581106,-5.731916313899973,0.0,1
13086,1,439.33,1,1,0,0.0,439.33,47,1,0,0.0,111,111,439.33,155.0,,1,0.0,-6.087524445802853,0.0,1
15269,2,816.56,2,1,0,0.0,816.56,32,1,0,0.0,109,119,408.28,173.0,10.0,0,0.0,-6.706324294573577,0.0,1
18211,1,137.89999999999998,1,1,1,137.89999999999998,0.0,8,1,0,0.0,7,7,137.89999999999998,56.0,,1,0.0,4.933754249760298,0.0,1
16778,1,93.18,1,1,1,93.18,0.0,5,1,0,0.0,3,3,93.18,66.0,,1,0.0,4.545207844815408,0.0,1
16278,2,551.46,2,2,0,0.0,0.0,30,1,2,32.7,209,228,275.73,114.0,19.0,0,0.05597781429745275,0.0,0.0,1
12565,1,145.92,1,1,1,145.92,0.0,9,0,1,14.75,17,17,145.92,80.0,,1,0.0918030746250078,4.989888220951467,0.0,1
13821,4,993.4399999999999,4,2,0,0.0,332.89,132,1,1,23.700000000000003,122,433,248.35999999999999,81.0,103.66666666666667,0,0.02330062724895295,-5.810811597414573,270.15,0
16781,2,623.0,2,2,0,0.0,311.25,36,1,1,16.599999999999998,101,398,311.5,96.0,297.0,0,0.02595372107567229,-5.743804149005687,0.0,1
14890,2,691.5999999999999,2,2,0,0.0,0.0,49,1,0,0.0,347,388,345.79999999999995,292.5,41.0,0,0.0,0.0,125.65,0
13602,3,596.28,3,3,0,0.0,426.9,29,1,0,0.0,110,289,198.76,90.33333333333333,89.5,0,0.0,-6.058889523422771,0.0,1
18038,1,141.48,1,1,0,0.0,0.0,25,1,0,0.0,285,285,141.48,80.0,,1,0.0,0.0,0.0,1
13067,2,393.04999999999995,2,2,0,0.0,393.04999999999995,13,1,0,0.0,138,175,196.52499999999998,49.5,37.0,0,0.0,-5.976477804799658,0.0,1
16418,2,397.62000000000006,2,1,0,0.0,397.62000000000006,55,1,0,0.0,137,151,198.81000000000003,142.0,14.0,0,0.0,-5.988008582134592,145.91,0
16141,1,335.54,1,1,0,0.0,335.54,20,1,0,0.0,146,146,335.54,172.0,,1,0.0,-5.8187170127483006,0.0,1
13274,1,360.85,1,1,0,0.0,360.85,19,1,0,0.0,138,138,360.85,199.0,,1,0.0,-5.891229761312137,0.0,1
12360,3,1310.83,3,3,0,0.0,690.7900000000001,73,0,0,0.0,121,384,436.9433333333333,429.0,131.5,0,0.0,-6.539282441353783,923.5799999999999,0
13546,2,465.15,2,2,0,0.0,465.15,47,1,0,0.0,111,153,232.575,115.0,42.0,0,0.0,-6.1445074707427025,182.25999999999996,0
17458,1,213.07999999999998,1,1,0,0.0,213.07999999999998,32,1,0,0.0,110,110,213.07999999999998,112.0,,1,0.0,-5.366349776939863,0.0,1
16204,2,534.53,2,2,0,0.0,321.26,47,1,1,5.0,109,460,267.265,226.5,351.0,0,0.009267325264582137,-5.775358673145423,0.0,1
15495,1,246.50000000000003,1,1,0,0.0,246.50000000000003,20,1,0,0.0,108,108,246.50000000000003,194.0,,1,0.0,-5.511410582008745,0.0,1
12785,3,904.3999999999999,3,3,0,0.0,255.95,41,0,1,14.850000000000001,93,460,301.46666666666664,148.66666666666666,183.5,0,0.01615447375577917,-5.548881513438238,0.0,1
17117,1,116.2,1,1,1,116.2,0.0,9,1,0,0.0,17,17,116.2,68.0,,1,0.0,4.763881877142913,0.0,1
15037,2,397.75999999999993,1,1,0,0.0,397.75999999999993,40,1,0,0.0,105,105,198.87999999999997,149.0,,1,0.0,-5.988359732154503,0.0,1
13373,4,5262.64,4,4,1,987.7,2120.09,222,1,0,0.0,5,462,1315.66,767.5,152.33333333333334,0,0.0,-0.7632944375760591,0.0,1
14413,3,421.72,3,3,0,0.0,299.02,92,1,0,0.0,91,418,140.57333333333335,92.0,163.5,0,0.0,-5.703849139100744,0.0,1
13513,2,619.49,2,2,0,0.0,319.84999999999997,24,1,1,27.6,170,384,309.745,127.5,214.0,0,0.04265249038000896,-5.770973724196525,0.0,1
17745,2,600.34,2,2,0,0.0,0.0,27,1,0,0.0,206,284,300.17,82.0,78.0,0,0.0,0.0,0.0,1
12677,2,359.1,2,2,0,0.0,0.0,12,0,1,5.8,284,395,179.55,87.0,111.0,0,0.015894765689229925,0.0,0.0,1
13714,1,161.35,1,1,0,0.0,0.0,30,1,0,0.0,194,194,161.35,50.0,,1,0.0,0.0,0.0,1
17142,3,696.25,3,3,0,0.0,258.2,67,1,0,0.0,133,413,232.08333333333334,80.33333333333333,140.0,0,0.0,-5.557599964478119,579.0,0
14013,3,730.05,3,3,1,118.5,437.35,35,1,1,78.35,4,352,243.35,134.33333333333334,174.0,0,0.09691984166254329,-1.299701306663029,0.0,1
17105,1,319.4,1,1,1,319.4,0.0,38,1,0,0.0,35,35,319.4,359.0,,1,0.0,5.769570215194204,0.0,1
14165,1,120.44,1,1,1,120.44,0.0,23,1,0,0.0,4,4,120.44,53.0,,1,0.0,4.79942031364732,0.0,1
15798,3,1535.3700000000001,3,3,0,0.0,0.0,73,1,0,0.0,221,410,511.79,305.0,94.5,0,0.0,0.0,0.0,1
16237,1,136.65,1,1,0,0.0,136.65,7,1,0,0.0,166,166,136.65,57.0,,1,0.0,-4.9247142315886165,0.0,1
13616,2,283.85,2,2,0,0.0,0.0,31,1,0,0.0,297,420,141.925,86.0,123.0,0,0.0,0.0,0.0,1
17876,3,3424.02,3,3,0,0.0,1805.0,3,1,0,0.0,128,404,1141.34,652.6666666666666,138.0,0,0.0,-7.498869733976931,0.0,1
15878,2,330.77,2,2,0,0.0,0.0,47,1,0,0.0,290,462,165.385,121.5,172.0,0,0.0,0.0,0.0,1
13056,1,209.48000000000002,1,1,0,0.0,0.0,18,1,0,0.0,280,280,209.48000000000002,158.0,,1,0.0,0.0,0.0,1
13586,1,127.28,1,1,0,0.0,0.0,20,1,0,0.0,270,270,127.28,38.0,,1,0.0,0.0,0.0,1
14516,1,151.17000000000002,1,1,0,0.0,0.0,35,1,0,0.0,245,245,151.17000000000002,63.0,,1,0.0,0.0,0.0,1
18026,2,2074.07,2,1,0,0.0,0.0,12,1,0,0.0,229,234,1037.035,265.0,5.0,0,0.0,0.0,0.0,1
14318,1,158.01999999999998,1,1,0,0.0,0.0,9,1,0,0.0,189,189,158.01999999999998,152.0,,1,0.0,0.0,0.0,1
14981,1,270.8,1,1,0,0.0,270.8,14,1,1,59.400000000000006,152,152,270.8,144.0,,1,0.17989097516656571,-5.605066501717044,102.12,0
12763,1,320.08000000000004,1,1,0,0.0,320.08000000000004,16,0,0,0.0,98,98,320.08000000000004,196.0,,1,0.0,-5.771690313263377,0.0,1
12686,1,71.13999999999999,1,1,0,0.0,71.13999999999999,6,0,0,0.0,100,100,71.13999999999999,106.0,,1,0.0,-4.278608675475393,0.0,1
14743,1,50.48,1,1,0,0.0,0.0,3,1,0,0.0,321,321,50.48,40.0,,1,0.0,0.0,0.0,1
13432,2,436.55000000000007,2,2,0,0.0,0.0,97,1,0,0.0,300,341,218.27500000000003,107.0,41.0,0,0.0,0.0,0.0,1
15803,3,1513.8400000000001,3,2,0,0.0,508.91999999999996,42,1,0,0.0,174,405,504.6133333333334,246.66666666666666,115.5,0,0.0,-6.234253850669027,0.0,1
17055,1,232.85,1,1,0,0.0,232.85,24,1,0,0.0,174,174,232.85,83.0,,1,0.0,-5.454679884171895,0.0,1
14321,3,1014.1300000000001,3,3,1,326.81999999999994,310.19,84,1,1,19.48,62,202,338.04333333333335,504.6666666666667,70.0,0,0.01884656688693027,0.05206101914936756,0.0,1
17196,1,327.75,1,1,0,0.0,327.75,84,1,0,0.0,156,156,327.75,154.0,,1,0.0,-5.795297583491974,0.0,1
17202,1,160.64999999999998,1,1,0,0.0,160.64999999999998,8,1,0,0.0,149,149,160.64999999999998,55.0,,1,0.0,-5.085433504171442,0.0,1
12787,1,380.52000000000004,1,1,0,0.0,380.52000000000004,23,0,0,0.0,142,142,380.52000000000004,248.0,,1,0.0,-5.944163273989969,143.1,0
17407,1,552.9,1,1,0,0.0,552.9,23,1,0,0.0,140,140,552.9,426.0,,1,0.0,-6.316984165039059,0.0,1
16373,2,309.49,2,2,0,0.0,309.49,25,1,0,0.0,111,140,154.745,59.5,29.0,0,0.0,-5.738151694735743,0.0,1
14382,1,578.14,1,1,0,0.0,578.14,137,1,1,5.95,119,119,578.14,436.0,,1,0.010186786282935848,-6.3615442445453505,0.0,1
17375,3,546.82,3,3,2,286.37,260.45000000000005,55,1,0,0.0,41,160,182.27333333333334,144.0,59.5,0,0.0,0.0945275234287708,113.73,0
15540,1,247.38,1,1,0,0.0,247.38,16,1,0,0.0,104,104,247.38,244.0,,1,0.0,-5.514959831519887,0.0,1
17462,1,463.41,1,1,1,463.41,0.0,14,1,0,0.0,13,13,463.41,155.0,,1,0.0,6.140767782752969,0.0,1
14405,1,195.0,1,1,0,0.0,195.0,2,1,0,0.0,115,115,195.0,100.0,,1,0.0,-5.278114659230518,0.0,1
17866,2,805.3000000000001,2,2,0,0.0,0.0,15,1,0,0.0,213,454,402.65000000000003,180.5,241.0,0,0.0,0.0,0.0,1
17805,1,414.72,1,1,0,0.0,0.0,1,1,0,0.0,339,339,414.72,648.0,,1,0.0,0.0,0.0,1
15691,3,434.5,3,3,0,0.0,75.0,10,1,1,59.5,123,462,144.83333333333334,46.666666666666664,169.5,0,0.12044534412955465,-4.330733340286331,136.8,0
15404,1,257.06,1,1,0,0.0,257.06,16,1,0,0.0,104,104,257.06,334.0,,1,0.0,-5.5531921160237,0.0,1
12457,1,512.68,1,1,0,0.0,512.68,21,0,1,78.14999999999999,164,164,512.68,248.0,,1,0.13227155019210263,-6.241600503485793,907.2499999999999,0
17497,2,287.25,2,2,0,0.0,82.65,7,1,0,0.0,119,339,143.625,29.5,220.0,0,0.0,-4.426641427432833,0.0,1
13679,3,281.26,3,3,0,0.0,0.0,44,1,0,0.0,222,464,93.75333333333333,34.0,121.0,0,0.0,0.0,0.0,1
13830,1,156.85,1,1,0,0.0,0.0,11,1,1,20.9,310,310,156.85,47.0,,1,0.11758087201125175,0.0,0.0,1
12421,3,365.01,3,3,1,129.45000000000002,185.76,26,0,1,5.0,48,234,121.67,89.66666666666667,93.0,0,0.013513148293289371,-0.35883435851999845,0.0,1
13493,2,498.63,2,2,2,498.63,0.0,5,0,0,0.0,4,16,249.315,188.5,12.0,0,0.0,6.213867824487042,0.0,1
16691,2,178.82999999999998,2,2,0,0.0,142.95,11,1,0,0.0,147,290,89.41499999999999,46.0,143.0,0,0.0,-4.969466017058185,0.0,1
15761,1,143.05,1,1,0,0.0,143.05,5,1,0,0.0,171,171,143.05,31.0,,1,0.0,-4.970160461530537,0.0,1
17821,1,334.62,1,1,0,0.0,334.62,6,1,0,0.0,135,135,334.62,162.0,,1,0.0,-5.815979567573016,0.0,1
16058,1,62.7,1,1,0,0.0,62.7,2,1,0,0.0,135,135,62.7,18.0,,1,0.0,-4.154184562578117,0.0,1
15890,5,535.65,3,2,0,0.0,248.70000000000002,10,1,0,0.0,123,333,107.13,23.8,105.0,0,0.0,-5.520260197285728,0.0,1
15591,3,217.9,3,3,0,0.0,0.0,6,1,0,0.0,311,402,72.63333333333334,19.333333333333332,45.5,0,0.0,0.0,0.0,1
13222,1,88.5,1,1,0,0.0,0.0,1,1,0,0.0,306,306,88.5,30.0,,1,0.0,0.0,0.0,1
13033,2,220.55,2,2,1,190.55,30.0,12,1,0,0.0,86,158,110.275,49.0,72.0,0,0.0,1.8211616666615118,0.0,1
14956,1,1325.0,1,1,0,0.0,1325.0,4,1,0,0.0,150,150,1325.0,2500.0,,1,0.0,-7.189922170745808,0.0,1
14520,1,165.0,1,1,1,165.0,0.0,1,1,0,0.0,19,19,165.0,100.0,,1,0.0,5.111987788356544,0.0,1
14144,1,30.599999999999998,1,1,0,0.0,0.0,1,1,0,0.0,215,215,30.599999999999998,12.0,,1,0.0,0.0,0.0,1
18111,1,405.85,1,1,0,0.0,0.0,27,1,1,6.95,318,318,405.85,232.0,,1,0.016836240310077518,0.0,0.0,1
16562,1,223.85999999999999,1,1,0,0.0,0.0,34,1,0,0.0,205,205,223.85999999999999,264.0,,1,0.0,0.0,0.0,1
16958,1,778.4900000000001,1,1,0,0.0,778.4900000000001,69,1,0,0.0,164,164,778.4900000000001,514.0,,1,0.0,-6.658639859679173,0.0,1
16108,3,1393.42,3,3,0,0.0,532.43,79,1,3,37.59,163,360,464.47333333333336,286.0,98.5,0,0.02626816025045248,-6.279327853135966,0.0,1
15859,1,438.46,1,1,0,0.0,438.46,22,1,0,0.0,161,161,438.46,174.0,,1,0.0,-6.085546700469121,0.0,1
12972,4,1161.2,4,4,0,0.0,142.16000000000003,69,1,2,45.25,142,390,290.3,211.0,82.66666666666667,0,0.03750673463467197,-4.963962885897825,0.0,1
12786,1,668.5000000000001,1,1,0,0.0,0.0,17,0,0,0.0,338,338,668.5000000000001,320.0,,1,0.0,0.0,0.0,1
12516,2,1102.56,2,2,0,0.0,593.1,37,0,0,0.0,159,328,551.28,532.0,169.0,0,0.0,-6.3870476553616955,0.0,1
14724,1,341.9,1,1,0,0.0,0.0,40,1,0,0.0,319,319,341.9,184.0,,1,0.0,0.0,0.0,1
12698,1,285.75,1,1,0,0.0,0.0,15,0,0,0.0,319,319,285.75,108.0,,1,0.0,0.0,0.0,1
16374,3,1250.77,3,3,0,0.0,378.69,209,1,0,0.0,131,317,416.92333333333335,177.33333333333334,93.0,0,0.0,-5.939355130309431,154.2,0
17292,2,271.75,2,2,0,0.0,0.0,14,1,0,0.0,201,308,135.875,65.5,107.0,0,0.0,0.0,0.0,1
16198,1,629.36,1,1,0,0.0,629.36,18,1,0,0.0,166,166,629.36,255.0,,1,0.0,-6.44629108475387,0.0,1
15735,1,327.67999999999995,1,1,0,0.0,327.67999999999995,19,1,0,0.0,150,150,327.67999999999995,206.0,,1,0.0,-5.795084633062987,0.0,1
16836,2,530.5,2,2,0,0.0,309.74999999999994,31,1,0,0.0,135,303,265.25,187.0,168.0,0,0.0,-5.738988730390821,0.0,1
17208,1,111.14999999999999,1,1,0,0.0,111.14999999999999,21,1,0,0.0,124,124,111.14999999999999,101.0,,1,0.0,-4.719837260966218,0.0,1
14452,2,399.9,2,2,0,0.0,273.84999999999997,62,1,0,0.0,124,250,199.95,84.5,126.0,0,0.0,-5.616225494306669,0.0,1
16358,1,892.1500000000001,1,1,0,0.0,892.1500000000001,45,1,0,0.0,123,123,892.1500000000001,763.0,,1,0.0,-6.794754539894893,462.15,0
15020,1,198.47,1,1,0,0.0,198.47,27,1,0,0.0,108,108,198.47,111.0,,1,0.0,-5.295663849082473,0.0,1
14428,1,203.55,1,1,1,203.55,0.0,24,1,0,0.0,54,54,203.55,56.0,,1,0.0,5.320812444375408,127.07000000000001,0
12764,1,1693.8799999999999,1,1,1,1693.8799999999999,0.0,45,0,0,0.0,45,45,1693.8799999999999,386.0,,1,0.0,7.435367220848186,0.0,1
12373,3,927.65,3,3,1,324.6,0.0,35,0,0,0.0,40,402,309.21666666666664,170.33333333333334,181.0,0,0.0,5.785669634128386,0.0,1
14531,1,376.34000000000003,1,1,0,0.0,0.0,29,1,0,0.0,208,208,376.34000000000003,260.0,,1,0.0,0.0,0.0,1
14326,2,757.13,2,2,0,0.0,0.0,48,1,0,0.0,192,261,378.565,234.5,69.0,0,0.0,0.0,183.85000000000002,0
12639,2,706.27,2,2,0,0.0,492.68999999999994,38,0,0,0.0,163,356,353.135,213.5,193.0,0,0.0,-6.201907789843959,366.1,0
18284,1,411.68,1,1,0,0.0,411.68,27,1,0,0.0,160,160,411.68,493.0,,1,0.0,-6.022672474232175,0.0,1
12486,1,917.28,1,1,0,0.0,917.28,48,0,0,0.0,160,160,917.28,520.0,,1,0.0,-6.82250235500737,0.0,1
12608,1,415.79,1,1,0,0.0,415.79,16,1,0,0.0,133,133,415.79,323.0,,1,0.0,-6.03258249782888,0.0,1
13913,1,42.22,1,1,0,0.0,0.0,3,1,0,0.0,235,235,42.22,10.0,,1,0.0,0.0,0.0,1
14784,2,274.62,2,2,1,114.68,159.94,14,1,0,0.0,52,118,137.31,91.0,66.0,0,0.0,-0.3302038663075324,0.0,1
12991,1,261.06,1,1,0,0.0,261.06,14,1,0,0.0,118,118,261.06,78.0,,1,0.0,-5.568573485176439,0.0,1
16936,1,286.39,1,1,0,0.0,286.39,81,1,0,0.0,114,114,286.39,168.0,,1,0.0,-5.66084017832837,0.0,1
12561,1,238.85,1,1,1,238.85,0.0,16,0,0,0.0,31,31,238.85,177.0,,1,0.0,5.480013727948073,0.0,1
16368,1,141.53000000000003,1,1,0,0.0,141.53000000000003,20,1,0,0.0,164,164,141.53000000000003,56.0,,1,0.0,-4.95955250386694,0.0,1
12899,1,366.4,1,1,0,0.0,366.4,17,1,0,0.0,142,142,366.4,108.0,,1,0.0,-5.906451172781026,0.0,1
14193,1,356.8,1,1,0,0.0,356.8,22,1,0,0.0,125,125,356.8,208.0,,1,0.0,-5.879974171074619,422.54,0
12616,2,601.4,2,2,1,219.6,381.8,25,0,2,47.95,26,117,300.7,154.0,91.0,0,0.07384307384307384,-0.5511615527593969,0.0,1
17619,1,214.37,1,1,1,214.37,0.0,71,1,0,0.0,41,41,214.37,124.0,,1,0.0,5.372357479256501,0.0,1
14297,1,232.6,1,1,1,232.6,0.0,11,1,0,0.0,3,3,232.6,78.0,,1,0.0,5.453610250954072,0.0,1
13746,1,176.69,1,1,0,0.0,176.69,9,1,0,0.0,142,142,176.69,83.0,,1,0.0,-5.1800404589569835,0.0,1
13773,2,301.53999999999996,2,2,0,0.0,210.14,19,1,0,0.0,125,388,150.76999999999998,87.0,263.0,0,0.0,-5.352521420561549,0.0,1
17923,3,497.0,3,2,1,207.50000000000003,0.0,2,1,0,0.0,11,273,165.66666666666666,46.666666666666664,131.0,0,0.0,5.339939041238856,0.0,1
17784,1,112.85999999999999,1,1,0,0.0,0.0,19,1,0,0.0,279,279,112.85999999999999,72.0,,1,0.0,0.0,0.0,1
15177,1,948.9300000000001,1,1,0,0.0,948.9300000000001,26,1,0,0.0,154,154,948.9300000000001,485.0,,1,0.0,-6.856388297669246,0.0,1
12353,1,317.76,1,1,0,0.0,317.76,20,0,0,0.0,137,137,317.76,192.0,,1,0.0,-5.764438468529548,89.0,0
16021,2,487.03000000000003,2,2,0,0.0,338.59000000000003,117,1,0,0.0,124,273,243.51500000000001,138.0,149.0,0,0.0,-5.8277390075961,0.0,1
15922,1,369.5,1,1,0,0.0,369.5,11,1,1,5.9,102,102,369.5,138.0,,1,0.015716568993074057,-5.914853444736142,0.0,1
13600,2,518.4200000000001,2,2,1,219.51999999999998,0.0,35,1,0,0.0,41,363,259.21000000000004,299.5,322.0,0,0.0,5.395988393721483,0.0,1
18202,1,485.72999999999996,1,1,1,485.72999999999996,0.0,23,1,0,0.0,40,40,485.72999999999996,197.0,,1,0.0,6.187709554553491,911.26,0
13265,1,307.44,1,1,1,307.44,0.0,13,1,0,0.0,2,2,307.44,162.0,,1,0.0,5.73152733496476,1143.22,0
14361,1,214.70999999999998,1,1,0,0.0,0.0,14,1,0,0.0,307,307,214.70999999999998,251.0,,1,0.0,0.0,0.0,1
15685,1,55.97999999999999,1,1,0,0.0,55.97999999999999,17,1,0,0.0,179,179,55.97999999999999,36.0,,1,0.0,-4.042700329069762,0.0,1
15146,1,834.22,1,1,1,834.22,0.0,63,1,1,13.5,20,20,834.22,914.0,,1,0.01592506959845232,6.727695163201818,0.0,1
16339,1,94.05000000000001,1,1,1,94.05000000000001,0.0,17,1,0,0.0,13,13,94.05000000000001,21.0,,1,0.0,4.554403068934438,0.0,1
16090,1,180.55999999999997,1,1,0,0.0,0.0,18,1,0,0.0,353,353,180.55999999999997,58.0,,1,0.0,0.0,0.0,1
15726,1,321.90999999999997,1,1,0,0.0,321.90999999999997,23,1,0,0.0,119,119,321.90999999999997,123.0,,1,0.0,-5.777373646625042,0.0,1
17859,1,141.92000000000002,1,1,1,141.92000000000002,0.0,23,1,0,0.0,33,33,141.92000000000002,102.0,,1,0.0,4.962285033155209,0.0,1
15982,1,324.51000000000005,1,1,0,0.0,0.0,45,1,0,0.0,334,334,324.51000000000005,131.0,,1,0.0,0.0,0.0,1
18060,2,1185.4599999999998,2,2,0,0.0,721.0599999999998,74,1,0,0.0,137,293,592.7299999999999,451.0,156.0,0,0.0,-6.58210823793308,0.0,1
13607,1,400.3,1,1,0,0.0,400.3,24,1,1,17.700000000000003,131,131,400.3,178.0,,1,0.04234449760765551,-5.994709277272871,0.0,1
13400,1,310.83000000000004,1,1,0,0.0,0.0,23,1,1,9.9,311,311,310.83000000000004,284.0,,1,0.030867084463567486,0.0,0.0,1
18266,1,251.09999999999997,1,1,0,0.0,251.09999999999997,14,1,0,0.0,163,163,251.09999999999997,138.0,,1,0.0,-5.529825834193874,0.0,1
14118,1,458.45000000000005,1,1,0,0.0,458.45000000000005,15,1,0,0.0,157,157,458.45000000000005,97.0,,1,0.0,-6.130030121946894,0.0,1
17254,1,198.29,1,1,0,0.0,198.29,36,1,0,0.0,130,130,198.29,146.0,,1,0.0,-5.29476105034526,0.0,1
12887,1,222.4,1,1,0,0.0,222.4,13,1,0,0.0,112,112,222.4,100.0,,1,0.0,-5.4089638866351,0.0,1
14761,2,289.52,2,2,1,97.5,192.02,20,1,0,0.0,63,173,144.76,73.0,110.0,0,0.0,-0.6727372623009469,0.0,1
17118,1,157.01999999999998,1,1,1,157.01999999999998,0.0,10,1,0,0.0,46,46,157.01999999999998,154.0,,1,0.0,5.062721607294587,0.0,1
15656,1,242.95000000000002,1,1,1,242.95000000000002,0.0,15,1,0,0.0,13,13,242.95000000000002,89.0,,1,0.0,5.496963286261846,63.910000000000004,0
18269,1,168.6,1,1,0,0.0,168.6,7,1,1,29.700000000000003,95,95,168.6,76.0,,1,0.14977307110438728,-5.133442723357803,0.0,1
15781,1,83.35,1,1,1,83.35,0.0,5,1,0,0.0,34,34,83.35,29.0,,1,0.0,4.434974808991977,0.0,1
17093,1,235.88,1,1,0,0.0,0.0,13,1,0,0.0,321,321,235.88,114.0,,1,0.0,0.0,0.0,1
15226,1,154.41,1,1,1,154.41,0.0,8,1,0,0.0,39,39,154.41,71.0,,1,0.0,5.04606678592752,0.0,1
14237,2,471.14,2,2,0,0.0,161.0,26,1,1,5.1,102,319,235.57,119.0,217.0,0,0.010708886275827313,-5.087596335232384,0.0,1
14074,1,219.39999999999998,1,1,0,0.0,0.0,6,1,0,0.0,352,352,219.39999999999998,228.0,,1,0.0,0.0,0.0,1
18113,1,76.32000000000001,1,1,0,0.0,76.32000000000001,1,1,0,0.0,97,97,76.32000000000001,72.0,,1,0.0,-4.34795265434013,0.0,1
13580,1,107.75,1,1,0,0.0,107.75,5,1,0,0.0,135,135,107.75,45.0,,1,0.0,-4.689051669968793,0.0,1
14570,3,512.4,2,2,2,217.21,295.19,63,1,0,0.0,9,172,170.79999999999998,121.0,163.0,0,0.0,-0.3055432384284309,0.0,1
15778,1,307.95000000000005,1,1,0,0.0,307.95000000000005,17,1,0,0.0,160,160,307.95000000000005,101.0,,1,0.0,-5.733179451506989,0.0,1
13817,1,110.70000000000002,1,1,1,110.70000000000002,0.0,8,0,0,0.0,80,80,110.70000000000002,62.0,,1,0.0,4.715816706075155,0.0,1
16844,2,614.3399999999999,2,1,0,0.0,0.0,26,1,0,0.0,291,311,307.16999999999996,140.5,20.0,0,0.0,0.0,0.0,1
12679,1,722.0600000000001,1,1,1,722.0600000000001,0.0,41,0,1,37.25,12,12,722.0600000000001,329.0,,1,0.049057697119753454,6.583492206267356,76.32000000000001,0
17283,1,188.46,1,1,0,0.0,188.46,15,1,0,0.0,107,107,188.46,179.0,,1,0.0,-5.244177920447388,0.0,1
17418,2,373.99,2,2,1,167.39000000000001,206.6,24,1,0,0.0,52,116,186.995,185.5,64.0,0,0.0,-0.20933043366951587,0.0,1
15843,1,118.95,1,1,1,118.95,0.0,8,1,0,0.0,32,32,118.95,27.0,,1,0.0,4.787074989285704,0.0,1
16443,1,162.24,1,1,0,0.0,0.0,1,1,0,0.0,249,249,162.24,96.0,,1,0.0,0.0,0.0,1
14394,1,93.8,1,1,0,0.0,0.0,6,1,0,0.0,293,293,93.8,58.0,,1,0.0,0.0,0.0,1
13967,1,85.6,1,1,0,0.0,85.6,4,1,0,0.0,125,125,85.6,24.0,,1,0.0,-4.461299815568389,0.0,1
15316,1,165.0,1,1,1,165.0,0.0,1,1,0,0.0,55,55,165.0,100.0,,1,0.0,5.111987788356544,0.0,1
13788,1,3.75,1,1,0,0.0,0.0,1,1,0,0.0,234,234,3.75,1.0,,1,0.0,0.0,0.0,1
14920,1,629.4,1,1,0,0.0,0.0,40,1,0,0.0,294,294,629.4,377.0,,1,0.0,0.0,977.77,0
13367,1,460.20000000000005,1,1,0,0.0,460.20000000000005,19,1,0,0.0,160,160,460.20000000000005,252.0,,1,0.0,-6.133831788394904,0.0,1
16932,2,262.31999999999994,2,2,0,0.0,147.08999999999997,77,1,0,0.0,152,300,131.15999999999997,67.5,148.0,0,0.0,-4.997820197049411,0.0,1
15018,1,111.25,1,1,0,0.0,111.25,5,1,0,0.0,96,96,111.25,21.0,,1,0.0,-4.720728526622364,180.09,0
15818,1,340.5,1,1,0,0.0,0.0,11,1,0,0.0,317,317,340.5,284.0,,1,0.0,0.0,0.0,1
15485,6,3514.55,5,5,1,328.54,1963.0900000000001,56,1,1,147.0,65,467,585.7583333333333,241.66666666666666,100.5,0,0.04014693231008726,-1.7850865700824503,0.0,1
13946,3,1314.66,3,3,0,0.0,553.71,41,1,1,130.8,105,464,438.22,801.3333333333334,179.5,0,0.09049022456519032,-6.318445454661445,485.97,0
16699,7,994.6000000000001,7,6,0,0.0,426.64,51,1,1,29.700000000000003,109,464,142.08571428571432,91.42857142857143,59.166666666666664,0,0.02899541150053695,-6.058281720145299,0.0,1
17978,4,1159.99,4,4,0,0.0,871.94,62,1,0,0.0,94,460,289.9975,324.25,122.0,0,0.0,-6.771866824955352,0.0,1
15061,99,95377.57,49,15,9,6179.360000000001,36263.67,115,1,7,1224.84,11,467,963.4097979797981,578.5151515151515,9.5,0,0.012679186782193114,-1.769467466890907,7756.4800000000005,0
15581,29,4203.13,21,10,4,143.06,677.8399999999999,486,1,3,155.10000000000002,4,466,144.9355172413793,100.55172413793103,23.1,0,0.035587841853229406,-1.5501555796818476,215.36,0
16748,11,2731.23,11,10,2,609.8,1235.58,40,1,1,5.04,38,458,248.29363636363635,143.54545454545453,42.0,0,0.0018419234943920007,-0.7053352102705812,300.4,0
15850,4,771.8699999999999,4,3,0,0.0,554.5799999999999,197,1,0,0.0,105,455,192.96749999999997,259.0,116.66666666666667,0,0.0,-6.320012613112047,0.0,1
15514,12,4481.299999999999,10,7,2,598.55,2195.05,121,1,2,1116.2700000000002,9,464,373.4416666666666,250.25,50.55555555555556,0,0.19942046280796852,-1.298236197215087,385.2,0
12549,5,1570.6799999999998,4,2,0,0.0,0.0,37,0,0,0.0,304,426,314.13599999999997,273.0,40.666666666666664,0,0.0,0.0,0.0,1
15738,29,9516.039999999997,26,14,3,955.49,1758.29,65,1,4,27.9,14,458,328.1393103448275,238.20689655172413,17.76,0,0.0029233209764520742,-0.6093952635073583,1643.92,0
15623,7,2136.0199999999995,7,7,0,0.0,291.3,77,1,0,0.0,122,458,305.14571428571423,137.42857142857142,56.0,0,0.0,-5.6777806721172,0.0,1
13694,104,144918.57000000004,57,16,10,13475.380000000001,16915.78,717,1,9,3183.11,9,464,1393.4477884615387,1334.7788461538462,8.125,0,0.021492733910918497,-0.22736750531357153,16909.16,0
13004,23,7586.98,23,14,5,1592.04,1052.22,276,1,6,464.38,13,453,329.86869565217387,228.69565217391303,20.0,0,0.05767721229705292,0.4137920022630306,1168.98,0
12482,27,21941.720000000005,5,3,0,0.0,0.0,41,0,0,0.0,305,382,812.6562962962964,1001.4814814814815,19.25,0,0.0,0.0,0.0,1
13753,4,2094.5699999999997,4,4,1,741.2599999999999,0.0,64,1,0,0.0,16,465,523.6424999999999,362.5,149.66666666666666,0,0.0,6.609699586102795,0.0,1
17905,11,1762.28,10,7,1,192.4,345.56000000000006,122,1,1,9.3,81,409,160.20727272727274,94.45454545454545,36.44444444444444,0,0.005249551248038475,-0.583295380793432,0.0,1
17880,3,824.92,3,3,0,0.0,458.91999999999996,43,1,0,0.0,93,459,274.9733333333333,155.33333333333334,183.0,0,0.0,-6.131052561315036,0.0,1
12748,165,22754.630000000012,107,16,26,1895.17,12259.290000000006,1478,1,12,722.22,2,464,137.90684848484855,91.2909090909091,4.3584905660377355,0,0.030763070854905986,-1.8665295221275304,4162.09,0
12615,4,3269.7900000000004,3,3,0,0.0,1010.3100000000001,146,0,3,176.1,142,360,817.4475000000001,482.75,109.0,0,0.05110435910606548,-6.919001799121869,0.0,1
16452,2,332.17,2,2,0,0.0,0.0,14,1,0,0.0,359,422,166.085,99.5,63.0,0,0.0,0.0,0.0,1
15005,33,8561.17,33,16,4,879.76,1900.0800000000002,433,1,15,258.4,10,467,259.42939393939395,151.15151515151516,14.28125,0,0.029298480538166825,-0.7693922536005253,1837.41,0
17138,7,4417.2699999999995,7,6,1,380.5,144.9,234,1,0,0.0,4,402,631.0385714285713,289.14285714285717,66.33333333333333,0,0.0,0.9611893951957713,0.0,1
18215,4,1933.1499999999999,4,4,0,0.0,493.28,49,1,1,8.5,166,352,483.28749999999997,253.25,62.0,0,0.004377719980429017,-6.20310215823599,0.0,1
12496,2,45.34,1,1,0,0.0,0.0,10,0,0,0.0,349,349,22.67,15.0,,1,0.0,0.0,0.0,1
13863,3,933.77,3,3,0,0.0,0.0,43,1,1,15.7,194,322,311.25666666666666,109.66666666666667,64.0,0,0.016535540880701863,0.0,305.78000000000003,0
15984,24,6175.530000000001,19,15,3,440.43999999999994,1772.8600000000001,313,1,1,67.5,12,467,257.31375,174.58333333333334,25.27777777777778,0,0.010812057606642927,-1.3908711315862705,212.19000000000003,0
14895,19,16327.170000000002,14,10,1,2346.34,1660.94,318,1,7,557.9200000000001,19,458,859.3247368421054,359.3157894736842,33.76923076923077,0,0.033042169156338515,0.34529717746439736,2383.4199999999996,0
14035,5,1668.3300000000002,5,5,1,301.6,982.1300000000001,46,1,2,4.25,26,341,333.66600000000005,166.8,78.75,0,0.0025409845866864364,-1.1783295582686222,398.97999999999996,0
16960,5,1483.8300000000002,5,3,0,0.0,729.65,267,1,1,21.45,119,376,296.766,237.6,64.25,0,0.014249840561224487,-6.593934548920661,199.58000000000004,0
14727,3,461.03,2,2,1,268.58,0.0,42,1,1,169.89999999999998,3,275,153.67666666666665,150.66666666666666,272.0,0,0.2692850236951801,5.596865192310124,0.0,1
13102,22,7337.55,21,11,8,2064.72,2656.7900000000004,149,1,4,225.3,3,311,333.52500000000003,167.95454545454547,15.4,0,0.029790356809932764,-0.2520161164746373,1387.62,0
13993,12,4132.200000000001,11,10,2,822.85,1218.5500000000002,92,1,2,28.650000000000002,18,465,344.3500000000001,121.08333333333333,44.7,0,0.006885612314791449,-0.39224874272204513,669.97,0
12784,1,1034.3300000000002,1,1,0,0.0,0.0,71,0,0,0.0,258,258,1034.3300000000002,575.0,,1,0.0,0.0,0.0,1
12415,8,57311.58,8,7,4,37842.740000000005,16805.86,236,0,1,168.7,10,256,7163.9475,4685.5,35.142857142857146,0,0.002934919593293561,0.8116784401117272,12691.16,0
17201,3,842.8199999999999,3,3,0,0.0,0.0,118,1,1,15.600000000000001,252,396,280.94,249.33333333333334,72.0,0,0.018172922345704903,0.0,0.0,1
13566,3,827.9100000000001,3,3,0,0.0,262.67,158,1,0,0.0,163,368,275.97,227.66666666666666,102.5,0,0.0,-5.5746983212446635,0.0,1
18036,8,1142.3700000000001,7,6,0,0.0,310.46,171,1,0,0.0,114,450,142.79625000000001,63.625,56.0,0,0.0,-5.741270919067192,109.94999999999999,0
16588,4,1361.28,4,4,0,0.0,538.23,64,1,0,0.0,115,303,340.32,220.5,62.666666666666664,0,0.0,-6.290142196032558,0.0,1
16092,3,770.0800000000002,2,2,0,0.0,0.0,28,1,2,33.95,233,308,256.6933333333334,186.66666666666666,75.0,0,0.04222479260724102,0.0,593.73,0
13031,5,3292.84,5,5,0,0.0,1146.46,275,1,0,0.0,136,283,658.568,461.8,36.75,0,0.0,-7.045306082939333,0.0,1
16225,12,2179.6000000000004,10,8,2,416.61,168.45,149,1,3,45.5,6,399,181.63333333333335,82.33333333333333,43.666666666666664,0,0.020448519167677853,0.901990084588812,0.0,1
15950,7,5805.02,7,6,1,428.82,2268.55,194,1,2,181.95000000000002,88,411,829.2885714285715,395.7142857142857,53.833333333333336,0,0.03039099911975507,-1.6639703365411993,0.0,1
14182,4,678.77,4,4,0,0.0,255.65,42,1,1,18.7,172,325,169.6925,43.5,51.0,0,0.026811189011713765,-5.547713289006312,0.0,1
14372,2,860.0799999999999,2,2,0,0.0,269.73,36,1,1,29.9,172,328,430.03999999999996,189.0,156.0,0,0.033596260590125625,-5.601122014269927,0.0,1
17372,22,3508.21,22,13,2,360.47,1101.58,322,1,3,52.12999999999999,46,465,159.4640909090909,63.81818181818182,19.952380952380953,0,0.014641860047074151,-1.1152291164434622,340.88,0
14634,4,2124.46,4,3,0,0.0,352.2,105,1,3,152.64,166,270,531.115,476.5,34.666666666666664,0,0.06703262922137807,-5.867034468729805,0.0,1
17146,11,5401.110000000001,11,8,1,298.25,296.6,158,1,3,64.25,87,404,491.01000000000005,187.9090909090909,31.7,0,0.011755858717449535,0.005529041479146457,265.63,0
14051,20,9286.949999999999,19,11,5,2502.94,3086.05,62,1,3,304.35,16,465,464.34749999999997,142.45,24.944444444444443,0,0.03173188201807889,-0.20935045105440064,2707.1200000000003,0
13832,1,557.69,1,1,0,0.0,557.69,51,1,0,0.0,151,151,557.69,392.0,,1,0.0,-6.325594757611524,0.0,1
17865,30,18117.22,23,13,3,1574.9,4836.679999999999,312,1,11,447.60999999999984,17,467,603.9073333333333,283.93333333333334,20.454545454545453,0,0.024110643620221667,-1.121608729320088,1830.31,0
15065,2,942.3899999999999,2,2,1,773.66,168.72999999999996,57,1,0,0.0,20,139,471.19499999999994,305.5,119.0,0,0.0,1.5182152842412426,632.74,0
17135,5,1077.2,5,5,1,284.97,442.08000000000004,84,1,1,10.92,18,308,215.44,175.6,72.5,0,0.01003565783185678,-0.4378634304356508,0.0,1
12676,5,1711.1999999999998,4,3,1,469.5,787.6700000000001,53,0,0,0.0,40,212,342.23999999999995,287.8,57.333333333333336,0,0.0,-0.5165520233785443,239.45,0
15038,4,579.6700000000001,4,3,0,0.0,579.6700000000001,119,1,0,0.0,98,154,144.91750000000002,53.0,18.666666666666668,0,0.0,-6.36418260925599,378.82,0
14085,21,7400.490000000001,20,12,6,1808.0600000000002,1919.1299999999999,395,1,1,12.75,4,460,352.4042857142857,212.42857142857142,24.0,0,0.0017198957540832348,-0.05958551872193496,669.05,0
14725,3,591.2800000000001,2,2,0,0.0,330.35,40,1,1,50.400000000000006,123,263,197.09333333333336,239.66666666666666,140.0,0,0.07854382246602667,-5.803175218534236,0.0,1
16775,8,1706.43,8,6,2,345.2,1361.23,85,1,1,81.6,20,171,213.30375,79.125,21.571428571428573,0,0.045636818174191705,-1.3698616990203707,114.70000000000002,0
17504,11,7280.57,11,8,2,787.43,2981.0200000000004,180,1,0,0.0,18,398,661.87,378.6363636363636,38.0,0,0.0,-1.3303125759053112,2209.6,0
17167,3,867.11,3,3,0,0.0,867.11,64,1,0,0.0,108,174,289.0366666666667,143.0,33.0,0,0.0,-6.7663184347416205,0.0,1
15987,2,216.7,2,2,0,0.0,216.7,47,1,0,0.0,97,108,108.35,76.0,11.0,0,0.0,-5.3831179682405015,402.6,0
16359,10,1379.04,10,9,3,432.21,215.40000000000003,65,1,2,39.6,3,390,137.904,101.0,43.0,0,0.02791405853493487,0.6940940519139307,584.05,0
18075,14,4039.0400000000004,14,8,4,867.5000000000001,2409.2200000000003,130,1,9,163.15,12,227,288.5028571428572,161.92857142857142,16.53846153846154,0,0.03882499363427165,-1.0207057229442533,403.22,0
14506,4,1553.76,4,4,1,297.16,865.1,133,1,0,0.0,12,328,388.44,111.25,105.33333333333333,0,0.0,-1.0663701201659963,0.0,1
18259,5,1979.6,5,4,0,0.0,1316.8999999999999,36,1,0,0.0,95,460,395.91999999999996,135.2,91.25,0,0.0,-7.183794839649844,0.0,1
14057,10,4071.73,9,8,5,1936.73,318.6,191,1,1,70.56,9,465,407.173,349.7,57.0,0,0.017034056041464987,1.8022022499673653,733.4999999999999,0
17771,3,257.40000000000003,3,3,1,115.8,125.60000000000001,36,1,0,0.0,52,318,85.80000000000001,65.33333333333333,133.0,0,0.0,-0.08056943931594951,0.0,1
16043,5,1390.4499999999998,5,4,1,307.85,558.15,43,1,0,0.0,46,210,278.09,132.6,41.0,0,0.0,-0.593562051332289,368.64000000000004,0
17256,4,386.83000000000004,3,3,1,127.89999999999999,0.0,18,1,0,0.0,41,329,96.70750000000001,56.5,144.0,0,0.0,4.859036909945142,0.0,1
13939,5,1176.91,5,4,1,184.5,540.7600000000001,62,1,3,27.3,40,341,235.382,192.6,75.25,0,0.022670464453874325,-1.071768216897281,0.0,1
13590,13,4663.179999999999,12,9,1,309.06,2488.8100000000004,228,1,2,45.5,32,467,358.7061538461538,283.7692307692308,39.54545454545455,0,0.009663005343323396,-2.0831958541882623,602.97,0
18116,9,1551.1000000000001,9,4,3,680.0400000000001,871.06,240,1,0,0.0,24,140,172.34444444444446,84.88888888888889,14.5,0,0.0,-0.2472371873055108,416.23000000000013,0
16913,3,423.91,2,2,1,113.44000000000001,0.0,18,1,0,0.0,19,380,141.30333333333334,76.33333333333333,361.0,0,0.0,4.74005066818191,0.0,1
12855,4,612.84,3,2,0,0.0,612.84,65,1,0,0.0,101,131,153.21,60.0,15.0,0,0.0,-6.41973430786941,0.0,1
17552,10,2154.88,7,6,0,0.0,694.5699999999999,64,1,2,25.64,101,356,215.488,137.6,42.5,0,0.011758663071194027,-6.544731653315461,0.0,1
12917,5,3765.2,4,4,0,0.0,679.0,44,1,2,29.700000000000003,129,459,753.04,196.8,110.0,0,0.007826293182956074,-6.522092798170152,0.0,1
16365,8,1995.38,8,7,1,228.6,480.86,63,1,1,10.4,88,457,249.4225,83.375,52.714285714285715,0,0.005185015305766335,-0.7413149509830141,120.9,0
17851,6,1552.35,6,4,0,0.0,113.53999999999999,185,1,0,0.0,151,465,258.72499999999997,155.5,62.8,0,0.0,-4.7409241069657115,0.0,1
17754,8,2786.5699999999997,7,6,0,0.0,409.08000000000004,117,1,2,35.8,103,457,348.32124999999996,318.75,59.0,0,0.012684375188228332,-6.0163522626157615,264.24,0
17706,18,10656.51,13,9,1,411.02000000000004,6905.430000000001,290,1,7,798.96,18,418,592.0283333333333,241.77777777777777,33.333333333333336,0,0.06974484678498569,-2.819136248848296,302.42,0
15719,21,6206.950000000001,21,15,3,1041.05,1152.75,321,1,7,75.45,10,467,295.56904761904764,149.52380952380952,22.85,0,0.01200974150006367,-0.1018275800100632,1386.17,0
17685,9,3485.3399999999997,9,8,3,733.7,1321.96,76,1,2,14.999999999999998,37,395,387.26,251.0,44.75,0,0.0042852979996228936,-0.5881646767157092,326.5,0
13190,3,570.6600000000001,3,3,0,0.0,0.0,16,1,1,51.9,273,461,190.22000000000003,102.66666666666667,94.0,0,0.08336545875096375,0.0,0.0,1
13481,6,2026.2800000000002,5,5,0,0.0,450.95,87,1,1,4.25,103,464,337.71333333333337,152.16666666666666,90.25,0,0.002093049597888236,-6.11357155424442,978.99,0
14643,4,1344.02,4,4,1,357.94,0.0,42,1,1,25.200000000000003,87,457,336.005,237.0,123.33333333333333,0,0.018404639137611197,5.883155243601131,0.0,1
17529,2,1240.25,2,2,0,0.0,0.0,78,1,0,0.0,339,426,620.125,395.0,87.0,0,0.0,0.0,0.0,1
17460,13,1739.34,13,11,1,133.5,450.46,86,1,3,51.06999999999999,47,415,133.79538461538462,60.46153846153846,30.666666666666668,0,0.02852419278265872,-1.2109225763135383,258.78000000000003,0
13039,4,1010.7299999999999,4,4,0,0.0,0.0,37,1,0,0.0,313,451,252.68249999999998,72.5,46.0,0,0.0,0.0,0.0,1
16905,11,1921.07,10,9,0,0.0,942.3199999999999,79,1,2,12.7,100,458,174.64272727272726,58.0,39.77777777777778,0,0.0065674821721300874,-6.849405567593665,567.78,0
17884,19,2588.94,15,10,1,268.02,631.19,286,1,3,44.0,40,464,136.26,130.1578947368421,30.285714285714285,0,0.016711356886218446,-0.8544042555967959,0.0,1
13319,39,13246.71,27,14,5,2009.76,3892.1800000000003,232,1,13,221.39999999999998,32,462,339.65923076923076,139.2051282051282,16.53846153846154,0,0.016438832174670386,-0.6607135443364198,2240.86,0
13976,3,834.38,3,3,0,0.0,0.0,43,1,0,0.0,235,397,278.12666666666667,99.33333333333333,81.0,0,0.0,0.0,357.98,0
14872,3,816.5999999999999,3,3,0,0.0,0.0,34,1,1,13.919999999999998,212,362,272.2,220.66666666666666,75.0,0,0.01676058373067476,0.0,0.0,1
17994,9,1916.34,9,8,2,327.19999999999993,237.34,211,1,2,25.45,2,349,212.92666666666665,209.22222222222223,43.375,0,0.013106463623769821,0.3199249529933308,226.97999999999996,0
15101,5,1262.69,5,4,1,102.28,0.0,48,1,5,174.45,88,319,252.538,93.8,57.75,0,0.12138692124636428,4.637443746538387,0.0,1
17677,30,21424.18,21,14,2,1094.5,6207.240000000001,250,1,26,698.4999999999999,30,452,714.1393333333333,425.8666666666667,21.1,0,0.031573932272220176,-1.7346665618740778,3533.98,0
16713,21,8820.9,20,11,3,1201.69,1101.74,382,1,6,122.05,23,453,420.04285714285714,232.61904761904762,22.63157894736842,0,0.01364762186974097,0.08676272295114096,995.5099999999999,0
15816,2,144.15,1,1,0,0.0,0.0,11,1,1,50.849999999999994,271,271,72.075,27.0,,1,0.26076923076923075,0.0,0.0,1
18039,4,548.22,4,4,0,0.0,170.70999999999998,137,1,0,0.0,103,369,137.055,138.75,88.66666666666667,0,0.0,-5.145807007325711,0.0,1
14295,3,2186.71,3,3,0,0.0,866.96,60,1,3,43.849999999999994,167,459,728.9033333333333,314.6666666666667,146.0,0,0.0196587404059967,-6.76614563064919,0.0,1
15674,8,4501.63,8,7,0,0.0,319.04999999999995,199,1,2,27.799999999999997,146,460,562.70375,296.625,44.857142857142854,0,0.0061376376276926665,-5.768477233588012,1044.95,0
13340,6,15042.109999999999,5,5,1,3678.0299999999997,892.5200000000001,116,1,0,0.0,5,384,2507.018333333333,911.8333333333334,94.75,0,0.0,1.4152356912287365,0.0,1
16045,5,2758.68,4,3,1,664.45,1125.4099999999999,93,1,1,247.9,19,227,551.736,329.8,69.33333333333333,0,0.08245248754398686,-0.526327359672714,196.8,0
18154,3,533.4100000000001,3,3,0,0.0,344.11,22,1,0,0.0,117,219,177.80333333333337,123.66666666666667,51.0,0,0.0,-5.843863206792214,0.0,1
18065,17,4203.849999999999,12,10,1,405.03,1406.3200000000002,147,1,3,29.75,17,459,247.28529411764703,91.76470588235294,40.18181818181818,0,0.007027116402116403,-1.2430154170149281,662.1,0
14236,4,1253.78,4,4,0,0.0,729.0999999999999,29,1,2,11.899999999999999,101,234,313.445,125.5,44.333333333333336,0,0.009402060552430312,-6.59318151106204,0.0,1
15227,6,1894.1599999999999,6,6,2,625.0699999999999,383.94999999999993,73,1,0,0.0,13,362,315.6933333333333,141.33333333333334,69.8,0,0.0,0.48634873021079006,251.75,0
15434,6,1525.58,6,4,0,0.0,1240.23,60,1,1,5.95,103,413,254.26333333333332,129.33333333333334,62.0,0,0.003885003885003885,-7.123858102440043,306.96,0
15441,3,1254.21,3,3,0,0.0,952.6400000000001,45,1,0,0.0,125,459,418.07,195.66666666666666,167.0,0,0.0,-6.860286241740089,0.0,1
16099,4,841.3,4,4,0,0.0,158.4,21,1,1,4.95,146,375,210.325,131.5,76.33333333333333,0,0.005849335302806499,-5.071416766356115,318.3,0
14899,1,1331.38,1,1,0,0.0,1331.38,126,1,0,0.0,124,124,1331.38,570.0,,1,0.0,-7.194722095699511,0.0,1
15551,6,1243.75,4,4,0,0.0,962.8799999999999,95,1,2,50.8,123,279,207.29166666666666,96.33333333333333,52.0,0,0.0392414352477695,-6.870966805534301,0.0,1
13554,7,1629.3500000000001,6,3,0,0.0,1629.3500000000001,156,1,3,81.89,109,175,232.76428571428573,82.57142857142857,13.2,0,0.04785418760664781,-7.396549994677306,0.0,1
12841,24,4439.09,24,9,7,966.48,2741.02,194,1,1,4.25,6,248,184.96208333333334,134.16666666666666,10.521739130434783,0,0.0009564876871902667,-1.0417554011860375,467.26000000000005,0
17790,12,1331.4599999999998,10,6,4,387.5,373.87,97,1,0,0.0,31,273,110.95499999999998,65.5,26.88888888888889,0,0.0,0.03571387060673725,380.66,0
14849,26,8905.100000000002,14,13,5,1072.19,2150.63,189,1,5,197.69999999999996,26,427,342.5038461538462,266.11538461538464,30.846153846153847,0,0.02171859208155731,-0.6955901728336222,984.8800000000001,0
16473,3,372.53,3,3,2,217.81,154.72,21,1,1,1.25,16,103,124.17666666666666,82.0,43.5,0,0.0033442131735245332,0.3401442506003045,0.0,1
12423,4,1037.32,4,4,2,370.24,404.28,63,0,0,0.0,20,194,259.33,206.5,58.0,0,0.0,-0.0877294325261726,916.45,0
14903,1,529.88,1,1,1,529.88,0.0,56,1,2,23.400000000000002,7,7,529.88,232.0,,1,0.04229323308270677,6.274536007002079,1267.05,0
13987,2,682.54,2,1,0,0.0,682.54,46,1,0,0.0,108,129,341.27,246.0,21.0,0,0.0,-6.527285176763272,0.0,1
16620,4,1579.97,4,4,0,0.0,268.5,70,1,0,0.0,118,467,394.9925,264.5,116.33333333333333,0,0.0,-5.596568390349052,95.75999999999999,0
14211,11,2626.29,9,7,2,465.09999999999997,530.1800000000001,102,1,6,89.89999999999998,13,459,238.75363636363636,150.63636363636363,55.75,0,0.03309783188952171,-0.13070074347231753,444.78999999999996,0
16933,7,2536.0699999999997,6,6,0,0.0,730.3399999999999,182,1,4,48.5,118,459,362.29571428571427,177.85714285714286,68.2,0,0.01876521046054083,-6.5948784678958,224.73000000000002,0
16525,30,14848.32,30,16,7,3313.0299999999997,1537.34,98,1,3,100.02000000000001,4,466,494.944,290.73333333333335,15.931034482758621,0,0.006691043955382337,0.7674610584961332,4462.64,0
16019,22,15496.420000000002,18,11,3,1734.3999999999999,5664.91,181,1,7,489.7,25,454,704.3827272727274,267.6363636363636,25.235294117647058,0,0.03063282397479813,-1.1832295826832437,536.0,0
16434,6,1555.3899999999999,6,4,1,393.5,311.25,70,1,1,14.700000000000001,28,420,259.2316666666666,125.83333333333333,78.4,0,0.00936252061983708,0.23381499128024252,323.22,0
15967,11,2730.2200000000003,10,9,1,161.9,1266.3500000000001,290,1,1,22.4,47,467,248.2018181818182,94.36363636363636,46.666666666666664,0,0.008137701535264583,-2.0515468696589645,0.0,1
16791,9,2486.08,8,8,1,234.23,890.29,273,1,2,77.07000000000001,61,465,276.2311111111111,135.77777777777777,57.714285714285715,0,0.03006847043676726,-1.3321060925958674,320.77,0
16719,10,2490.91,10,10,2,321.78,879.72,173,1,3,144.75,17,455,249.09099999999998,155.8,48.666666666666664,0,0.054919830327128695,-1.0037687781544715,223.17000000000002,0
17113,6,2305.59,5,4,0,0.0,0.0,122,1,2,213.43,303,426,384.26500000000004,152.16666666666666,30.75,0,0.08472739398655033,0.0,0.0,1
17746,3,793.9300000000001,2,2,0,0.0,0.0,28,1,2,19.3,200,339,264.6433333333334,219.66666666666666,139.0,0,0.023732523394365677,0.0,110.25,0
16538,3,395.07,2,2,0,0.0,0.0,35,1,0,0.0,270,324,131.69,84.66666666666667,54.0,0,0.0,0.0,0.0,1
16466,9,2280.25,9,9,1,109.12,280.83,142,1,1,125.0,21,371,253.36111111111111,117.11111111111111,43.75,0,0.051969649724560855,-0.9397333720050636,212.4,0
17016,1,552.4,1,1,0,0.0,0.0,41,1,0,0.0,305,305,552.4,309.0,,1,0.0,0.0,0.0,1
17694,2,1412.85,2,2,0,0.0,0.0,45,1,0,0.0,240,291,706.425,654.5,51.0,0,0.0,0.0,0.0,1
18194,5,3188.2,5,5,0,0.0,562.5,16,1,0,0.0,167,409,637.64,228.4,60.5,0,0.0,-6.334167333479831,0.0,1
16756,6,1072.97,6,6,0,0.0,318.1,53,1,2,24.950000000000003,133,369,178.82833333333335,100.16666666666667,47.2,0,0.022724788691343634,-5.765504533284198,239.40000000000003,0
15248,3,1893.9300000000003,3,3,0,0.0,203.55,103,1,1,28.9,140,263,631.3100000000001,355.0,61.5,0,0.015029929842991837,-5.320812444375408,0.0,1
14818,3,495.76000000000005,3,3,0,0.0,0.0,52,1,0,0.0,187,376,165.25333333333336,73.0,94.5,0,0.0,0.0,118.24999999999999,0
12891,9,551.5,9,7,1,42.0,0.0,2,1,1,21.0,21,388,61.27777777777778,163.88888888888889,45.875,0,0.03668122270742358,3.7612001156935624,289.0,0
17714,5,1410.1799999999998,5,4,1,153.0,433.10999999999996,69,1,4,33.599999999999994,49,242,282.03599999999994,121.6,48.25,0,0.023272243693637534,-1.0363453557933715,0.0,1
13659,11,4356.879999999999,10,9,1,1035.2,294.15,188,1,4,155.9,49,389,396.0799999999999,200.45454545454547,37.77777777777778,0,0.03454633285912454,1.2558317526939895,527.8000000000001,0
12915,3,811.1,3,3,0,0.0,199.65,40,1,4,89.9,101,318,270.3666666666667,119.66666666666667,108.5,0,0.0997780244173141,-5.301562096712925,0.0,1
17757,35,4758.23,34,15,6,827.12,2106.86,268,1,3,59.81,10,424,135.94942857142857,65.2,12.545454545454545,0,0.012413761612605956,-0.934270422373018,1148.22,0
15861,4,1213.98,4,4,0,0.0,0.0,190,1,2,18.8,185,409,303.495,326.25,74.66666666666667,0,0.015250085173348044,0.0,716.24,0
14623,5,1130.28,5,4,0,0.0,151.60000000000002,110,1,1,8.85,109,331,226.05599999999998,121.4,55.5,0,0.0077690869347660065,-5.027820118850356,393.18000000000006,0
16208,9,3273.7799999999997,9,9,1,497.59,583.23,164,1,0,0.0,18,382,363.75333333333333,161.22222222222223,45.5,0,0.0,-0.1585106261806848,0.0,1
13617,5,734.5699999999999,5,3,0,0.0,487.2,31,1,1,14.95,137,224,146.914,58.6,21.75,0,0.01994609883658875,-6.19072515795886,0.0,1
13410,5,1449.1399999999999,5,5,1,250.23999999999998,515.98,21,1,2,21.15,20,460,289.828,173.2,110.0,0,0.014384917261220575,-0.7215955314544402,294.8,0
13214,7,3264.23,7,6,0,0.0,871.3100000000002,207,1,0,0.0,146,375,466.31857142857143,423.7142857142857,38.166666666666664,0,0.0,-6.771144865319353,0.0,1
17926,3,638.2,3,2,0,0.0,283.0,16,1,0,0.0,173,308,212.73333333333335,88.66666666666667,67.5,0,0.0,-5.648974238161206,211.73000000000002,0
16515,6,1874.7800000000002,6,5,1,319.86,883.3299999999999,133,1,0,0.0,40,269,312.46333333333337,157.5,45.8,0,0.0,-1.0138254052218425,299.48,0
13687,1,11880.84,1,1,0,0.0,11880.84,45,1,0,0.0,167,167,11880.84,87167.0,,1,0.0,-9.382766463078516,0.0,1
14663,2,490.59999999999997,1,1,0,0.0,490.59999999999997,60,1,0,0.0,159,159,245.29999999999998,198.5,,1,0.0,-6.197665377691879,0.0,1
14199,3,906.3,3,3,0,0.0,583.65,15,1,2,175.20000000000002,152,259,302.09999999999997,75.33333333333333,53.5,0,0.161997226074896,-6.371013377586327,185.39999999999998,0
16161,31,8362.329999999998,30,13,6,1151.74,3672.7799999999997,329,1,10,221.64999999999998,19,398,269.75258064516123,138.06451612903226,13.068965517241379,0,0.025821355594957122,-1.1590793876012988,945.1200000000001,0
13921,4,730.7,4,4,0,0.0,381.6,36,1,1,9.95,131,450,182.675,52.5,106.33333333333333,0,0.013434145682846146,-5.946990057006152,0.0,1
17992,1,252.88,1,1,0,0.0,252.88,49,1,0,0.0,118,118,252.88,130.0,,1,0.0,-5.5368617144382695,0.0,1
16411,3,673.24,3,3,0,0.0,673.24,119,1,0,0.0,98,157,224.41333333333333,133.0,29.5,0,0.0,-6.513586130615824,0.0,1
18230,3,1945.6800000000003,3,3,1,464.82000000000005,1192.8600000000001,42,1,2,81.0,31,254,648.5600000000001,297.3333333333333,111.5,0,0.03996684232340576,-0.9411477407353006,789.48,0
17820,1,180.60999999999999,1,1,0,0.0,180.60999999999999,39,1,1,16.95,103,103,180.60999999999999,111.0,,1,0.0857967199838024,-5.201861530730407,0.0,1
15640,19,15321.779999999999,15,12,4,3944.6600000000008,3365.5599999999995,189,1,4,62.55,28,454,806.4094736842104,405.4736842105263,30.428571428571427,0,0.004065825421061561,0.1587247891760537,2429.1900000000005,0
16402,1,205.64999999999998,1,1,0,0.0,205.64999999999998,53,1,0,0.0,98,98,205.64999999999998,102.0,,1,0.0,-5.331026540957741,87.8,0
14741,3,808.05,3,2,1,310.79999999999995,497.25,26,1,0,0.0,90,146,269.34999999999997,191.66666666666666,28.0,0,0.0,-0.46874000246922787,0.0,1
17371,4,325.11,3,3,1,92.14,0.0,61,1,0,0.0,90,460,81.2775,41.75,185.0,0,0.0,4.534103737554231,0.0,1
13851,6,2201.3199999999997,5,4,1,246.32000000000002,1755.7,56,1,1,89.69999999999999,17,408,366.8866666666666,161.66666666666666,97.75,0,0.039152866408848463,-1.9605092833289692,0.0,1
12793,3,745.53,3,3,1,357.68,387.85,33,0,0,0.0,63,130,248.51,152.0,33.5,0,0.0,-0.08076303905710525,0.0,1
15835,1,301.11,1,1,1,301.11,0.0,15,1,0,0.0,59,59,301.11,155.0,,1,0.0,5.710791189466759,187.2,0
13782,8,1069.16,8,8,1,191.94,0.0,135,1,1,7.95,56,462,133.645,47.75,58.0,0,0.007380861750424747,5.262379259742407,169.36,0
14133,2,623.5,2,2,1,318.0,0.0,24,1,2,15.3,44,462,311.75,101.0,418.0,0,0.02395115842204133,5.765191102784844,0.0,1
15090,1,381.31999999999994,1,1,1,381.31999999999994,0.0,23,1,0,0.0,37,37,381.31999999999994,208.0,,1,0.0,5.946257954269902,0.0,1
14620,1,235.35,1,1,1,235.35,0.0,15,1,0,0.0,12,12,235.35,73.0,,1,0.0,5.465313757239246,177.43,0
14798,6,626.25,6,5,1,75.68,20.4,26,1,1,9.2,39,377,104.375,87.83333333333333,67.6,0,0.014477929026674009,1.2762499961496379,0.0,1
16233,8,1608.1299999999999,8,8,1,179.10000000000002,483.1,37,1,3,140.04999999999998,58,466,201.01624999999999,74.125,58.285714285714285,0,0.08011188779187497,-0.9887792447637382,0.0,1
16351,13,3330.03,13,10,1,153.9,121.99999999999999,124,1,5,50.89999999999999,61,464,256.15615384615387,166.53846153846155,33.583333333333336,0,0.015055029237517484,0.23059539205040558,0.0,1
16077,1,2300.4,1,1,0,0.0,0.0,8,1,1,1700.4,354,354,2300.4,840.0,,1,0.42501499700059986,0.0,0.0,1
13509,3,471.52,3,3,2,336.52,0.0,13,1,0,0.0,2,236,157.17333333333332,162.66666666666666,117.0,0,0.0,5.8216247678160835,313.5,0
15596,7,2401.63,7,6,2,678.1800000000001,1134.8999999999999,78,1,5,72.65,10,228,343.09000000000003,156.71428571428572,36.333333333333336,0,0.029362077048676785,-0.5142943790813304,309.19,0
16600,8,1465.75,8,5,1,125.86,734.99,70,1,3,59.85000000000001,67,450,183.21875,182.125,54.714285714285715,0,0.039230466701625596,-1.7581324154743,111.6,0
15482,9,4086.04,8,6,2,548.44,695.1700000000001,43,1,0,0.0,87,466,454.00444444444446,194.66666666666666,54.142857142857146,0,0.0,-0.2366943056739954,713.8,0
12645,5,1935.42,5,5,1,351.29999999999995,416.40000000000003,81,0,1,20.4,45,397,387.084,253.0,88.0,0,0.010430407706230634,-0.16956190929590864,393.5999999999999,0
13854,22,6433.6,21,13,7,2289.16,2218.17,46,1,4,74.95,5,429,292.43636363636364,97.54545454545455,21.2,0,0.011515621759070761,0.03148843201900409,2560.98,0
15797,3,2108.88,3,3,1,1495.2,0.0,9,1,0,0.0,33,410,702.96,312.0,188.5,0,0.0,7.310683839438305,330.0,0
15956,2,617.5999999999999,2,2,0,0.0,0.0,18,1,0,0.0,280,455,308.79999999999995,139.0,175.0,0,0.0,0.0,0.0,1
15981,14,6224.29,14,9,1,270.0,607.5,106,1,5,78.69999999999999,40,349,444.59214285714285,214.35714285714286,23.76923076923077,0,0.012486137531552484,-0.8088780915478804,1352.1999999999998,0
14064,11,2111.0499999999997,10,9,1,185.14999999999998,235.35,94,1,4,127.25,3,416,191.91363636363633,209.63636363636363,45.888888888888886,0,0.05685118170039763,-0.2387609569205198,657.01,0
12623,7,3315.84,7,7,1,269.09999999999997,326.15000000000003,111,0,0,0.0,5,425,473.6914285714286,278.14285714285717,70.0,0,0.0,-0.1916265205171781,0.0,1
13519,1,220.46,1,1,0,0.0,220.46,11,1,0,0.0,171,171,220.46,110.0,,1,0.0,-5.400241986269962,0.0,1
17000,2,406.30000000000007,2,2,0,0.0,406.30000000000007,26,1,0,0.0,125,137,203.15000000000003,152.5,12.0,0,0.0,-6.0095500146543674,0.0,1
16308,3,2560.0,3,3,0,0.0,960.0,1,1,0,0.0,135,453,853.3333333333334,2666.6666666666665,159.0,0,0.0,-6.8679744089702925,960.0,0
13709,6,1718.0000000000002,5,5,1,454.3,492.37,90,1,0,0.0,44,426,286.33333333333337,151.5,95.5,0,0.0,-0.08030285731172349,0.0,1
14559,1,75.6,1,1,0,0.0,75.6,2,1,0,0.0,119,119,75.6,72.0,,1,0.0,-4.338597076746545,0.0,1
15081,8,1460.92,8,7,0,0.0,500.41999999999996,58,1,0,0.0,96,264,182.615,77.0,24.0,0,0.0,-6.2174440732414,136.89999999999998,0
13059,9,2108.37,8,5,0,0.0,201.39999999999998,152,1,2,30.55,142,347,234.26333333333332,91.66666666666667,29.285714285714285,0,0.014282909131711331,-5.310245937413311,183.4,0
13591,4,976.8100000000001,4,4,0,0.0,323.0,42,1,1,12.75,164,454,244.20250000000001,91.25,96.66666666666667,0,0.012884514329601034,-5.780743515792329,776.23,0
16138,3,910.35,3,3,0,0.0,321.84000000000003,35,1,1,7.95,107,319,303.45,258.0,106.0,0,0.008657301535445932,-5.777156844456171,0.0,1
13662,8,1352.3500000000001,4,4,0,0.0,623.2,77,1,2,48.3,114,387,169.04375000000002,79.5,91.0,0,0.03448398957626816,-6.436470829836679,516.44,0
14987,7,1387.4499999999998,6,3,0,0.0,820.75,4,1,1,81.6,94,466,198.20714285714283,77.57142857142857,74.4,0,0.05554610122187809,-6.711436212544329,0.0,1
17021,6,1182.22,6,4,0,0.0,168.15,35,1,0,0.0,171,318,197.03666666666666,165.33333333333334,29.4,0,0.0,-5.130785895226717,0.0,1
14926,2,359.4,2,2,0,0.0,139.2,2,1,1,21.75,110,327,179.7,102.0,217.0,0,0.05706414797323889,-4.94306997460049,0.0,1
17438,4,1034.32,4,3,0,0.0,462.04,39,1,0,0.0,173,370,258.58,112.5,65.66666666666667,0,0.0,-6.137813443443119,388.45000000000005,0
15283,3,148.32999999999998,3,3,0,0.0,33.9,9,1,1,12.9,119,247,49.44333333333333,9.0,64.0,0,0.08000992371146809,-3.5524868292083815,0.0,1
13829,1,102.0,1,1,0,0.0,102.0,1,1,1,102.0,150,150,102.0,12.0,,1,0.5,-4.634728988229636,0.0,1
13870,8,3485.17,7,7,1,544.0300000000001,1102.96,113,1,1,2.55,16,398,435.64625,313.5,63.666666666666664,0,0.0007311366738155584,-0.7058181552767566,0.0,1
14621,5,1517.9099999999999,5,4,1,305.7,0.0,74,1,6,99.7,87,412,303.582,168.6,81.25,0,0.061634139254826574,5.725870071120206,330.61,0
16563,5,3334.82,5,5,0,0.0,1311.2200000000003,46,1,1,10.2,129,467,666.964,419.6,84.5,0,0.0030493091222175053,-7.1794756383736535,0.0,1
14215,6,2382.7200000000003,6,5,2,756.1100000000001,166.00000000000003,123,1,1,11.8,44,460,397.12000000000006,213.33333333333334,83.2,0,0.004927918747807493,1.5115147409000862,176.16000000000003,0
14277,5,12637.160000000002,4,4,0,0.0,389.38,145,0,4,12570.140000000001,140,455,2527.4320000000002,17565.6,105.0,0,0.4986706231924879,-5.967120623718465,1629.0299999999997,0
16735,10,4577.21,9,8,1,607.21,1192.93,137,1,6,607.1999999999999,63,460,457.721,305.2,49.625,0,0.11712036663766946,-0.6744854487003087,437.55999999999995,0
14307,6,2562.76,6,6,1,487.45000000000005,783.11,133,1,1,7.95,53,461,427.1266666666667,271.0,81.6,0,0.003092530857233994,-0.473312204531922,424.41999999999996,0
16167,5,1386.1200000000003,4,4,0,0.0,512.8800000000001,51,1,1,236.25,143,467,277.22400000000005,298.8,108.0,0,0.14562029623328832,-6.241989775163409,0.0,1
17819,8,4152.3,8,6,1,856.0,1211.2,54,1,1,43.8,26,455,519.0375,139.625,61.285714285714285,0,0.01043826410238078,-0.34675425091940504,1632.35,0
15282,1,348.59,1,1,0,0.0,0.0,27,1,0,0.0,299,299,348.59,395.0,,1,0.0,0.0,0.0,1
12791,5,656.83,5,4,0,0.0,278.40000000000003,15,0,0,0.0,102,353,131.366,69.4,62.75,0,0.0,-5.632644446822861,0.0,1
16110,2,864.6399999999999,2,2,1,404.0,0.0,174,1,0,0.0,40,251,432.31999999999994,183.0,211.0,0,0.0,6.003887067106539,274.18,0
14944,9,4538.71,6,6,2,754.2900000000001,1372.7,122,1,4,92.05000000000001,25,389,504.30111111111114,266.1111111111111,72.8,0,0.01987794660055801,-0.5981613268716792,1077.7400000000002,0
15972,5,1769.33,4,4,0,0.0,0.0,104,1,0,0.0,185,329,353.866,93.6,48.0,0,0.0,0.0,0.0,1
14210,13,4628.119999999999,12,11,2,672.44,679.35,137,1,4,42.25,25,431,356.00923076923067,168.0,36.90909090909091,0,0.009046392469975614,-0.010208466614606948,622.2599999999999,0
17635,3,1265.58,3,3,0,0.0,413.5,60,1,1,8.75,153,319,421.85999999999996,256.6666666666667,83.0,0,0.006866353299380851,-6.02707297457535,0.0,1
17686,3,4149.959999999999,3,3,1,1592.61,1262.48,169,1,0,0.0,31,262,1383.3199999999997,573.6666666666666,115.5,0,0.0,0.2321320642543787,1444.1400000000003,0
16153,7,3524.2700000000004,7,5,1,215.01,727.83,111,1,2,86.4,83,291,503.4671428571429,385.0,34.666666666666664,0,0.02392907687492903,-1.2161158057462629,485.09000000000003,0
14953,3,683.15,2,2,0,0.0,683.15,152,1,1,8.4,147,164,227.71666666666667,262.6666666666667,17.0,0,0.012146627141927555,-6.528177191825819,0.0,1
16856,2,323.09000000000003,2,2,0,0.0,323.09000000000003,15,1,0,0.0,146,171,161.54500000000002,79.5,25.0,0,0.0,-5.781021254997003,0.0,1
17797,5,1191.44,5,5,0,0.0,266.38,131,1,0,0.0,124,453,238.288,117.6,82.25,0,0.0,-5.588670867554977,272.41,0
12434,1,297.29,1,1,0,0.0,297.29,20,0,1,27.75,110,110,297.29,138.0,,1,0.08537410780211666,-5.698066167660092,286.25,0
15464,1,1044.65,1,1,1,1044.65,0.0,155,1,0,0.0,67,67,1044.65,348.0,,1,0.0,6.952393980600518,0.0,1
13837,1,109.05,1,1,1,109.05,0.0,8,1,0,0.0,46,46,109.05,61.0,,1,0.0,4.70093480797247,157.54000000000002,0
14562,10,2066.08,9,8,2,434.70000000000005,372.0,138,1,0,0.0,18,399,206.608,90.6,47.625,0,0.0,0.1553755134795809,671.29,0
12494,5,737.72,5,4,2,218.95,227.9,37,0,6,53.65,24,305,147.544,78.4,70.25,0,0.0677938258968624,-0.03988497916379252,367.09000000000003,0
18085,4,1341.8500000000001,4,4,1,386.05,697.0500000000001,42,1,0,0.0,59,357,335.46250000000003,126.75,99.33333333333333,0,0.0,-0.5897368497839341,0.0,1
15627,2,566.9000000000001,2,2,0,0.0,0.0,23,1,0,0.0,186,251,283.45000000000005,172.0,65.0,0,0.0,0.0,0.0,1
12589,4,2720.23,3,3,0,0.0,1002.98,98,0,2,542.74,150,418,680.0575,359.75,134.0,0,0.166333125955801,-6.911727379734537,0.0,1
16531,7,1538.5700000000002,7,6,3,484.83000000000004,1053.74,80,1,1,34.75,23,170,219.7957142857143,185.85714285714286,24.5,0,0.022087051585182923,-0.7751908015703188,0.0,1
15586,3,1139.1,3,3,0,0.0,0.0,30,1,1,10.44,321,429,379.7,446.0,54.0,0,0.009081893627016023,0.0,0.0,1
17716,13,10300.98,11,9,0,0.0,2019.3799999999994,208,1,2,135.45,125,466,792.3830769230769,442.0769230769231,34.1,0,0.012978576007312843,-7.611040891515007,1451.6199999999997,0
13150,3,449.96999999999997,2,2,0,0.0,0.0,7,1,1,14.95,213,359,149.98999999999998,57.0,146.0,0,0.03215606986148155,0.0,0.0,1
18009,7,1896.8400000000001,6,5,0,0.0,0.0,122,1,5,73.65,271,381,270.9771428571429,75.14285714285714,22.0,0,0.037376490111596605,0.0,247.39,0
12717,1,227.92999999999998,1,1,0,0.0,0.0,15,0,0,0.0,319,319,227.92999999999998,93.0,,1,0.0,0.0,509.73999999999995,0
12759,6,3622.1000000000004,6,6,1,414.79999999999995,1181.17,160,0,0,0.0,4,464,603.6833333333334,426.3333333333333,92.0,0,0.0,-1.04490263622752,0.0,1
15715,5,658.02,3,3,0,0.0,0.0,33,1,0,0.0,284,348,131.60399999999998,49.2,32.0,0,0.0,0.0,0.0,1
14819,2,184.33999999999997,2,2,0,0.0,0.0,40,1,0,0.0,223,447,92.16999999999999,30.5,224.0,0,0.0,0.0,84.72,0
14268,1,354.85,1,1,0,0.0,0.0,19,1,0,0.0,199,199,354.85,147.0,,1,0.0,0.0,0.0,1
12777,1,519.45,1,1,0,0.0,0.0,26,1,0,0.0,186,186,519.45,458.0,,1,0.0,0.0,0.0,1
13642,3,159.92,1,1,0,0.0,159.92,41,1,1,12.75,161,161,53.306666666666665,26.666666666666668,,1,0.07384027335379627,-5.080907347081587,312.28000000000003,0
14332,2,1077.2,2,2,0,0.0,1077.2,31,1,0,0.0,110,145,538.6,206.0,35.0,0,0.0,-6.983048263017569,0.0,1
15377,4,1211.75,3,2,0,0.0,1211.75,15,1,1,31.8,111,144,302.9375,63.25,16.5,0,0.0255719512685457,-7.100645787125326,0.0,1
12450,3,490.32,3,3,0,0.0,341.9,25,0,2,21.25,128,203,163.44,104.66666666666667,37.5,0,0.04153879234513361,-5.837438859468874,0.0,1
16977,4,495.99999999999994,3,3,0,0.0,135.7,25,1,0,0.0,124,360,123.99999999999999,35.5,118.0,0,0.0,-4.917788743729904,0.0,1
17644,9,3132.96,9,8,0,0.0,500.4100000000001,89,1,3,47.349999999999994,123,390,348.1066666666667,186.22222222222223,33.375,0,0.014888485713656844,-6.217424129681674,921.77,0
16121,3,595.38,2,2,0,0.0,444.30999999999995,112,1,1,19.9,119,294,198.46,101.0,175.0,0,0.03234299830971265,-6.098770668846224,285.94000000000005,0
12890,1,329.3,1,1,0,0.0,329.3,56,1,0,0.0,116,116,329.3,201.0,,1,0.0,-5.800001332396744,0.0,1
17165,6,1794.3200000000002,6,6,1,158.68,426.71,77,1,2,10.690000000000001,13,457,299.05333333333334,131.33333333333334,88.8,0,0.005922404862022925,-0.9852735832708257,0.0,1
13162,13,8340.46,13,10,1,753.26,309.18,160,1,3,158.55,63,464,641.573846153846,383.38461538461536,33.416666666666664,0,0.01865511394856578,0.8885843620234883,552.1800000000001,0
14491,1,127.2,1,1,0,0.0,127.2,4,1,0,0.0,101,101,127.2,40.0,,1,0.0,-4.853591544486569,0.0,1
15456,10,2091.52,9,8,3,434.5900000000001,253.49,128,1,0,0.0,12,460,209.152,272.7,56.0,0,0.0,0.5374398914664011,0.0,1
18149,5,1169.66,5,5,1,227.78,159.8,54,1,0,0.0,2,364,233.93200000000002,132.2,90.5,0,0.0,0.3525994863526618,321.9,0
15884,2,244.60000000000002,2,2,0,0.0,7.9,14,1,0,0.0,161,465,122.30000000000001,76.0,304.0,0,0.0,-2.186051276738094,0.0,1
16255,10,2803.2999999999997,10,10,2,518.96,622.03,157,1,2,61.8,34,413,280.33,155.7,42.111111111111114,0,0.021569927751212872,-0.18084278618136107,168.46,0
12380,4,4782.84,3,3,0,0.0,0.0,117,0,1,35.400000000000006,194,391,1195.71,551.0,98.5,0,0.007347081091850968,0.0,562.55,0
13010,2,330.12,2,2,0,0.0,153.0,10,1,0,0.0,103,377,165.06,161.5,274.0,0,0.0,-5.0369526024136295,0.0,1
16784,4,784.73,4,4,0,0.0,469.21000000000004,137,1,0,0.0,105,350,196.1825,117.5,81.66666666666667,0,0.0,-6.153179403425543,0.0,1
16461,2,1396.91,2,2,0,0.0,0.0,195,1,0,0.0,319,375,698.455,439.5,56.0,0,0.0,0.0,0.0,1
17199,1,135.04,1,1,0,0.0,0.0,8,1,0,0.0,311,311,135.04,232.0,,1,0.0,0.0,0.0,1
13605,2,522.67,2,2,0,0.0,352.78,50,1,0,0.0,116,300,261.335,212.5,184.0,0,0.0,-5.868675251015361,0.0,1
16934,4,1152.1100000000001,4,4,0,0.0,378.50000000000006,77,1,1,20.25,112,350,288.02750000000003,134.75,79.33333333333333,0,0.01727285134259101,-5.938854596835685,0.0,1
15757,4,2225.94,4,4,0,0.0,959.47,127,1,0,0.0,115,276,556.485,316.5,53.666666666666664,0,0.0,-6.867422747988397,261.36,0
16470,8,1880.4199999999998,7,7,1,216.33999999999997,303.96999999999997,231,1,1,4.95,87,457,235.05249999999998,114.0,61.666666666666664,0,0.002625479348881122,-0.33875046347924176,129.32,0
17149,1,143.1,1,1,0,0.0,143.1,6,1,0,0.0,180,180,143.1,18.0,,1,0.0,-4.970507503005476,0.0,1
14543,26,11934.39,24,14,2,691.85,3082.8500000000004,87,1,6,2199.45,25,467,459.015,84.03846153846153,19.217391304347824,0,0.15561588358153197,-1.4931205698233274,1463.85,0
15245,5,2095.0,5,4,0,0.0,536.46,36,1,0,0.0,131,324,419.0,247.4,48.25,0,0.0,-6.286854338627965,1737.7200000000003,0
16662,1,151.04999999999998,1,1,0,0.0,151.04999999999998,28,1,0,0.0,123,123,151.04999999999998,35.0,,1,0.0,-5.024209414123374,0.0,1
13665,3,1711.6599999999999,3,3,0,0.0,1078.85,97,1,0,0.0,115,233,570.5533333333333,550.6666666666666,59.0,0,0.0,-6.984577421583421,0.0,1
16973,1,127.0,1,1,0,0.0,127.0,6,1,0,0.0,115,115,127.0,60.0,,1,0.0,-4.852030263919617,0.0,1
16658,5,680.83,5,5,0,0.0,228.24,48,1,3,117.35000000000001,97,348,136.166,53.8,62.75,0,0.14702197499310932,-5.434769489683537,0.0,1
12510,6,2821.51,6,6,1,597.05,0.0,92,0,2,49.7,54,464,470.2516666666667,327.5,82.0,0,0.017309775321206044,6.3936743624954735,0.0,1
16403,1,177.5,1,1,1,177.5,0.0,10,1,1,16.45,41,41,177.5,114.0,,1,0.08481567414282032,5.184588601219694,0.0,1
13584,3,385.7,3,3,1,142.4,0.0,74,1,2,45.3,35,404,128.56666666666666,120.0,184.5,0,0.10510440835266821,4.96563792816552,0.0,1
15407,1,165.0,1,1,1,165.0,0.0,11,1,0,0.0,34,34,165.0,132.0,,1,0.0,5.111987788356544,575.73,0
15951,2,680.1199999999999,2,2,1,375.16999999999996,304.95,35,1,0,0.0,14,110,340.05999999999995,140.5,96.0,0,0.0,0.20661947896200594,0.0,1
12598,4,1997.87,4,3,1,612.86,0.0,83,0,4,119.42,13,377,499.4675,311.25,121.33333333333333,0,0.05640228783019804,6.419766889118904,528.88,0
15899,1,56.25,1,1,0,0.0,56.25,4,1,0,0.0,97,97,56.25,39.0,,1,0.0,-4.047427642434349,0.0,1
15713,3,654.0899999999999,3,3,0,0.0,171.15,39,1,2,24.8,95,452,218.02999999999997,120.0,178.5,0,0.036530218444814334,-5.148366189784533,0.0,1
16838,3,962.8800000000001,3,3,1,392.12,0.0,43,1,2,32.95,17,392,320.96000000000004,139.0,187.5,0,0.03308797686352088,5.974114908772869,196.73000000000002,0
13982,7,2986.2799999999997,7,7,1,475.2,428.6,96,1,3,16.099999999999998,55,417,426.6114285714285,264.85714285714283,60.333333333333336,0,0.005362412486094365,0.10298339085810682,0.0,1
15686,1,90.0,1,1,0,0.0,90.0,1,1,0,0.0,149,149,90.0,72.0,,1,0.0,-4.51085950651685,0.0,1
14513,4,351.17,4,3,1,18.75,60.959999999999994,12,1,0,0.0,17,297,87.7925,59.75,93.33333333333333,0,0.0,-1.1433355242015368,298.6,0
17602,9,3067.0600000000004,8,6,1,767.05,0.0,270,1,2,61.5,53,348,340.7844444444445,284.77777777777777,42.142857142857146,0,0.019657606055181933,6.643854835195155,0.0,1
17492,2,747.85,2,2,0,0.0,0.0,23,1,0,0.0,207,247,373.925,147.5,40.0,0,0.0,0.0,374.57000000000005,0
12976,7,2417.7799999999997,6,6,0,0.0,405.65999999999997,94,1,0,0.0,107,394,345.3971428571428,303.2857142857143,57.4,0,0.0,-6.007977455482195,738.6,0
14782,1,200.10000000000002,1,1,1,200.10000000000002,0.0,6,1,0,0.0,48,48,200.10000000000002,114.0,,1,0.0,5.303802296778606,0.0,1
16961,2,560.39,2,2,0,0.0,398.34,38,1,3,21.549999999999997,117,261,280.195,178.5,144.0,0,0.03703130906966354,-5.989813184358751,0.0,1
16500,4,608.05,4,3,1,165.0,295.5,20,1,1,7.95,59,272,152.0125,66.0,71.0,0,0.012905844155844157,-0.5800594300812367,0.0,1
13902,5,34023.26,5,4,0,0.0,0.0,57,0,2,3647.9999999999995,361,453,6804.652,44119.2,23.0,0,0.09683774845863928,0.0,0.0,1
15278,4,496.15999999999997,2,2,0,0.0,0.0,29,1,0,0.0,290,394,124.03999999999999,114.5,104.0,0,0.0,0.0,0.0,1
13620,1,112.34,1,1,0,0.0,0.0,5,1,0,0.0,257,257,112.34,74.0,,1,0.0,0.0,0.0,1
13107,6,4288.289999999999,6,6,1,566.8399999999999,1416.86,113,1,6,143.45000000000002,62,402,714.7149999999998,581.8333333333334,68.0,0,0.03236877614661511,-0.915064282713212,0.0,1
15732,9,1387.95,8,5,0,0.0,138.1,53,1,2,44.550000000000004,101,402,154.21666666666667,127.33333333333333,43.0,0,0.03109947643979058,-4.935193098929397,156.01999999999998,0
14038,2,1509.5,2,2,0,0.0,804.95,54,1,2,63.05,126,402,754.75,371.5,276.0,0,0.04009411465454198,-6.69202170584294,716.3199999999999,0
14786,1,90.96,1,1,0,0.0,0.0,7,1,0,0.0,279,279,90.96,112.0,,1,0.0,0.0,0.0,1
14833,1,94.79999999999998,1,1,0,0.0,0.0,7,1,0,0.0,227,227,94.79999999999998,58.0,,1,0.0,0.0,0.0,1
15426,5,1134.85,4,4,0,0.0,573.13,199,1,1,4.95,98,315,226.96999999999997,106.8,72.33333333333333,0,0.004342867169678891,-6.35285585151289,251.56,0
14843,1,211.8,1,1,0,0.0,211.8,9,1,0,0.0,165,165,211.8,132.0,,1,0.0,-5.360352757467489,0.0,1
14885,2,832.8,2,2,0,0.0,591.6,16,1,1,102.0,156,194,416.4,292.0,38.0,0,0.10911424903722722,-6.384519635139465,0.0,1
15996,3,827.1600000000001,3,3,1,210.09,617.0699999999999,97,1,0,0.0,14,126,275.72,158.66666666666666,56.0,0,0.0,-1.0743171368337219,153.83,0
13719,6,1740.4200000000003,6,5,0,0.0,482.75000000000006,148,1,0,0.0,122,300,290.07000000000005,162.83333333333334,35.6,0,0.0,-6.181568244343992,338.73999999999995,0
15184,2,283.19,2,2,0,0.0,160.0,19,1,0,0.0,116,452,141.595,131.5,336.0,0,0.0,-5.081404364984463,235.23000000000002,0
13287,3,781.5899999999999,3,3,0,0.0,0.0,46,1,4,261.92,332,433,260.53,143.0,50.5,0,0.25099903211277325,0.0,0.0,1
13412,1,487.35,1,1,0,0.0,0.0,33,1,0,0.0,349,349,487.35,176.0,,1,0.0,0.0,0.0,1
13064,3,764.55,3,3,1,203.29999999999998,0.0,21,1,0,0.0,56,320,254.85,71.33333333333333,132.0,0,0.0,5.319589501823576,0.0,1
16347,9,2595.51,8,7,0,0.0,1376.91,167,1,2,27.4,117,366,288.39000000000004,152.66666666666666,35.57142857142857,0,0.010446412572295654,-7.228323137394235,0.0,1
13139,1,3138.0400000000004,1,1,0,0.0,3138.0400000000004,95,1,0,0.0,166,166,3138.0400000000004,2189.0,,1,0.0,-8.05167229967252,1170.0200000000002,0
17348,5,1434.54,5,4,1,160.14999999999998,582.77,205,1,0,0.0,26,368,286.908,307.4,85.5,0,0.0,-1.2871714613767269,0.0,1
16864,2,409.25,2,2,0,0.0,297.53,17,1,0,0.0,163,327,204.625,141.5,164.0,0,0.0,-5.69887043029518,0.0,1
15131,1,80.27999999999999,1,1,0,0.0,80.27999999999999,7,1,0,0.0,123,123,80.27999999999999,88.0,,1,0.0,-4.397899983830172,0.0,1
16431,2,334.59999999999997,1,1,2,334.59999999999997,0.0,36,1,0,0.0,26,26,167.29999999999998,97.5,,1,0.0,5.815919974593051,288.68,0
14986,2,563.1,2,2,0,0.0,239.72000000000003,87,1,0,0.0,105,413,281.55,169.0,308.0,0,0.0,-5.48363443232179,0.0,1
12529,1,316.48,1,1,0,0.0,0.0,21,0,1,4.7,257,257,316.48,192.0,,1,0.014633538825580671,0.0,0.0,1
12825,2,518.6299999999999,2,2,0,0.0,0.0,20,1,0,0.0,250,370,259.31499999999994,69.5,120.0,0,0.0,0.0,0.0,1
12862,2,984.62,2,2,0,0.0,493.89,119,1,0,0.0,154,224,492.31,305.5,70.0,0,0.0,-6.204335515651452,0.0,1
15255,8,2815.1699999999996,7,6,0,0.0,1414.58,101,1,2,58.65,125,465,351.89624999999995,215.625,56.666666666666664,0,0.020408376307493165,-7.255294620086677,0.0,1
14256,4,2015.5900000000001,3,3,0,0.0,523.86,81,1,3,42.65,93,423,503.89750000000004,258.75,165.0,0,0.020721587375621887,-6.263131560363079,445.20000000000005,0
18161,2,485.93999999999994,2,2,1,301.53,184.41,26,1,0,0.0,48,108,242.96999999999997,180.5,60.0,0,0.0,0.48961085699748175,244.78999999999996,0
18074,2,1019.4399999999999,2,2,0,0.0,489.6,37,1,0,0.0,102,234,509.71999999999997,180.5,132.0,0,0.0,-6.195629131824389,0.0,1
13783,4,1542.09,4,4,0,0.0,0.0,4,1,0,0.0,216,402,385.5225,859.25,62.0,0,0.0,0.0,0.0,1
13357,4,3185.6099999999997,3,3,0,0.0,0.0,239,1,0,0.0,223,356,796.4024999999999,441.5,66.5,0,0.0,0.0,609.4,0
17709,4,533.56,4,2,0,0.0,0.0,31,1,0,0.0,199,332,133.39,69.5,44.333333333333336,0,0.0,0.0,0.0,1
13133,3,200.45,3,3,2,109.79999999999998,0.0,12,1,0,0.0,2,188,66.81666666666666,18.333333333333332,93.0,0,0.0,4.707726774313183,0.0,1
16493,5,1148.26,5,5,2,367.80000000000007,174.25000000000003,54,1,0,0.0,14,352,229.652,213.6,84.5,0,0.0,0.7440409657677396,0.0,1
13068,1,165.0,1,1,1,165.0,0.0,1,1,0,0.0,48,48,165.0,100.0,,1,0.0,5.111987788356544,0.0,1
17870,2,1213.7999999999997,2,2,0,0.0,1213.7999999999997,2,1,0,0.0,95,110,606.8999999999999,238.0,15.0,0,0.0,-7.102334733171594,0.0,1
13869,8,5799.2300000000005,8,8,2,886.01,1059.41,383,1,0,0.0,42,420,724.9037500000001,375.75,54.0,0,0.0,-0.17855464857083803,687.15,0
13024,2,555.87,2,2,0,0.0,0.0,26,1,1,20.45,199,311,277.935,90.5,112.0,0,0.03548375902276513,0.0,0.0,1
12831,2,236.06,1,1,0,0.0,0.0,13,1,0,0.0,192,192,118.03,84.0,,1,0.0,0.0,215.05,0
14575,1,420.22,1,1,0,0.0,0.0,71,1,0,0.0,217,217,420.22,163.0,,1,0.0,0.0,0.0,1
16675,2,608.8599999999999,2,2,0,0.0,301.8,21,1,0,0.0,170,207,304.42999999999995,148.0,37.0,0,0.0,-5.713072521563293,0.0,1
15247,2,620.06,2,2,0,0.0,0.0,10,1,1,8.95,206,266,310.03,177.0,60.0,0,0.014228708605586556,0.0,0.0,1
12507,2,817.4100000000001,2,2,1,362.15999999999997,0.0,39,0,0,0.0,27,313,408.70500000000004,287.5,286.0,0,0.0,5.894843508503556,0.0,1
14966,5,881.24,4,2,0,0.0,556.77,93,1,0,0.0,116,453,176.248,176.2,112.33333333333333,0,0.0,-6.323946691029226,0.0,1
15559,1,1109.4,1,1,0,0.0,0.0,62,1,0,0.0,297,297,1109.4,526.0,,1,0.0,0.0,0.0,1
15340,1,105.5,1,1,0,0.0,0.0,7,1,0,0.0,290,290,105.5,76.0,,1,0.0,0.0,0.0,1
18182,1,291.13,1,1,0,0.0,0.0,10,1,0,0.0,192,192,291.13,167.0,,1,0.0,0.0,0.0,1
16952,3,628.22,3,2,0,0.0,117.58000000000001,61,1,0,0.0,170,457,209.40666666666667,83.66666666666667,143.5,0,0.0,-4.775587838279222,0.0,1
16895,4,900.6300000000001,4,4,0,0.0,340.15000000000003,82,1,0,0.0,167,394,225.15750000000003,82.5,75.66666666666667,0,0.0,-5.832322263261433,0.0,1
14206,2,856.8499999999999,2,1,0,0.0,856.8499999999999,43,1,2,39.8,117,131,428.42499999999995,327.0,14.0,0,0.044387442145764795,-6.754429259029434,328.15999999999997,0
16499,8,2578.3400000000006,8,6,1,147.35,1725.52,104,1,5,68.69999999999999,89,275,322.2925000000001,170.5,26.571428571428573,0,0.02595351789168278,-2.454288754155863,0.0,1
14139,3,670.98,3,3,0,0.0,0.0,29,1,0,0.0,219,271,223.66,179.66666666666666,26.0,0,0.0,0.0,0.0,1
14338,1,339.88,1,1,0,0.0,0.0,19,1,0,0.0,265,265,339.88,287.0,,1,0.0,0.0,579.97,0
15133,3,1157.68,3,3,1,333.2,305.7,29,1,0,0.0,30,249,385.8933333333334,128.66666666666666,109.5,0,0.0,0.08586954504108757,324.70000000000005,0
17484,2,209.57000000000002,2,2,0,0.0,0.0,14,1,0,0.0,305,353,104.78500000000001,169.5,48.0,0,0.0,0.0,0.0,1
15913,1,6.300000000000001,1,1,0,0.0,0.0,1,1,0,0.0,263,263,6.300000000000001,3.0,,1,0.0,0.0,0.0,1
17408,2,283.44000000000005,2,1,0,0.0,0.0,6,1,1,151.20000000000002,229,243,141.72000000000003,80.0,14.0,0,0.3478741027056874,0.0,0.0,1
15486,1,102.0,1,1,0,0.0,0.0,1,1,0,0.0,256,256,102.0,40.0,,1,0.0,0.0,0.0,1
17291,1,550.8000000000001,1,1,1,550.8000000000001,0.0,1,1,0,0.0,37,37,550.8000000000001,72.0,,1,0.0,6.313185661783185,0.0,1
14055,2,795.3199999999999,2,2,0,0.0,0.0,23,1,0,0.0,306,452,397.65999999999997,252.0,146.0,0,0.0,0.0,0.0,1
17194,2,776.66,2,2,1,226.78,0.0,56,1,0,0.0,89,259,388.33,206.5,170.0,0,0.0,5.428380250846205,0.0,1
12733,3,2040.07,3,3,0,0.0,402.59999999999997,105,0,2,98.05000000000001,118,418,680.0233333333333,252.66666666666666,150.0,0,0.045858043514863535,-6.000424288479453,383.95,0
13648,8,1759.07,7,6,0,0.0,354.85,94,1,3,77.95,129,467,219.88375,119.875,56.333333333333336,0,0.04243285320791282,-5.87450929374528,0.0,1
15598,1,307.34000000000003,1,1,0,0.0,307.34000000000003,22,1,0,0.0,156,156,307.34000000000003,244.0,,1,0.0,-5.731203070232193,0.0,1
14940,2,531.49,2,2,0,0.0,349.48,32,1,0,0.0,146,462,265.745,192.0,316.0,0,0.0,-5.859303643505643,0.0,1
12844,2,322.64,2,2,0,0.0,199.60999999999999,43,1,0,0.0,171,322,161.32,49.0,151.0,0,0.0,-5.3013627247339965,0.0,1
15989,2,368.30999999999995,2,2,0,0.0,228.14999999999998,81,1,0,0.0,104,466,184.15499999999997,84.5,362.0,0,0.0,-5.434376810955133,0.0,1
13014,2,2430.18,2,2,1,515.38,1914.7999999999997,115,1,2,62.3,10,161,1215.09,610.0,151.0,0,0.024995185518038258,-1.311047640393241,812.6499999999999,0
17995,3,495.48,3,2,1,76.1,419.38,28,1,0,0.0,10,116,165.16,87.66666666666667,53.0,0,0.0,-1.6960557835625503,0.0,1
17531,2,970.1199999999999,2,2,0,0.0,0.0,43,1,5,72.35,256,347,485.05999999999995,168.0,91.0,0,0.06940247680988422,0.0,296.7,0
15659,2,226.04000000000002,2,2,0,0.0,117.6,8,1,0,0.0,115,382,113.02000000000001,25.0,267.0,0,0.0,-4.775756486563625,0.0,1
14471,2,400.95,2,2,0,0.0,0.0,38,1,0,0.0,320,461,200.475,93.5,141.0,0,0.0,0.0,0.0,1
17608,2,296.06999999999994,2,2,0,0.0,140.18999999999997,90,1,0,0.0,178,336,148.03499999999997,149.5,158.0,0,0.0,-4.950106501021433,0.0,1
12588,2,543.88,2,2,0,0.0,294.98,26,0,1,19.8,128,326,271.94,190.0,198.0,0,0.03512631280158956,-5.690291884473702,0.0,1
16767,5,4342.87,5,5,1,1866.02,749.66,117,1,1,102.0,45,319,868.574,779.8,68.5,0,0.02294780274788689,0.9111460362997725,1177.1799999999998,0
13220,1,516.8000000000001,1,1,0,0.0,0.0,32,1,0,0.0,304,304,516.8000000000001,200.0,,1,0.0,0.0,726.4900000000001,0
13541,2,785.25,2,2,0,0.0,474.90000000000003,10,1,1,67.35000000000001,156,299,392.625,139.5,143.0,0,0.07899366643209009,-6.165207748127065,0.0,1
12525,3,883.73,3,3,0,0.0,0.0,55,0,5,138.54999999999998,227,376,294.57666666666665,168.0,74.5,0,0.135530383065305,0.0,0.0,1
17376,3,356.28999999999996,3,3,1,105.84999999999998,109.19,37,1,0,0.0,40,251,118.76333333333332,64.33333333333333,105.5,0,0.0,-0.030780166734529324,0.0,1
13435,2,637.44,2,2,0,0.0,313.59000000000003,40,1,0,0.0,105,229,318.72,312.5,124.0,0,0.0,-5.751270203723557,443.72,0
12907,2,508.90999999999997,2,2,0,0.0,180.48000000000002,23,1,1,68.55000000000001,124,223,254.45499999999998,88.5,99.0,0,0.11870952100578397,-5.201145454795763,0.0,1
17853,3,1596.29,3,3,0,0.0,534.6800000000001,84,1,0,0.0,136,465,532.0966666666667,208.33333333333334,164.5,0,0.0,-6.283536967861056,0.0,1
15748,2,465.45000000000005,1,1,0,0.0,465.45000000000005,16,1,0,0.0,178,178,232.72500000000002,105.5,,1,0.0,-6.14515083340697,0.0,1
12419,2,391.01,2,2,0,0.0,391.01,22,0,0,0.0,114,142,195.505,113.5,28.0,0,0.0,-5.971287349669164,0.0,1
16392,2,537.56,2,2,0,0.0,345.27,91,1,0,0.0,142,290,268.78,201.0,148.0,0,0.0,-5.847218817566255,217.89,0
16367,2,716.9000000000001,2,2,0,0.0,716.9000000000001,119,1,0,0.0,91,112,358.45000000000005,273.5,21.0,0,0.0,-6.576330283582437,0.0,1
14498,6,2109.73,6,6,1,166.21999999999997,1111.3600000000001,154,1,0,0.0,90,279,351.62166666666667,182.0,37.8,0,0.0,-1.8949288527029982,147.02,0
17980,2,496.47,2,2,1,295.20000000000005,201.27,35,1,0,0.0,88,122,248.235,162.0,34.0,0,0.0,0.3814314632686946,267.55,0
14242,1,138.35,1,1,1,138.35,0.0,8,1,0,0.0,54,54,138.35,53.0,,1,0.0,4.936988753927957,142.2,0
17786,1,103.35000000000002,1,1,1,103.35000000000002,0.0,24,1,0,0.0,46,46,103.35000000000002,52.0,,1,0.0,4.64775063352321,0.0,1
17193,2,610.74,2,2,0,0.0,565.74,12,1,1,30.599999999999998,115,466,305.37,207.0,351.0,0,0.04771260174010664,-6.339900644767924,0.0,1
15682,2,318.24,2,2,0,0.0,0.0,25,1,1,1.25,328,416,159.12,111.0,88.0,0,0.0039124855238035616,0.0,0.0,1
14655,3,1946.28,3,3,0,0.0,412.53999999999996,48,1,3,39.7,117,325,648.76,417.3333333333333,104.0,0,0.019990130817027364,-6.024754244972624,810.5600000000001,0
16906,3,850.48,2,2,0,0.0,507.9700000000001,115,1,0,0.0,157,304,283.49333333333334,108.66666666666667,147.0,0,0.0,-6.232389075717279,392.99,0
12731,7,10982.130000000001,7,7,1,3174.4300000000003,3023.3999999999996,91,0,0,0.0,41,376,1568.8757142857144,747.2857142857143,55.833333333333336,0,0.0,0.048730331543312744,3983.7599999999998,0
13752,1,404.45,1,1,0,0.0,0.0,19,1,0,0.0,256,256,404.45,131.0,,1,0.0,0.0,891.53,0
13444,2,619.08,2,2,0,0.0,483.79,51,1,0,0.0,103,235,309.54,165.5,132.0,0,0.0,-6.183715807479658,0.0,1
14569,3,369.94,3,3,0,0.0,0.0,21,1,0,0.0,181,332,123.31333333333333,59.333333333333336,75.5,0,0.0,0.0,0.0,1
12765,6,1299.5800000000002,6,5,0,0.0,0.0,48,0,0,0.0,201,370,216.5966666666667,167.0,33.8,0,0.0,0.0,0.0,1
15197,4,1354.4,4,4,1,556.5,679.9399999999999,24,1,2,435.90000000000003,87,457,338.6,166.75,123.33333333333333,0,0.24347874657878568,-0.20001169320682877,216.75,0
12655,1,243.35000000000002,1,1,0,0.0,243.35000000000002,15,0,0,0.0,152,152,243.35000000000002,79.0,,1,0.0,-5.498601623716164,0.0,1
13789,1,239.46,1,1,0,0.0,239.46,18,1,0,0.0,117,117,239.46,258.0,,1,0.0,-5.482553755546763,0.0,1
15583,1,95.96,1,1,0,0.0,95.96,37,1,0,0.0,105,105,95.96,56.0,,1,0.0,-4.574298522321004,0.0,1
17814,2,1609.3700000000001,2,2,0,0.0,1609.3700000000001,112,1,0,0.0,104,151,804.6850000000001,717.5,47.0,0,0.0,-7.38421924523999,0.0,1
16081,4,1637.1399999999999,4,4,0,0.0,1372.75,144,1,0,0.0,95,403,409.28499999999997,189.25,102.66666666666667,0,0.0,-7.225299505717831,834.7700000000002,0
13284,1,201.19,1,1,1,201.19,0.0,13,1,1,5.04,59,59,201.19,91.0,,1,0.024438733452940894,5.309207849379209,0.0,1
16997,3,702.0,3,2,3,702.0,0.0,7,1,0,0.0,17,54,234.0,120.0,18.5,0,0.0,6.555356891810665,0.0,1
13158,2,563.53,2,2,1,256.41,307.11999999999995,37,1,0,0.0,47,117,281.765,171.5,70.0,0,0.0,-0.17981917303853212,0.0,1
14371,1,100.5,1,1,1,100.5,0.0,4,1,0,0.0,24,24,100.5,34.0,,1,0.0,4.620058798481842,0.0,1
15026,3,688.8699999999999,3,3,1,108.97999999999999,579.89,80,1,0,0.0,6,177,229.6233333333333,142.66666666666666,85.5,0,0.0,-1.664262879103748,121.80000000000001,0
17215,1,186.15000000000003,1,1,0,0.0,0.0,11,1,0,0.0,193,193,186.15000000000003,104.0,,1,0.0,0.0,0.0,1
13156,3,1586.54,3,2,0,0.0,346.93999999999994,94,1,0,0.0,114,405,528.8466666666667,304.6666666666667,145.5,0,0.0,-5.8520300511164045,0.0,1
16917,2,1851.88,2,2,1,391.52,0.0,45,1,1,8.95,5,361,925.94,396.0,356.0,0,0.004809681701176356,5.972587491338293,0.0,1
17583,1,135.95,1,1,0,0.0,0.0,7,1,0,0.0,289,289,135.95,55.0,,1,0.0,0.0,0.0,1
14647,1,270.0,1,1,0,0.0,0.0,18,1,0,0.0,252,252,270.0,84.0,,1,0.0,0.0,236.04,0
18264,1,603.25,1,1,0,0.0,0.0,36,1,0,0.0,227,227,603.25,241.0,,1,0.0,0.0,0.0,1
17249,1,68.02999999999999,1,1,0,0.0,68.02999999999999,27,1,0,0.0,157,157,68.02999999999999,79.0,,1,0.0,-4.234541192715384,0.0,1
17935,5,540.35,4,4,0,0.0,315.1,33,1,1,30.599999999999998,129,464,108.07000000000001,32.4,111.66666666666667,0,0.053594885716787805,-5.756058619221572,0.0,1
18066,2,1122.3999999999999,2,2,0,0.0,1122.3999999999999,35,1,0,0.0,115,144,561.1999999999999,213.5,29.0,0,0.0,-7.0241150800983325,0.0,1
17495,1,309.15999999999997,1,1,0,0.0,309.15999999999997,21,1,1,47.650000000000006,119,119,309.15999999999997,138.0,,1,0.13354446343992604,-5.737088293362674,0.0,1
17355,1,273.31,1,1,0,0.0,273.31,28,1,0,0.0,115,115,273.31,249.0,,1,0.0,-5.614258853713599,0.0,1
12362,1,434.09999999999997,1,1,1,434.09999999999997,0.0,26,0,1,4.9,24,24,434.09999999999997,226.0,,1,0.011161731207289296,6.075575889726634,450.24000000000007,0
15104,1,374.64,1,1,1,374.64,0.0,28,1,0,0.0,11,11,374.64,220.0,,1,0.0,5.928631237936413,618.9,0
14056,2,814.8000000000001,2,2,2,814.8000000000001,0.0,140,1,0,0.0,3,13,407.40000000000003,261.0,10.0,0,0.0,6.704169226883458,2839.0299999999997,0
16730,1,187.02,1,1,1,187.02,0.0,14,1,1,40.32,48,48,187.02,445.0,,1,0.17735550277117973,5.236548340150405,293.91999999999996,0
16283,3,2779.51,3,3,0,0.0,1310.28,277,1,2,53.15,147,378,926.5033333333334,543.6666666666666,115.5,0,0.018763282568328,-7.178759038381105,277.81,0
14928,1,223.91,1,1,0,0.0,0.0,21,1,1,19.45,356,356,223.91,268.0,,1,0.07992274819197896,0.0,0.0,1
17072,1,273.35,1,1,0,0.0,0.0,20,1,0,0.0,354,354,273.35,212.0,,1,0.0,0.0,0.0,1
13388,1,508.55,1,1,0,0.0,0.0,34,1,0,0.0,332,332,508.55,419.0,,1,0.0,0.0,0.0,1
14814,1,152.95999999999998,1,1,0,0.0,0.0,27,1,0,0.0,310,310,152.95999999999998,92.0,,1,0.0,0.0,0.0,1
13109,1,347.48999999999995,1,1,0,0.0,0.0,23,1,1,6.75,280,280,347.48999999999995,237.0,,1,0.01905487804878049,0.0,0.0,1
18100,1,451.56,1,1,0,0.0,0.0,30,1,0,0.0,279,279,451.56,440.0,,1,0.0,0.0,0.0,1
12595,1,281.02000000000004,1,1,0,0.0,0.0,18,0,0,0.0,233,233,281.02000000000004,270.0,,1,0.0,0.0,0.0,1
12374,2,2046.29,2,2,0,0.0,657.7500000000001,46,0,0,0.0,150,317,1023.145,507.5,167.0,0,0.0,-6.490344099855572,0.0,1
15688,1,190.57,1,1,0,0.0,190.57,26,1,0,0.0,147,147,190.57,95.0,,1,0.0,-5.25525327707701,0.0,1
14324,2,701.61,2,2,0,0.0,339.8,41,1,0,0.0,138,422,350.805,201.0,284.0,0,0.0,-5.83129579495516,0.0,1
17822,5,2154.08,2,2,0,0.0,1079.1599999999999,151,1,0,0.0,149,289,430.816,274.4,140.0,0,0.0,-6.98486445729356,0.0,1
14811,1,170.5,1,1,0,0.0,170.5,28,1,0,0.0,116,116,170.5,74.0,,1,0.0,-5.144583266605995,0.0,1
12585,1,1154.85,1,1,1,1154.85,0.0,64,0,1,56.04,80,80,1154.85,866.0,,1,0.04628000891905954,7.052591283027586,669.25,0
17171,2,384.59,2,2,1,224.90999999999997,0.0,25,1,0,0.0,18,390,192.295,112.5,372.0,0,0.0,5.420136689869131,0.0,1
15029,1,365.1,1,1,0,0.0,0.0,10,1,1,2.95,348,348,365.1,234.0,,1,0.008015215324004892,0.0,0.0,1
15887,3,1027.15,3,3,0,0.0,390.0,27,1,0,0.0,135,284,342.3833333333334,201.66666666666666,74.5,0,0.0,-5.968707559985366,0.0,1
15779,2,124.08,2,2,0,0.0,0.0,8,1,0,0.0,192,261,62.04,10.0,69.0,0,0.0,0.0,0.0,1
14265,2,843.1700000000001,2,2,0,0.0,0.0,47,0,0,0.0,193,341,421.58500000000004,192.5,148.0,0,0.0,0.0,0.0,1
17282,3,1346.98,3,3,1,723.9,0.0,167,1,0,0.0,28,277,448.99333333333334,357.3333333333333,124.5,0,0.0,6.586033714306832,0.0,1
15337,1,373.02,1,1,0,0.0,373.02,21,1,1,28.3,140,140,373.02,200.0,,1,0.07051729293332004,-5.924309271920574,0.0,1
16639,1,490.47,1,1,0,0.0,490.47,31,1,0,0.0,138,138,490.47,241.0,,1,0.0,-6.197400900084471,471.15000000000003,0
13547,1,164.52999999999997,1,1,0,0.0,164.52999999999997,43,1,0,0.0,137,137,164.52999999999997,78.0,,1,0.0,-5.1091524472720735,0.0,1
16740,1,226.90999999999997,1,1,0,0.0,226.90999999999997,30,1,0,0.0,124,124,226.90999999999997,110.0,,1,0.0,-5.428950814183239,0.0,1
15894,1,150.79000000000002,1,1,0,0.0,150.79000000000002,31,1,0,0.0,98,98,150.79000000000002,110.0,,1,0.0,-5.022497986638768,106.81,0
18114,1,220.1,1,1,1,220.1,0.0,28,1,0,0.0,19,19,220.1,55.0,,1,0.0,5.3986150878634005,0.0,1
16451,2,746.1800000000001,2,2,0,0.0,0.0,50,1,1,3.75,290,464,373.09000000000003,202.0,174.0,0,0.005000466710226288,0.0,0.0,1
15689,2,370.43,2,2,1,103.5,0.0,19,1,0,0.0,90,346,185.215,89.5,256.0,0,0.0,4.6491870714048655,0.0,1
16598,1,145.04999999999998,1,1,1,145.04999999999998,0.0,10,1,1,4.35,14,14,145.04999999999998,73.0,,1,0.029116465863453816,4.98394902883375,0.0,1
16132,2,664.1999999999999,2,2,0,0.0,0.0,14,1,0,0.0,273,356,332.09999999999997,140.0,83.0,0,0.0,0.0,0.0,1
16970,1,71.4,1,1,0,0.0,0.0,2,1,0,0.0,355,355,71.4,12.0,,1,0.0,0.0,0.0,1
17643,2,439.70000000000005,2,2,0,0.0,101.55,30,1,0,0.0,102,234,219.85000000000002,113.0,132.0,0,0.0,-4.63035048451839,0.0,1
16437,2,301.25,2,2,0,0.0,301.25,17,1,0,0.0,110,158,150.625,98.5,48.0,0,0.0,-5.711254489494902,0.0,1
13922,3,865.2,3,3,1,172.25,269.75,30,1,2,38.55,80,196,288.40000000000003,155.66666666666666,58.0,0,0.04265560165975103,-0.4464602478110873,0.0,1
12441,1,155.55,1,1,0,0.0,155.55,10,0,0,0.0,95,95,155.55,120.0,,1,0.0,-5.053375447772415,0.0,1
16267,1,186.66,1,1,0,0.0,0.0,7,1,0,0.0,320,320,186.66,198.0,,1,0.0,0.0,0.0,1
17496,4,1412.89,4,4,1,271.05,0.0,54,1,1,27.0,87,423,353.2225,168.75,112.0,0,0.018751432401086194,5.605985872931934,0.0,1
14163,1,148.70999999999998,1,1,0,0.0,0.0,6,1,0,0.0,191,191,148.70999999999998,57.0,,1,0.0,0.0,749.79,0
14993,1,36.129999999999995,1,1,0,0.0,0.0,9,1,0,0.0,292,292,36.129999999999995,21.0,,1,0.0,0.0,0.0,1
18068,1,101.69999999999999,1,1,1,101.69999999999999,0.0,1,1,0,0.0,18,18,101.69999999999999,6.0,,1,0.0,4.631812116934513,0.0,1
14616,4,369.38,4,4,2,247.68000000000004,79.2,3,1,0,0.0,13,277,92.345,34.5,88.0,0,0.0,1.1316434145286678,158.4,0
16738,1,3.75,1,1,1,3.75,0.0,1,1,0,0.0,26,26,3.75,3.0,,1,0.0,1.55814461804655,0.0,1
16073,1,122.39999999999999,1,1,1,122.39999999999999,0.0,1,1,1,28.049999999999997,26,26,122.39999999999999,48.0,,1,0.1864406779661017,4.8154311114712876,0.0,1
14185,1,197.65,1,1,1,197.65,0.0,3,1,0,0.0,60,60,197.65,6.0,,1,0.0,5.291544482260608,0.0,1
15042,1,179.52,1,1,0,0.0,0.0,4,1,0,0.0,324,324,179.52,208.0,,1,0.0,0.0,135.93,0
13747,2,169.79999999999998,2,2,0,0.0,169.79999999999998,4,1,0,0.0,102,153,84.89999999999999,30.0,51.0,0,0.0,-5.14049328135447,0.0,1
14478,4,1276.66,4,4,0,0.0,344.0999999999999,59,1,0,0.0,111,467,319.165,306.5,118.66666666666667,0,0.0,-5.843834230103957,0.0,1
17476,2,489.86,2,2,0,0.0,229.5,29,1,2,43.349999999999994,124,466,244.93,112.0,342.0,0,0.08130005063670973,-5.440250862436703,0.0,1
14427,2,900.1800000000001,2,2,0,0.0,0.0,27,1,0,0.0,223,360,450.09000000000003,155.0,137.0,0,0.0,0.0,0.0,1
13169,1,127.19999999999999,1,1,0,0.0,0.0,5,1,0,0.0,291,291,127.19999999999999,24.0,,1,0.0,0.0,505.2,0
14581,1,271.05,1,1,0,0.0,0.0,43,1,0,0.0,273,273,271.05,87.0,,1,0.0,0.0,0.0,1
16075,2,736.9300000000001,2,2,0,0.0,0.0,41,1,1,9.95,231,293,368.46500000000003,135.5,62.0,0,0.01332208654670094,0.0,0.0,1
15469,1,335.7,1,1,0,0.0,335.7,19,1,1,5.8,167,167,335.7,134.0,,1,0.01698389458272328,-5.819192326167029,0.0,1
14991,1,314.66999999999996,1,1,0,0.0,314.66999999999996,21,1,0,0.0,159,159,314.66999999999996,191.0,,1,0.0,-5.754697364124306,0.0,1
17944,1,74.99,1,1,0,0.0,74.99,24,1,0,0.0,152,152,74.99,84.0,,1,0.0,-4.330601752681694,0.0,1
12694,1,901.6800000000001,1,1,0,0.0,901.6800000000001,45,0,1,3.9,150,150,901.6800000000001,842.0,,1,0.004306632213608957,-6.805368116303709,385.50000000000006,0
17688,1,304.20000000000005,1,1,0,0.0,304.20000000000005,19,1,1,17.700000000000003,122,122,304.20000000000005,114.0,,1,0.05498602050326189,-5.720967299410302,0.0,1
13237,1,642.9999999999999,1,1,0,0.0,642.9999999999999,24,1,0,0.0,116,116,642.9999999999999,128.0,,1,0.0,-6.467698726104353,0.0,1
14597,4,1318.3899999999999,3,2,0,0.0,1318.3899999999999,41,1,0,0.0,108,166,329.59749999999997,217.5,29.0,0,0.0,-7.18492478755738,165.1,0
18004,1,157.91999999999996,1,1,0,0.0,157.91999999999996,32,1,0,0.0,91,91,157.91999999999996,75.0,,1,0.0,-5.068400930946398,0.0,1
12842,3,1109.73,3,3,1,310.73,401.79999999999995,27,1,0,0.0,37,466,369.91,165.66666666666666,214.5,0,0.0,-0.2563027323117417,0.0,1
15597,1,238.8,1,1,0,0.0,0.0,15,1,0,0.0,304,304,238.8,114.0,,1,0.0,0.0,0.0,1
13161,2,472.13,2,2,1,112.75,0.0,30,1,0,0.0,42,229,236.065,52.5,187.0,0,0.0,4.7340030578310595,0.0,1
17104,1,474.03,1,1,0,0.0,474.03,19,1,0,0.0,152,152,474.03,149.0,,1,0.0,-6.163377959935002,0.0,1
17624,2,725.1500000000001,2,2,0,0.0,408.32000000000005,46,1,0,0.0,166,448,362.57500000000005,202.0,282.0,0,0.0,-6.014497246218554,400.3,0
13846,2,854.1299999999999,2,2,1,411.4,442.72999999999996,54,1,0,0.0,89,128,427.06499999999994,275.5,39.0,0,0.0,-0.07322251720858297,252.53000000000003,0
17558,1,259.17,1,1,0,0.0,259.17,28,1,0,0.0,122,122,259.17,54.0,,1,0.0,-5.561335263505108,0.0,1
16274,1,331.55,1,1,0,0.0,331.55,63,1,0,0.0,102,102,331.55,151.0,,1,0.0,-5.80679022473043,0.0,1
12626,2,1094.1,2,1,2,1094.1,0.0,56,0,2,107.55,45,55,547.05,225.0,10.0,0,0.08950193483959556,6.998600962281714,0.0,1
17223,3,523.04,3,3,1,124.04999999999998,398.99,61,1,0,0.0,39,104,174.34666666666666,51.333333333333336,32.5,0,0.0,-1.162725889471849,0.0,1
14778,1,334.05,1,1,1,334.05,0.0,18,1,0,0.0,37,37,334.05,141.0,,1,0.0,5.814279774419179,0.0,1
13466,4,705.45,3,3,0,0.0,176.7,34,1,1,51.150000000000006,137,357,176.3625,100.25,110.0,0,0.06760507533703411,-5.180096735160606,307.90000000000003,0
14537,1,285.84,1,1,0,0.0,0.0,13,1,1,5.95,352,352,285.84,108.0,,1,0.020391377360430448,0.0,0.0,1
16974,2,365.5,2,2,0,0.0,0.0,5,1,0,0.0,251,293,182.75,35.0,42.0,0,0.0,0.0,0.0,1
16649,1,306.58000000000004,1,1,0,0.0,0.0,20,1,0,0.0,249,249,306.58000000000004,82.0,,1,0.0,0.0,0.0,1
16111,1,549.33,1,1,0,0.0,549.33,72,1,0,0.0,157,157,549.33,233.0,,1,0.0,-6.310518098298484,0.0,1
13241,1,112.53,1,1,0,0.0,112.53,40,1,0,0.0,140,140,112.53,46.0,,1,0.0,-4.732067119176442,0.0,1
14737,2,2823.6200000000003,2,2,1,434.0,2389.6200000000003,28,1,0,0.0,82,129,1411.8100000000002,438.0,47.0,0,0.0,-1.7039619944207613,0.0,1
16394,1,312.40999999999997,1,1,1,312.40999999999997,0.0,26,1,0,0.0,18,18,312.40999999999997,365.0,,1,0.0,5.747512237517526,306.89000000000004,0
16608,2,1286.6200000000001,2,2,0,0.0,0.0,94,1,0,0.0,182,392,643.3100000000001,306.0,210.0,0,0.0,0.0,0.0,1
15216,1,389.48999999999995,1,1,0,0.0,0.0,22,1,0,0.0,347,347,389.48999999999995,189.0,,1,0.0,0.0,0.0,1
15936,2,282.79,2,2,0,0.0,111.17000000000002,16,1,0,0.0,108,196,141.395,105.5,88.0,0,0.0,-4.720015577657132,0.0,1
16799,2,452.78000000000003,2,2,0,0.0,212.29000000000002,81,1,1,4.95,161,182,226.39000000000001,81.0,21.0,0,0.010814235466322942,-5.362652742052931,0.0,1
17510,1,206.08,1,1,0,0.0,206.08,15,1,0,0.0,149,149,206.08,208.0,,1,0.0,-5.333105192033701,0.0,1
17938,1,144.29,1,1,0,0.0,144.29,29,1,0,0.0,149,149,144.29,53.0,,1,0.0,-4.978731745083247,0.0,1
13744,1,817.32,1,1,1,817.32,0.0,44,1,0,0.0,21,21,817.32,899.0,,1,0.0,6.707253458148752,0.0,1
18119,1,180.7,1,1,0,0.0,180.7,29,1,0,0.0,96,96,180.7,124.0,,1,0.0,-5.202356975402125,0.0,1
16149,1,141.70000000000002,1,1,0,0.0,141.70000000000002,12,1,0,0.0,158,158,141.70000000000002,290.0,,1,0.0,-4.960744524482791,0.0,1
16664,1,109.20000000000002,1,1,0,0.0,0.0,8,1,0,0.0,298,298,109.20000000000002,24.0,,1,0.0,0.0,0.0,1
17753,4,382.05999999999995,3,3,0,0.0,0.0,63,1,1,2.5,193,431,95.51499999999999,31.0,119.0,0,0.006500936134803413,0.0,0.0,1
13864,1,662.4000000000001,1,1,0,0.0,662.4000000000001,1,1,0,0.0,115,115,662.4000000000001,192.0,,1,0.0,-6.497378126512952,0.0,1
14996,2,442.28999999999996,1,1,0,0.0,0.0,37,1,0,0.0,210,210,221.14499999999998,202.0,,1,0.0,0.0,0.0,1
14386,1,142.4,1,1,1,142.4,0.0,7,1,0,0.0,25,25,142.4,54.0,,1,0.0,4.96563792816552,0.0,1
15220,1,316.11,1,1,1,316.11,0.0,23,1,0,0.0,9,9,316.11,275.0,,1,0.0,5.759248716840184,542.0799999999999,0
17800,2,239.7,2,2,2,239.7,0.0,14,1,0,0.0,2,63,119.85,83.5,61.0,0,0.0,5.483551344789026,115.15,0
17403,1,118.95,1,1,0,0.0,118.95,13,1,0,0.0,179,179,118.95,77.0,,1,0.0,-4.787074989285704,0.0,1
16343,1,285.54,1,1,0,0.0,285.54,28,1,0,0.0,136,136,285.54,170.0,,1,0.0,-5.6578781424652265,0.0,1
16425,1,302.7,1,1,1,302.7,0.0,21,1,0,0.0,31,31,302.7,199.0,,1,0.0,5.716040372051703,0.0,1
14635,1,215.22000000000003,1,1,0,0.0,0.0,15,1,0,0.0,182,182,215.22000000000003,118.0,,1,0.0,0.0,0.0,1
12768,1,168.69,1,1,0,0.0,168.69,10,0,1,168.69,179,179,168.69,102.0,,1,0.5,-5.133973242984735,0.0,1
17541,1,119.85999999999999,1,1,0,0.0,0.0,31,1,0,0.0,238,238,119.85999999999999,44.0,,1,0.0,0.0,0.0,1
13344,1,1656.15,1,1,1,1656.15,0.0,68,1,0,0.0,6,6,1656.15,599.0,,1,0.0,7.412854538374681,0.0,1
13745,1,477.32,1,1,0,0.0,0.0,31,1,1,7.59,275,275,477.32,650.0,,1,0.01565238910313254,0.0,0.0,1
16589,1,153.12000000000003,1,1,0,0.0,153.12000000000003,11,1,0,0.0,179,179,153.12000000000003,168.0,,1,0.0,-5.037731519757957,0.0,1
17752,1,80.64,1,1,1,80.64,0.0,1,1,0,0.0,88,88,80.64,192.0,,1,0.0,4.402319337941644,0.0,1
15056,1,113.64999999999999,1,1,0,0.0,0.0,6,1,0,0.0,249,249,113.64999999999999,69.0,,1,0.0,0.0,0.0,1
17026,2,54.15,2,2,0,0.0,54.15,4,1,0,0.0,98,146,27.075,17.5,48.0,0,0.0,-4.0100567456995115,121.67999999999999,0
13796,1,289.7,1,1,0,0.0,0.0,22,1,0,0.0,228,228,289.7,218.0,,1,0.0,0.0,0.0,1
13359,1,553.75,1,1,0,0.0,553.75,32,1,1,33.05,132,132,553.75,219.0,,1,0.05632242672119973,-6.318517561812703,0.0,1
17111,1,227.96999999999997,1,1,0,0.0,227.96999999999997,19,1,0,0.0,154,154,227.96999999999997,299.0,,1,0.0,-5.433590990605606,0.0,1
13625,1,301.26,1,1,0,0.0,0.0,21,1,0,0.0,325,325,301.26,144.0,,1,0.0,0.0,0.0,1
18195,1,101.16,1,1,0,0.0,101.16,5,1,0,0.0,116,116,101.16,60.0,,1,0.0,-4.626540211724284,0.0,1
17483,1,177.69,1,1,0,0.0,177.69,7,1,0,0.0,143,143,177.69,74.0,,1,0.0,-5.18565246089057,155.1,0
15033,1,556.5500000000001,1,1,1,556.5500000000001,0.0,61,1,0,0.0,58,58,556.5500000000001,353.0,,1,0.0,6.323552185411371,595.77,0
17517,1,153.94,1,1,1,153.94,0.0,11,1,0,0.0,37,37,153.94,102.0,,1,0.0,5.043037945203756,0.0,1
17925,1,244.08,1,1,0,0.0,244.08,1,1,0,0.0,101,101,244.08,72.0,,1,0.0,-5.501584687857454,0.0,1
18206,1,314.65999999999997,1,1,0,0.0,0.0,19,1,0,0.0,282,282,314.65999999999997,246.0,,1,0.0,0.0,0.0,1
16808,1,166.5,1,1,1,166.5,0.0,19,1,0,0.0,3,3,166.5,116.0,,1,0.0,5.120983351265121,0.0,1
13942,1,320.0,1,1,0,0.0,0.0,1,1,0,0.0,263,263,320.0,1000.0,,1,0.0,0.0,0.0,1
15231,1,250.26,1,1,0,0.0,0.0,14,1,1,21.900000000000002,350,350,250.26,190.0,,1,0.08046737213403882,0.0,0.0,1
13516,1,295.85,1,1,0,0.0,295.85,17,1,0,0.0,146,146,295.85,129.0,,1,0.0,-5.693226960716684,146.0,0
12400,1,205.25,1,1,0,0.0,205.25,11,0,0,0.0,143,143,205.25,91.0,,1,0.0,-5.32908902521479,0.0,1
16831,1,91.80000000000001,1,1,0,0.0,0.0,6,1,0,0.0,293,293,91.80000000000001,48.0,,1,0.0,0.0,0.0,1
17551,1,290.34,1,1,1,290.34,0.0,39,1,0,0.0,88,88,290.34,142.0,,1,0.0,5.674490970020802,0.0,1
13475,1,317.11999999999995,1,1,1,317.11999999999995,0.0,23,1,0,0.0,27,27,317.11999999999995,222.0,,1,0.0,5.7624286700889344,1114.66,0
15548,1,158.08999999999997,1,1,0,0.0,0.0,23,1,0,0.0,324,324,158.08999999999997,64.0,,1,0.0,0.0,0.0,1
16100,1,582.6400000000001,1,1,0,0.0,0.0,37,1,0,0.0,191,191,582.6400000000001,438.0,,1,0.0,0.0,0.0,1
13078,37,19230.88,36,16,5,2326.37,5522.369999999999,118,1,26,492.60999999999996,4,467,519.7535135135136,195.0,13.228571428571428,0,0.024975802963877077,-0.8642493065629653,1626.4,0
14667,37,13919.949999999997,34,16,4,1071.51,4708.46,445,1,6,200.60000000000002,3,466,376.2148648648648,225.51351351351352,14.030303030303031,0,0.014206245507434205,-1.4795715559881302,1163.1000000000001,0
14156,102,220900.21999999997,82,16,11,34068.22,32990.08,1189,0,30,4976.8600000000015,3,467,2165.6884313725486,1202.186274509804,5.728395061728395,0,0.022033488302575906,0.03215711547139399,10309.930000000002,0
15912,7,810.08,4,4,0,0.0,155.09000000000003,66,1,0,0.0,165,458,115.72571428571429,82.0,97.66666666666667,0,0.0,-5.050432763970322,141.48999999999998,0
12468,4,2765.7900000000004,4,4,1,184.59000000000003,0.0,109,0,4,40.69,45,411,691.4475000000001,485.0,122.0,0,0.014498588979789626,5.223539939590213,472.95,0
13093,55,54144.25,43,16,7,7033.07,21447.260000000002,199,1,31,848.2000000000003,4,464,984.4409090909091,472.2,10.952380952380953,0,0.01542393546750509,-1.1148780375369718,0.0,1
15023,12,6585.18,11,10,2,1301.79,1774.52,329,1,2,38.89,5,403,548.765,242.58333333333334,39.8,0,0.0058710128365189376,-0.30958521915488824,1025.29,0
13619,2,223.44,2,2,0,0.0,0.0,38,1,0,0.0,273,403,111.72,39.0,130.0,0,0.0,0.0,0.0,1
17931,12,2993.88,9,8,0,0.0,630.4200000000001,222,1,4,131.33000000000004,126,390,249.49,139.16666666666666,33.0,0,0.042022776069448146,-6.44797125126366,297.20000000000005,0
15218,12,6278.6,12,9,1,581.6600000000001,684.42,106,1,3,60.57,47,411,523.2166666666667,290.4166666666667,33.09090909090909,0,0.00955487863553115,-0.16242796322131348,1175.6,0
14596,1,222.22,1,1,0,0.0,0.0,50,1,0,0.0,355,355,222.22,75.0,,1,0.0,0.0,0.0,1
16296,4,1313.6699999999998,4,3,0,0.0,0.0,56,1,2,67.7,355,450,328.41749999999996,161.25,31.666666666666668,0,0.04900931683763221,0.0,0.0,1
15785,12,4569.54,9,9,1,928.5800000000002,1332.67,85,1,7,119.38,24,453,380.795,285.3333333333333,53.625,0,0.025460020644412783,-0.3609569483249029,401.82000000000005,0
13571,14,2448.3199999999997,14,10,0,0.0,607.79,158,1,0,0.0,111,460,174.87999999999997,102.42857142857143,26.846153846153847,0,0.0,-6.411473380656987,507.31,0
14735,29,7191.32,23,15,5,1016.8499999999999,1414.2,134,1,2,107.4,39,464,247.97655172413792,88.55172413793103,19.318181818181817,0,0.014714908915535877,-0.3295783043325198,1538.56,0
13593,10,4041.26,9,8,1,559.85,456.4,186,1,1,1.68,65,376,404.12600000000003,165.0,38.875,0,0.0004155391868293865,0.20389520850255138,437.9,0
13971,7,2242.79,7,7,1,333.48,386.53000000000003,98,1,1,17.700000000000003,14,411,320.3985714285714,214.28571428571428,66.16666666666667,0,0.00783016071736659,-0.14721617810320708,641.04,0
14867,14,2542.52,13,9,1,300.73999999999995,358.40000000000003,60,1,3,41.65,65,463,181.60857142857142,56.142857142857146,33.166666666666664,0,0.01611736069995395,-0.17487025493753094,409.53999999999996,0
13262,2,373.15999999999997,2,2,0,0.0,140.75,38,1,0,0.0,118,329,186.57999999999998,61.0,211.0,0,0.0,-4.954064942607862,200.29,0
12709,21,23125.75,18,13,3,2642.39,3946.960000000001,152,0,12,516.75,12,459,1101.2261904761904,513.6190476190476,26.294117647058822,0,0.021856825631807127,-0.4011368054799691,1904.0399999999997,0
17673,8,2981.33,7,7,1,402.42,775.1700000000001,165,1,1,10.350000000000001,49,359,372.66625,284.375,51.666666666666664,0,0.0034595946090490966,-0.6543933654821785,630.6800000000001,0
16096,3,1264.3500000000001,3,3,0,0.0,380.88,49,1,0,0.0,145,374,421.45000000000005,181.66666666666666,114.5,0,0.0,-5.9451064231298325,320.62,0
14936,5,5850.15,4,4,1,1576.3600000000001,3079.31,186,0,1,12.75,4,312,1170.03,626.6,102.66666666666667,0,0.0021746917054699896,-0.6692776777954519,0.0,1
13892,2,634.6800000000001,2,2,0,0.0,0.0,8,1,0,0.0,206,304,317.34000000000003,1071.0,98.0,0,0.0,0.0,54.519999999999996,0
12923,2,597.6,2,2,0,0.0,171.4,28,1,0,0.0,119,304,298.8,81.0,185.0,0,0.0,-5.149817358229592,0.0,1
14598,1,162.07,1,1,0,0.0,0.0,40,1,1,162.07,298,298,162.07,165.0,,1,0.5,0.0,0.0,1
13382,5,1387.58,5,4,1,222.98999999999998,508.94,74,1,0,0.0,9,460,277.51599999999996,172.6,112.75,0,0.0,-0.8226916637372153,0.0,1
16754,29,65500.07000000001,19,9,0,0.0,14573.259999999998,38,1,5,10807.25,101,370,2258.623103448276,2191.4137931034484,14.944444444444445,0,0.14162795915254262,-9.587012238060119,0.0,1
16046,1,235.78,1,1,0,0.0,0.0,22,1,0,0.0,291,291,235.78,248.0,,1,0.0,0.0,0.0,1
13065,5,1055.0500000000002,5,5,0,0.0,657.01,49,1,1,4.95,102,276,211.01000000000005,76.2,43.5,0,0.0046698113207547165,-6.489220128778224,0.0,1
16292,4,951.51,4,4,0,0.0,132.5,38,1,3,60.95,109,333,237.8775,124.25,74.66666666666667,0,0.06019990913221263,-4.894101477840304,0.0,1
17293,10,2365.92,10,9,2,469.34999999999997,722.03,91,1,0,0.0,37,465,236.592,139.6,47.55555555555556,0,0.0,-0.42997361665589473,0.0,1
15819,7,2668.98,5,5,1,639.6400000000001,571.13,137,1,1,23.51,5,360,381.28285714285715,299.0,88.75,0,0.008731694453832697,0.11310143840226417,537.5,0
17338,12,8034.390000000001,12,11,3,2638.6000000000004,2944.14,449,1,1,74.25,20,368,669.5325000000001,320.8333333333333,31.636363636363637,0,0.009156899307405432,-0.10952896364685483,982.25,0
12792,1,370.46999999999997,1,1,0,0.0,0.0,21,0,0,0.0,263,263,370.46999999999997,175.0,,1,0.0,0.0,344.53999999999996,0
14755,16,5956.75,13,12,2,994.48,1575.8,163,1,4,76.2,25,465,372.296875,159.625,36.666666666666664,0,0.012630636753163876,-0.45992772294290507,868.0300000000001,0
14715,6,1189.62,6,6,2,247.45,163.2,68,1,0,0.0,27,418,198.26999999999998,105.83333333333333,78.2,0,0.0,0.4141564210300013,0.0,1
13610,8,1254.2500000000002,8,7,1,234.12,227.48000000000002,191,1,1,15.299999999999999,14,432,156.78125000000003,60.375,59.714285714285715,0,0.012051514316096253,0.02864734295944249,230.25,0
14817,6,3130.3099999999995,6,6,1,530.79,1189.79,130,1,2,70.65,6,356,521.7183333333332,362.5,70.0,0,0.022071503548935324,-0.8061235568200953,479.55,0
14420,3,1251.65,3,3,0,0.0,407.55,58,1,2,9.8,125,420,417.2166666666667,262.0,147.5,0,0.0077688374489674585,-6.012614305830716,0.0,1
14514,7,3645.09,7,7,1,255.25,944.2000000000002,193,1,1,4.25,60,455,520.7271428571429,274.14285714285717,65.83333333333333,0,0.0011645941457907457,-1.3052430148601344,147.85999999999999,0
13178,12,9457.719999999998,12,12,2,1124.0,1215.7,163,1,4,61.300000000000004,24,452,788.1433333333331,493.5,38.90909090909091,0,0.006439738544514038,-0.07835924015488249,1595.2,0
17177,1,119.5,1,1,0,0.0,0.0,29,1,0,0.0,234,234,119.5,40.0,,1,0.0,0.0,0.0,1
12935,9,2514.79,8,7,1,431.63,595.8299999999999,70,1,3,57.6,48,336,279.4211111111111,185.88888888888889,41.142857142857146,0,0.022391628019079533,-0.3217494564805783,434.59999999999997,0
14713,14,3226.2,14,12,3,474.0899999999999,1329.4599999999998,157,1,4,46.400000000000006,3,465,230.44285714285712,153.5,35.53846153846154,0,0.014178329157245007,-1.0297757663090783,676.5999999999999,0
13041,4,799.13,4,3,0,0.0,192.05,23,1,0,0.0,179,318,199.7825,83.75,46.333333333333336,0,0.0,-5.262949222710246,0.0,1
13113,19,8822.849999999999,19,11,5,2465.77,2600.52,131,1,13,459.88999999999993,9,350,464.3605263157894,115.15789473684211,18.944444444444443,0,0.04954248422340818,-0.05318628703458561,6017.42,0
16065,8,1992.1299999999999,6,4,0,0.0,1558.3999999999999,214,1,2,17.0,94,192,249.01624999999999,150.875,19.6,0,0.00846137382847302,-7.352056410875499,0.0,1
12859,1,575.1,1,1,0,0.0,0.0,21,1,0,0.0,187,187,575.1,292.0,,1,0.0,0.0,0.0,1
14444,1,120.43999999999998,1,1,0,0.0,0.0,11,1,0,0.0,185,185,120.43999999999998,172.0,,1,0.0,0.0,0.0,1
16625,5,1654.03,5,5,1,333.08000000000004,397.19999999999993,82,1,1,2.95,3,272,330.806,211.4,67.25,0,0.0017803473789665537,-0.17557390637587567,0.0,1
17289,6,1110.78,6,5,0,0.0,468.31,130,1,1,1.25,105,370,185.13,120.66666666666667,53.0,0,0.0011240703937843404,-6.15126353090491,0.0,1
15270,17,7158.87,11,6,3,1013.5,2673.65,59,1,9,1243.7800000000002,30,451,421.11,170.64705882352942,42.1,0,0.14802235009193532,-0.9694226503822962,300.25,0
16938,6,4551.28,6,6,1,267.59999999999997,1589.2199999999998,429,1,0,0.0,37,389,758.5466666666666,438.0,70.4,0,0.0,-1.7784043663334907,0.0,1
13861,2,273.26,2,2,0,0.0,144.82999999999998,21,1,1,21.95,158,259,136.63,112.5,101.0,0,0.07435384980183599,-4.982441559725474,0.0,1
15314,2,492.48,2,1,0,0.0,492.48,25,1,1,19.799999999999997,142,157,246.24,218.5,15.0,0,0.038650737877723114,-6.201482331203264,327.97,0
12712,13,3167.63,13,12,3,694.1,1032.22,104,0,5,113.4,6,459,243.66384615384615,116.38461538461539,37.75,0,0.03456231732108515,-0.39637969826432506,1460.1499999999999,0
17358,5,861.01,5,5,2,360.81,382.98,126,1,0,0.0,32,382,172.202,86.0,87.5,0,0.0,-0.05947125573890233,0.0,1
15240,8,3066.3100000000004,8,7,1,312.9,1270.68,99,1,7,132.47,40,463,383.28875000000005,268.875,60.42857142857143,0,0.0414126635779891,-1.3990196760754898,732.48,0
13152,7,2146.38,7,7,0,0.0,461.13,114,1,2,31.400000000000002,146,423,306.6257142857143,139.57142857142858,46.166666666666664,0,0.014418352634334046,-6.135846236781711,0.0,1
12826,8,2023.13,8,6,2,542.1,414.3,82,1,1,9.95,45,450,252.89125,183.75,57.857142857142854,0,0.004894052373738367,0.26829231440409185,0.0,1
16623,3,885.79,3,3,0,0.0,310.25,40,1,1,12.75,130,321,295.2633333333333,134.33333333333334,95.5,0,0.014189685489794556,-5.740596447778917,129.45,0
15134,2,208.3,2,2,0,0.0,208.3,12,1,0,0.0,110,151,104.15,85.0,41.0,0,0.0,-5.343768629451954,239.45,0
17349,4,674.1599999999999,4,3,0,0.0,416.26,66,1,0,0.0,109,360,168.53999999999996,167.5,83.66666666666667,0,0.0,-6.033709528701728,0.0,1
18239,4,1069.17,4,3,2,480.4200000000001,588.7500000000001,54,1,0,0.0,41,151,267.2925,131.25,36.666666666666664,0,0.0,-0.2029586483094885,643.0899999999999,0
15032,7,8821.55,6,6,0,0.0,6037.6,39,1,0,0.0,95,458,1260.2214285714285,755.8571428571429,72.6,0,0.0,-8.705927475982381,2188.5,0
15513,23,15887.190000000002,18,12,5,2894.86,6525.54,184,1,4,392.39000000000004,2,424,690.747391304348,278.0,24.823529411764707,0,0.024103201679650212,-0.8125948098736968,1861.1,0
13021,9,2428.21,9,7,1,157.35000000000002,1040.19,89,1,6,75.63,87,463,269.80111111111114,139.0,47.0,0,0.030205604191961145,-1.8833117957869128,607.6500000000001,0
17277,1,717.02,1,1,1,717.02,0.0,52,1,0,0.0,51,51,717.02,362.0,,1,0.0,6.57649742381348,348.33,0
12472,14,11197.839999999998,14,11,1,771.3599999999999,3426.33,313,0,14,676.1999999999999,46,454,799.8457142857142,545.3571428571429,31.384615384615383,0,0.056947761671680405,-1.4900860487990997,556.1800000000001,0
16714,3,1482.3300000000002,2,2,2,1114.0600000000002,0.0,94,1,3,272.95,46,399,494.11000000000007,275.6666666666667,353.0,0,0.15550225605031673,7.016663494105616,0.0,1
13718,1,114.05,1,1,1,114.05,0.0,7,1,0,0.0,24,24,114.05,135.0,,1,0.0,4.745366816481375,192.50000000000003,0
15932,1,317.73,1,1,1,317.73,0.0,16,1,1,7.65,18,18,317.73,169.0,,1,0.023510971786833857,5.7643443494060405,955.5200000000001,0
14166,2,251.14999999999998,2,2,0,0.0,0.0,39,1,0,0.0,234,355,125.57499999999999,41.0,121.0,0,0.0,0.0,0.0,1
13852,1,187.35,1,1,0,0.0,0.0,11,1,1,16.9,339,339,187.35,85.0,,1,0.08274173806609546,0.0,0.0,1
12515,1,278.7,1,1,1,278.7,0.0,15,0,0,0.0,82,82,278.7,128.0,,1,0.0,5.633717600207914,0.0,1
13183,7,3703.4400000000005,7,7,1,625.04,1319.1800000000003,42,1,3,25.3,63,364,529.0628571428572,317.0,50.166666666666664,0,0.006785133852185992,-0.7461091030978038,902.04,0
16553,26,13656.13,13,9,5,2791.94,5813.72,181,1,2,32.89,3,395,525.2357692307692,543.6538461538462,32.666666666666664,0,0.002402655558980848,-0.7332978290233836,1939.2400000000002,0
13531,5,1254.7199999999998,4,4,0,0.0,305.45,42,1,0,0.0,95,465,250.94399999999996,85.2,123.33333333333333,0,0.0,-5.725054609931741,178.35,0
13736,5,2022.6699999999998,4,4,0,0.0,263.62,225,1,4,43.3,154,462,404.534,210.6,102.66666666666667,0,0.02095867800597298,-5.578294834614265,357.53,0
17852,3,543.47,3,2,0,0.0,163.11,62,1,0,0.0,117,460,181.15666666666667,106.33333333333333,171.5,0,0.0,-5.100536934691537,0.0,1
17610,5,1511.94,5,4,0,0.0,0.0,114,1,3,101.65,269,462,302.38800000000003,178.6,48.25,0,0.06299617622816205,0.0,0.0,1
13473,7,2476.38,6,5,1,241.26,0.0,56,1,2,246.78,61,453,353.7685714285714,133.14285714285714,78.4,0,0.09062265896972634,5.4900115295886565,0.0,1
17508,8,4579.2300000000005,8,8,1,387.31,761.3,199,0,1,32.45,9,461,572.4037500000001,361.375,64.57142857142857,0,0.007036481282309267,-0.6745361893046731,0.0,1
15611,15,1609.8300000000002,14,9,2,204.0,297.35,26,1,5,131.75000000000003,10,412,107.32200000000002,18.066666666666666,30.923076923076923,0,0.0756496974012104,-0.3752573148296827,228.1,0
14068,4,1516.72,4,4,1,265.84999999999997,0.0,93,1,1,23.4,49,406,379.18,127.5,119.0,0,0.015193621276264184,5.586686702779954,0.0,1
13538,7,2326.58,7,6,2,504.3,1018.74,102,1,0,0.0,3,404,332.36857142857144,122.57142857142857,66.83333333333333,0,0.0,-0.7021506595266436,115.2,0
17829,5,4756.74,5,4,1,889.24,509.92,121,0,1,76.32000000000001,27,384,951.348,601.8,89.25,0,0.01579123784931286,0.5552780671204474,0.0,1
13762,4,2165.76,4,3,0,0.0,0.0,21,1,0,0.0,322,427,541.44,584.0,35.0,0,0.0,0.0,306.71999999999997,0
15622,9,4719.05,6,6,1,576.0,313.90000000000003,219,1,7,67.95,11,374,524.338888888889,293.22222222222223,72.6,0,0.01419469396281596,0.6055871384011207,2026.0,0
17051,3,465.6,3,3,0,0.0,182.54999999999998,92,1,0,0.0,175,357,155.20000000000002,109.33333333333333,91.0,0,0.0,-5.212487109942844,240.89000000000001,0
16858,10,4292.59,10,9,0,0.0,797.7900000000001,75,1,6,206.85000000000002,97,453,429.259,142.3,39.55555555555556,0,0.04597238767491066,-6.683098082685133,0.0,1
14175,6,4779.16,6,6,1,322.58000000000004,1561.2599999999998,136,1,7,273.8,58,356,796.5266666666666,273.3333333333333,59.6,0,0.054186061239352774,-1.574442391235677,0.0,1
17290,6,914.47,5,5,0,0.0,444.59,95,1,0,0.0,110,455,152.41166666666666,99.66666666666667,86.25,0,0.0,-6.099399246709551,0.0,1
14678,1,403.39,1,1,0,0.0,0.0,24,1,1,16.95,308,308,403.39,179.0,,1,0.040324499214921254,0.0,0.0,1
14982,1,234.87999999999997,1,1,0,0.0,0.0,38,1,0,0.0,301,301,234.87999999999997,123.0,,1,0.0,0.0,0.0,1
15886,3,871.7800000000001,2,2,0,0.0,577.4100000000001,47,1,0,0.0,145,327,290.59333333333336,173.33333333333334,182.0,0,0.0,-6.360282959768407,0.0,1
13013,18,7814.830000000002,16,10,0,0.0,3080.0700000000006,224,1,0,0.0,100,454,434.15722222222234,235.5,23.6,0,0.0,-8.033032218234712,843.9499999999999,0
17343,6,1259.94,6,6,1,193.64,199.95000000000002,61,1,0,0.0,84,465,209.99,75.66666666666667,76.2,0,0.0,-0.0319044224199434,0.0,1
14682,4,1462.8100000000002,4,4,0,0.0,856.6400000000001,78,1,0,0.0,157,401,365.70250000000004,217.25,81.33333333333333,0,0.0,-6.754184431019888,52.0,0
16782,29,8366.61,27,14,3,634.24,4407.01,562,1,9,67.5,6,459,288.5037931034483,124.82758620689656,17.423076923076923,0,0.00800321551414435,-1.9371757391902724,337.90999999999997,0
17812,4,405.48,4,4,0,0.0,304.08,79,1,0,0.0,97,259,101.37,60.5,54.0,0,0.0,-5.720574037296037,0.0,1
12527,4,653.72,4,4,2,266.92,0.0,23,0,0,0.0,23,258,163.43,128.0,78.33333333333333,0,0.0,5.590688428485949,0.0,1
13023,1,651.13,1,1,0,0.0,0.0,35,1,0,0.0,257,257,651.13,293.0,,1,0.0,0.0,0.0,1
13255,2,504.95000000000005,2,2,0,0.0,225.70000000000002,19,1,0,0.0,102,241,252.47500000000002,170.0,139.0,0,0.0,-5.423627557513483,0.0,1
16155,5,796.9000000000001,4,4,0,0.0,398.9,45,1,1,15.85,110,268,159.38000000000002,99.0,52.666666666666664,0,0.019501691787142415,-5.991214515852772,0.0,1
16684,33,90301.19,24,11,6,9811.979999999998,40221.17,130,1,8,5031.68,25,461,2736.399696969697,1876.4848484848485,18.956521739130434,0,0.05278011665860894,-1.4107123370365962,15263.960000000001,0
14499,5,1416.22,5,4,1,122.87,936.24,119,1,3,18.349999999999998,7,198,283.244,161.0,47.75,0,0.01279128937591055,-2.023706757481123,0.0,1
15976,4,1252.67,4,4,0,0.0,363.14000000000004,202,1,0,0.0,139,280,313.1675,192.25,47.0,0,0.0,-5.8975384090758185,209.99,0
17454,8,1328.51,8,8,2,298.1,0.0,82,1,1,15.299999999999999,28,422,166.06375,77.5,56.285714285714285,0,0.011385538134111221,5.700777965635902,219.42999999999998,0
15629,4,2240.9,3,3,0,0.0,593.92,39,1,0,0.0,179,261,560.225,379.5,41.0,0,0.0,-6.388426942724397,0.0,1
17002,5,1590.8799999999999,4,4,1,513.06,643.86,42,1,0,0.0,19,370,318.176,170.4,117.0,0,0.0,-0.22669324881243913,480.46000000000004,0
14094,1,311.77,1,1,0,0.0,311.77,41,1,1,0.95,168,168,311.77,158.0,,1,0.003037861345612689,-5.745468096143307,0.0,1
16650,6,1397.69,5,4,0,0.0,365.51,53,1,0,0.0,149,248,232.94833333333335,189.83333333333334,24.75,0,0.0,-5.9040258060840785,0.0,1
16145,11,3984.87,11,9,3,978.9199999999998,1246.08,142,1,5,67.63,18,313,362.2609090909091,258.90909090909093,29.5,0,0.016688463911165945,-0.24108916191235608,337.35999999999996,0
15955,9,4242.1,9,7,0,0.0,2037.46,115,1,1,9.3,101,383,471.3444444444445,230.88888888888889,35.25,0,0.0021875147010396575,-7.619949899795511,873.2400000000001,0
12987,3,753.51,3,3,0,0.0,292.83000000000004,35,1,0,0.0,149,417,251.17,122.0,134.0,0,0.0,-5.683001368805979,304.3,0
15998,12,6057.31,11,10,0,0.0,2295.3799999999997,539,1,4,82.15,91,467,504.77583333333337,315.3333333333333,37.6,0,0.013380655627693642,-7.7390892489714584,912.03,0
14901,6,994.76,6,4,1,134.64999999999998,563.15,61,1,1,6.3,89,227,165.79333333333332,70.83333333333333,27.6,0,0.006293329071184545,-1.4252421344795136,0.0,1
15535,4,800.5100000000001,3,3,2,259.04,541.47,74,1,4,89.25,56,178,200.12750000000003,65.25,61.0,0,0.10030794821075345,-0.7352973190101002,118.85000000000002,0
16178,1,414.70000000000005,1,1,0,0.0,414.70000000000005,17,1,0,0.0,130,130,414.70000000000005,210.0,,1,0.0,-6.029963846258592,0.0,1
13984,9,1258.0399999999997,8,7,1,129.95,487.15999999999997,50,1,0,0.0,54,461,139.7822222222222,89.22222222222223,58.142857142857146,0,0.0,-1.315827650014639,432.48,0
14599,2,457.89,2,2,0,0.0,279.0,77,1,0,0.0,119,238,228.945,146.0,119.0,0,0.0,-5.634789603169249,0.0,1
16399,1,222.2,1,1,0,0.0,222.2,37,1,0,0.0,118,118,222.2,189.0,,1,0.0,-5.408068230507156,176.60999999999999,0
16825,3,1051.71,3,3,0,0.0,688.41,32,1,0,0.0,107,263,350.57,243.66666666666666,78.0,0,0.0,-6.535836159344549,318.70000000000005,0
15332,6,4892.68,4,3,0,0.0,3186.4500000000003,113,0,0,0.0,95,242,815.4466666666667,384.3333333333333,49.0,0,0.0,-8.06697650306914,0.0,1
14748,7,1736.5699999999997,6,5,0,0.0,1008.2,77,1,6,473.00999999999993,97,374,248.08142857142852,218.42857142857142,55.4,0,0.21407235764262894,-6.916913216766902,300.71000000000004,0
17591,4,981.0600000000002,4,4,2,461.11,384.3,86,1,1,10.95,27,420,245.26500000000004,91.0,131.0,0,0.011038195179484074,0.18178070634754917,781.86,0
14194,16,7838.019999999999,11,10,1,516.9499999999999,1396.9300000000003,256,1,7,94.95000000000002,37,431,489.8762499999999,275.875,39.4,0,0.011969035556670457,-0.9928691375052656,2890.92,0
13327,14,6373.0,13,13,1,202.9,1914.25,131,1,1,128.25,24,450,455.2142857142857,212.85714285714286,35.5,0,0.01972697558161892,-2.2399737638165202,924.45,0
16840,2,139.85,2,2,0,0.0,0.0,9,1,0,0.0,332,403,69.925,58.5,71.0,0,0.0,0.0,0.0,1
18095,5,2303.09,5,4,2,580.05,295.67999999999995,37,1,0,0.0,41,328,460.61800000000005,324.6,71.75,0,0.0,0.6721826948005258,0.0,1
14467,9,1738.6799999999998,9,8,1,131.7,514.5,120,1,0,0.0,41,466,193.18666666666664,105.33333333333333,53.125,0,0.0,-1.3570463621188527,0.0,1
14401,11,3296.54,11,9,2,552.12,294.36,79,1,2,81.00000000000001,44,454,299.68545454545455,214.72727272727272,41.0,0,0.02398195136104976,0.6273800248588266,428.44,0
17526,11,3616.1400000000003,10,9,2,646.0,1059.94,61,1,1,15.0,19,451,328.74,115.63636363636364,48.0,0,0.00413093408681571,-0.4945642920899189,0.0,1
14878,18,3034.2999999999997,14,12,2,433.88999999999993,861.6399999999999,133,1,2,269.4,21,385,168.5722222222222,100.55555555555556,28.0,0,0.08154493446741531,-0.6849043290262617,417.85,0
14315,2,716.69,2,2,0,0.0,0.0,26,1,1,4.95,293,363,358.345,161.5,70.0,0,0.0068593758660828105,0.0,856.2,0
14282,11,4120.32,11,7,0,0.0,1495.92,59,1,1,5.0,96,391,374.57454545454544,255.45454545454547,29.5,0,0.0012120271881938857,-7.311164942777888,1210.28,0
17003,4,828.2099999999999,3,3,0,0.0,683.8499999999999,90,1,0,0.0,131,307,207.05249999999998,123.5,88.0,0,0.0,-6.52919983618083,0.0,1
17205,2,615.27,2,2,0,0.0,340.32,18,1,0,0.0,145,293,307.635,665.0,148.0,0,0.0,-5.8328204536683845,0.0,1
14626,7,2619.65,7,7,0,0.0,734.03,89,1,1,1.95,124,458,374.2357142857143,247.42857142857142,55.666666666666664,0,0.00074382056759231,-6.599911314706404,586.9000000000001,0
14871,6,847.84,6,5,1,120.95,0.0,83,1,0,0.0,89,467,141.30666666666667,50.0,75.6,0,0.0,4.80361112466193,108.20000000000002,0
14021,4,1084.6799999999998,4,4,0,0.0,604.8599999999999,64,1,0,0.0,103,321,271.16999999999996,171.5,72.66666666666667,0,0.0,-6.4066489362770564,501.70000000000005,0
17187,1,263.76,1,1,0,0.0,0.0,13,1,0,0.0,255,255,263.76,282.0,,1,0.0,0.0,203.95,0
12477,4,9412.58,4,4,1,2355.9500000000003,2570.77,225,0,1,4.199999999999999,30,352,2353.145,776.25,107.33333333333333,0,0.00044601233117902287,-0.08722596748232636,2221.02,0
14161,6,2445.5,6,6,1,263.03999999999996,423.2,163,1,0,0.0,7,455,407.5833333333333,216.33333333333334,89.6,0,0.0,-0.4741044353100117,551.43,0
18106,6,1441.0600000000002,4,4,1,421.9,0.0,126,1,0,0.0,58,422,240.1766666666667,84.33333333333333,121.33333333333333,0,0.0,6.047135744478443,0.0,1
16939,3,433.85,3,3,0,0.0,0.0,38,1,0,0.0,217,378,144.61666666666667,76.33333333333333,80.5,0,0.0,0.0,0.0,1
14299,22,11670.57,20,12,3,1136.7,3121.7799999999997,99,1,10,1377.9499999999996,47,466,530.4804545454546,287.6818181818182,22.05263157894737,0,0.10560201463460989,-1.0097149501711824,0.0,1
17848,24,2851.17,22,14,3,213.91000000000003,530.63,81,1,1,12.75,39,462,118.79875,44.875,20.142857142857142,0,0.004451939998323976,-0.9057284228182478,174.46000000000004,0
14994,5,942.77,5,4,0,0.0,596.3299999999999,232,1,2,56.13,111,352,188.554,113.2,60.25,0,0.05619181099209131,-6.3924697244940525,0.0,1
16401,13,3414.93,11,8,2,665.8,1970.61,78,1,8,183.07999999999996,23,284,262.68692307692305,212.69230769230768,26.1,0,0.05088368292472783,-1.0841155959644437,996.09,0
12975,6,2100.09,5,3,0,0.0,851.8999999999999,92,1,2,106.1,165,462,350.01500000000004,151.83333333333334,74.25,0,0.0480919594413899,-6.748642307325063,0.0,1
13035,1,442.32,1,1,0,0.0,442.32,15,1,0,0.0,160,160,442.32,282.0,,1,0.0,-6.094291856907453,333.0,0
14704,2,258.96000000000004,2,2,0,0.0,146.82000000000002,53,1,0,0.0,153,353,129.48000000000002,60.5,200.0,0,0.0,-4.995995317356741,0.0,1
13137,9,4190.28,9,5,1,206.63,3026.74,428,1,0,0.0,37,231,465.58666666666664,241.11111111111111,24.25,0,0.0,-2.6798140960912304,640.81,0
14690,2,422.63,2,2,0,0.0,422.63,43,1,0,0.0,121,139,211.315,87.0,18.0,0,0.0,-6.0488604327492705,0.0,1
15198,3,377.71000000000004,3,3,0,0.0,170.4,20,1,1,11.9,137,418,125.90333333333335,69.0,140.5,0,0.03054336387669721,-5.1440000061636795,0.0,1
16979,4,1354.8899999999999,4,4,1,347.1499999999999,1007.74,41,1,2,39.650000000000006,26,179,338.72249999999997,169.75,51.0,0,0.02843231459836219,-1.0638238848874826,0.0,1
16983,6,1943.41,6,5,1,195.26000000000002,1748.1499999999999,78,1,0,0.0,49,175,323.9016666666667,206.83333333333334,25.2,0,0.0,-2.187444923856104,263.59000000000003,0
17339,2,119.0,2,2,0,0.0,60.0,5,1,1,59.0,94,238,59.5,18.0,144.0,0,0.33146067415730335,-4.110873864173311,0.0,1
12388,5,1886.7,5,5,3,766.25,658.8299999999999,52,0,0,0.0,4,311,377.34000000000003,174.0,76.75,0,0.0,0.1508304674152825,0.0,1
14779,3,386.15,3,2,3,386.15,0.0,40,1,0,0.0,9,52,128.71666666666667,28.0,21.5,0,0.0,5.958812214832733,0.0,1
13149,1,376.74,1,1,1,376.74,0.0,18,1,0,0.0,18,18,376.74,276.0,,1,0.0,5.9342061282677,0.0,1
18280,2,488.1500000000001,2,2,1,180.60000000000002,307.55000000000007,28,1,1,15.7,6,123,244.07500000000005,97.0,117.0,0,0.031160067480400906,-0.530077438599883,0.0,1
15869,3,321.11,2,2,2,149.64,0.0,29,1,0,0.0,6,355,107.03666666666668,91.0,349.0,0,0.0,5.014892884348897,0.0,1
14329,10,7037.9800000000005,10,10,2,2125.5999999999995,1683.4700000000003,265,1,7,133.5,2,452,703.798,394.6,50.0,0,0.01861540435168194,0.23307348596796995,0.0,1
17412,12,3551.2800000000007,12,9,2,391.82000000000005,1065.8500000000001,139,1,3,32.54,32,466,295.94000000000005,176.5,39.45454545454545,0,0.00907969708300082,-0.9991141686698377,120.69999999999999,0
17133,5,9730.09,5,5,0,0.0,0.0,16,1,1,1650.24,203,357,1946.018,1475.4,38.5,0,0.14500809730473546,0.0,2478.79,0
18017,2,330.0,2,2,1,165.0,165.0,1,1,0,0.0,39,160,165.0,100.0,121.0,0,0.0,0.0,0.0,1
13106,1,526.96,1,1,0,0.0,526.96,15,1,0,0.0,142,142,526.96,213.0,,1,0.0,-6.269020523260754,0.0,1
13333,3,1015.74,3,3,0,0.0,151.86,54,1,0,0.0,140,387,338.58,228.33333333333334,123.5,0,0.0,-5.029522469814738,0.0,1
17728,2,1362.75,2,2,0,0.0,372.55,79,1,1,17.3,133,182,681.375,338.5,49.0,0,0.01253577768921416,-5.923051864421811,0.0,1
15569,6,2496.24,6,6,1,288.5,808.37,108,1,0,0.0,61,378,416.03999999999996,208.33333333333334,63.4,0,0.0,-1.0281008702495935,0.0,1
13549,1,87.60000000000001,1,1,0,0.0,87.60000000000001,8,1,0,0.0,116,116,87.60000000000001,96.0,,1,0.0,-4.484131857611035,512.5500000000001,0
16665,1,135.4,1,1,0,0.0,135.4,9,1,0,0.0,91,91,135.4,59.0,,1,0.0,-4.915591745409362,0.0,1
14880,1,129.2,1,1,1,129.2,0.0,8,1,0,0.0,17,17,129.2,66.0,,1,0.0,4.869071729774468,218.47,0
17017,15,6768.689999999999,11,7,2,1352.3400000000001,4729.029999999999,89,1,7,92.30000000000001,17,465,451.2459999999999,336.0,44.8,0,0.01345286904659532,-1.2513559339366704,1607.8600000000001,0
12523,14,2538.9300000000003,14,11,2,228.35,558.5,115,0,5,89.1,20,461,181.35214285714287,107.42857142857143,33.92307692307692,0,0.033903722560244744,-0.8917943067087988,253.84000000000003,0
13935,3,6116.92,3,3,0,0.0,0.0,67,1,0,0.0,325,381,2038.9733333333334,750.6666666666666,28.0,0,0.0,0.0,0.0,1
13807,3,422.2,3,3,0,0.0,112.6,24,1,1,24.9,96,464,140.73333333333332,38.666666666666664,184.0,0,0.05569223887273541,-4.732683506287051,0.0,1
17534,4,1445.4699999999998,4,4,0,0.0,293.94,69,1,0,0.0,180,381,361.36749999999995,189.25,67.0,0,0.0,-5.6867719458227945,0.0,1
17401,1,114.85,1,1,0,0.0,0.0,11,1,0,0.0,270,270,114.85,34.0,,1,0.0,0.0,0.0,1
14708,3,1085.91,3,3,0,0.0,780.5,14,1,1,29.700000000000003,97,184,361.97,296.0,43.5,0,0.0266222066851319,-6.6612151498615315,0.0,1
14363,2,227.47000000000003,2,2,0,0.0,227.47000000000003,8,1,0,0.0,131,180,113.73500000000001,52.5,49.0,0,0.0,-5.431404910686392,0.0,1
13754,2,320.45,2,2,1,156.0,164.45,16,1,0,0.0,46,166,160.225,91.5,120.0,0,0.0,-0.052423229019312956,0.0,1
16687,1,157.63,1,1,0,0.0,157.63,8,1,0,0.0,119,119,157.63,141.0,,1,0.0,-5.066574446420364,0.0,1
14257,5,3474.87,5,5,1,620.1400000000001,1009.01,127,1,0,0.0,47,377,694.9739999999999,414.8,82.5,0,0.0,-0.48615901141718876,410.45,0
15160,4,589.27,4,3,1,158.16,431.11,17,1,0,0.0,86,150,147.3175,76.75,21.333333333333332,0,0.0,-0.9987701999023901,0.0,1
14368,1,155.0,1,1,1,155.0,0.0,8,1,0,0.0,48,48,155.0,36.0,,1,0.0,5.049856007249537,0.0,1
15771,3,1006.54,3,2,0,0.0,0.0,26,1,0,0.0,333,422,335.5133333333333,170.66666666666666,44.5,0,0.0,0.0,0.0,1
17262,7,1504.26,6,6,0,0.0,268.86,5,1,0,0.0,95,453,214.8942857142857,48.857142857142854,71.6,0,0.0,-5.5979033060026415,686.5,0
17074,1,203.05,1,1,0,0.0,0.0,4,1,0,0.0,291,291,203.05,19.0,,1,0.0,0.0,0.0,1
16945,19,5372.199999999999,13,12,5,1169.54,1383.0299999999997,176,1,2,17.5,4,459,282.74736842105256,204.89473684210526,37.916666666666664,0,0.0032469339666400736,-0.1675343524660402,604.14,0
17940,7,27464.28,6,6,2,1226.88,3707.4,9,1,0,0.0,5,465,3923.468571428571,11634.285714285714,92.0,0,0.0,-1.1053114116703444,280.8,0
17929,9,2435.3,8,7,1,196.20000000000002,1342.5,5,1,0,0.0,37,459,270.5888888888889,40.22222222222222,60.285714285714285,0,0.0,-1.9188149858870114,238.79999999999998,0
16158,9,628.3199999999999,8,7,0,0.0,0.0,29,1,1,17.0,251,463,69.81333333333333,20.22222222222222,30.285714285714285,0,0.026343519494204427,0.0,0.0,1
13514,3,663.7,3,3,0,0.0,75.0,13,1,0,0.0,157,411,221.23333333333335,82.66666666666667,127.0,0,0.0,-4.330733340286331,0.0,1
13249,6,897.52,6,6,0,0.0,253.68,2,1,0,0.0,130,413,149.58666666666667,116.66666666666667,56.6,0,0.0,-5.540007855148825,291.84000000000003,0
15361,4,689.07,4,3,1,418.92,0.0,10,1,0,0.0,90,272,172.2675,93.25,60.666666666666664,0,0.0,6.040064216944044,0.0,1
15350,2,547.6000000000001,2,2,0,0.0,547.6000000000001,26,1,0,0.0,102,112,273.80000000000007,136.0,10.0,0,0.0,-6.307369578503503,0.0,1
13948,4,548.76,4,4,1,102.0,184.45,23,1,1,11.9,89,464,137.19,62.0,125.0,0,0.021224984839296544,-0.5880563157059635,0.0,1
12422,10,3194.29,10,9,1,238.5,1190.17,111,0,0,0.0,53,450,319.429,232.5,44.111111111111114,0,0.0,-1.6041378795139805,0.0,1
16288,1,129.85,1,1,0,0.0,0.0,7,1,0,0.0,199,199,129.85,19.0,,1,0.0,0.0,0.0,1
13440,7,1295.2500000000005,3,2,0,0.0,1295.2500000000005,49,1,3,81.3,152,180,185.03571428571436,81.85714285714286,14.0,0,0.059060695216301605,-7.167230759543737,0.0,1
17098,3,591.0699999999999,3,3,0,0.0,291.6,10,1,0,0.0,110,269,197.0233333333333,41.666666666666664,79.5,0,0.0,-5.678806488586024,0.0,1
16998,2,197.0,2,2,1,90.0,107.0,2,1,0,0.0,33,173,98.5,26.0,140.0,0,0.0,-0.17127172060737017,197.10000000000002,0
16087,5,1739.92,5,5,0,0.0,742.6800000000001,6,1,0,0.0,118,418,347.98400000000004,132.8,75.0,0,0.0,-6.611610834783437,0.0,1
17308,2,4511.76,2,2,0,0.0,666.72,5,1,0,0.0,122,181,2255.88,2574.0,59.0,0,0.0,-6.503868923987187,0.0,1
14464,2,111.0,2,2,0,0.0,0.0,4,1,0,0.0,297,356,55.5,31.0,59.0,0,0.0,0.0,0.0,1
14266,1,40.56,1,1,0,0.0,40.56,1,1,0,0.0,157,157,40.56,24.0,,1,0.0,-3.727138166231027,0.0,1
15079,9,3239.03,7,7,1,367.29,141.95,99,1,6,78.65,44,460,359.89222222222224,150.0,69.33333333333333,0,0.023706324901738563,0.9463757525356415,386.37,0
13233,3,875.58,3,3,1,304.24,280.71000000000004,49,1,0,0.0,65,423,291.86,334.6666666666667,179.0,0,0.0,0.08022017941162751,0.0,1
14441,7,2898.7999999999997,7,6,0,0.0,1008.18,71,1,4,113.05,103,419,414.1142857142857,116.28571428571429,52.666666666666664,0,0.03753506980759334,-6.916893398893162,356.84000000000003,0
14584,4,705.1,4,4,0,0.0,164.39999999999998,79,1,0,0.0,150,389,176.275,144.75,79.66666666666667,0,0.0,-5.108366782589591,819.61,0
13598,4,601.92,3,3,0,0.0,0.0,46,1,0,0.0,224,380,150.48,85.25,78.0,0,0.0,0.0,0.0,1
16310,2,460.08000000000004,2,2,0,0.0,269.70000000000005,26,1,0,0.0,143,371,230.04000000000002,135.0,228.0,0,0.0,-5.601011196620256,0.0,1
12483,12,2505.76,11,8,1,347.56,1122.5,40,0,1,23.4,68,406,208.81333333333336,110.41666666666667,33.8,0,0.009252083695772509,-1.1703937098161976,651.0500000000001,0
18272,3,1307.4,3,3,0,0.0,0.0,50,1,1,24.849999999999998,277,374,435.8,276.6666666666667,48.5,0,0.018652655282416962,0.0,980.5400000000001,0
16197,9,2016.71,9,6,0,0.0,0.0,52,1,0,0.0,198,452,224.07888888888888,157.77777777777777,31.75,0,0.0,0.0,0.0,1
17463,3,1350.8600000000001,3,3,1,691.46,0.0,164,1,1,4.95,42,318,450.2866666666667,268.0,138.0,0,0.003650954042233056,6.540250474660368,234.25,0
14828,11,8281.7,11,9,1,582.0,1889.06,66,1,1,36.0,65,461,752.8818181818183,774.0,39.6,0,0.004328119552280077,-1.1761766672310472,1557.76,0
13174,10,7263.700000000001,9,9,1,661.0,2683.32,562,1,0,0.0,45,464,726.3700000000001,336.5,52.375,0,0.0,-1.3999171600850824,0.0,1
14408,4,1503.2400000000002,4,4,0,0.0,0.0,11,1,0,0.0,200,461,375.81000000000006,207.0,87.0,0,0.0,0.0,1081.79,0
12829,3,385.3,3,3,2,293.0,0.0,17,1,1,39.95,65,279,128.43333333333334,183.33333333333334,107.0,0,0.09394473838918284,5.683579767338681,0.0,1
14230,3,979.8,2,2,0,0.0,504.29999999999995,27,1,0,0.0,164,277,326.59999999999997,82.0,113.0,0,0.0,-6.225152312297863,0.0,1
16428,3,638.49,2,2,0,0.0,220.48,121,1,0,0.0,142,226,212.83,191.66666666666666,84.0,0,0.0,-5.400332291954767,0.0,1
15498,24,16312.02,19,12,5,3678.84,4609.24,459,1,1,169.95,6,452,679.6675,359.7916666666667,24.77777777777778,0,0.010311267403107758,-0.22541064341620753,2487.29,0
16919,15,2857.42,13,5,1,341.65999999999997,2063.52,166,1,4,72.1,89,206,190.49466666666666,76.06666666666666,9.75,0,0.024611540457139734,-1.7959143309500787,1515.3400000000001,0
17373,4,665.8299999999999,4,4,1,145.25,356.88,44,1,0,0.0,41,378,166.45749999999998,104.75,112.33333333333333,0,0.0,-0.8948802485674294,0.0,1
13981,1,331.14000000000004,1,1,0,0.0,331.14000000000004,22,1,1,3.75,144,144,331.14000000000004,234.0,,1,0.011197706709665859,-5.805556566778607,0.0,1
17772,1,187.3,1,1,0,0.0,187.3,45,1,0,0.0,121,121,187.3,58.0,,1,0.0,-5.238036435663107,0.0,1
14101,9,5829.17,9,8,2,1844.0300000000002,1238.1200000000001,18,1,1,19.799999999999997,23,350,647.6855555555555,594.8888888888889,40.875,0,0.00338521141329157,0.3980940872655303,2315.3599999999997,0
18055,9,5775.33,8,4,3,1393.5500000000002,4381.780000000001,203,1,1,32.050000000000004,20,142,641.7033333333334,206.55555555555554,17.428571428571427,0,0.005518839821055279,-1.145111443657978,968.4999999999999,0
16357,1,209.48999999999998,1,1,0,0.0,209.48999999999998,13,1,0,0.0,110,110,209.48999999999998,143.0,,1,0.0,-5.349438146055751,137.9,0
17601,1,296.65,1,1,0,0.0,296.65,59,1,0,0.0,109,109,296.65,191.0,,1,0.0,-5.695918299599399,116.00999999999999,0
16241,5,1835.88,5,4,1,158.73,1677.15,280,1,0,0.0,68,139,367.17600000000004,194.8,17.75,0,0.0,-2.3519623853635405,392.18,0
13285,3,1322.3600000000001,3,3,1,666.89,0.0,86,1,0,0.0,19,353,440.7866666666667,333.3333333333333,167.0,0,0.0,6.504123489318261,506.38,0
16621,1,162.85000000000002,1,1,1,162.85000000000002,0.0,5,1,0,0.0,6,6,162.85000000000002,47.0,,1,0.0,5.098951375144824,327.85,0
16205,3,1062.48,3,3,0,0.0,842.3700000000001,89,1,0,0.0,125,271,354.16,312.0,73.0,0,0.0,-6.737405770369174,0.0,1
14935,2,2849.83,2,2,1,1784.71,0.0,25,0,0,0.0,26,348,1424.915,965.5,322.0,0,0.0,7.487571374232199,0.0,1
16736,5,2956.56,5,3,0,0.0,0.0,116,1,3,52.05,234,465,591.312,210.0,57.75,0,0.01730034800123645,0.0,0.0,1
16795,3,2062.41,3,3,0,0.0,1454.5900000000001,306,1,2,27.200000000000003,94,412,687.4699999999999,404.6666666666667,159.0,0,0.013016783036068935,-7.28316659569517,0.0,1
14497,2,697.06,2,2,1,475.36999999999995,0.0,40,1,1,17.9,38,402,348.53,166.0,364.0,0,0.02503636567080676,6.166194863206115,0.0,1
14861,9,1254.94,8,7,0,0.0,473.31000000000006,58,1,4,62.33,109,460,139.4377777777778,106.55555555555556,50.142857142857146,0,0.0473175582834195,-6.161861116363577,0.0,1
16212,3,1101.52,3,3,1,498.15000000000003,0.0,61,1,1,9.15,12,399,367.17333333333335,159.33333333333334,193.5,0,0.00823827059342559,6.2129066517824345,0.0,1
17301,1,131.15,1,1,0,0.0,0.0,52,1,0,0.0,353,353,131.15,79.0,,1,0.0,0.0,0.0,1
13764,4,1892.14,3,3,1,499.89000000000004,0.0,195,1,0,0.0,66,371,473.035,359.75,152.5,0,0.0,6.216386516099603,0.0,1
17799,13,4218.47,11,10,3,1010.7100000000002,480.2200000000001,376,1,3,125.14999999999999,48,455,324.4976923076923,188.6153846153846,40.7,0,0.028812373089727002,0.7430727015194796,376.52000000000004,0
16315,2,402.71,2,2,1,226.36999999999998,0.0,21,1,0,0.0,59,265,201.355,71.5,206.0,0,0.0,5.426578646492048,0.0,1
13154,3,1624.8400000000001,3,3,0,0.0,611.86,78,1,1,15.549999999999999,128,464,541.6133333333333,325.3333333333333,168.0,0,0.009479453056895005,-6.418136524860544,0.0,1
17582,4,1271.68,4,4,0,0.0,509.34000000000003,78,1,1,17.0,175,352,317.92,120.0,59.0,0,0.013191793152683364,-6.235077170261532,175.26999999999998,0
14742,1,579.8499999999999,1,1,0,0.0,579.8499999999999,34,1,0,0.0,164,164,579.8499999999999,374.0,,1,0.0,-6.364492547959483,0.0,1
14455,4,617.72,4,3,0,0.0,241.66,65,1,1,30.599999999999998,161,224,154.43,176.5,21.0,0,0.04719891411648568,-5.491661286623727,0.0,1
18241,4,913.9000000000001,4,3,0,0.0,447.6,42,1,1,17.9,144,346,228.47500000000002,105.0,67.33333333333333,0,0.019210130929383985,-6.106131622086108,365.83000000000004,0
17121,1,314.74,1,1,0,0.0,314.74,12,1,0,0.0,131,131,314.74,106.0,,1,0.0,-5.754919090103581,0.0,1
15915,1,364.23999999999995,1,1,0,0.0,364.23999999999995,104,1,0,0.0,130,130,364.23999999999995,413.0,,1,0.0,-5.900554671748139,0.0,1
16012,2,1563.2999999999997,2,2,0,0.0,587.9699999999999,138,1,0,0.0,130,258,781.6499999999999,480.5,128.0,0,0.0,-6.378375248568339,0.0,1
17525,3,1161.9,3,3,1,422.70000000000005,739.2,19,1,0,0.0,88,157,387.3,112.66666666666667,34.5,0,0.0,-0.5578947623195418,0.0,1
17036,1,176.90000000000003,1,1,0,0.0,176.90000000000003,12,1,0,0.0,112,112,176.90000000000003,76.0,,1,0.0,-5.18122159467179,0.0,1
13221,1,498.15999999999997,1,1,1,498.15999999999997,0.0,35,1,0,0.0,88,88,498.15999999999997,153.0,,1,0.0,6.212926685639654,346.7,0
12591,3,1114.9499999999998,3,3,1,368.85,746.0999999999999,62,0,0,0.0,46,137,371.6499999999999,215.0,45.5,0,0.0,-0.7031015269478784,0.0,1
16037,4,1257.7800000000002,4,4,2,603.46,0.0,49,1,2,19.9,33,377,314.44500000000005,144.5,114.66666666666667,0,0.015575104877590628,6.4043354974767395,251.56,0
16897,2,289.78000000000003,2,2,2,289.78000000000003,0.0,37,1,1,76.75,28,42,144.89000000000001,36.5,14.0,0,0.2093962295037241,5.67256696750328,0.0,1
12474,15,5414.04,14,10,4,797.38,2139.9700000000003,210,0,13,207.93,16,395,360.936,232.73333333333332,29.153846153846153,0,0.03698525605792987,-0.9864296017643595,1669.7500000000002,0
14036,1,626.6500000000001,1,1,1,626.6500000000001,0.0,38,1,0,0.0,13,13,626.6500000000001,268.0,,1,0.0,6.441982686264217,0.0,1
16140,2,832.42,2,2,0,0.0,832.42,33,1,0,0.0,100,170,416.21,323.0,70.0,0,0.0,-6.725537716780558,0.0,1
17642,3,1112.2,3,3,0,0.0,463.49,58,1,0,0.0,158,463,370.73333333333335,333.6666666666667,152.5,0,0.0,-6.140940029496855,0.0,1
15326,5,1700.52,5,4,1,311.71,0.0,94,1,5,170.7,62,467,340.104,270.2,101.25,0,0.09122390739731298,5.74527624348556,0.0,1
15384,3,1688.9499999999998,3,3,1,303.56999999999994,1108.8799999999999,77,1,1,6.65,88,321,562.9833333333332,473.0,116.5,0,0.003921915546119368,-1.2931062345662667,0.0,1
18021,2,216.40999999999997,2,1,0,0.0,0.0,32,1,0,0.0,238,241,108.20499999999998,84.0,3.0,0,0.0,0.0,0.0,1
14037,5,801.55,5,5,0,0.0,111.80000000000001,95,1,1,81.0,93,461,160.31,115.6,92.0,0,0.09177950257775763,-4.725616339063959,0.0,1
17257,2,189.78,1,1,0,0.0,189.78,14,1,0,0.0,165,165,94.89,93.5,,1,0.0,-5.251120931717062,0.0,1
16522,2,433.36,2,1,0,0.0,433.36,16,1,0,0.0,164,179,216.68,106.0,15.0,0,0.0,-6.0738736833487,0.0,1
17555,4,760.8799999999999,4,3,1,195.45,414.48,174,1,0,0.0,63,315,190.21999999999997,136.75,84.0,0,0.0,-0.7490265323551419,0.0,1
16414,4,475.76,4,4,1,50.8,192.39000000000001,56,1,0,0.0,9,423,118.94,47.5,138.0,0,0.0,-1.3173187261087702,0.0,1
17717,1,376.92,1,1,0,0.0,376.92,26,1,0,0.0,150,150,376.92,344.0,,1,0.0,-5.934682533008997,0.0,1
13738,1,434.7800000000001,1,1,0,0.0,434.7800000000001,88,1,0,0.0,125,125,434.7800000000001,237.0,,1,0.0,-6.077137528846132,0.0,1
14594,1,255.0,1,1,0,0.0,255.0,31,1,0,0.0,102,102,255.0,146.0,,1,0.0,-5.545177444479562,0.0,1
17211,8,2235.84,8,4,1,182.19,790.6499999999999,141,1,1,27.0,82,455,279.48,164.875,53.285714285714285,0,0.011931908575064962,-1.4635955093500748,474.2300000000001,0
17251,3,798.98,3,3,0,0.0,492.58000000000004,65,1,1,8.7,91,453,266.32666666666665,125.66666666666667,181.0,0,0.01077159270998415,-6.201684953131702,0.0,1
14472,4,1210.24,4,4,3,944.1899999999999,0.0,125,1,0,0.0,14,418,302.56,174.0,134.66666666666666,0,0.0,6.85138596548531,513.02,0
12428,2,4418.02,1,1,2,4418.02,0.0,193,0,0,0.0,12,12,2209.01,1062.5,,1,0.0,8.393673231031338,701.32,0
14645,2,519.9,2,2,1,240.1,0.0,26,1,1,36.650000000000006,4,363,259.95,142.0,359.0,0,0.06585212469679276,5.485211785187126,0.0,1
13428,2,276.75999999999993,1,1,0,0.0,0.0,66,1,0,0.0,243,243,138.37999999999997,102.5,,1,0.0,0.0,0.0,1
13613,5,1039.85,3,3,0,0.0,0.0,50,1,0,0.0,181,389,207.96999999999997,89.0,104.0,0,0.0,0.0,0.0,1
17639,6,615.17,4,3,1,108.5,237.54,59,1,0,0.0,5,212,102.52833333333332,96.0,69.0,0,0.0,-0.7786124618939674,0.0,1
16647,2,327.84000000000003,2,2,0,0.0,183.71,16,1,0,0.0,171,273,163.92000000000002,125.0,102.0,0,0.0,-5.218787027591229,127.75,0
14521,1,199.45,1,1,0,0.0,0.0,17,1,1,31.800000000000004,220,220,199.45,211.0,,1,0.13751351351351354,0.0,0.0,1
16768,6,1220.48,6,6,0,0.0,224.50000000000003,72,1,3,41.0,112,461,203.41333333333333,96.33333333333333,69.8,0,0.03250150616735897,-5.418320158942733,183.24999999999997,0
15734,2,923.8500000000001,2,2,0,0.0,613.2,14,1,0,0.0,165,276,461.92500000000007,85.0,111.0,0,0.0,-6.420320608006722,578.65,0
13717,3,616.3399999999999,3,3,1,298.04999999999995,0.0,41,1,2,2.5,27,214,205.44666666666663,186.66666666666666,93.5,0,0.004039816430741388,5.700610783490566,272.54,0
17306,6,3193.12,6,5,4,2042.0800000000002,1151.04,11,1,1,16.8,5,132,532.1866666666666,946.6666666666666,25.4,0,0.0052337752965806,0.5729241892765389,1153.58,0
14908,1,104.10000000000001,1,1,0,0.0,0.0,5,1,0,0.0,192,192,104.10000000000001,50.0,,1,0.0,0.0,0.0,1
18018,2,175.85000000000002,2,2,0,0.0,175.85000000000002,14,1,1,141.29999999999998,128,149,87.92500000000001,65.5,21.0,0,0.4455305060696831,-5.17530191565149,37.45,0
12875,4,1307.52,4,4,0,0.0,293.76000000000005,2,1,0,0.0,91,426,326.88,1224.0,111.66666666666667,0,0.0,-5.686161465898799,0.0,1
14004,5,2575.83,3,3,1,900.02,1675.81,69,1,0,0.0,17,164,515.1659999999999,227.8,73.5,0,0.0,-0.6211210029291534,0.0,1
12898,2,296.21000000000004,2,2,0,0.0,0.0,27,1,0,0.0,192,388,148.10500000000002,117.5,196.0,0,0.0,0.0,0.0,1
16366,3,1220.83,3,3,0,0.0,0.0,57,1,0,0.0,311,452,406.9433333333333,208.66666666666666,70.5,0,0.0,0.0,0.0,1
15448,2,788.81,2,2,1,494.64,0.0,49,1,0,0.0,41,403,394.405,243.5,362.0,0,0.0,6.2058498567482925,0.0,1
12402,6,1136.8999999999999,6,6,1,195.60000000000002,276.05,42,0,1,12.75,52,399,189.48333333333332,96.0,69.4,0,0.011090331840125256,-0.3430267876002926,0.0,1
16693,3,701.62,3,3,0,0.0,264.09999999999997,98,1,0,0.0,140,385,233.87333333333333,151.66666666666666,122.5,0,0.0,-5.5801071132949795,153.40999999999997,0
16519,3,327.68,3,3,0,0.0,103.7,25,1,0,0.0,94,377,109.22666666666667,40.0,141.5,0,0.0,-4.651099117876491,0.0,1
18001,4,509.01,3,3,0,0.0,231.31,69,1,0,0.0,178,466,127.2525,128.0,144.0,0,0.0,-5.448072686632873,0.0,1
13118,5,1408.53,5,4,1,190.92999999999998,1217.6,68,1,2,21.91,17,168,281.706,104.2,37.75,0,0.015316965409244708,-1.8483272155966066,608.77,0
17420,4,485.6,3,2,0,0.0,485.6,24,1,2,9.9,102,130,121.4,58.5,14.0,0,0.019979818365287588,-6.187442430349423,0.0,1
17999,2,338.40999999999997,2,2,0,0.0,338.40999999999997,77,1,0,0.0,95,107,169.20499999999998,80.5,12.0,0,0.0,-5.827208816125654,0.0,1
13253,3,2397.19,3,3,1,476.47999999999996,946.32,55,1,0,0.0,68,432,799.0633333333334,689.0,182.0,0,0.0,-0.6851146710676961,0.0,1
12742,1,1201.52,1,1,0,0.0,0.0,67,0,1,16.5,354,354,1201.52,1359.0,,1,0.013546575589891792,0.0,0.0,1
14813,4,888.9100000000001,3,3,0,0.0,453.25,110,1,0,0.0,98,339,222.22750000000002,98.0,120.5,0,0.0,-6.11864770727628,0.0,1
12805,4,1230.9499999999998,4,4,0,0.0,413.59999999999997,43,0,0,0.0,110,403,307.73749999999995,145.25,97.66666666666667,0,0.0,-6.027314200001679,0.0,1
14311,1,206.19,1,1,0,0.0,0.0,11,1,0,0.0,296,296,206.19,89.0,,1,0.0,0.0,310.26,0
14136,5,1570.8100000000002,5,5,0,0.0,359.84000000000003,86,1,2,16.85,129,460,314.16200000000003,229.6,82.75,0,0.010613103561215878,-5.888434646788438,0.0,1
15822,5,1394.79,5,5,1,440.20000000000005,0.0,34,1,2,42.349999999999994,88,462,278.95799999999997,147.0,93.5,0,0.02946824943985972,6.089498287379348,0.0,1
15484,2,1061.69,2,2,0,0.0,0.0,53,1,0,0.0,269,463,530.845,462.0,194.0,0,0.0,0.0,0.0,1
13872,3,919.5699999999999,3,3,0,0.0,0.0,51,1,3,28.25,256,454,306.5233333333333,113.0,99.0,0,0.02980523728134034,0.0,0.0,1
17840,1,175.9,1,1,0,0.0,175.9,44,1,0,0.0,172,172,175.9,128.0,,1,0.0,-5.17558460116574,0.0,1
15242,1,302.04,1,1,0,0.0,302.04,4,1,0,0.0,151,151,302.04,196.0,,1,0.0,-5.713864809997713,0.0,1
18062,4,1081.95,4,4,1,169.8,489.4,28,1,3,109.3,66,326,270.4875,154.75,86.66666666666667,0,0.09175236096537251,-1.0547281032675322,316.12,0
15155,1,383.97,1,1,0,0.0,383.97,24,1,0,0.0,112,112,383.97,192.0,,1,0.0,-5.95316540917378,0.0,1
13445,1,241.9,1,1,0,0.0,0.0,7,1,0,0.0,355,355,241.9,198.0,,1,0.0,0.0,0.0,1
14208,1,415.31000000000006,1,1,0,0.0,0.0,25,1,0,0.0,280,280,415.31000000000006,415.0,,1,0.0,0.0,0.0,1
12745,2,723.8499999999999,2,2,0,0.0,0.0,20,1,0,0.0,215,303,361.92499999999995,233.5,88.0,0,0.0,0.0,0.0,1
13254,1,51.410000000000004,1,1,0,0.0,51.410000000000004,4,1,0,0.0,105,105,51.410000000000004,43.0,,1,0.0,-3.959097412814075,0.0,1
14605,4,920.71,3,3,0,0.0,346.34999999999997,87,1,0,0.0,103,460,230.1775,103.75,178.5,0,0.0,-5.85033291713889,0.0,1
16916,3,530.14,3,3,0,0.0,530.14,99,1,0,0.0,101,144,176.71333333333334,106.0,21.5,0,0.0,-6.27502563997546,0.0,1
12489,1,298.93,1,1,1,298.93,0.0,14,0,0,0.0,65,65,298.93,103.0,,1,0.0,5.70354911409641,0.0,1
14672,3,632.87,3,3,1,285.28,0.0,71,1,0,0.0,65,409,210.95666666666668,113.0,172.0,0,0.0,5.656970352870396,480.27,0
17816,3,75.75999999999999,3,3,0,0.0,16.21,35,1,0,0.0,94,453,25.25333333333333,22.0,179.5,0,0.0,-2.845490610223448,5.1,0
18190,4,632.62,4,4,1,171.46,0.0,30,1,1,9.95,59,446,158.155,113.0,129.0,0,0.015484694274553743,5.150165325524179,113.00000000000001,0
16771,8,3330.2400000000002,8,8,3,1639.75,0.0,261,1,0,0.0,4,459,416.28000000000003,231.625,65.0,0,0.0,7.402908733353832,0.0,1
17966,5,865.49,3,3,0,0.0,0.0,33,1,0,0.0,320,419,173.098,269.4,49.5,0,0.0,0.0,283.5,0
16752,1,207.5,1,1,0,0.0,207.5,9,1,0,0.0,101,101,207.5,54.0,,1,0.0,-5.339939041238856,0.0,1
13197,1,373.01,1,1,0,0.0,0.0,19,1,0,0.0,338,338,373.01,204.0,,1,0.0,0.0,0.0,1
13143,1,405.1,1,1,0,0.0,0.0,23,1,1,5.9,313,313,405.1,198.0,,1,0.014355231143552312,0.0,0.0,1
17356,5,946.47,5,5,1,178.21999999999997,0.0,73,1,0,0.0,40,417,189.294,185.0,94.25,0,0.0,5.188614101456073,0.0,1
18255,1,199.84999999999997,1,1,0,0.0,0.0,13,1,0,0.0,185,185,199.84999999999997,127.0,,1,0.0,0.0,0.0,1
14510,3,979.8499999999999,2,2,0,0.0,979.8499999999999,67,1,1,15.299999999999999,104,165,326.6166666666666,264.3333333333333,61.0,0,0.015374566648243984,-6.888419542675394,0.0,1
17467,1,102.6,1,1,0,0.0,102.6,4,1,0,0.0,124,124,102.6,20.0,,1,0.0,-4.640537329825382,0.0,1
16911,2,255.25000000000003,2,2,0,0.0,0.0,30,1,1,3.9,364,390,127.62500000000001,80.5,26.0,0,0.015049199305421567,0.0,0.0,1
16845,1,253.88,1,1,0,0.0,0.0,20,1,0,0.0,347,347,253.88,167.0,,1,0.0,0.0,0.0,1
15873,4,313.92,2,1,0,0.0,0.0,3,1,1,175.68,228,229,78.48,288.0,1.0,0,0.3588235294117647,0.0,0.0,1
15110,3,679.4000000000001,3,3,1,169.65,208.1,17,1,1,8.5,47,214,226.4666666666667,53.333333333333336,83.5,0,0.012356447158017153,-0.20319793108187234,0.0,1
14226,1,770.34,1,1,0,0.0,770.34,31,1,1,4.2,170,170,770.34,418.0,,1,0.005422573398404214,-6.648129262090512,1691.9999999999998,0
15709,2,327.85,2,2,1,133.25,0.0,26,1,0,0.0,12,318,163.925,84.5,306.0,0,0.0,4.899703733388974,0.0,1
13297,3,2278.77,3,3,0,0.0,1622.2,58,1,1,15.95,114,271,759.59,577.0,78.5,0,0.006950739087993306,-7.392154788511605,0.0,1
14875,1,1397.08,1,1,0,0.0,1397.08,42,1,1,4.25,170,170,1397.08,774.0,,1,0.0030328330942747247,-7.242855145763071,362.00000000000006,0
16490,1,205.41,1,1,0,0.0,205.41,13,1,1,26.25,165,165,205.41,113.0,,1,0.11331261331261332,-5.329864482046166,0.0,1
14197,1,390.05000000000007,1,1,0,0.0,390.05000000000007,20,1,0,0.0,139,139,390.05000000000007,143.0,,1,0.0,-5.968835429047621,0.0,1
14053,2,312.05,2,2,0,0.0,141.25,3,1,0,0.0,126,215,156.025,137.5,89.0,0,0.0,-4.95758607300644,0.0,1
12774,1,83.7,1,1,0,0.0,0.0,5,0,0,0.0,264,264,83.7,52.0,,1,0.0,0.0,0.0,1
15397,1,94.0,1,1,1,94.0,0.0,6,1,0,0.0,18,18,94.0,20.0,,1,0.0,4.553876891600541,0.0,1
14421,4,1656.26,4,3,0,0.0,0.0,57,1,1,12.75,241,420,414.065,244.25,59.666666666666664,0,0.007639259201562603,0.0,455.18,0
13259,8,1115.6100000000001,6,5,0,0.0,314.05,180,1,0,0.0,126,427,139.45125000000002,47.0,60.2,0,0.0,-5.752731356388065,0.0,1
17952,4,788.4599999999999,2,2,0,0.0,428.34999999999997,85,1,0,0.0,107,270,197.11499999999998,119.25,163.0,0,0.0,-6.0622724371184935,0.0,1
12475,1,396.26,1,1,0,0.0,396.26,24,0,0,0.0,138,138,396.26,234.0,,1,0.0,-5.9845909781648094,0.0,1
17423,1,420.54,1,1,0,0.0,420.54,17,1,0,0.0,122,122,420.54,331.0,,1,0.0,-6.043914672108901,449.41999999999996,0
17849,6,803.0600000000001,5,5,2,345.1,0.0,21,1,0,0.0,34,364,133.84333333333333,24.0,82.5,0,0.0,5.846727750641299,260.70000000000005,0
16381,2,247.84999999999997,2,2,0,0.0,247.84999999999997,60,1,0,0.0,124,147,123.92499999999998,54.0,23.0,0,0.0,-5.516850305304563,0.0,1
15276,3,491.1700000000001,2,2,0,0.0,491.1700000000001,115,1,1,18.5,123,163,163.72333333333336,85.33333333333333,40.0,0,0.03629799674299056,-6.198824185266384,0.0,1
13527,6,2409.38,6,5,1,110.45,523.5500000000001,157,1,1,9.95,55,416,401.56333333333333,180.66666666666666,72.2,0,0.004112708890477942,-1.548964692345617,475.19,0
16716,2,1982.88,2,2,1,734.4000000000001,0.0,7,1,1,581.4,40,359,991.44,444.0,319.0,0,0.2267303102625298,6.600414568867172,166.8,0
14588,1,135.39,1,1,0,0.0,0.0,16,1,0,0.0,307,307,135.39,62.0,,1,0.0,0.0,0.0,1
16812,4,2392.0,4,2,1,479.35,1912.65,98,1,1,175.2,89,111,598.0,279.0,7.333333333333333,0,0.06824555936428794,-1.382252687321757,0.0,1
15114,3,898.6099999999999,3,3,1,259.05,639.56,50,1,0,0.0,30,150,299.53666666666663,205.0,60.0,0,0.0,-0.9014688735452969,768.2,0
16547,1,104.25999999999999,1,1,0,0.0,0.0,25,1,0,0.0,275,275,104.25999999999999,108.0,,1,0.0,0.0,0.0,1
15488,4,340.6,4,3,0,0.0,0.0,8,1,0,0.0,185,312,85.15,44.5,42.333333333333336,0,0.0,0.0,0.0,1
14205,7,1947.4999999999995,6,6,0,0.0,608.1,65,1,2,257.90000000000003,123,371,278.21428571428567,162.57142857142858,49.6,0,0.1169402375986216,-6.411982457842439,222.89999999999998,0
17155,5,640.7600000000001,5,4,0,0.0,0.0,31,1,0,0.0,256,465,128.15200000000002,149.0,52.25,0,0.0,0.0,0.0,1
18052,1,10877.180000000002,1,1,0,0.0,0.0,16,1,0,0.0,293,293,10877.180000000002,17766.0,,1,0.0,0.0,0.0,1
13338,3,1908.6,3,3,0,0.0,0.0,100,1,3,116.8,270,432,636.1999999999999,298.0,81.0,0,0.05766762121062506,0.0,0.0,1
13337,1,1575.26,1,1,0,0.0,0.0,87,1,1,25.2,275,275,1575.26,980.0,,1,0.015745473176461765,0.0,0.0,1
13125,1,148.62,1,1,0,0.0,0.0,20,1,0,0.0,252,252,148.62,53.0,,1,0.0,0.0,0.0,1
13320,2,679.4,2,2,0,0.0,372.8,37,1,1,10.15,163,207,339.7,211.5,44.0,0,0.014719744761076065,-5.923720895021463,508.61,0
14891,2,552.3499999999999,2,2,0,0.0,552.3499999999999,29,1,0,0.0,145,165,276.17499999999995,141.5,20.0,0,0.0,-6.315990712710795,449.37999999999994,0
15865,2,1346.29,2,2,0,0.0,639.7399999999999,86,1,0,0.0,142,432,673.145,386.5,290.0,0,0.0,-6.4626237584115085,313.93,0
16024,2,232.96,1,1,0,0.0,232.96,21,1,0,0.0,140,140,116.48,53.5,,1,0.0,-5.455150160574825,0.0,1
13303,1,61.72,1,1,0,0.0,61.72,4,1,0,0.0,129,129,61.72,26.0,,1,0.0,-4.138680376042152,0.0,1
13691,1,210.77999999999997,1,1,0,0.0,210.77999999999997,53,1,0,0.0,125,125,210.77999999999997,144.0,,1,0.0,-5.355548000002308,0.0,1
13464,5,2422.96,4,4,0,0.0,1708.8,95,1,1,13.75,123,347,484.592,207.4,74.66666666666667,0,0.005642854504639453,-7.444131683592134,0.0,1
14922,2,843.74,2,2,0,0.0,303.45000000000005,49,1,0,0.0,122,236,421.87,188.0,114.0,0,0.0,-5.718506870054584,0.0,1
17881,1,133.35,1,1,1,133.35,0.0,8,1,0,0.0,33,33,133.35,32.0,,1,0.0,4.9004483350615,0.0,1
14659,2,774.97,2,2,2,774.97,0.0,57,1,1,53.5,26,44,387.485,183.5,18.0,0,0.06457687061692034,6.654113859642095,606.7900000000001,0
13636,1,154.5,1,1,1,154.5,0.0,11,1,0,0.0,14,14,154.5,65.0,,1,0.0,5.0466457316192885,386.95000000000005,0
17825,4,701.96,2,2,0,0.0,0.0,24,1,0,0.0,327,454,175.49,129.0,127.0,0,0.0,0.0,0.0,1
14877,2,425.85,2,2,0,0.0,219.14999999999998,57,1,0,0.0,147,371,212.925,84.0,224.0,0,0.0,-5.394309132201763,0.0,1
15289,2,653.3100000000001,2,2,0,0.0,0.0,33,1,1,17.700000000000003,187,350,326.65500000000003,309.5,163.0,0,0.026378146376358026,0.0,375.45,0
17464,2,617.18,2,2,0,0.0,0.0,28,1,1,90.6,251,348,308.59,194.0,97.0,0,0.12800587753256662,0.0,0.0,1
16117,2,422.19,2,2,0,0.0,288.69,46,1,1,4.35,131,320,211.095,95.5,189.0,0,0.010198340132226754,-5.668811385712148,232.21,0
15718,1,293.79,1,1,0,0.0,0.0,18,1,0,0.0,269,269,293.79,95.0,,1,0.0,0.0,0.0,1
13627,3,918.6199999999999,3,3,1,311.19,0.0,56,1,1,13.9,86,369,306.20666666666665,186.66666666666666,141.5,0,0.014905846523398965,5.7436119768188165,294.73,0
13653,1,152.2,1,1,0,0.0,0.0,9,1,0,0.0,216,216,152.2,72.0,,1,0.0,0.0,0.0,1
15074,2,817.4599999999999,2,2,0,0.0,457.79999999999995,31,1,0,0.0,158,196,408.72999999999996,304.0,38.0,0,0.0,-6.128614385255216,0.0,1
15560,2,153.51999999999998,1,1,0,0.0,153.51999999999998,10,1,0,0.0,126,126,76.75999999999999,36.0,,1,0.0,-5.040323537798081,0.0,1
16573,1,292.63,1,1,1,292.63,0.0,16,1,1,10.25,19,19,292.63,111.0,,1,0.033841785525620706,5.682320471356869,0.0,1
16475,1,310.0,1,1,1,310.0,0.0,20,1,0,0.0,2,2,310.0,192.0,,1,0.0,5.739792912179234,0.0,1
15265,2,1839.52,2,2,0,0.0,0.0,109,1,0,0.0,333,467,919.76,479.0,134.0,0,0.0,0.0,712.24,0
13175,2,831.4499999999999,2,2,0,0.0,0.0,40,1,2,38.35,311,464,415.72499999999997,211.5,153.0,0,0.04409059553920442,0.0,0.0,1
13820,3,652.75,3,3,0,0.0,266.23,68,1,2,20.25,147,409,217.58333333333334,95.0,131.0,0,0.030089153046062408,-5.588109710809176,0.0,1
17020,2,935.62,2,2,0,0.0,0.0,64,1,0,0.0,271,375,467.81,430.0,104.0,0,0.0,0.0,0.0,1
18187,1,724.89,1,1,0,0.0,0.0,48,1,2,42.7,360,360,724.89,310.0,,1,0.05562865592308394,0.0,0.0,1
15573,3,597.23,3,3,0,0.0,0.0,104,1,0,0.0,347,458,199.07666666666668,138.33333333333334,55.5,0,0.0,0.0,0.0,1
13632,3,1526.88,3,3,0,0.0,644.8900000000001,63,1,1,9.2,123,340,508.96000000000004,200.66666666666666,108.5,0,0.005989271392114993,-6.470629210645778,610.69,0
13292,4,665.14,4,4,1,249.56999999999996,71.22,41,1,1,6.72,13,255,166.285,79.0,80.66666666666667,0,0.010002083767451552,1.2440213067569745,0.0,1
17921,6,1574.1299999999999,6,4,0,0.0,517.25,148,1,2,40.15,108,241,262.35499999999996,94.33333333333333,26.6,0,0.024871769457590998,-6.2504577513158885,278.07,0
17615,3,392.2,3,3,0,0.0,269.5,35,1,1,7.5,116,214,130.73333333333332,79.33333333333333,49.0,0,0.018764073054791094,-5.600272098286537,272.3,0
16044,1,340.84,1,1,0,0.0,340.84,19,1,0,0.0,164,164,340.84,170.0,,1,0.0,-5.83434279133577,0.0,1
14319,1,494.8500000000001,1,1,0,0.0,494.8500000000001,26,1,1,17.9,153,153,494.8500000000001,329.0,,1,0.0349098000975134,-6.206273461632135,0.0,1
15138,1,502.52000000000004,1,1,0,0.0,502.52000000000004,31,1,1,15.93,122,122,502.52000000000004,300.0,,1,0.030726203105410355,-6.221623433316097,0.0,1
18101,3,399.61,3,2,0,0.0,287.11,62,1,0,0.0,103,403,133.20333333333335,53.333333333333336,150.0,0,0.0,-5.663342351658178,0.0,1
13550,1,342.55000000000007,1,1,0,0.0,342.55000000000007,40,1,0,0.0,112,112,342.55000000000007,430.0,,1,0.0,-5.839332661477085,0.0,1
18011,2,410.79,2,2,0,0.0,102.79,63,1,0,0.0,102,296,205.395,62.5,194.0,0,0.0,-4.642369626977198,0.0,1
17744,4,1335.1399999999999,4,3,3,1008.3999999999999,326.74,54,1,0,0.0,51,109,333.78499999999997,434.0,19.333333333333332,0,0.0,1.124890762788084,280.55999999999995,0
13932,1,307.4,1,1,1,307.4,0.0,16,1,0,0.0,23,23,307.4,72.0,,1,0.0,5.731397641689174,0.0,1
15087,1,306.94000000000005,1,1,1,306.94000000000005,0.0,15,1,0,0.0,10,10,306.94000000000005,470.0,,1,0.0,5.7299049588017725,0.0,1
16136,2,396.72,2,2,1,159.3,0.0,17,1,1,25.72,6,392,198.36,150.0,386.0,0,0.06088438594830034,5.0770470596155075,0.0,1
16014,3,707.0799999999999,3,3,1,253.63000000000002,206.52999999999997,168,1,0,0.0,20,406,235.6933333333333,102.0,193.0,0,0.0,0.2045356035412711,0.0,1
12703,3,632.9799999999999,3,2,0,0.0,0.0,43,0,2,87.5,362,413,210.9933333333333,142.0,25.5,0,0.12144681323562072,0.0,0.0,1
17217,1,96.6,1,1,0,0.0,0.0,18,1,0,0.0,348,348,96.6,69.0,,1,0.0,0.0,113.5,0
15742,1,156.87,1,1,0,0.0,0.0,41,1,0,0.0,348,348,156.87,51.0,,1,0.0,0.0,0.0,1
14683,1,146.56,1,1,0,0.0,0.0,21,1,0,0.0,317,317,146.56,386.0,,1,0.0,0.0,0.0,1
13974,1,264.13,1,1,0,0.0,0.0,15,1,2,14.2,311,311,264.13,107.0,,1,0.05101857507275536,0.0,0.0,1
12499,1,357.72,1,1,0,0.0,0.0,26,0,0,0.0,289,289,357.72,300.0,,1,0.0,0.0,0.0,1
16925,1,125.64999999999999,1,1,0,0.0,0.0,18,1,0,0.0,269,269,125.64999999999999,123.0,,1,0.0,0.0,0.0,1
12346,3,77352.96,3,3,1,77183.6,0.0,25,1,1,77183.6,54,376,25784.320000000003,24746.333333333332,161.0,0,0.4994520390514711,11.253955234248428,0.0,1
14774,1,241.45000000000002,1,1,0,0.0,0.0,13,1,0,0.0,257,257,241.45000000000002,99.0,,1,0.0,0.0,0.0,1
17156,1,591.8699999999999,1,1,0,0.0,0.0,39,1,1,19.8,220,220,591.8699999999999,391.0,,1,0.032370395801657764,0.0,0.0,1
17212,2,567.56,2,2,0,0.0,0.0,25,1,0,0.0,187,215,283.78,290.0,28.0,0,0.0,0.0,226.85,0
14065,3,891.02,3,2,0,0.0,891.02,42,1,1,1.65,118,160,297.00666666666666,194.0,21.0,0,0.001848387422003652,-6.793488553853314,0.0,1
12699,1,566.1100000000001,1,1,0,0.0,566.1100000000001,40,0,0,0.0,146,146,566.1100000000001,369.0,,1,0.0,-6.340553288438838,0.0,1
15011,2,416.6,2,2,0,0.0,416.6,17,1,0,0.0,124,145,208.3,144.5,21.0,0,0.0,-6.034524036568429,0.0,1
14181,2,308.35,2,2,0,0.0,94.45,48,1,0,0.0,139,291,154.175,60.0,152.0,0,0.0,-4.558602550171757,0.0,1
12892,1,263.38,1,1,0,0.0,263.38,18,1,0,0.0,125,125,263.38,140.0,,1,0.0,-5.577387462151254,0.0,1
13187,4,328.35999999999996,2,2,1,236.01999999999998,0.0,50,1,1,18.7,66,353,82.08999999999999,70.75,287.0,0,0.05388117328415837,5.4681445257603025,0.0,1
17845,4,596.09,2,2,0,0.0,0.0,42,1,0,0.0,284,305,149.0225,48.75,21.0,0,0.0,0.0,0.0,1
14840,1,299.86,1,1,0,0.0,0.0,18,1,1,22.5,268,268,299.86,148.0,,1,0.06979774165529222,0.0,62.85,0
17988,7,349.56,7,4,1,64.99,0.0,91,1,0,0.0,55,461,49.93714285714286,21.428571428571427,67.66666666666667,0,0.0,4.18950321539533,0.0,1
15730,2,605.7,2,2,0,0.0,605.7,40,1,1,5.9,110,160,302.85,186.0,50.0,0,0.009646827992151734,-6.408034434948252,467.42999999999995,0
14168,2,370.45,2,2,0,0.0,67.5,11,1,1,64.55,149,293,185.225,73.5,144.0,0,0.14839080459770115,-4.22683374526818,0.0,1
18243,1,515.78,1,1,0,0.0,515.78,26,1,0,0.0,143,143,515.78,221.0,,1,0.0,-6.247617252029137,0.0,1
14932,2,566.13,2,2,0,0.0,566.13,28,0,0,0.0,94,114,283.065,127.5,20.0,0,0.0,-6.340588554343765,0.0,1
13124,2,2141.65,2,2,1,1256.3200000000002,885.3299999999998,99,1,0,0.0,88,114,1070.825,774.5,26.0,0,0.0,0.349648408819637,1260.15,0
14458,1,219.26999999999998,1,1,0,0.0,219.26999999999998,45,1,0,0.0,109,109,219.26999999999998,309.0,,1,0.0,-5.394854066596066,0.0,1
15902,1,145.01,1,1,0,0.0,145.01,18,1,0,0.0,109,109,145.01,124.0,,1,0.0,-4.983675112513472,0.0,1
17341,3,1006.5300000000001,2,2,0,0.0,416.61,180,1,0,0.0,95,269,335.51000000000005,211.33333333333334,174.0,0,0.0,-6.034547982641873,0.0,1
17917,1,107.16,1,1,0,0.0,107.16,28,1,0,0.0,91,91,107.16,55.0,,1,0.0,-4.683611612294654,119.55000000000001,0
12990,5,643.5,5,5,1,97.5,273.0,6,1,0,0.0,39,348,128.7,66.0,77.25,0,0.0,-1.0230715582100274,166.4,0
17993,1,225.99,1,1,0,0.0,0.0,60,1,0,0.0,346,346,225.99,108.0,,1,0.0,0.0,0.0,1
13895,2,1415.45,2,2,0,0.0,0.0,67,1,1,79.95,244,465,707.725,347.5,221.0,0,0.05346395613213856,0.0,0.0,1
16622,1,225.39999999999998,1,1,0,0.0,0.0,12,1,1,19.8,272,272,225.39999999999998,44.0,,1,0.08075040783034258,0.0,0.0,1
14024,1,318.04,1,1,0,0.0,318.04,18,1,0,0.0,119,119,318.04,88.0,,1,0.0,-5.765316486773473,0.0,1
16545,1,350.52,1,1,0,0.0,350.52,5,1,0,0.0,104,104,350.52,244.0,,1,0.0,-5.8622666086363004,0.0,1
14403,2,404.69999999999993,2,2,0,0.0,0.0,4,1,2,8.25,318,368,202.34999999999997,109.0,50.0,0,0.01997820559389757,0.0,976.0100000000001,0
15617,3,828.55,3,3,0,0.0,623.3999999999999,41,1,0,0.0,125,236,276.18333333333334,161.66666666666666,55.5,0,0.0,-6.436791188641277,0.0,1
17598,1,409.98,1,1,0,0.0,409.98,10,1,0,0.0,110,110,409.98,126.0,,1,0.0,-6.018544551511725,0.0,1
13405,4,801.41,4,4,1,160.05,0.0,16,1,3,17.25,46,453,200.3525,181.75,135.66666666666666,0,0.02107101849363594,5.081714875777208,397.4,0
13070,3,522.9,3,3,0,0.0,0.0,11,1,1,7.8,188,461,174.29999999999998,87.33333333333333,136.5,0,0.014697569248162805,0.0,228.8,0
18174,1,58.5,1,1,0,0.0,0.0,1,1,0,0.0,332,332,58.5,30.0,,1,0.0,0.0,0.0,1
15851,1,109.73,1,1,0,0.0,0.0,8,1,0,0.0,255,255,109.73,67.0,,1,0.0,0.0,0.0,1
16159,4,1232.7900000000002,4,4,1,348.2,0.0,31,1,1,2.5,10,465,308.19750000000005,158.75,151.66666666666666,0,0.0020238162698637562,5.855644823965447,0.0,1
13096,1,419.70000000000005,1,1,0,0.0,419.70000000000005,1,1,0,0.0,123,123,419.70000000000005,6.0,,1,0.0,-6.041919990596475,0.0,1
13172,1,69.6,1,1,0,0.0,69.6,1,1,0,0.0,129,129,69.6,48.0,,1,0.0,-4.257030144499196,0.0,1
18275,2,741.8499999999999,2,2,0,0.0,0.0,19,1,0,0.0,307,460,370.92499999999995,208.5,153.0,0,0.0,0.0,0.0,1
17587,1,173.76,1,1,0,0.0,0.0,41,1,0,0.0,357,357,173.76,66.0,,1,0.0,0.0,0.0,1
15613,1,433.72,1,1,0,0.0,0.0,27,1,0,0.0,339,339,433.72,700.0,,1,0.0,0.0,0.0,1
16328,1,310.83000000000004,1,1,0,0.0,0.0,16,1,0,0.0,292,292,310.83000000000004,141.0,,1,0.0,0.0,0.0,1
13766,1,190.35000000000002,1,1,0,0.0,0.0,16,1,0,0.0,224,224,190.35000000000002,137.0,,1,0.0,0.0,0.0,1
14008,1,509.0399999999999,1,1,0,0.0,509.0399999999999,32,1,1,15.299999999999999,161,161,509.0399999999999,326.0,,1,0.02917953999313423,-6.234489154015341,0.0,1
14294,1,375.34,1,1,0,0.0,375.34,23,1,0,0.0,136,136,375.34,190.0,,1,0.0,-5.930492990116498,0.0,1
16018,2,289.22999999999996,2,2,0,0.0,93.45,26,1,0,0.0,125,461,144.61499999999998,156.5,336.0,0,0.0,-4.548070593947519,0.0,1
15303,3,1224.1799999999998,3,3,1,574.02,0.0,63,1,1,45.4,19,412,408.05999999999995,171.33333333333334,196.5,0,0.03575985759069929,6.354404822801145,0.0,1
15872,2,413.0,2,2,0,0.0,293.96000000000004,70,1,0,0.0,107,279,206.5,140.0,172.0,0,0.0,-5.686839753925889,0.0,1
12634,1,359.99999999999994,1,1,0,0.0,0.0,19,0,0,0.0,277,277,359.99999999999994,336.0,,1,0.0,0.0,0.0,1
14020,2,606.21,2,2,0,0.0,0.0,29,1,1,35.75,205,258,303.105,103.5,53.0,0,0.055688827964359144,0.0,0.0,1
18079,1,590.78,1,1,0,0.0,0.0,13,1,0,0.0,220,220,590.78,1383.0,,1,0.0,0.0,1612.8300000000002,0
17872,1,235.86999999999998,1,1,0,0.0,235.86999999999998,15,1,0,0.0,110,110,235.86999999999998,176.0,,1,0.0,-5.46751146743449,0.0,1
16187,2,675.9000000000001,1,1,2,675.9000000000001,0.0,31,1,0,0.0,13,13,337.95000000000005,185.5,,1,0.0,6.517523551514562,1888.74,0
18091,1,360.8499999999999,1,1,0,0.0,0.0,25,1,0,0.0,322,322,360.8499999999999,539.0,,1,0.0,0.0,0.0,1
13501,3,2885.11,3,3,1,1340.3200000000002,0.0,90,0,1,15.0,17,299,961.7033333333334,417.6666666666667,141.0,0,0.0051722176055391,7.201409482704207,0.0,1
18124,1,102.65,1,1,0,0.0,0.0,20,1,0,0.0,201,201,102.65,47.0,,1,0.0,0.0,0.0,1
17366,2,1077.24,2,2,0,0.0,593.75,120,1,1,1.65,161,185,538.62,252.0,24.0,0,0.0015293496093206904,-6.388141149183067,0.0,1
12379,2,692.98,2,2,0,0.0,370.5,36,0,0,0.0,151,263,346.49,201.5,112.0,0,0.0,-5.917548864157814,0.0,1
18034,1,334.6700000000001,1,1,0,0.0,334.6700000000001,96,1,0,0.0,104,104,334.6700000000001,391.0,,1,0.0,-5.816128534487739,0.0,1
15460,1,214.25999999999996,1,1,1,214.25999999999996,0.0,53,1,0,0.0,83,83,214.25999999999996,107.0,,1,0.0,5.371846599836152,0.0,1
13038,1,395.1,1,1,1,395.1,0.0,15,1,0,0.0,19,19,395.1,186.0,,1,0.0,5.981666704627871,196.66000000000003,0
13699,1,455.56999999999994,1,1,0,0.0,0.0,23,1,1,52.75,279,279,455.56999999999994,153.0,,1,0.10377321372363867,0.0,0.0,1
16886,1,134.0,1,1,0,0.0,0.0,8,1,1,134.0,185,185,134.0,48.0,,1,0.5,0.0,0.0,1
12543,1,840.2500000000001,1,1,0,0.0,840.2500000000001,42,0,0,0.0,177,177,840.2500000000001,683.0,,1,0.0,-6.734888880958938,0.0,1
13073,2,418.08000000000004,2,2,0,0.0,418.08000000000004,25,1,0,0.0,140,166,209.04000000000002,130.5,26.0,0,0.0,-6.038061832484765,0.0,1
13891,3,859.21,3,3,0,0.0,460.81,97,1,0,0.0,107,311,286.40333333333336,158.66666666666666,102.0,0,0.0,-6.1351535510817845,0.0,1
15634,1,311.1,1,1,0,0.0,311.1,19,1,0,0.0,112,112,311.1,128.0,,1,0.0,-5.743323649276734,0.0,1
14048,3,748.69,2,2,1,409.93,338.76,126,1,1,34.8,34,111,249.56333333333336,155.66666666666666,77.0,0,0.04441664858517658,0.19018339768404768,0.0,1
12574,1,182.45000000000002,1,1,1,182.45000000000002,0.0,10,0,0,0.0,44,44,182.45000000000002,59.0,,1,0.0,5.211942150801291,0.0,1
13326,1,281.76,1,1,0,0.0,281.76,13,1,0,0.0,161,161,281.76,140.0,,1,0.0,-5.644598481302753,0.0,1
16777,3,1069.56,3,3,0,0.0,809.79,86,1,1,30.75,142,361,356.52,136.0,109.5,0,0.027946669574937973,-6.698009081004007,173.52,0
16962,1,251.04,1,1,0,0.0,251.04,15,1,0,0.0,138,138,251.04,158.0,,1,0.0,-5.529587805073855,0.0,1
12403,1,555.6600000000001,1,1,0,0.0,0.0,3,0,0,0.0,250,250,555.6600000000001,162.0,,1,0.0,0.0,0.0,1
13748,5,1320.1000000000001,5,4,0,0.0,1147.0,22,1,0,0.0,102,467,264.02000000000004,133.8,91.25,0,0.0,-7.045776576879511,376.85,0
16417,1,35.7,1,1,0,0.0,0.0,1,1,0,0.0,221,221,35.7,6.0,,1,0.0,0.0,0.0,1
14314,1,109.80000000000001,1,1,0,0.0,109.80000000000001,2,1,1,7.9,159,159,109.80000000000001,36.0,,1,0.06711979609175871,-4.707726774313183,0.0,1
15729,2,107.55000000000001,2,1,0,0.0,107.55000000000001,5,1,1,14.850000000000001,129,132,53.775000000000006,9.5,3.0,0,0.1213235294117647,-4.687210896324301,85.0,0
12983,1,490.08000000000004,1,1,0,0.0,0.0,30,1,0,0.0,327,327,490.08000000000004,638.0,,1,0.0,0.0,0.0,1
18123,1,92.2,1,1,0,0.0,0.0,22,1,0,0.0,242,242,92.2,34.0,,1,0.0,0.0,0.0,1
17132,2,1220.9099999999999,2,2,0,0.0,0.0,62,1,0,0.0,181,217,610.4549999999999,481.5,36.0,0,0.0,0.0,0.0,1
13795,4,836.3000000000001,4,4,0,0.0,403.95,23,1,0,0.0,117,366,209.07500000000002,312.5,83.0,0,0.0,-6.003763602694999,0.0,1
17084,1,2253.2200000000003,1,1,0,0.0,2253.2200000000003,132,1,1,3.25,125,125,2253.2200000000003,1476.0,,1,0.0014403027738015572,-7.720559294095831,0.0,1
16349,1,53.5,1,1,1,53.5,0.0,9,1,0,0.0,19,19,53.5,9.0,,1,0.0,3.9982007016691985,0.0,1
15308,1,310.46999999999997,1,1,1,310.46999999999997,0.0,19,1,0,0.0,3,3,310.46999999999997,175.0,,1,0.0,5.741303025403381,0.0,1
12505,1,787.1999999999998,1,1,0,0.0,787.1999999999998,41,0,1,42.7,137,137,787.1999999999998,318.0,,1,0.0514519821665261,-6.669751864760903,0.0,1
13459,2,1160.41,2,2,0,0.0,0.0,57,1,0,0.0,353,411,580.205,493.0,58.0,0,0.0,0.0,0.0,1
16507,1,142.70999999999998,1,1,0,0.0,0.0,37,1,0,0.0,301,301,142.70999999999998,111.0,,1,0.0,0.0,0.0,1
14797,1,300.31,1,1,0,0.0,0.0,16,1,0,0.0,236,236,300.31,99.0,,1,0.0,0.0,0.0,1
12834,1,312.38000000000005,1,1,1,312.38000000000005,0.0,18,1,0,0.0,11,11,312.38000000000005,110.0,,1,0.0,5.7474165116762626,0.0,1
16294,1,126.05,1,1,0,0.0,0.0,8,1,0,0.0,205,205,126.05,54.0,,1,0.0,0.0,0.0,1
15710,1,898.8699999999999,1,1,0,0.0,898.8699999999999,110,1,0,0.0,146,146,898.8699999999999,641.0,,1,0.0,-6.802250308446763,0.0,1
18043,1,287.90999999999997,1,1,0,0.0,287.90999999999997,59,1,0,0.0,95,95,287.90999999999997,157.0,,1,0.0,-5.666115220926443,133.68,0
15139,1,122.1,1,1,1,122.1,0.0,8,1,0,0.0,65,65,122.1,102.0,,1,0.0,4.812997033190408,56.86,0
16566,1,94.89999999999999,1,1,1,94.89999999999999,0.0,2,1,0,0.0,21,21,94.89999999999999,14.0,,1,0.0,4.563305981889393,185.22000000000003,0
15210,2,845.01,2,2,0,0.0,543.09,46,1,0,0.0,107,304,422.505,306.5,197.0,0,0.0,-6.299114674348531,331.17999999999995,0
14985,1,119.77000000000001,1,1,1,119.77000000000001,0.0,45,1,0,0.0,87,87,119.77000000000001,85.0,,1,0.0,4.793887910287284,172.23999999999998,0
16772,3,3698.05,3,3,0,0.0,1696.95,54,1,2,937.9499999999999,152,450,1232.6833333333334,229.0,149.0,0,0.2023188093183779,-7.4371769200302005,0.0,1
12746,1,254.55,1,1,0,0.0,0.0,17,1,2,23.700000000000003,269,269,254.55,97.0,,1,0.08517520215633424,0.0,0.0,1
16252,1,295.09000000000003,1,1,0,0.0,295.09000000000003,21,1,1,295.09000000000003,111,111,295.09000000000003,158.0,,1,0.5,-5.690663462163048,0.0,1
16737,1,417.59999999999997,1,1,0,0.0,0.0,1,1,0,0.0,306,306,417.59999999999997,288.0,,1,0.0,0.0,0.0,1
13438,1,46.5,1,1,0,0.0,0.0,1,1,0,0.0,276,276,46.5,10.0,,1,0.0,0.0,0.0,1
13386,2,835.46,2,2,0,0.0,835.46,24,1,0,0.0,143,166,417.73,257.0,23.0,0,0.0,-6.729178700993051,0.0,1
14148,1,309.09000000000003,1,1,0,0.0,309.09000000000003,14,1,0,0.0,143,143,309.09000000000003,207.0,,1,0.0,-5.736862577924392,157.2,0
18032,1,73.5,1,1,1,73.5,0.0,5,1,0,0.0,63,63,73.5,42.0,,1,0.0,4.310799125385514,0.0,1
16695,2,191.9,1,1,0,0.0,0.0,30,1,0,0.0,290,290,95.95,92.0,,1,0.0,0.0,0.0,1
15871,1,33.099999999999994,1,1,0,0.0,33.099999999999994,5,1,0,0.0,166,166,33.099999999999994,5.0,,1,0.0,-3.529297384289471,0.0,1
17678,1,301.65,1,1,0,0.0,0.0,12,1,1,19.95,332,332,301.65,161.0,,1,0.062033582089552244,0.0,298.11,0
17248,1,181.89000000000001,1,1,0,0.0,0.0,34,1,0,0.0,210,210,181.89000000000001,63.0,,1,0.0,0.0,0.0,1
12942,1,258.75,1,1,0,0.0,258.75,16,1,0,0.0,94,94,258.75,69.0,,1,0.0,-5.5597196299793366,137.77,0
17556,1,142.77,1,1,0,0.0,142.77,8,1,0,0.0,108,108,142.77,83.0,,1,0.0,-4.9682148004345015,157.9,0
12821,1,128.08,1,1,0,0.0,0.0,7,1,0,0.0,340,340,128.08,92.0,,1,0.0,0.0,92.72,0
13165,2,784.3199999999999,2,2,1,354.64,429.68,20,1,0,0.0,80,142,392.15999999999997,428.0,62.0,0,0.0,-0.19144637169457823,0.0,1
14435,1,90.42,1,1,0,0.0,0.0,3,1,0,0.0,230,230,90.42,282.0,,1,0.0,0.0,0.0,1
15041,1,109.05000000000001,1,1,0,0.0,109.05000000000001,34,1,0,0.0,173,173,109.05000000000001,89.0,,1,0.0,-4.70093480797247,0.0,1
13281,1,350.85,1,1,0,0.0,350.85,22,1,2,44.4,168,168,350.85,201.0,,1,0.11233396584440228,-5.863204948412558,0.0,1
16074,1,252.5,1,1,0,0.0,252.5,23,1,0,0.0,119,119,252.5,38.0,,1,0.0,-5.535363823031238,0.0,1
14739,20,8614.78,20,12,1,229.56,2557.62,114,1,2,14.750000000000002,67,466,430.73900000000003,328.8,21.0,0,0.0017092472011801339,-2.4067121973759704,364.17999999999995,0
13468,46,9069.98,44,16,8,1399.44,2451.37,233,1,10,227.04999999999998,3,465,197.17347826086956,82.80434782608695,10.744186046511627,0,0.02442177770750444,-0.5602684309587875,1609.45,0
14548,8,2214.8899999999994,5,5,1,326.4,0.0,66,1,0,0.0,46,462,276.8612499999999,107.25,104.0,0,0.0,5.791182664937034,0.0,1
14590,20,2993.37,19,10,0,0.0,344.46000000000004,124,1,8,122.33000000000001,153,461,149.6685,45.05,17.11111111111111,0,0.039262445036428416,-5.844876862265139,0.0,1
16186,15,5019.17,14,11,0,0.0,1541.3,121,1,3,27.2,101,459,334.61133333333333,253.66666666666666,27.53846153846154,0,0.005390013019259388,-7.341030087729568,1039.67,0
17032,5,2896.69,4,4,0,0.0,0.0,180,1,2,80.0,332,458,579.338,332.8,42.0,0,0.02687548921788967,0.0,0.0,1
13577,7,1796.6799999999998,7,5,0,0.0,862.21,57,1,2,108.36,111,454,256.6685714285714,124.14285714285714,57.166666666666664,0,0.056880695418468914,-6.760657998677563,356.75,0
15768,31,14687.060000000001,30,9,0,0.0,0.0,416,1,1,1.63,205,465,473.7761290322581,128.09677419354838,8.96551724137931,0,0.00011096973249486508,0.0,479.15000000000003,0
14061,3,917.4300000000001,3,2,0,0.0,0.0,17,1,0,0.0,236,467,305.81,44.333333333333336,115.5,0,0.0,0.0,0.0,1
17150,6,1357.95,6,5,0,0.0,562.3,64,1,0,0.0,105,462,226.32500000000002,66.16666666666667,71.4,0,0.0,-6.333812345900668,0.0,1
14839,3,915.28,3,3,0,0.0,306.2,61,1,0,0.0,147,433,305.0933333333333,309.0,143.0,0,0.0,-5.727499001273517,0.0,1
16875,9,2944.09,7,7,3,805.0899999999999,312.06,115,1,6,151.12,25,432,327.12111111111113,157.88888888888889,67.83333333333333,0,0.048823827785513745,0.9458005333437729,0.0,1
12647,27,11958.33,24,12,1,188.8,2357.7799999999997,218,0,7,189.80999999999997,86,424,442.9011111111111,200.2962962962963,14.695652173913043,0,0.015624614138460701,-2.5199289290270057,946.7099999999999,0
12644,3,1422.5800000000002,3,3,0,0.0,572.45,75,0,2,102.95,159,423,474.1933333333334,235.33333333333334,132.0,0,0.06748474300734826,-6.351670748810531,0.0,1
14527,81,20915.810000000005,80,16,13,1713.5100000000002,2819.74,493,1,17,803.32,4,466,258.2198765432099,61.51851851851852,5.848101265822785,0,0.03698674854839949,-0.4978719363656179,1330.5199999999998,0
17850,155,51208.86999999998,23,8,0,0.0,15142.820000000007,100,1,4,801.1,101,463,330.37980645161275,135.81935483870967,16.454545454545453,0,0.015402816037002142,-9.625347806923116,0.0,1
14701,9,2853.63,7,6,3,892.6100000000001,951.8199999999999,336,1,1,26.25,7,413,317.07,129.44444444444446,67.66666666666667,0,0.009114963123463478,-0.06415657020312882,841.2900000000001,0
15695,2,721.0600000000001,2,2,0,0.0,0.0,35,1,0,0.0,326,410,360.53000000000003,136.0,84.0,0,0.0,0.0,409.97999999999996,0
16830,3,881.5899999999999,3,3,0,0.0,401.2,47,1,1,23.800000000000004,171,455,293.8633333333333,145.0,142.0,0,0.02628701443576802,-5.996949477338552,0.0,1
12872,12,3283.9599999999996,12,12,1,221.44,866.42,217,1,1,7.15,55,465,273.6633333333333,136.83333333333334,37.27272727272727,0,0.002172519301998414,-1.3608658862290435,0.0,1
14669,6,2795.04,4,4,2,837.5,0.0,292,1,0,0.0,61,466,465.84,293.3333333333333,135.0,0,0.0,6.731614581263264,421.7399999999999,0
13771,5,3094.37,4,3,0,0.0,0.0,85,1,0,0.0,262,381,618.874,332.6,39.666666666666664,0,0.0,0.0,1464.8500000000001,0
14970,9,3664.7900000000004,7,6,1,337.5,472.5,54,1,4,1325.95,45,392,407.1988888888889,86.88888888888889,57.833333333333336,0,0.2656820431439025,-0.3356278202738032,444.75,0
12949,14,11359.48,11,9,0,0.0,3355.7799999999997,262,1,4,111.5,111,465,811.3914285714285,418.0,35.4,0,0.00972018083895186,-8.118737460128937,2250.7000000000003,0
16029,59,56365.05,43,15,12,15180.75,7779.960000000001,35,1,3,306.0,20,460,955.3398305084746,454.5593220338983,10.476190476190476,0,0.005399582326425926,0.6684143246961689,9151.24,0
15149,3,1003.8100000000001,2,2,0,0.0,0.0,43,1,0,0.0,306,378,334.60333333333335,83.66666666666667,72.0,0,0.0,0.0,0.0,1
15312,9,2295.08,9,8,1,289.74,590.45,102,1,2,13.7,83,452,255.0088888888889,150.44444444444446,46.125,0,0.005933869836017291,-0.7101477519935671,318.15999999999997,0
14292,8,4817.32,6,6,1,462.99999999999994,2487.99,79,1,7,297.90000000000003,11,359,602.165,249.25,69.6,0,0.05823796434952946,-1.6797477324554837,662.21,0
17640,5,2547.2799999999997,5,4,0,0.0,327.29999999999995,47,1,2,61.35,108,355,509.45599999999996,288.4,61.75,0,0.023518091871978782,-5.793927824507547,0.0,1
17044,11,11013.82,10,7,0,0.0,6713.120000000001,91,1,3,78.75,103,461,1001.2563636363636,474.3636363636364,39.77777777777778,0,0.0070993466798045905,-8.81196805048124,0.0,1
15615,29,13409.33,24,15,5,2435.1000000000004,2495.62,201,1,3,52.2,27,466,462.3906896551724,263.0344827586207,19.08695652173913,0,0.003877716723136226,-0.024539417189338053,2786.8599999999997,0
13450,7,2076.3199999999997,7,6,0,0.0,300.53999999999996,39,1,1,2.5,103,332,296.6171428571428,333.7142857142857,38.166666666666664,0,0.0012026053241742914,-5.708902677350772,678.54,0
18231,24,5067.5,21,10,1,291.00000000000006,598.95,154,1,2,32.8,17,427,211.14583333333334,94.75,20.5,0,0.006430994255239887,-0.7200925161421159,1780.7699999999995,0
13609,1,167.35,1,1,0,0.0,0.0,7,1,0,0.0,322,322,167.35,19.0,,1,0.0,0.0,0.0,1
13015,6,3240.14,5,3,0,0.0,1342.85,156,1,3,120.69999999999999,167,332,540.0233333333333,319.6666666666667,41.25,0,0.035913640637459686,-7.203293907711697,1763.04,0
14177,9,1660.2299999999996,6,5,0,0.0,932.9300000000001,118,1,0,0.0,110,380,184.46999999999994,93.22222222222223,54.0,0,0.0,-6.839401488953406,0.0,1
17675,45,20914.940000000002,39,15,4,2627.62,6476.360000000001,181,1,12,407.3299999999999,18,458,464.7764444444445,203.86666666666667,11.578947368421053,0,0.019103500706069282,-0.9018540262940551,4098.87,0
14680,47,35218.51,40,15,4,6603.240000000001,5958.5,206,1,25,921.69,23,464,749.33,355.6170212765957,11.307692307692308,0,0.025503179285117403,0.10272528206806086,6249.76,0
13564,36,15880.22,25,13,1,637.98,4246.32,483,1,13,267.12,83,466,441.1172222222222,245.36111111111111,15.958333333333334,0,0.016542662754360782,-1.8941703197956086,0.0,1
13957,3,458.25,3,3,0,0.0,199.35,21,1,0,0.0,146,387,152.75,52.333333333333336,120.5,0,0.0,-5.300065837082154,0.0,1
14820,5,767.47,5,4,0,0.0,502.3500000000001,31,1,0,0.0,109,406,153.494,94.2,74.25,0,0.0,-6.221285753175432,0.0,1
16604,2,432.45000000000005,2,1,0,0.0,0.0,10,1,1,106.2,291,297,216.22500000000002,87.5,6.0,0,0.19715956558061817,0.0,0.0,1
14492,7,1921.91,7,4,0,0.0,380.15000000000003,70,1,3,347.55,159,348,274.55857142857144,107.28571428571429,31.5,0,0.1531421571651406,-5.943192998434283,0.0,1
17897,8,1921.9,7,5,0,0.0,602.94,174,1,1,25.5,96,305,240.2375,98.125,34.833333333333336,0,0.013094382253260758,-6.40347485525215,0.0,1
17588,4,1699.35,4,4,0,0.0,694.4200000000001,29,1,2,37.9,125,366,424.8375,175.75,80.33333333333333,0,0.021816088645848324,-6.544515979585842,397.2,0
15016,4,450.85,3,3,0,0.0,310.54,77,1,1,8.0,122,272,112.7125,41.75,75.0,0,0.017434891576768006,-5.7415277408984595,0.0,1
17922,1,170.4,1,1,0,0.0,0.0,8,1,0,0.0,272,272,170.4,49.0,,1,0.0,0.0,0.0,1
15122,9,3250.53,8,7,1,397.03999999999996,502.15000000000003,127,1,3,26.3,26,348,361.17,163.22222222222223,46.0,0,0.008026049566196599,-0.23433583363238153,533.5699999999999,0
12471,50,22811.36,31,14,5,3153.1,8810.44,170,0,39,1365.0000000000002,18,461,456.22720000000004,209.78,14.766666666666667,0,0.05646011227496613,-1.0273476834071005,2163.81,0
14630,1,338.65000000000003,1,1,0,0.0,0.0,21,1,0,0.0,213,213,338.65000000000003,111.0,,1,0.0,0.0,0.0,1
17157,17,4832.9,16,7,0,0.0,0.0,69,1,0,0.0,209,464,284.2882352941176,112.94117647058823,17.0,0,0.0,0.0,0.0,1
17159,2,560.71,2,2,0,0.0,0.0,27,1,0,0.0,206,374,280.355,118.5,168.0,0,0.0,0.0,0.0,1
16422,71,34670.19,55,15,14,6029.97,11056.929999999998,104,1,9,1409.0999999999997,7,425,488.31253521126763,546.1830985915493,7.7407407407407405,0,0.039055646605019104,-0.6062399574800441,11594.68,0
13884,8,1233.6799999999998,6,3,3,196.24999999999997,788.98,87,1,4,36.1,6,199,154.20999999999998,64.625,38.6,0,0.02843012175337461,-1.38753566895892,0.0,1
17456,2,975.5600000000001,2,2,0,0.0,249.86,59,1,0,0.0,94,185,487.78000000000003,254.0,91.0,0,0.0,-5.524895014596528,0.0,1
13477,6,1549.9899999999998,5,5,1,185.39999999999998,0.0,75,1,1,7.95,20,412,258.33166666666665,198.33333333333334,98.0,0,0.005102892280832382,5.2278949022514904,330.63000000000005,0
15736,2,1767.12,1,1,0,0.0,1767.12,95,1,1,98.45,164,164,883.56,604.0,,1,0.05277207502264724,-7.477672114197468,0.0,1
13198,4,2757.7299999999996,4,4,2,1184.74,1572.9899999999998,149,1,3,55.75,47,163,689.4324999999999,411.5,38.666666666666664,0,0.019815317684860036,-0.2832467444758038,903.01,0
15827,21,2501.33,16,12,5,543.35,396.58000000000004,85,1,11,240.0,9,429,119.11095238095238,54.714285714285715,28.0,0,0.08754874458748126,0.3141962506208138,381.39000000000004,0
14560,28,4882.13,24,13,6,1005.8700000000001,592.8299999999999,51,1,1,9.95,5,466,174.36178571428573,124.53571428571429,20.043478260869566,0,0.0020338996909290115,0.5280087049444315,226.13,0
17085,26,7247.020000000001,23,13,2,521.41,3824.53,391,1,4,133.99999999999997,28,462,278.7315384615385,124.8076923076923,19.727272727272727,0,0.018154672389452942,-1.99099957855469,244.49999999999997,0
17894,16,2052.2,15,6,5,759.8100000000001,1160.05,186,1,2,55.71999999999999,14,198,128.2625,53.25,13.142857142857142,0,0.026433640745379332,-0.42269639188901653,0.0,1
17690,10,3807.6499999999996,9,6,1,882.7499999999999,2159.5299999999997,144,1,0,0.0,55,403,380.765,171.6,43.5,0,0.0,-0.8939346237394128,1462.13,0
15724,2,196.25,2,2,1,103.65,92.6,11,1,2,11.05,13,129,98.125,37.5,116.0,0,0.053304389773275444,0.11159106540846242,114.60000000000001,0
14047,11,2955.7200000000003,9,8,1,9.3,1240.91,87,1,5,87.0,65,405,268.7018181818182,115.45454545454545,42.5,0,0.028592837987064204,-4.7922619008640925,339.70000000000005,0
16190,7,2508.4700000000003,7,7,0,0.0,916.63,88,1,0,0.0,123,454,358.3528571428572,163.28571428571428,55.166666666666664,0,0.0,-6.821794259265031,0.0,1
17218,12,2708.05,12,8,2,268.85,1413.46,186,1,0,0.0,63,412,225.67083333333335,115.91666666666667,31.727272727272727,0,0.0,-1.6566368627334693,172.95,0
13693,9,2011.82,9,5,0,0.0,637.6500000000001,78,1,3,45.5,103,461,223.53555555555556,97.77777777777777,44.75,0,0.022116151109210044,-6.459356573488786,0.0,1
17803,1,184.66,1,1,0,0.0,184.66,27,1,0,0.0,121,121,184.66,98.0,,1,0.0,-5.223917043971786,0.0,1
14684,2,396.88,2,2,0,0.0,396.88,119,1,0,0.0,91,119,198.44,127.0,28.0,0,0.0,-5.986150452284213,325.08000000000004,0
14358,2,400.05999999999995,2,2,0,0.0,400.05999999999995,21,1,0,0.0,118,157,200.02999999999997,169.0,39.0,0,0.0,-5.994111042048887,0.0,1
17018,5,1772.6,5,5,1,405.0,405.0,18,1,0,0.0,54,463,354.52,68.0,102.25,0,0.0,0.0,0.0,1
16010,9,1412.56,8,3,0,0.0,1412.56,89,1,1,1.95,91,140,156.95111111111112,84.77777777777777,7.0,0,0.0013785692571986058,-7.25386662405731,282.3,0
12996,1,355.5,1,1,0,0.0,355.5,22,1,0,0.0,104,104,355.5,122.0,,1,0.0,-5.8763342398543505,0.0,1
14422,13,6007.88,13,11,0,0.0,2103.83,193,1,2,70.60000000000001,103,451,462.1446153846154,243.15384615384616,29.0,0,0.011614745791711087,-7.651989982760198,401.31000000000006,0
13267,23,6144.840000000001,17,12,5,908.07,2456.8900000000003,111,1,9,179.3,4,461,267.16695652173917,109.21739130434783,28.5625,0,0.02835168101907927,-0.994636438380522,973.6200000000001,0
16455,7,2686.37,6,4,1,150.68,1630.5299999999997,88,1,2,77.65,90,348,383.76714285714286,309.2857142857143,51.6,0,0.02809313970231764,-2.375500465344121,601.8,0
17062,6,884.71,6,4,2,243.94,640.77,81,1,1,3.9,42,168,147.45166666666668,105.33333333333333,25.2,0,0.004388877010161938,-0.9632167014562913,0.0,1
17041,4,888.21,3,3,1,304.5,363.3,58,1,1,15.8,89,329,222.0525,141.5,120.0,0,0.01747768276899592,-0.1760279254028676,0.0,1
14016,8,7715.94,8,8,1,703.74,1041.9799999999998,272,0,1,10.95,86,429,964.4925,496.125,49.0,0,0.001417129013095825,-0.3920083388968285,2610.889999999999,0
15562,3,671.4300000000001,3,3,1,134.55,178.32,32,1,0,0.0,80,455,223.81000000000003,186.66666666666666,187.5,0,0.0,-0.2798313433425639,0.0,1
16839,17,8462.55,17,12,6,2746.41,3166.1800000000003,61,1,5,170.39,12,395,497.79705882352937,236.88235294117646,23.9375,0,0.0197371926597428,-0.1421829523566549,3744.62,0
14800,8,4601.93,7,5,1,533.79,4068.1400000000003,215,1,2,185.95,63,164,575.24125,541.0,16.833333333333332,0,0.03883764839553205,-2.029312807423821,1632.4700000000003,0
15811,4,2071.26,4,3,2,607.48,1463.78,143,1,1,28.8,26,117,517.815,242.75,30.333333333333332,0,0.013713893888746033,-0.8784962953460136,397.51,0
14639,5,3229.5999999999995,5,5,2,1235.1299999999997,641.38,133,1,2,32.15,20,390,645.9199999999998,298.0,92.5,0,0.009856672031884726,0.654560781582755,0.0,1
16652,10,12364.579999999998,8,6,1,1588.16,2091.68,103,1,4,117.85000000000001,2,361,1236.4579999999999,493.8,51.285714285714285,0,0.009441270650025677,-0.2752399664424958,1466.46,0
16060,3,541.95,3,3,0,0.0,196.35,22,1,0,0.0,129,223,180.65,81.0,47.0,0,0.0,-5.284978802108856,0.0,1
16353,23,4414.95,20,10,7,1091.1999999999998,1161.1,48,1,3,13.53,24,461,191.95434782608694,81.0,23.0,0,0.0030552243659223936,-0.062034702510774586,860.08,0
14290,4,2979.47,4,4,1,777.56,816.8,59,1,6,295.13,90,460,744.8675,226.25,123.33333333333333,0,0.09012703841690588,-0.04917174833538418,0.0,1
15626,2,673.5999999999999,2,2,1,281.88,391.71999999999997,50,1,1,18.150000000000002,58,150,336.79999999999995,342.0,92.0,0,0.026237802674376587,-0.3280741103005189,0.0,1
17764,3,741.02,3,3,0,0.0,269.11,66,1,0,0.0,131,465,247.00666666666666,107.66666666666667,167.0,0,0.0,-5.598829283437918,230.67000000000002,0
14032,8,2499.8799999999997,8,6,2,625.2,649.9300000000001,61,1,4,27.599999999999998,4,454,312.48499999999996,298.5,64.28571428571429,0,0.010919967714878062,-0.038732300653113505,606.51,0
14796,16,4479.23,16,11,5,1614.18,1920.23,279,1,5,108.86999999999999,9,454,279.951875,170.75,29.666666666666668,0,0.023728776617772063,-0.17351920035477075,1185.5100000000002,0
17807,3,437.87,3,3,0,0.0,136.25,88,1,0,0.0,124,433,145.95666666666668,87.33333333333333,154.5,0,0.0,-4.92180408038964,0.0,1
14685,8,4536.64,5,5,0,0.0,0.0,109,1,5,295.48,305,455,567.08,246.125,37.5,0,0.06114914364709485,0.0,0.0,1
16510,6,1757.25,6,5,0,0.0,248.1,93,1,0,0.0,101,420,292.875,154.5,63.8,0,0.0,-5.517854422268135,0.0,1
18041,25,5578.07,23,13,5,1041.78,1463.3,324,1,2,82.72999999999999,10,423,223.12279999999998,203.8,18.772727272727273,0,0.014614542114188807,-0.3394870888188892,999.94,0
17335,2,497.04,2,2,0,0.0,353.23,34,1,0,0.0,112,413,248.52,105.0,301.0,0,0.0,-5.869946419672853,0.0,1
14481,4,1951.04,4,4,1,302.85999999999996,769.78,106,1,0,0.0,16,406,487.76,328.25,130.0,0,0.0,-0.9308359201199785,0.0,1
15306,6,2310.38,6,4,0,0.0,0.0,80,1,1,3.75,229,388,385.06333333333333,377.3333333333333,31.8,0,0.001620479402626473,0.0,0.0,1
13199,37,8081.050000000001,31,16,7,1465.28,2325.62,32,1,1,14.75,10,463,218.40675675675678,188.9189189189189,15.1,0,0.00182193235998913,-0.4616879894641359,1791.2,0
14396,6,1591.74,5,5,0,0.0,110.35,167,1,0,0.0,100,466,265.29,128.83333333333334,91.5,0,0.0,-4.712678393703377,0.0,1
13148,18,5873.77,13,11,3,759.3100000000002,1382.41,344,1,7,340.93,42,461,326.3205555555556,170.72222222222223,34.916666666666664,0,0.05485864160780085,-0.5985804998568813,710.6700000000001,0
14253,2,363.40000000000003,2,2,0,0.0,0.0,11,1,0,0.0,222,352,181.70000000000002,44.0,130.0,0,0.0,0.0,0.0,1
14852,12,3295.74,7,7,0,0.0,764.32,73,1,3,23.549999999999997,153,373,274.645,218.25,36.666666666666664,0,0.007094890774834377,-6.640294047016802,490.4,0
16814,22,7618.360000000001,22,10,6,1836.92,1161.5,202,1,0,0.0,23,336,346.28909090909093,134.0,14.904761904761905,0,0.0,0.4580616389355834,1977.75,0
12708,11,2808.4699999999993,11,10,2,513.28,539.5899999999999,90,0,6,95.60000000000001,6,450,255.3154545454545,141.0,44.4,0,0.032919316683137814,-0.04989327148998601,520.45,0
16415,2,496.48999999999995,2,2,0,0.0,0.0,78,1,0,0.0,312,405,248.24499999999998,165.0,93.0,0,0.0,0.0,0.0,1
17597,4,1439.72,4,4,0,0.0,567.67,62,1,2,58.8,147,312,359.93,259.75,55.0,0,0.03923871553265889,-6.343300301031048,2044.3699999999997,0
16323,1,146.16,1,1,0,0.0,0.0,3,1,0,0.0,306,306,146.16,96.0,,1,0.0,0.0,207.50000000000003,0
13052,6,2770.33,5,5,0,0.0,712.95,149,1,0,0.0,149,383,461.72166666666664,200.16666666666666,58.5,0,0.0,-6.570812931876304,348.15000000000003,0
18258,6,2059.67,5,5,0,0.0,0.0,30,1,2,18.7,193,301,343.27833333333336,330.1666666666667,27.0,0,0.00899743549031212,0.0,0.0,1
13163,1,17.65,1,1,0,0.0,0.0,2,1,1,17.65,339,339,17.65,3.0,,1,0.5,0.0,0.0,1
15938,5,405.13,5,5,1,74.9,0.0,23,1,0,0.0,52,285,81.026,48.2,58.25,0,0.0,4.3294166844015844,260.4,0
14624,4,588.22,4,3,0,0.0,100.56,30,1,0,0.0,144,333,147.055,120.75,63.0,0,0.0,-4.620649756836478,0.0,1
16497,19,4241.969999999999,14,10,2,512.38,1032.73,167,1,0,0.0,47,465,223.26157894736838,97.78947368421052,32.15384615384615,0,0.0,-0.6999125874147669,1038.32,0
15207,3,683.9200000000001,3,2,0,0.0,275.92,19,1,2,26.65,145,276,227.97333333333336,142.66666666666666,65.5,0,0.03750510153820172,-5.623728655809825,0.0,1
18172,34,11883.939999999999,22,12,2,1978.3799999999999,3284.4,150,1,7,117.75000000000001,18,457,349.5276470588235,145.97058823529412,20.904761904761905,0,0.009811118267510662,-0.5067047457674958,1741.78,0
12557,5,10142.3,5,5,1,3417.1200000000003,3063.98,15,0,0,0.0,61,451,2028.4599999999998,681.2,97.5,0,0.0,0.10904964824615426,817.5,0
18214,4,1780.34,4,1,0,0.0,0.0,38,1,1,299.34999999999997,259,283,445.085,247.25,8.0,0,0.14393972178545839,0.0,0.0,1
14679,3,1289.44,3,3,0,0.0,372.53999999999996,49,1,2,16.49,110,460,429.81333333333333,264.6666666666667,175.0,0,0.012627016762001024,-5.923025093885461,0.0,1
16544,4,376.70000000000005,2,2,0,0.0,0.0,8,1,2,266.40000000000003,248,391,94.17500000000001,37.5,143.0,0,0.4142435080080858,0.0,0.0,1
18279,1,231.34,1,1,0,0.0,0.0,13,1,0,0.0,248,248,231.34,630.0,,1,0.0,0.0,0.0,1
16701,16,5741.049999999999,16,12,3,1222.62,724.6199999999999,101,1,4,80.26,27,467,358.81562499999995,345.5625,29.333333333333332,0,0.013787274685594826,0.5225424955371469,975.67,0
13291,10,2909.68,10,8,0,0.0,459.07,134,1,0,0.0,143,395,290.96799999999996,136.7,28.0,0,0.0,-6.131378651818909,0.0,1
15046,15,3702.61,15,11,5,1169.2399999999998,394.56,169,1,2,79.25,14,423,246.84066666666666,122.4,29.214285714285715,0,0.02095529712892598,1.0846616525592268,1088.4199999999998,0
13239,4,1265.13,4,3,0,0.0,336.2,69,1,1,14.850000000000001,166,231,316.2825,206.0,21.666666666666668,0,0.01160174377724652,-5.8206762261277,329.56,0
15459,2,202.82999999999998,2,2,0,0.0,105.0,6,1,0,0.0,146,226,101.41499999999999,60.5,80.0,0,0.0,-4.663439094112067,0.0,1
13140,3,790.7099999999999,3,3,0,0.0,538.41,68,1,0,0.0,95,220,263.57,153.66666666666666,62.5,0,0.0,-6.29047594965132,0.0,1
13050,24,8173.71,24,14,6,1801.52,2330.4300000000003,425,1,13,258.4,33,453,340.57125,187.5,18.26086956521739,0,0.030644761512836047,-0.25729612740973185,1325.85,0
12693,4,829.1600000000001,4,4,1,126.05,91.80000000000001,39,0,2,37.650000000000006,48,251,207.29000000000002,79.5,67.66666666666667,0,0.04343512419099919,0.3141340699740187,396.72,0
16954,12,4343.599999999999,12,10,1,346.79999999999995,868.81,75,1,1,44.550000000000004,88,419,361.96666666666664,268.8333333333333,30.09090909090909,0,0.010152342103164205,-0.9166471950731045,594.6800000000001,0
18107,1,165.88,1,1,0,0.0,165.88,38,1,0,0.0,171,171,165.88,65.0,,1,0.0,-5.117274991252462,0.0,1
16570,11,4145.97,9,7,1,450.06,1735.68,76,1,8,519.1999999999999,40,348,376.90636363636366,229.27272727272728,38.5,0,0.1112928360595648,-1.3481301552450553,1023.17,0
13012,4,1688.26,4,4,1,377.27000000000004,523.48,59,1,1,31.429999999999996,23,321,422.065,226.0,99.33333333333333,0,0.018276549843285705,-0.32679906920222024,330.12,0
15973,2,665.62,2,2,0,0.0,665.62,7,1,1,197.1,95,157,332.81,97.0,62.0,0,0.22846346439169138,-6.502220168423858,0.0,1
13362,4,3116.03,4,3,1,812.7,2303.33,131,1,2,31.25,16,154,779.0075,358.75,46.0,0,0.009929208713555831,-1.040953493023519,768.83,0
13090,14,5962.119999999999,13,6,2,787.8,4103.55,96,1,4,284.41,18,223,425.8657142857142,101.14285714285714,17.083333333333332,0,0.045530878743878615,-1.6493385901774351,1315.3999999999999,0
18037,11,136.95,10,7,1,8.25,50.599999999999994,21,1,0,0.0,51,467,12.45,2.3636363636363638,46.22222222222222,0,0.0,-1.7188981209631828,21.27,0
14343,4,1079.66,4,4,0,0.0,217.43,193,1,0,0.0,150,419,269.915,156.5,89.66666666666667,0,0.0,-5.3864655970747295,0.0,1
14686,5,852.53,2,2,0,0.0,549.61,185,1,1,7.95,143,388,170.506,91.4,245.0,0,0.009239029378951283,-6.311026754548665,0.0,1
14553,5,1161.27,4,4,1,201.94,480.52,157,1,1,25.5,68,238,232.254,151.2,56.666666666666664,0,0.021486892995272885,-0.8640373983885787,110.38000000000001,0
14281,1,245.15,1,1,0,0.0,245.15,7,1,0,0.0,137,137,245.15,45.0,,1,0.0,-5.50594110620421,0.0,1
15281,9,7225.99,8,4,2,1014.57,6211.42,384,1,5,198.04999999999998,16,156,802.8877777777777,513.8888888888889,20.0,0,0.02667684980145581,-1.8111004828528134,912.8399999999999,0
15421,7,3150.04,7,7,1,295.06,791.0100000000001,167,1,0,0.0,39,461,450.0057142857143,228.71428571428572,70.33333333333333,0,0.0,-0.9840118815119956,444.3,0
17244,4,871.1399999999999,2,2,0,0.0,610.4899999999999,85,1,0,0.0,112,462,217.78499999999997,200.75,350.0,0,0.0,-6.4158986017637485,0.0,1
14766,6,4082.7599999999998,6,6,0,0.0,1402.1599999999999,164,1,3,73.85,95,280,680.4599999999999,452.3333333333333,37.0,0,0.017766882146749395,-7.246482114940227,985.81,0
18003,1,353.51,1,1,0,0.0,353.51,23,1,0,0.0,105,105,353.51,297.0,,1,0.0,-5.870736554319034,0.0,1
18260,19,8106.68,18,11,2,787.7700000000001,3336.15,180,1,8,180.20999999999998,63,453,426.66736842105263,224.0,22.941176470588236,0,0.021746397019871144,-1.4423976581847047,1413.4499999999998,0
15880,1,329.03000000000003,1,1,0,0.0,329.03000000000003,95,1,1,30.0,98,98,329.03000000000003,202.0,,1,0.0835584770074924,-5.799183559419454,0.0,1
14907,12,3007.31,8,4,2,342.61999999999995,2369.9700000000003,82,1,5,50.1,89,331,250.60916666666665,104.66666666666667,34.57142857142857,0,0.016386418569966085,-1.9315180374624603,0.0,1
15620,2,813.67,2,2,1,424.48999999999995,389.18,59,1,1,3.65,87,138,406.835,364.5,51.0,0,0.0044658151030196255,0.08663327486551076,450.52,0
17368,8,1573.42,7,5,2,694.0,289.78,127,1,2,612.9,59,453,196.6775,226.0,65.66666666666667,0,0.2803340773537268,0.871344878061513,194.92000000000002,0
14135,16,5961.2699999999995,15,9,5,1007.6599999999999,1885.1499999999999,103,1,1,38.87,55,466,372.57937499999997,420.6875,29.357142857142858,0,0.006478182175749233,-0.6259149971617965,629.55,0
14293,7,2364.4700000000003,6,5,1,143.10000000000002,962.02,63,1,1,93.60000000000001,34,458,337.7814285714286,158.71428571428572,84.8,0,0.03807865520509994,-1.8995666770089707,0.0,1
17027,6,866.3,6,6,3,433.22999999999996,188.82,86,1,1,41.7,12,458,144.38333333333333,69.83333333333333,89.2,0,0.045925110132158595,0.8274980929391251,0.0,1
14688,13,3311.7400000000002,13,7,5,1255.44,1697.02,133,1,2,19.090000000000003,12,185,254.7492307692308,217.23076923076923,14.416666666666666,0,0.0057313042094613055,-0.3011805412126485,1086.01,0
18025,6,1177.72,5,4,0,0.0,684.88,83,1,0,0.0,108,348,196.28666666666666,175.5,60.0,0,0.0,-6.530702685310651,0.0,1
15727,10,6284.35,9,8,2,2071.7,593.68,326,1,0,0.0,60,413,628.4350000000001,365.3,44.125,0,0.0,1.2485839384177089,1159.27,0
15416,4,1963.74,3,3,1,1375.24,0.0,101,1,0,0.0,11,405,490.935,279.0,197.0,0,0.0,7.227110421888784,899.19,0
17361,3,428.59000000000003,2,2,1,45.0,0.0,27,1,0,0.0,20,405,142.86333333333334,78.33333333333333,385.0,0,0.0,3.828641396489095,218.92,0
14607,8,7553.629999999999,7,6,0,0.0,0.0,76,1,2,120.5,196,453,944.2037499999999,476.125,42.833333333333336,0,0.015702105645851713,0.0,495.0,0
16416,6,1906.48,5,4,0,0.0,940.27,92,1,0,0.0,119,383,317.74666666666667,254.33333333333334,66.0,0,0.0,-6.847230027228334,0.0,1
15030,6,1461.63,6,4,0,0.0,515.1,19,1,1,12.75,109,374,243.60500000000002,142.16666666666666,53.0,0,0.008647702763195377,-6.246300545154681,152.76,0
16002,1,169.21000000000004,1,1,0,0.0,0.0,42,1,0,0.0,354,354,169.21000000000004,70.0,,1,0.0,0.0,0.0,1
16130,4,987.48,4,4,0,0.0,274.23,53,1,0,0.0,151,346,246.87,74.0,65.0,0,0.0,-5.61760711174576,0.0,1
14049,10,8472.76,7,7,1,1028.08,2897.42,413,1,4,144.45,46,346,847.2760000000001,543.6,50.0,0,0.01676296620367845,-1.035500561719977,1989.7299999999998,0
12711,2,1213.0499999999997,2,2,0,0.0,0.0,55,0,0,0.0,340,405,606.5249999999999,381.5,65.0,0,0.0,0.0,0.0,1
17505,3,1289.6399999999999,2,2,0,0.0,0.0,47,1,0,0.0,279,334,429.87999999999994,228.66666666666666,55.0,0,0.0,0.0,486.99000000000007,0
16409,8,3901.32,8,7,1,271.56,1254.9099999999999,287,1,0,0.0,46,455,487.665,311.875,58.42857142857143,0,0.0,-1.5277569150570596,532.0,0
16749,2,4157.879999999999,2,2,0,0.0,0.0,53,1,0,0.0,320,453,2078.9399999999996,955.0,133.0,0,0.0,0.0,0.0,1
15097,2,660.27,1,1,0,0.0,0.0,39,1,2,321.3,312,312,330.135,127.0,,1,0.32733274244322874,0.0,0.0,1
16174,4,1237.1999999999998,4,4,0,0.0,0.0,15,1,0,0.0,220,332,309.29999999999995,195.0,37.333333333333336,0,0.0,0.0,0.0,1
13647,4,1393.56,3,3,0,0.0,0.0,50,1,0,0.0,223,332,348.39,227.0,54.5,0,0.0,0.0,424.64,0
16279,6,4195.5,6,6,0,0.0,1445.56,165,1,1,12.9,114,325,699.25,439.5,42.2,0,0.0030652979754776165,-7.276943602989056,0.0,1
14104,3,524.32,3,3,0,0.0,156.62,99,1,0,0.0,118,289,174.77333333333334,141.0,85.5,0,0.0,-5.060187072925504,0.0,1
15189,10,2918.71,10,7,5,1619.72,912.11,27,1,4,212.92,11,238,291.871,142.5,25.22222222222222,0,0.06799015209331881,0.5737694186693814,3910.4899999999993,0
15788,1,221.82999999999998,1,1,0,0.0,0.0,14,1,1,6.300000000000001,237,237,221.82999999999998,115.0,,1,0.02761583307763118,0.0,0.0,1
15751,11,1380.44,7,6,0,0.0,0.0,90,1,3,61.599999999999994,189,462,125.49454545454546,40.27272727272727,45.5,0,0.04271726165709689,0.0,0.0,1
13196,3,1271.06,3,3,0,0.0,647.18,74,1,1,9.2,172,346,423.68666666666667,260.6666666666667,87.0,0,0.00718604033555684,-6.474168435556948,512.13,0
14869,4,2056.69,4,4,0,0.0,499.8999999999999,136,1,2,23.689999999999998,117,452,514.1725,395.25,111.66666666666667,0,0.011387342697007276,-6.216406480363571,0.0,1
13374,2,372.8,2,2,0,0.0,372.8,16,1,0,0.0,143,178,186.4,67.0,35.0,0,0.0,-5.923720895021463,0.0,1
16007,3,1359.25,3,3,0,0.0,1002.4200000000001,206,1,0,0.0,112,272,453.0833333333333,414.3333333333333,80.0,0,0.0,-6.911169444081925,363.97,0
15462,1,502.45000000000005,1,1,0,0.0,502.45000000000005,30,1,0,0.0,174,174,502.45000000000005,323.0,,1,0.0,-6.221484402361624,105.0,0
17785,2,271.44000000000005,2,2,0,0.0,156.19000000000003,38,1,0,0.0,174,294,135.72000000000003,80.0,120.0,0,0.0,-5.057455264740147,0.0,1
15140,1,889.4399999999999,1,1,0,0.0,889.4399999999999,32,1,0,0.0,171,171,889.4399999999999,438.0,,1,0.0,-6.791715722582128,1127.45,0
13397,7,2249.51,7,7,2,601.77,308.40000000000003,58,1,2,83.85,23,417,321.35857142857145,156.71428571428572,65.66666666666667,0,0.03593530359653032,0.6669007596244221,378.70000000000005,0
17141,4,727.58,2,2,0,0.0,326.99,138,1,0,0.0,147,413,181.895,105.75,266.0,0,0.0,-5.792983120114503,0.0,1
17106,1,481.58,1,1,0,0.0,481.58,51,1,0,0.0,118,118,481.58,153.0,,1,0.0,-6.179146710144033,0.0,1
16016,4,980.9100000000001,4,2,0,0.0,980.9100000000001,87,1,2,13.45,95,131,245.22750000000002,104.25,12.0,0,0.013526288265819218,-6.889499654459875,428.05,0
14583,3,673.3299999999999,3,3,0,0.0,175.89999999999998,149,1,0,0.0,112,350,224.4433333333333,106.66666666666667,119.0,0,0.0,-5.175584601165739,275.60999999999996,0
14014,2,1443.0299999999997,2,2,0,0.0,1166.37,37,1,0,0.0,105,305,721.5149999999999,464.0,200.0,0,0.0,-7.0625086343068855,0.0,1
14775,1,406.56,1,1,0,0.0,406.56,20,1,0,0.0,101,101,406.56,384.0,,1,0.0,-6.010188161106084,0.0,1
13656,3,861.9000000000001,3,3,1,162.7,0.0,64,1,3,25.5,66,324,287.3,161.66666666666666,129.0,0,0.028735632183908042,5.098035484377089,0.0,1
17450,11,73142.19999999998,7,5,4,20719.9,52422.29999999999,82,1,1,6325.08,4,167,6649.290909090908,1960.090909090909,27.166666666666668,0,0.0795935132044283,-0.9282082962437546,33011.52,0
12775,3,454.53,3,3,1,184.45,270.08,22,0,1,34.8,40,138,151.51,105.0,49.0,0,0.07111765066519526,-0.3796286763323131,890.23,0
12462,1,594.11,1,1,1,594.11,0.0,39,0,1,20.8,32,32,594.11,281.0,,1,0.03382608837065587,6.388746262408127,0.0,1
17571,3,563.5400000000001,3,3,2,358.30000000000007,0.0,95,1,0,0.0,6,271,187.8466666666667,121.33333333333333,132.5,0,0.0,5.884157694119473,0.0,1
12458,3,1077.01,3,3,1,361.91999999999996,369.48,57,0,0,0.0,13,216,359.00333333333333,248.33333333333334,101.5,0,0.0,-0.020617037871067723,0.0,1
16013,51,27049.239999999998,28,14,12,7039.4,9987.72,34,1,4,2301.9,2,460,530.3772549019608,251.2156862745098,16.962962962962962,0,0.07842625533454578,-0.3497914695855471,4699.92,0
16080,3,515.6600000000001,3,3,1,130.26,385.40000000000003,24,1,1,89.10000000000001,3,179,171.88666666666668,78.66666666666667,88.0,0,0.1473311726966069,-1.079693013292787,0.0,1
13489,2,235.68,2,1,2,235.68,0.0,6,1,0,0.0,18,23,117.84,176.0,5.0,0,0.0,5.466709017808493,0.0,1
13769,12,3307.93,11,9,1,304.02,989.94,87,1,5,14.65,55,452,275.6608333333333,131.41666666666666,39.7,0,0.004409224157130904,-1.1782766393648965,821.6899999999999,0
12395,6,2364.97,6,5,2,496.33000000000004,599.8199999999999,101,0,2,17.8,30,331,394.16166666666663,347.8333333333333,60.2,0,0.0074702971751365015,-0.18904159918366314,583.2900000000001,0
14496,7,2363.8900000000003,7,6,1,234.47,1097.68,64,1,3,22.349999999999998,40,362,337.6985714285715,129.28571428571428,53.666666666666664,0,0.009366199544052566,-1.5402812214031112,0.0,1
16955,5,956.62,5,4,1,165.88,189.1,29,1,3,48.25,65,406,191.324,130.2,85.25,0,0.048016161294495804,-0.13027525824192132,163.69,0
17268,7,970.25,7,6,0,0.0,122.39999999999999,23,1,0,0.0,174,460,138.60714285714286,78.71428571428571,47.666666666666664,0,0.0,-4.8154311114712876,276.48,0
16486,1,134.36,1,1,0,0.0,0.0,7,1,0,0.0,266,266,134.36,24.0,,1,0.0,0.0,0.0,1
17071,5,1673.23,5,5,1,308.55,547.9000000000001,67,1,3,28.0,38,413,334.646,177.4,93.75,0,0.016458679896310318,-0.5727966455906026,735.4700000000001,0
17560,5,1202.95,5,5,1,162.10000000000002,657.25,22,1,0,0.0,39,389,240.59,219.0,87.5,0,0.0,-1.3952212887494504,323.95000000000005,0
16509,1,363.69999999999993,1,1,1,363.69999999999993,0.0,13,1,0,0.0,25,25,363.69999999999993,64.0,,1,0.0,5.8990750978146345,0.0,1
16590,2,605.9,2,2,0,0.0,605.9,26,1,1,42.300000000000004,129,143,302.95,120.0,14.0,0,0.0652576365319346,-6.40836403284181,0.0,1
13823,5,2445.79,5,5,0,0.0,515.87,91,1,1,44.9,109,453,489.158,225.0,86.0,0,0.01802713304345382,-6.247791392212425,0.0,1
14081,10,4867.57,8,7,1,498.1,1330.01,465,1,5,100.15,31,458,486.75699999999995,338.1,61.0,0,0.020160153953926552,-0.9808868550393335,0.0,1
13421,7,3039.5800000000004,5,5,1,814.5400000000001,697.9599999999999,156,1,3,14.299999999999999,19,392,434.22571428571433,241.85714285714286,93.25,0,0.004682567749878842,0.15425695453111743,0.0,1
17474,1,1047.0,1,1,0,0.0,0.0,6,1,0,0.0,328,328,1047.0,200.0,,1,0.0,0.0,0.0,1
17953,1,148.67,1,1,0,0.0,0.0,19,1,0,0.0,269,269,148.67,73.0,,1,0.0,0.0,0.0,1
14334,7,2805.37,7,7,3,1039.1,557.8399999999999,112,1,1,12.75,3,297,400.76714285714286,292.42857142857144,49.0,0,0.00452429279093864,0.621208934576801,639.1300000000001,0
14918,7,4345.66,6,6,0,0.0,1029.29,64,1,0,0.0,133,339,620.8085714285714,268.0,41.2,0,0.0,-6.93759559499302,0.0,1
15661,8,1215.95,8,7,2,309.8,354.2,27,1,0,0.0,46,307,151.99375,97.375,37.285714285714285,0,0.0,-0.13353139262452274,0.0,1
12652,2,891.03,2,2,1,793.98,97.05000000000001,50,0,1,5.45,60,163,445.515,264.5,103.0,0,0.0060793325004461895,2.092839404462824,0.0,1
12393,4,1456.35,4,3,2,639.5,816.8499999999999,46,0,1,22.7,58,157,364.0875,198.25,33.0,0,0.015347689395219905,-0.24442982436774585,421.6,0
14824,6,2895.2,6,5,0,0.0,1280.5500000000002,76,1,2,70.4,108,366,482.5333333333333,238.16666666666666,51.6,0,0.023738872403560835,-7.155825561820206,0.0,1
17613,2,897.5100000000001,2,1,2,897.5100000000001,0.0,49,1,0,0.0,17,34,448.75500000000005,253.5,17.0,0,0.0,6.800737835822225,1614.9,0
14352,1,231.3,1,1,1,231.3,0.0,9,1,0,0.0,2,2,231.3,94.0,,1,0.0,5.4480296397763635,614.0200000000001,0
16462,1,34.0,1,1,1,34.0,0.0,1,1,0,0.0,12,12,34.0,4.0,,1,0.0,3.5553480614894135,34.0,0
15223,3,662.2,3,3,0,0.0,0.0,12,1,0,0.0,338,463,220.73333333333335,57.333333333333336,62.5,0,0.0,0.0,755.75,0
13252,2,399.3,2,2,0,0.0,52.4,19,1,1,57.99999999999999,123,354,199.65,67.0,231.0,0,0.12683140170566365,-3.977810745966149,0.0,1
15027,6,2129.45,5,3,0,0.0,973.29,46,1,1,207.35999999999999,124,353,354.9083333333333,369.5,57.25,0,0.08873635426072295,-6.881709000599499,654.12,0
16196,1,93.3,1,1,0,0.0,0.0,4,1,0,0.0,217,217,93.3,26.0,,1,0.0,0.0,0.0,1
13238,3,397.04999999999995,3,3,1,91.15,188.9,13,1,0,0.0,89,319,132.35,59.0,115.0,0,0.0,-0.7230799337024072,0.0,1
17388,8,1797.4099999999999,8,6,1,381.6,474.52,29,1,0,0.0,16,458,224.67624999999998,230.875,63.142857142857146,0,0.0,-0.21741888508318752,381.6,0
13770,4,785.37,4,4,0,0.0,521.04,48,1,0,0.0,151,459,196.3425,117.0,102.66666666666667,0,0.0,-6.257744213299327,0.0,1
17553,3,2270.0,3,2,0,0.0,0.0,2,1,0,0.0,201,339,756.6666666666666,413.3333333333333,69.0,0,0.0,0.0,0.0,1
15546,2,1079.1,1,1,0,0.0,0.0,6,1,1,539.5500000000001,335,335,539.55,99.0,,1,0.33333333333333337,0.0,0.0,1
14113,13,5685.6900000000005,12,8,1,433.5,2761.3,58,1,14,932.1099999999999,83,460,437.3607692307693,215.07692307692307,34.27272727272727,0,0.14084892260267762,-1.8496230003096406,0.0,1
13799,8,2456.41,8,7,1,341.7,294.54,52,1,4,763.75,23,373,307.05125,165.375,50.0,0,0.23717765576865746,0.14805123740507486,0.0,1
14045,15,10578.63,13,9,2,925.3499999999999,2203.2,16,1,3,1652.3999999999999,66,429,705.242,294.06666666666666,30.25,0,0.1350990063796753,-0.8668677772614197,0.0,1
14566,3,2660.0,3,3,0,0.0,1320.0,8,0,0,0.0,146,262,886.6666666666666,533.3333333333334,58.0,0,0.0,-7.186144304522325,0.0,1
13051,2,155.8,2,2,0,0.0,0.0,4,1,0,0.0,307,348,77.9,36.0,41.0,0,0.0,0.0,0.0,1
14477,4,825.0,4,4,1,165.0,165.0,3,1,2,7.199999999999999,26,433,206.25,125.0,135.66666666666666,0,0.008651766402307137,0.0,358.0,0
15960,4,410.95,4,2,0,0.0,410.95,24,1,1,16.95,103,164,102.7375,64.5,20.333333333333332,0,0.039612058892264546,-6.020901982761599,0.0,1
14865,3,77.52000000000001,3,3,0,0.0,46.32000000000001,3,1,0,0.0,101,467,25.840000000000003,64.0,183.0,0,0.0,-3.8569330391101864,0.0,1
14122,3,362.41999999999996,3,2,0,0.0,230.82999999999998,12,1,2,52.650000000000006,135,466,120.80666666666666,38.0,165.5,0,0.12684607415616647,-5.446004344446802,0.0,1
14609,7,1028.6399999999999,7,7,1,144.0,264.0,6,1,1,120.0,25,397,146.9485714285714,1156.2857142857142,62.0,0,0.10447137484329296,-0.6029960835656478,0.0,1
17581,24,8990.91,13,13,4,1278.2,2630.34,270,1,5,139.35,9,465,374.62125,193.79166666666666,38.0,0,0.015262435023756168,-0.7212583396015289,1354.5800000000002,0
18246,1,162.72,1,1,0,0.0,0.0,1,1,0,0.0,338,338,162.72,48.0,,1,0.0,0.0,232.9,0
15273,1,228.96,1,1,0,0.0,0.0,1,1,0,0.0,328,328,228.96,216.0,,1,0.0,0.0,0.0,1
18134,2,445.0,2,2,0,0.0,0.0,27,1,0,0.0,327,423,222.5,64.0,96.0,0,0.0,0.0,0.0,1
15480,2,2686.75,2,2,0,0.0,0.0,161,0,0,0.0,198,405,1343.375,773.5,207.0,0,0.0,0.0,0.0,1
13975,7,3466.3199999999997,7,6,1,671.16,1392.4099999999999,340,1,2,31.55,5,404,495.1885714285714,376.14285714285717,66.5,0,0.009019774891576874,-0.7290128518393049,282.85,0
12542,2,481.88,2,2,0,0.0,0.0,39,0,2,58.5,213,369,240.94,261.0,156.0,0,0.10825715237425515,0.0,0.0,1
15374,1,139.32,1,1,0,0.0,0.0,6,1,0,0.0,353,353,139.32,164.0,,1,0.0,0.0,0.0,1
16276,2,1818.7900000000002,2,2,0,0.0,0.0,16,1,0,0.0,208,336,909.3950000000001,523.5,128.0,0,0.0,0.0,0.0,1
14788,1,476.87999999999994,1,1,0,0.0,0.0,28,1,0,0.0,325,325,476.87999999999994,298.0,,1,0.0,0.0,0.0,1
17838,11,4538.839999999999,10,7,1,752.1399999999999,902.86,111,1,1,16.75,21,359,412.6218181818181,243.8181818181818,37.55555555555556,0,0.0036768014680864615,-0.18242334764924095,0.0,1
15352,1,111.14999999999999,1,1,0,0.0,0.0,34,1,0,0.0,277,277,111.14999999999999,40.0,,1,0.0,0.0,0.0,1
17960,2,61.300000000000004,2,2,0,0.0,0.0,11,1,0,0.0,251,370,30.650000000000002,9.5,119.0,0,0.0,0.0,0.0,1
14563,2,625.42,2,2,0,0.0,0.0,94,1,0,0.0,238,321,312.71,121.5,83.0,0,0.0,0.0,0.0,1
13952,12,9572.45,9,8,0,0.0,2230.32,183,1,2,27.65,109,452,797.7041666666668,376.3333333333333,42.875,0,0.0028801783314757134,-7.71034861758486,3251.0699999999997,0
13082,13,4101.56,10,9,1,379.44,435.0,49,1,3,48.68,67,446,315.5046153846154,398.0,42.111111111111114,0,0.011729442152742972,-0.1363137657348492,1580.74,0
12682,25,12340.54,25,15,3,1674.85,3069.51,220,0,1,88.1,39,467,493.62160000000006,244.32,17.833333333333332,0,0.007088466638344983,-0.6055231723326298,2095.15,0
16281,2,1361.96,2,2,0,0.0,580.44,19,1,1,7.5,152,411,680.98,318.0,259.0,0,0.005476611219020636,-6.365507785207806,0.0,1
13857,6,1000.9099999999999,5,5,0,0.0,600.0799999999999,98,1,1,3.9,122,300,166.8183333333333,130.16666666666666,44.5,0,0.003881330798857496,-6.398728037157525,0.0,1
17390,1,149.29999999999998,1,1,0,0.0,149.29999999999998,12,1,0,0.0,149,149,149.29999999999998,49.0,,1,0.0,-5.012633296758929,0.0,1
17732,8,2166.42,7,5,0,0.0,1246.7200000000003,90,1,2,22.25,101,216,270.8025,132.25,19.166666666666668,0,0.01016599121841118,-7.129073164782774,0.0,1
12820,8,1917.6399999999999,8,8,1,170.46,456.55,91,1,2,41.58,55,463,239.70499999999998,173.5,58.285714285714285,0,0.021222731495186862,-0.9815361651107777,0.0,1
12790,1,251.93,1,1,0,0.0,251.93,15,0,1,28.4,139,139,251.93,139.0,,1,0.10130917133378518,-5.533112770602694,294.9200000000001,0
13080,3,222.65,3,3,0,0.0,61.9,11,1,1,19.9,130,338,74.21666666666667,24.333333333333332,104.0,0,0.08204493918779632,-4.141546163706395,0.0,1
13448,9,5681.070000000001,8,6,0,0.0,2958.4700000000003,249,1,2,41.0,93,462,631.23,319.77777777777777,52.714285714285715,0,0.0071652391529638745,-7.992765477231961,593.72,0
15325,7,1439.7200000000003,6,5,0,0.0,473.66,141,1,1,5.2,124,390,205.67428571428576,164.42857142857142,53.2,0,0.003598815159316778,-6.16259875826136,0.0,1
13316,6,7207.89,6,5,0,0.0,3998.6000000000004,69,1,1,122.39999999999999,121,368,1201.315,2403.8333333333335,49.4,0,0.016697838693967085,-8.293949635101695,1622.48,0
17545,3,767.54,2,2,0,0.0,427.74,112,1,0,0.0,119,306,255.84666666666666,115.0,187.0,0,0.0,-6.06085067459299,0.0,1
17421,3,1059.41,3,3,0,0.0,928.61,46,1,0,0.0,115,464,353.1366666666667,269.0,174.5,0,0.0,-6.834765143354762,0.0,1
14733,9,11689.96,9,4,5,5110.7,6579.26,128,1,1,97.22,31,131,1298.8844444444444,538.2222222222222,12.5,0,0.00824794395266722,-0.2525422283272256,966.86,0
12691,3,468.8,3,3,2,352.2,116.6,16,0,0,0.0,48,149,156.26666666666668,66.0,50.5,0,0.0,1.0997454332652783,0.0,1
16745,5,1767.02,5,2,5,1767.02,0.0,90,1,0,0.0,3,40,353.404,396.6,9.25,0,0.0,7.477615555350801,2342.42,0
15550,9,1773.3200000000002,7,6,1,137.9,768.6600000000001,141,1,2,223.20000000000002,30,465,197.03555555555556,104.44444444444444,72.5,0,0.11179452246909623,-1.7121946091302371,0.0,1
16524,2,306.18999999999994,2,2,0,0.0,204.89,50,1,0,0.0,175,420,153.09499999999997,129.5,245.0,0,0.0,-5.327342045588653,0.0,1
15117,3,934.19,2,2,0,0.0,574.5,46,1,0,0.0,177,363,311.3966666666667,381.6666666666667,186.0,0,0.0,-6.355239228161937,312.40000000000003,0
15810,5,1984.3799999999999,5,5,1,377.31999999999994,448.03999999999996,59,1,2,27.69,25,402,396.876,208.4,94.25,0,0.01376194665195545,-0.17137157229832312,476.8,0
14512,5,940.6899999999999,5,5,0,0.0,317.00999999999993,41,1,0,0.0,112,461,188.13799999999998,122.8,87.25,0,0.0,-5.762082828826625,275.28000000000003,0
13711,7,1540.2,7,5,0,0.0,180.08,71,1,6,159.65,135,453,220.02857142857144,97.0,53.0,0,0.09392005176927376,-5.198938922567758,252.06,0
15858,10,2941.06,10,8,1,432.2900000000001,809.5699999999999,231,1,2,42.5,18,458,294.106,227.7,48.888888888888886,0,0.01424472777487297,-0.6263304541056485,0.0,1
13277,3,264.9,3,3,0,0.0,111.4,7,1,0,0.0,109,268,88.3,68.66666666666667,79.5,0,0.0,-4.722063937459591,0.0,1
15402,4,1203.77,4,4,0,0.0,156.33999999999997,58,1,1,13.899999999999999,116,320,300.9425,335.0,68.0,0,0.011415243867386071,-5.0584090689010965,440.99,0
14275,6,1189.38,5,4,0,0.0,813.3,14,1,0,0.0,124,336,198.23000000000002,89.66666666666667,53.0,0,0.0,-6.702328848473085,0.0,1
17550,6,2239.4800000000005,5,5,0,0.0,357.73,218,1,1,341.09999999999997,126,399,373.2466666666667,147.0,68.25,0,0.13217958753458522,-5.88257001639087,267.16,0
16314,3,1491.4,3,3,0,0.0,669.25,58,1,0,0.0,118,201,497.1333333333334,212.0,41.5,0,0.0,-6.507650777116068,0.0,1
17774,6,2279.09,6,6,1,219.99,299.39,221,1,1,3.49,34,398,379.84833333333336,194.0,72.8,0,0.0015289716023096673,-0.3069641787626072,375.0,0
13567,4,1079.29,3,3,0,0.0,389.75,180,1,1,5.1,157,270,269.8225,160.75,56.5,0,0.0047031049714586085,-5.968067969301586,0.0,1
13076,1,135.4,1,1,0,0.0,0.0,9,1,0,0.0,186,186,135.4,44.0,,1,0.0,0.0,0.0,1
14375,2,871.26,2,2,0,0.0,530.3100000000001,128,1,0,0.0,179,270,435.63,231.5,91.0,0,0.0,-6.2753456550377225,235.56,0
13729,3,724.73,3,2,0,0.0,366.85,36,1,2,48.3,164,413,241.57666666666668,139.66666666666666,124.5,0,0.06248140434394525,-5.907675246378274,0.0,1
17886,3,703.27,3,3,0,0.0,394.29,56,1,1,9.95,166,318,234.42333333333332,80.66666666666667,76.0,0,0.013950814615406185,-5.979619672740059,377.7099999999999,0
17536,2,288.33000000000004,2,2,0,0.0,253.55,13,1,0,0.0,149,411,144.16500000000002,97.5,262.0,0,0.0,-5.539497280348345,0.0,1
17965,20,5457.39,20,13,3,903.1299999999999,1319.8400000000001,459,1,4,123.2,12,454,272.8695,172.35,23.263157894736842,0,0.02207651879102389,-0.37905002146038225,270.1,0
12958,2,467.34,2,2,0,0.0,300.45,45,1,0,0.0,129,312,233.67,59.0,183.0,0,0.0,-5.708604164935415,0.0,1
13458,6,6483.52,6,4,4,4170.82,2312.7000000000003,191,1,4,39.8,16,117,1080.5866666666668,595.6666666666666,20.2,0,0.00610118773875879,0.5895044167015753,2089.26,0
14898,11,2520.6899999999996,11,9,2,325.55,539.8499999999999,131,1,4,123.35,31,465,229.15363636363634,125.36363636363636,43.4,0,0.046652093009182924,-0.5045588997276322,186.88,0
16679,3,663.31,3,3,0,0.0,476.16,15,1,0,0.0,95,276,221.10333333333332,82.33333333333333,90.5,0,0.0,-6.167851864413745,0.0,1
15944,4,2164.24,4,4,1,325.1,634.74,25,1,0,0.0,5,455,541.06,214.75,150.0,0,0.0,-0.6675855919298446,0.0,1
15799,2,857.42,2,2,1,320.2199999999999,537.2,76,1,0,0.0,63,147,428.71,283.5,84.0,0,0.0,-0.5161039916580545,161.02,0
15496,1,146.14000000000001,1,1,0,0.0,0.0,22,1,0,0.0,360,360,146.14000000000001,98.0,,1,0.0,0.0,0.0,1
13997,3,376.46000000000004,2,2,0,0.0,0.0,36,1,0,0.0,248,279,125.48666666666668,47.666666666666664,31.0,0,0.0,0.0,0.0,1
15254,2,787.99,2,2,0,0.0,0.0,46,1,1,14.95,275,289,393.995,218.0,14.0,0,0.018619074899743442,0.0,0.0,1
16105,4,2049.23,4,4,0,0.0,607.1899999999999,80,1,0,0.0,167,333,512.3075,448.75,55.333333333333336,0,0.0,-6.410487333148212,336.96,0
13772,5,1977.39,4,4,0,0.0,881.0500000000001,290,1,1,19.5,129,383,395.478,181.2,84.66666666666667,0,0.009765184862461126,-6.782248743742415,228.42000000000002,0
15191,3,588.05,2,2,0,0.0,0.0,33,1,0,0.0,192,417,196.01666666666665,95.66666666666667,225.0,0,0.0,0.0,0.0,1
15473,1,274.8,1,1,0,0.0,274.8,3,1,0,0.0,173,173,274.8,104.0,,1,0.0,-5.619675965359201,0.0,1
13181,1,359.69000000000005,1,1,0,0.0,359.69000000000005,19,1,0,0.0,110,110,359.69000000000005,171.0,,1,0.0,-5.888018863654928,0.0,1
17760,5,631.3399999999999,4,4,0,0.0,393.44999999999993,44,1,1,7.25,102,378,126.26799999999999,91.4,92.0,0,0.011353137380792059,-5.977492389541099,0.0,1
15545,1,135.32999999999998,1,1,0,0.0,135.32999999999998,31,1,0,0.0,100,100,135.32999999999998,75.0,,1,0.0,-4.915078417198038,0.0,1
15351,4,1770.2300000000002,4,2,0,0.0,1770.2300000000002,103,1,3,25.14,98,161,442.55750000000006,184.25,21.0,0,0.014002684683380026,-7.479429499480308,0.0,1
17175,1,519.08,1,1,1,519.08,0.0,27,1,0,0.0,25,25,519.08,332.0,,1,0.0,6.2539826458962136,0.0,1
14603,1,660.0,1,1,1,660.0,0.0,2,1,0,0.0,3,3,660.0,400.0,,1,0.0,6.493753839851687,0.0,1
14060,17,4689.28,15,9,4,1310.6200000000001,2471.96,65,1,1,10.9,19,367,275.84,242.47058823529412,24.857142857142858,0,0.0023190601211017453,-0.6341527992983664,1463.64,0
13843,1,319.75,1,1,0,0.0,319.75,18,1,0,0.0,110,110,319.75,145.0,,1,0.0,-5.770662003495746,0.0,1
18071,5,975.6300000000001,4,3,0,0.0,258.95,45,1,0,0.0,94,463,195.12600000000003,115.0,123.0,0,0.0,-5.560489304829725,194.05,0
17924,3,797.4000000000001,3,3,1,223.20000000000002,574.2,3,1,3,45.7,30,143,265.8,52.0,56.5,0,0.05420472067370418,-0.9421792957687778,0.0,1
12524,12,7006.5599999999995,11,9,3,1158.17,2457.01,101,0,1,34.75,10,398,583.88,369.25,38.8,0,0.0049351612128993045,-0.7516478477115571,1315.2099999999998,0
16935,3,530.86,3,2,0,0.0,530.86,55,1,0,0.0,110,150,176.95333333333335,91.0,20.0,0,0.0,-6.276380296814793,0.0,1
14378,1,131.25,1,1,0,0.0,0.0,9,1,0,0.0,350,350,131.25,57.0,,1,0.0,0.0,0.0,1
16242,8,4036.1500000000005,7,7,1,211.36,1768.5900000000001,257,1,3,29.2,6,363,504.51875000000007,255.875,59.5,0,0.007182653400076253,-2.1202202126020033,181.54,0
16632,2,406.4,2,2,0,0.0,0.0,22,1,0,0.0,214,310,203.2,128.0,96.0,0,0.0,0.0,0.0,1
17762,1,129.75,1,1,0,0.0,0.0,16,1,0,0.0,185,185,129.75,129.0,,1,0.0,0.0,0.0,1
13104,4,712.3799999999999,4,4,1,101.76,332.4,5,1,0,0.0,83,382,178.09499999999997,106.5,99.66666666666667,0,0.0,-1.1769467980750106,111.96,0
13205,1,2803.2,1,1,0,0.0,2803.2,1,1,0,0.0,172,172,2803.2,256.0,,1,0.0,-7.938873572287031,0.0,1
13703,2,425.56,2,2,1,99.5,326.06,36,1,1,326.06,47,144,212.78,64.0,97.0,0,0.433809637848913,-1.1799859128051144,0.0,1
12873,3,2027.3000000000002,3,3,1,374.0,1160.9,33,1,0,0.0,11,410,675.7666666666668,262.0,199.5,0,0.0,-1.130885849218406,0.0,1
16412,4,457.2,4,4,0,0.0,294.06,72,1,0,0.0,122,402,114.3,56.25,93.33333333333333,0,0.0,-5.687178725489421,0.0,1
14474,1,711.23,1,1,0,0.0,0.0,97,1,0,0.0,308,308,711.23,308.0,,1,0.0,0.0,0.0,1
16407,7,1217.3600000000001,6,4,3,535.39,681.97,67,1,0,0.0,14,161,173.90857142857143,85.85714285714286,29.4,0,0.0,-0.24158942631094238,254.39999999999998,0
12903,1,833.5300000000001,1,1,0,0.0,833.5300000000001,41,1,0,0.0,157,157,833.5300000000001,493.0,,1,0.0,-6.726868692126177,0.0,1
12753,3,9341.13,3,3,2,5750.539999999999,3590.59,69,0,2,153.19,11,91,3113.7099999999996,1792.3333333333333,40.0,0,0.016134910135744317,0.47087264365099024,3599.3799999999997,0
14239,13,2677.8,13,11,3,795.48,419.61,66,1,2,58.2,11,463,205.9846153846154,83.23076923076923,37.666666666666664,0,0.021271929824561404,0.6384959806345369,499.56000000000006,0
14407,1,357.18,1,1,1,357.18,0.0,19,1,0,0.0,5,5,357.18,134.0,,1,0.0,5.881035653338594,645.5,0
16176,4,2052.69,4,4,0,0.0,912.1000000000001,53,1,3,88.64999999999999,150,349,513.1725,238.0,66.33333333333333,0,0.04139931071198408,-6.8168454036222945,0.0,1
15102,2,554.67,2,1,0,0.0,0.0,26,1,0,0.0,259,275,277.335,169.5,16.0,0,0.0,0.0,0.0,1
16256,2,826.9399999999999,2,2,0,0.0,0.0,15,1,0,0.0,222,326,413.46999999999997,504.0,104.0,0,0.0,0.0,752.4300000000001,0
13506,5,1338.08,5,5,1,157.4,753.36,55,1,3,29.549999999999997,45,189,267.616,188.4,36.0,0,0.02160672111609134,-1.560746228263839,0.0,1
17585,4,1365.84,4,3,1,417.80999999999995,233.33,175,1,0,0.0,67,207,341.46,357.75,46.666666666666664,0,0.0,0.5806869781669377,103.72,0
12749,4,2806.48,3,3,0,0.0,1973.58,121,1,4,346.19,128,250,701.62,222.25,61.0,0,0.10980851151563595,-7.588110996492407,859.0999999999999,0
13138,2,504.85,2,2,0,0.0,504.85,29,1,1,12.75,101,125,252.425,122.5,24.0,0,0.02463292117465224,-6.2262401826519,193.62,0
17544,3,944.82,1,1,0,0.0,944.82,80,1,0,0.0,119,119,314.94,136.66666666666666,,1,0.0,-6.852052276105886,0.0,1
15547,16,6505.88,14,11,3,646.4599999999999,2230.26,405,1,2,13.5,14,462,406.6175,265.4375,34.46153846153846,0,0.0020707490589595944,-1.237264711706926,969.3,0
13427,3,423.93,3,3,0,0.0,0.0,18,1,0,0.0,206,451,141.31,111.66666666666667,122.5,0,0.0,0.0,214.5,0
17465,7,2542.7899999999995,6,6,0,0.0,284.61,103,1,2,9.15,154,465,363.2557142857142,211.0,62.2,0,0.0035855074962577497,-5.654627243858056,0.0,1
15747,6,1553.17,6,6,0,0.0,741.35,78,1,1,1.95,104,419,258.8616666666667,146.33333333333334,63.0,0,0.0012539225268789545,-6.609820830066004,0.0,1
13611,8,2446.6800000000003,8,7,1,303.15,665.57,131,1,3,24.900000000000002,88,465,305.83500000000004,177.125,53.857142857142854,0,0.010074527225499477,-0.7846241595937418,0.0,1
15478,1,541.06,1,1,0,0.0,0.0,23,1,0,0.0,304,304,541.06,269.0,,1,0.0,0.0,0.0,1
14204,3,874.22,3,3,0,0.0,163.11,158,1,0,0.0,151,466,291.4066666666667,132.33333333333334,157.5,0,0.0,-5.100536934691537,0.0,1
17270,2,601.45,2,2,0,0.0,0.0,45,1,0,0.0,198,461,300.725,210.0,263.0,0,0.0,0.0,0.0,1
17163,2,406.68,2,2,0,0.0,265.44,24,1,0,0.0,174,404,203.34,232.5,230.0,0,0.0,-5.585149077544979,0.0,1
12454,3,12931.44,3,2,0,0.0,12931.44,8,0,2,8832.48,124,150,4310.4800000000005,2232.0,13.0,0,0.40583130244919113,-9.467494162392715,0.0,1
13117,14,1861.2799999999997,14,12,2,202.38,895.0999999999999,98,1,1,1.7,6,352,132.9485714285714,92.57142857142857,26.615384615384617,0,0.000912516505813267,-1.482975863527182,160.84,0
16921,2,255.03,2,2,0,0.0,113.47,28,1,0,0.0,171,329,127.515,60.5,158.0,0,0.0,-4.740312779930385,0.0,1
17325,3,609.57,3,3,1,96.8,410.87000000000006,39,1,0,0.0,9,370,203.19000000000003,155.0,180.5,0,0.0,-1.4377831885368515,0.0,1
16471,4,1189.98,4,4,1,223.95,302.8,48,1,2,3.8,3,381,297.495,167.5,126.0,0,0.003183166077501717,-0.30049143487449115,0.0,1
14438,1,131.9,1,1,1,131.9,0.0,9,1,0,0.0,35,35,131.9,82.0,,1,0.0,4.8895969657192,0.0,1
14006,5,1538.9199999999998,5,5,1,304.44,0.0,41,1,0,0.0,41,381,307.784,355.2,85.0,0,0.0,5.721753359977438,357.65000000000003,0
13702,1,135.18,1,1,0,0.0,135.18,5,1,0,0.0,174,174,135.18,74.0,,1,0.0,-4.9139775400548205,0.0,1
13652,3,1475.77,3,3,0,0.0,1081.8100000000002,91,1,0,0.0,97,381,491.92333333333335,330.6666666666667,142.0,0,0.0,-6.987314793013349,329.44,0
17332,5,827.77,5,5,0,0.0,0.0,81,1,0,0.0,257,385,165.554,153.8,32.0,0,0.0,0.0,0.0,1
15600,4,1199.31,4,4,0,0.0,495.77000000000004,55,1,1,20.6,157,322,299.8275,164.25,55.0,0,0.016886491626431462,-6.208127142322502,0.0,1
12741,1,236.07,1,1,0,0.0,0.0,15,0,0,0.0,262,262,236.07,213.0,,1,0.0,0.0,0.0,1
14913,6,3461.5299999999997,6,6,2,615.8299999999999,1012.35,149,1,0,0.0,2,214,576.9216666666666,519.8333333333334,42.4,0,0.0,-0.49642349376670314,301.32,0
15652,4,1068.2,4,3,0,0.0,966.51,76,1,1,8.5,116,214,267.05,112.25,32.666666666666664,0,0.007894492430574905,-6.874725760767834,0.0,1
16595,4,1397.59,4,4,0,0.0,682.6700000000001,286,1,0,0.0,105,420,349.3975,249.0,105.0,0,0.0,-6.52747534506279,0.0,1
17288,7,1341.3200000000002,5,4,3,290.52,1050.8,135,1,0,0.0,24,123,191.61714285714288,120.85714285714286,24.75,0,0.0,-1.2831496470836505,373.17999999999995,0
17651,6,1758.52,5,1,0,0.0,0.0,84,1,1,10.14,227,255,293.08666666666664,162.33333333333334,7.0,0,0.005733153913131976,0.0,0.0,1
14384,1,58.5,1,1,0,0.0,0.0,3,1,0,0.0,229,229,58.5,30.0,,1,0.0,0.0,0.0,1
12460,1,296.65,1,1,0,0.0,0.0,17,0,0,0.0,185,185,296.65,168.0,,1,0.0,0.0,0.0,1
15969,2,460.95000000000005,2,2,0,0.0,357.19000000000005,15,1,0,0.0,154,251,230.47500000000002,49.5,97.0,0,0.0,-5.881063571872314,308.7,0
13814,1,678.1999999999999,1,1,0,0.0,0.0,22,0,1,1.25,256,256,678.1999999999999,350.0,,1,0.0018397233056148357,0.0,0.0,1
17765,1,156.36999999999998,1,1,0,0.0,156.36999999999998,22,1,0,0.0,177,177,156.36999999999998,52.0,,1,0.0,-5.058599720612773,258.29999999999995,0
15741,2,208.62000000000003,2,2,0,0.0,0.0,11,1,0,0.0,187,347,104.31000000000002,35.0,160.0,0,0.0,0.0,0.0,1
18135,5,567.71,5,5,0,0.0,201.58999999999997,16,1,3,20.4,121,363,113.542,80.8,60.5,0,0.034687388413732125,-5.31118423225486,109.82000000000002,0
13451,7,4549.85,7,7,1,359.19,862.1700000000001,385,1,1,11.25,63,357,649.9785714285715,478.85714285714283,49.0,0,0.0024665102716449976,-0.8739799889355258,1230.29,0
12701,4,1522.6999999999998,4,2,0,0.0,0.0,79,0,0,0.0,258,362,380.67499999999995,260.5,34.666666666666664,0,0.0,0.0,301.08000000000004,0
13503,4,1561.1900000000003,3,3,0,0.0,0.0,147,1,4,71.25,208,390,390.29750000000007,213.25,91.0,0,0.043646320844870246,0.0,0.0,1
14322,4,474.1000000000001,4,3,0,0.0,320.50000000000006,10,1,2,89.80000000000001,158,388,118.52500000000002,39.5,76.66666666666667,0,0.15924809363362297,-5.772997543677675,0.0,1
13424,1,572.7700000000001,1,1,0,0.0,572.7700000000001,40,1,1,14.850000000000001,178,178,572.7700000000001,529.0,,1,0.025271433919880192,-6.3522286191550155,0.0,1
12908,4,1344.0,4,4,1,318.0,390.0,1,1,1,390.0,41,359,336.0,600.0,106.0,0,0.22491349480968859,-0.20351645720052147,0.0,1
17350,3,612.38,3,3,0,0.0,160.90999999999997,64,1,0,0.0,123,405,204.12666666666667,135.66666666666666,141.0,0,0.0,-5.087040625298661,0.0,1
15766,2,516.0,2,2,0,0.0,0.0,15,1,1,31.4,185,411,258.0,82.0,226.0,0,0.05736207526488856,0.0,0.0,1
17330,2,59.900000000000006,2,2,0,0.0,0.0,2,1,0,0.0,273,376,29.950000000000003,1.0,103.0,0,0.0,0.0,0.0,1
14142,2,671.3399999999999,2,2,0,0.0,311.80999999999995,42,1,2,15.4,102,375,335.66999999999996,259.0,273.0,0,0.022424789585578243,-5.745595977469612,0.0,1
13179,1,572.3100000000001,1,1,0,0.0,0.0,34,1,0,0.0,347,347,572.3100000000001,368.0,,1,0.0,0.0,0.0,1
17393,2,381.15,2,2,0,0.0,186.55,45,1,0,0.0,139,217,190.575,119.0,78.0,0,0.0,-5.234045476527896,0.0,1
17023,3,800.18,3,3,0,0.0,195.61999999999998,48,1,0,0.0,146,426,266.72666666666663,176.66666666666666,140.0,0,0.0,-5.281272931938778,0.0,1
13005,2,485.98,2,2,0,0.0,256.25,27,1,1,19.9,160,186,242.99,145.0,26.0,0,0.039337392266940774,-5.550048374714159,321.65000000000003,0
17533,1,34.8,1,1,0,0.0,34.8,1,1,0,0.0,163,163,34.8,24.0,,1,0.0,-3.5779478934066544,0.0,1
16166,2,435.83000000000004,2,2,0,0.0,195.99,18,1,2,108.35,157,420,217.91500000000002,86.5,263.0,0,0.19910691315373585,-5.283152966028264,0.0,1
15262,3,418.82,3,3,1,178.95000000000002,112.8,22,1,0,0.0,52,217,139.60666666666665,72.66666666666667,82.5,0,0.0,0.4582365128328094,0.0,1
12664,3,1609.7400000000002,3,3,1,581.58,0.0,4,0,0,0.0,51,455,536.58,150.0,202.0,0,0.0,6.367466515065505,602.0,0
18198,3,907.3199999999999,3,2,3,907.3199999999999,0.0,31,1,1,0.65,17,65,302.44,234.66666666666666,24.0,0,0.0007158826833485689,6.811596739422416,2593.4700000000003,0
17184,2,198.41000000000003,2,2,0,0.0,0.0,14,1,0,0.0,298,459,99.20500000000001,36.5,161.0,0,0.0,0.0,0.0,1
18281,1,120.32,1,1,0,0.0,0.0,10,1,0,0.0,306,306,120.32,92.0,,1,0.0,0.0,0.0,1
15077,2,2428.08,2,2,0,0.0,0.0,28,1,2,4.2,223,459,1214.04,264.0,236.0,0,0.0017267748778923482,0.0,0.0,1
18140,1,536.41,1,1,0,0.0,0.0,49,0,0,0.0,202,202,536.41,395.0,,1,0.0,0.0,0.0,1
16907,6,951.88,6,6,1,229.82999999999998,617.4,72,1,0,0.0,19,255,158.64666666666668,49.666666666666664,47.2,0,0.0,-0.985453988417305,121.36000000000001,0
17934,1,344.9,1,1,0,0.0,344.9,20,1,0,0.0,135,135,344.9,150.0,,1,0.0,-5.846149715943123,0.0,1
15647,1,169.0,1,1,0,0.0,169.0,11,1,0,0.0,144,144,169.0,124.0,,1,0.0,-5.135798437050262,0.0,1
14600,2,865.1700000000001,2,2,1,393.33,471.84000000000003,53,1,0,0.0,34,122,432.58500000000004,243.5,88.0,0,0.0,-0.18156894269300317,0.0,1
17976,1,321.78999999999996,1,1,0,0.0,321.78999999999996,56,1,0,0.0,101,101,321.78999999999996,93.0,,1,0.0,-5.777001956981612,0.0,1
14589,1,39.75,1,1,0,0.0,39.75,3,1,0,0.0,100,100,39.75,5.0,,1,0.0,-3.7074558396868715,0.0,1
16926,5,1169.61,5,4,0,0.0,230.25000000000003,63,1,1,10.95,100,255,233.92199999999997,39.4,38.75,0,0.009275259199024192,-5.443499376392535,0.0,1
15213,2,328.35,2,1,2,328.35,0.0,22,1,1,3.3,47,58,164.175,136.0,11.0,0,0.009950248756218904,5.797121015086702,0.0,1
15319,1,204.50000000000003,1,1,1,204.50000000000003,0.0,16,1,0,0.0,12,12,204.50000000000003,175.0,,1,0.0,5.32544603393629,0.0,1
18183,1,312.8,1,1,1,312.8,0.0,19,1,0,0.0,3,3,312.8,120.0,,1,0.0,5.748755840298932,319.27,0
14169,2,613.1099999999999,2,2,0,0.0,613.1099999999999,49,1,0,0.0,159,173,306.55499999999995,100.5,14.0,0,0.0,-6.420174065195606,0.0,1
13819,6,2642.3500000000004,6,4,3,1140.35,0.0,47,1,1,11.25,30,467,440.3916666666667,384.8333333333333,87.4,0,0.004239523665963219,7.039967051290641,0.0,1
15403,2,170.88,2,2,0,0.0,0.0,6,1,0,0.0,220,459,85.44,246.0,239.0,0,0.0,0.0,0.0,1
15428,3,668.97,3,3,0,0.0,287.25,35,1,0,0.0,116,451,222.99,81.66666666666667,167.5,0,0.0,-5.663828159149168,0.0,1
17123,2,621.37,2,2,0,0.0,414.51,30,1,0,0.0,168,301,310.685,202.5,133.0,0,0.0,-6.029506681394576,0.0,1
12771,1,226.3,1,1,0,0.0,0.0,14,0,1,19.8,214,214,226.3,102.0,,1,0.08045509955302722,0.0,0.0,1
12425,1,964.2099999999998,1,1,0,0.0,964.2099999999998,55,0,1,60.6,177,177,964.2099999999998,651.0,,1,0.059132912442306396,-6.872345694244244,0.0,1
15870,3,506.02,2,2,0,0.0,506.02,61,1,0,0.0,125,175,168.67333333333332,57.0,50.0,0,0.0,-6.228550450544898,0.0,1
16330,4,373.47,3,3,0,0.0,322.04,71,1,0,0.0,153,391,93.3675,44.75,119.0,0,0.0,-5.777776154564528,0.0,1
15978,2,2180.64,2,2,0,0.0,1581.52,72,1,2,6.8,161,373,1090.32,778.0,212.0,0,0.003108656694583623,-7.366773792169117,0.0,1
13537,2,717.8499999999999,2,2,0,0.0,717.8499999999999,38,1,0,0.0,154,180,358.92499999999995,168.5,26.0,0,0.0,-6.577652712868601,0.0,1
17741,2,101.10000000000001,2,2,0,0.0,59.7,6,1,0,0.0,135,289,50.550000000000004,57.0,154.0,0,0.0,-4.1059436980654525,0.0,1
12726,6,1797.36,6,6,2,517.86,796.62,43,0,0,0.0,44,353,299.56,367.6666666666667,61.8,0,0.0,-0.42999819630028835,841.4599999999999,0
14552,2,343.71,2,2,0,0.0,169.98999999999998,80,1,0,0.0,109,321,171.855,84.0,212.0,0,0.0,-5.141605075260501,0.0,1
17996,3,469.73,2,2,0,0.0,206.82999999999998,62,1,0,0.0,108,275,156.57666666666668,175.66666666666666,167.0,0,0.0,-5.336720437830982,0.0,1
15780,1,177.15,1,1,1,177.15,0.0,12,1,0,0.0,86,86,177.15,65.0,,1,0.0,5.1826258920518455,298.13,0
12539,5,9050.1,4,3,2,3431.7,469.34,215,0,0,0.0,45,445,1810.02,750.6,133.33333333333334,0,0.0,1.9876465650855657,1085.99,0
17334,3,635.15,3,2,2,307.02,328.13,20,1,1,0.42,31,135,211.71666666666667,188.66666666666666,52.0,0,0.0006608241421086585,-0.06628809356718968,0.0,1
14564,2,2605.62,2,2,0,0.0,1616.44,107,0,3,86.3,163,464,1302.81,647.5,301.0,0,0.032058902196201965,-7.388599931405747,0.0,1
14365,2,634.6800000000001,2,2,0,0.0,310.18,50,1,0,0.0,123,410,317.34000000000003,278.5,287.0,0,0.0,-5.740371522886817,0.0,1
16406,2,374.01,2,2,0,0.0,170.06,85,1,1,18.7,179,382,187.005,70.5,203.0,0,0.047617835043670904,-5.1420143721526355,0.0,1
16677,2,880.62,2,2,0,0.0,617.39,45,1,1,30.85,140,381,440.31,228.5,241.0,0,0.033846423908631115,-6.427119326379204,0.0,1
16275,2,1591.24,2,2,0,0.0,0.0,76,1,0,0.0,203,370,795.62,466.0,167.0,0,0.0,0.0,559.87,0
17622,2,1130.21,2,1,0,0.0,0.0,19,1,1,5.04,326,327,565.105,189.5,1.0,0,0.00443955075974455,0.0,0.0,1
16661,4,932.7600000000002,4,4,0,0.0,0.0,50,1,1,144.45000000000002,269,451,233.19000000000005,91.0,60.666666666666664,0,0.13409641574066336,0.0,0.0,1
12687,1,1858.9099999999996,1,1,0,0.0,0.0,125,0,0,0.0,209,209,1858.9099999999996,1402.0,,1,0.0,0.0,0.0,1
14009,1,404.30000000000007,1,1,0,0.0,0.0,32,1,0,0.0,191,191,404.30000000000007,586.0,,1,0.0,0.0,695.61,0
12871,1,363.38,1,1,0,0.0,363.38,7,1,0,0.0,168,168,363.38,284.0,,1,0.0,-5.8981972791375386,132.0,0
16732,3,3783.8900000000003,3,3,0,0.0,2311.01,177,1,5,420.85,132,460,1261.2966666666669,699.0,164.0,0,0.10008942288940575,-7.74587255504243,0.0,1
13395,2,872.51,2,2,0,0.0,872.51,56,1,0,0.0,129,150,436.255,662.0,21.0,0,0.0,-6.7725195777054905,307.71999999999997,0
15974,2,917.19,2,2,2,917.19,0.0,41,1,1,12.600000000000001,6,17,458.595,216.5,11.0,0,0.013551447100958281,6.822404340882367,1137.66,0
16030,1,331.24,1,1,1,331.24,0.0,28,1,0,0.0,38,38,331.24,283.0,,1,0.0,5.805857599322498,0.0,1
17309,2,237.64000000000001,2,2,0,0.0,27.75,22,1,0,0.0,110,402,118.82000000000001,70.0,292.0,0,0.0,-3.3586377672433594,0.0,1
17225,1,131.15,1,1,0,0.0,0.0,5,1,0,0.0,310,310,131.15,36.0,,1,0.0,0.0,0.0,1
14793,1,396.90999999999997,1,1,0,0.0,0.0,25,1,0,0.0,264,264,396.90999999999997,270.0,,1,0.0,0.0,0.0,1
16334,1,263.73,1,1,0,0.0,0.0,54,1,0,0.0,221,221,263.73,206.0,,1,0.0,0.0,0.0,1
15931,1,239.9,1,1,0,0.0,239.9,14,1,0,0.0,157,157,239.9,118.0,,1,0.0,-5.484381909620826,0.0,1
12578,3,3036.6,3,3,1,1412.6599999999999,1623.94,108,0,3,70.0,59,172,1012.1999999999999,639.0,56.5,0,0.02253267237494367,-0.13928880607877936,0.0,1
17337,1,989.3799999999999,1,1,1,989.3799999999999,0.0,230,1,1,35.400000000000006,39,39,989.3799999999999,688.0,,1,0.034543999687737866,6.898088707865367,957.28,0
15268,3,961.9,2,2,0,0.0,0.0,21,1,1,20.65,207,334,320.6333333333333,142.66666666666666,127.0,0,0.02101674215052669,0.0,0.0,1
15445,1,171.0,1,1,0,0.0,0.0,9,1,0,0.0,319,319,171.0,60.0,,1,0.0,0.0,113.5,0
12927,1,197.31,1,1,0,0.0,197.31,11,1,0,0.0,123,123,197.31,145.0,,1,0.0,-5.289831462897738,0.0,1
12796,1,351.0,1,1,0,0.0,0.0,6,0,0,0.0,357,357,351.0,180.0,,1,0.0,0.0,0.0,1
16993,2,1950.9499999999998,2,2,0,0.0,0.0,19,1,1,262.79999999999995,192,305,975.4749999999999,142.5,113.0,0,0.11871259175606999,0.0,0.0,1
16832,2,218.46,2,2,0,0.0,107.46000000000001,8,1,0,0.0,157,187,109.23,73.0,30.0,0,0.0,-4.686381441412915,199.15,0
17847,2,125.74000000000001,2,2,0,0.0,0.0,8,1,0,0.0,244,374,62.870000000000005,14.0,130.0,0,0.0,0.0,0.0,1
14231,2,618.86,2,2,1,308.95,309.91,38,1,1,23.75,17,179,309.43,159.0,162.0,0,0.036958652993261856,-0.003092487082684947,616.7600000000001,0
14212,1,1119.66,1,1,0,0.0,1119.66,12,1,0,0.0,174,174,1119.66,894.0,,1,0.0,-7.021673076442781,0.0,1
17683,3,819.0099999999999,3,3,0,0.0,135.78,41,1,0,0.0,114,283,273.0033333333333,260.3333333333333,84.5,0,0.0,-4.91837379566995,0.0,1
12861,1,68.25,1,1,0,0.0,0.0,4,1,0,0.0,348,348,68.25,27.0,,1,0.0,0.0,0.0,1
16542,1,137.7,1,1,0,0.0,137.7,9,1,0,0.0,130,130,137.7,96.0,,1,0.0,-4.932313327320786,0.0,1
14494,2,261.9,2,2,0,0.0,147.59999999999997,10,1,0,0.0,130,460,130.95,59.0,330.0,0,0.0,-5.001258132283659,0.0,1
14409,6,2033.94,5,5,1,337.29999999999995,908.69,52,1,1,151.20000000000002,47,296,338.99,237.33333333333334,62.25,0,0.06919465114363382,-0.9891708063459994,0.0,1
18233,1,440.0,1,1,1,440.0,0.0,1,1,0,0.0,54,54,440.0,4.0,,1,0.0,6.089044875446846,0.0,1
14845,1,150.0,1,1,0,0.0,0.0,1,1,0,0.0,328,328,150.0,600.0,,1,0.0,0.0,0.0,1
17077,1,306.0,1,1,0,0.0,0.0,1,1,0,0.0,307,307,306.0,36.0,,1,0.0,0.0,0.0,1
15423,2,223.39000000000001,2,2,0,0.0,0.0,12,1,1,47.75,310,350,111.69500000000001,48.5,40.0,0,0.17610828354355684,0.0,0.0,1
13307,2,258.34,2,2,0,0.0,0.0,14,1,0,0.0,216,321,129.17,68.0,105.0,0,0.0,0.0,0.0,1
18141,2,882.47,2,2,0,0.0,424.20000000000005,38,1,2,43.900000000000006,130,318,441.235,216.5,188.0,0,0.0473892721050984,-6.052559646467793,0.0,1
15341,1,382.2,1,1,0,0.0,382.2,7,1,1,1.7,178,178,382.2,196.0,,1,0.004428236519927064,-5.948557046096705,0.0,1
15277,1,220.44,1,1,0,0.0,220.44,14,1,0,0.0,154,154,220.44,168.0,,1,0.0,-5.400151672429304,0.0,1
18090,1,321.9,1,1,0,0.0,321.9,47,1,0,0.0,150,150,321.9,307.0,,1,0.0,-5.77734267776423,0.0,1
14700,2,880.9599999999999,2,2,0,0.0,539.5899999999999,45,1,0,0.0,144,214,440.47999999999996,146.0,70.0,0,0.0,-6.292661135706034,1541.1,0
16540,1,205.75000000000006,1,1,0,0.0,205.75000000000006,25,1,0,0.0,143,143,205.75000000000006,105.0,,1,0.0,-5.331510333903801,0.0,1
15368,1,275.8,1,1,0,0.0,275.8,4,1,0,0.0,123,123,275.8,176.0,,1,0.0,-5.623295223743515,0.0,1
17269,1,491.81000000000006,1,1,0,0.0,491.81000000000006,110,1,0,0.0,114,114,491.81000000000006,314.0,,1,0.0,-6.200123704221219,0.0,1
15826,1,943.97,1,1,0,0.0,0.0,51,1,1,10.2,297,297,943.97,861.0,,1,0.010689918987182577,0.0,720.0,0
17666,3,1319.64,3,2,0,0.0,0.0,17,1,0,0.0,206,256,439.88000000000005,318.6666666666667,25.0,0,0.0,0.0,0.0,1
15530,1,311.37,1,1,0,0.0,0.0,31,1,0,0.0,241,241,311.37,390.0,,1,0.0,0.0,548.09,0
14894,2,837.0600000000001,2,2,0,0.0,537.36,23,1,2,80.6,172,466,418.53000000000003,169.0,294.0,0,0.08783209467558789,-6.288527481365515,0.0,1
16857,1,352.80000000000007,1,1,0,0.0,352.80000000000007,11,1,0,0.0,171,171,352.80000000000007,168.0,,1,0.0,-5.868731781725685,0.0,1
13251,1,252.68,1,1,0,0.0,252.68,25,1,0,0.0,131,131,252.68,215.0,,1,0.0,-5.536073630230092,0.0,1
15992,2,854.61,2,2,0,0.0,533.86,51,1,0,0.0,125,182,427.305,248.5,57.0,0,0.0,-6.282005030408244,0.0,1
18138,1,152.65,1,1,1,152.65,0.0,8,1,0,0.0,24,24,152.65,38.0,,1,0.0,5.034677288576494,0.0,1
16036,2,1797.9199999999998,2,2,0,0.0,949.2399999999999,79,1,0,0.0,153,349,898.9599999999999,326.5,196.0,0,0.0,-6.85671458426755,188.73000000000002,0
17099,1,582.1700000000001,1,1,0,0.0,0.0,40,1,0,0.0,262,262,582.1700000000001,317.0,,1,0.0,0.0,0.0,1
16224,1,321.24,1,1,0,0.0,321.24,20,1,0,0.0,116,116,321.24,439.0,,1,0.0,-5.775296609530198,543.21,0
14730,1,250.87000000000003,1,1,1,250.87000000000003,0.0,49,1,0,0.0,5,5,250.87000000000003,138.0,,1,0.0,5.528913081387286,278.43,0
12369,3,1511.1499999999996,3,3,0,0.0,1202.83,89,0,0,0.0,142,370,503.7166666666665,411.3333333333333,114.0,0,0.0,-7.093263419886382,0.0,1
13079,1,199.07999999999998,1,1,0,0.0,199.07999999999998,11,1,0,0.0,146,146,199.07999999999998,96.0,,1,0.0,-5.298717286569364,0.0,1
13496,1,501.01,1,1,1,501.01,0.0,26,1,1,35.400000000000006,88,88,501.01,229.0,,1,0.06599429540836302,6.2186200398120475,0.0,1
16502,2,258.55,1,1,0,0.0,0.0,41,1,0,0.0,349,349,129.275,110.0,,1,0.0,0.0,0.0,1
14619,1,896.8,1,1,0,0.0,0.0,40,1,0,0.0,270,270,896.8,442.0,,1,0.0,0.0,394.44,0
16188,1,105.80000000000001,1,1,0,0.0,105.80000000000001,7,1,1,9.95,137,137,105.80000000000001,56.0,,1,0.08596112311015117,-4.6709579265260945,565.77,0
12538,1,276.5,1,1,0,0.0,276.5,13,0,0,0.0,107,107,276.5,145.0,,1,0.0,-5.625820933186489,0.0,1
17535,1,164.4,1,1,1,164.4,0.0,13,1,0,0.0,9,9,164.4,136.0,,1,0.0,5.108366782589591,0.0,1
16028,1,82.2,1,1,0,0.0,0.0,5,1,0,0.0,324,324,82.2,18.0,,1,0.0,0.0,0.0,1
13992,2,142.7,2,2,0,0.0,66.8,5,1,0,0.0,109,192,71.35,45.0,83.0,0,0.0,-4.216562194946349,0.0,1
13011,1,50.550000000000004,1,1,0,0.0,50.550000000000004,3,1,0,0.0,101,101,50.550000000000004,13.0,,1,0.0,-3.942552210462969,0.0,1
17280,1,118.85999999999999,1,1,0,0.0,118.85999999999999,6,1,0,0.0,167,167,118.85999999999999,74.0,,1,0.0,-4.786324395030039,0.0,1
17435,1,331.34999999999997,1,1,0,0.0,331.34999999999997,15,1,0,0.0,140,140,331.34999999999997,195.0,,1,0.0,-5.806188630487591,0.0,1
16765,2,454.75,2,2,1,34.0,420.75,52,1,0,0.0,23,111,227.375,155.5,88.0,0,0.0,-2.489064659936664,0.0,1
16405,2,167.25,2,1,2,167.25,0.0,3,1,0,0.0,31,39,83.625,93.5,8.0,0,0.0,5.125450968524837,0.0,1
15635,1,100.35,1,1,0,0.0,100.35,2,1,0,0.0,124,124,100.35,5.0,,1,0.0,-4.6185798728980085,0.0,1
12533,2,1223.89,2,2,0,0.0,0.0,62,0,4,217.89999999999995,356,467,611.945,348.0,111.0,0,0.15113157949493336,0.0,0.0,1
17264,1,268.28,1,1,0,0.0,268.28,70,1,0,0.0,153,153,268.28,217.0,,1,0.0,-5.595751730442496,0.0,1
15211,1,383.07,1,1,0,0.0,383.07,23,1,0,0.0,94,94,383.07,117.0,,1,0.0,-5.950824827641287,0.0,1
17022,1,188.99999999999997,1,1,0,0.0,188.99999999999997,9,1,0,0.0,161,161,188.99999999999997,72.0,,1,0.0,-5.247024072160486,0.0,1
14342,2,249.87999999999997,2,2,0,0.0,88.6,12,1,1,14.850000000000001,161,201,124.93999999999998,87.0,40.0,0,0.056094889132323515,-4.4953553199808844,309.6,0
13375,1,1013.5799999999999,1,1,0,0.0,1013.5799999999999,34,1,0,0.0,173,173,1013.5799999999999,682.0,,1,0.0,-6.922230012736448,0.0,1
12760,1,317.8,1,1,0,0.0,0.0,20,0,0,0.0,184,184,317.8,196.0,,1,0.0,0.0,0.0,1
15128,1,312.68,1,1,0,0.0,312.68,21,1,0,0.0,159,159,312.68,240.0,,1,0.0,-5.748373357984076,483.70000000000005,0
13646,2,326.25,1,1,0,0.0,326.25,58,1,1,2.95,128,128,163.125,39.5,,1,0.008961117861482383,-5.7907244047900095,0.0,1
16535,1,358.28999999999996,1,1,0,0.0,358.28999999999996,35,1,0,0.0,114,114,358.28999999999996,307.0,,1,0.0,-5.884129861836806,0.0,1
18056,2,554.6,2,2,1,363.65000000000003,0.0,28,1,1,14.850000000000001,17,347,277.3,167.0,330.0,0,0.026077794362981827,5.898937989430242,0.0,1
17559,1,167.61999999999998,1,1,0,0.0,0.0,12,1,0,0.0,241,241,167.61999999999998,270.0,,1,0.0,0.0,0.0,1
16991,1,1041.21,1,1,0,0.0,1041.21,74,1,0,0.0,150,150,1041.21,793.0,,1,0.0,-6.949098737516397,0.0,1
14612,1,877.7,1,1,0,0.0,877.7,14,1,0,0.0,144,144,877.7,134.0,,1,0.0,-6.7784435425017975,0.0,1
15806,1,300.36,1,1,1,300.36,0.0,16,1,0,0.0,5,5,300.36,274.0,,1,0.0,5.708305563383786,0.0,1
13398,1,213.0,1,1,0,0.0,213.0,13,1,0,0.0,177,177,213.0,60.0,,1,0.0,-5.365976015021851,457.34,0
15072,1,187.51999999999998,1,1,0,0.0,0.0,13,1,0,0.0,208,208,187.51999999999998,164.0,,1,0.0,0.0,0.0,1
15049,1,121.17000000000002,1,1,1,121.17000000000002,0.0,3,1,0,0.0,2,2,121.17000000000002,63.0,,1,0.0,4.8054135174159684,0.0,1
13128,1,263.5,1,1,0,0.0,0.0,1,1,0,0.0,360,360,263.5,31.0,,1,0.0,0.0,0.0,1
15470,1,63.419999999999995,1,1,0,0.0,0.0,4,1,0,0.0,304,304,63.419999999999995,232.0,,1,0.0,0.0,0.0,1
16526,1,426.85,1,1,0,0.0,0.0,20,1,0,0.0,313,313,426.85,173.0,,1,0.0,0.0,0.0,1
16870,1,450.15999999999997,1,1,0,0.0,0.0,28,1,0,0.0,198,198,450.15999999999997,278.0,,1,0.0,0.0,0.0,1
14490,2,1273.4699999999998,2,1,0,0.0,1273.4699999999998,72,1,0,0.0,135,157,636.7349999999999,466.5,22.0,0,0.0,-7.150285684896527,0.0,1
17782,2,679.02,1,1,0,0.0,679.02,29,1,0,0.0,111,111,339.51,269.0,,1,0.0,-6.52212220950234,0.0,1
16643,1,435.59999999999997,1,1,0,0.0,435.59999999999997,28,1,1,7.55,151,151,435.59999999999997,284.0,,1,0.017037120613787655,-6.079017444115843,487.51,0
16949,1,74.42,1,1,1,74.42,0.0,5,1,0,0.0,45,45,74.42,46.0,,1,0.0,4.323072491830211,819.3299999999999,0
13912,1,124.95,1,1,0,0.0,124.95,7,1,0,0.0,152,152,124.95,29.0,,1,0.0,-4.835885002798619,0.0,1
16261,2,312.62,2,2,0,0.0,312.62,41,1,0,0.0,115,171,156.31,76.5,56.0,0,0.0,-5.748182061952885,252.51999999999998,0
15204,1,316.58,1,1,1,316.58,0.0,9,1,0,0.0,86,86,316.58,258.0,,1,0.0,5.760729755097951,0.0,1
17260,1,120.95,1,1,0,0.0,120.95,6,1,0,0.0,140,140,120.95,23.0,,1,0.0,-4.80361112466193,0.0,1
17440,1,137.16,1,1,0,0.0,0.0,1,1,0,0.0,278,278,137.16,36.0,,1,0.0,0.0,124.62,0
16776,1,220.96999999999997,1,1,0,0.0,220.96999999999997,48,1,0,0.0,144,144,220.96999999999997,181.0,,1,0.0,-5.402542237605569,0.0,1
16219,1,40.8,1,1,0,0.0,0.0,1,1,0,0.0,229,229,40.8,48.0,,1,0.0,0.0,0.0,1
15848,1,137.99,1,1,0,0.0,0.0,34,1,0,0.0,350,350,137.99,45.0,,1,0.0,0.0,0.0,1
13085,7,2295.2999999999997,4,3,1,278.1,0.0,46,1,0,0.0,24,467,327.9,128.57142857142858,147.66666666666666,0,0.0,5.6315701405422764,0.0,1
14653,5,1832.91,5,5,1,344.81000000000006,0.0,149,1,0,0.0,67,466,366.582,265.6,99.75,0,0.0,5.8458894912810315,0.0,1
16987,4,882.65,4,3,0,0.0,258.5,104,1,1,11.9,105,466,220.6625,67.25,120.33333333333333,0,0.013302777933038959,-5.558756702605943,213.04999999999998,0
15601,23,11205.380000000001,20,12,6,3021.82,2052.0600000000004,220,1,4,16.9,24,467,487.19043478260875,368.0,23.31578947368421,0,0.00150593284074181,0.38685880739133793,958.39,0
14961,16,11468.5,13,8,3,2103.0299999999997,2785.45,249,1,4,59.800000000000004,26,464,716.78125,360.0625,36.5,0,0.005187234891527806,-0.2809138308806034,1076.6299999999999,0
14454,5,977.3,5,5,0,0.0,395.95000000000005,93,1,1,6.6,105,462,195.45999999999998,80.0,89.25,0,0.006707998780363858,-5.983810328171122,0.0,1
13798,66,50275.939999999995,58,16,11,7830.26,14823.22,143,1,11,1956.8000000000002,2,460,761.7566666666665,482.43939393939394,8.035087719298245,0,0.03746309307151033,-0.638138913074858,10800.800000000001,0
15882,6,977.34,5,5,0,0.0,509.7,44,1,2,26.07,97,458,162.89000000000001,87.66666666666667,90.25,0,0.025981403414357042,-6.2357823336535985,145.04,0
13317,15,4450.460000000001,12,10,2,238.05,1807.66,159,1,9,283.95,87,455,296.6973333333334,147.06666666666666,33.45454545454545,0,0.059975794238352816,-2.0236687835153564,1075.9299999999998,0
16327,12,7466.99,12,11,1,622.6199999999999,1132.51,243,1,4,25.82,44,454,622.2491666666666,532.0833333333334,37.27272727272727,0,0.0034459702034350267,-0.5975330836304389,1311.4199999999998,0
16554,6,2005.4699999999998,6,6,1,0.85,950.98,81,1,7,244.95,60,453,334.24499999999995,157.5,78.6,0,0.10884634868157946,-6.243358387077091,313.26,0
17233,2,369.98,2,2,0,0.0,190.62,32,1,0,0.0,177,453,184.99,83.5,276.0,0,0.0,-5.255514244222727,0.0,1
12678,8,16652.43,8,8,2,388.71000000000004,5032.21,147,0,1,389.85,13,430,2081.55375,1460.375,59.57142857142857,0,0.022875460325731067,-2.5584103577433144,4984.65,0
17469,12,3180.28,9,8,0,0.0,404.7,126,1,4,64.99999999999999,129,452,265.02333333333337,126.41666666666667,40.375,0,0.020029088399151993,-6.005613970212401,305.36,0
17920,40,20285.190000000002,37,12,1,159.84999999999997,2025.5500000000002,460,1,2,6.55,44,462,507.12975000000006,253.8,11.61111111111111,0,0.0003227914412465367,-2.533617865160621,677.83,0
12836,12,4796.06,11,11,1,846.69,1173.0,198,1,2,39.15,40,467,399.6716666666667,119.08333333333333,42.7,0,0.00809685618618426,-0.32565699746942833,814.71,0
12916,4,2341.83,4,4,1,807.05,492.25,69,1,0,0.0,49,413,585.4575,227.75,121.33333333333333,0,0.0,0.493607792891928,1444.5299999999997,0
16206,10,2201.36,9,7,1,161.3,799.3599999999999,160,1,1,4.95,56,413,220.13600000000002,118.9,44.625,0,0.0022435650475227872,-1.5956151519277464,127.45,0
14625,10,4183.780000000001,9,7,1,585.53,1300.3,157,1,5,55.2,90,452,418.37800000000004,207.5,45.25,0,0.01302200057561017,-0.7968952261022038,314.09999999999997,0
12810,2,534.99,2,2,0,0.0,0.0,32,0,0,0.0,263,405,267.495,194.5,142.0,0,0.0,0.0,0.0,1
17448,41,14448.670000000002,13,4,0,0.0,0.0,568,1,7,73.66,258,374,352.4065853658537,281.1951219512195,9.666666666666666,0,0.005072188829203027,0.0,0.0,1
12951,11,2455.7400000000002,11,9,2,306.09000000000003,1038.75,95,1,4,35.8,48,427,223.24909090909094,121.0909090909091,37.9,0,0.01436862342165889,-1.2195947143895847,318.78999999999996,0
13203,6,1778.79,6,6,0,0.0,776.52,106,1,1,17.700000000000003,115,451,296.465,268.8333333333333,67.2,0,0.00985254579763873,-6.656109367195215,165.70999999999998,0
15863,3,286.26,3,3,0,0.0,0.0,56,1,0,0.0,346,451,95.42,47.666666666666664,52.5,0,0.0,0.0,9.2,0
14489,3,1111.55,3,3,0,0.0,346.45,54,1,0,0.0,166,341,370.51666666666665,237.33333333333334,87.5,0,0.0,-5.8506207697603365,463.38,0
17362,6,861.8100000000002,6,6,1,150.0,188.94,88,1,1,13.5,38,431,143.63500000000002,72.33333333333333,78.6,0,0.015423107242005686,-0.22942839599988218,162.23,0
16325,9,3003.26,9,6,0,0.0,1417.9199999999998,99,1,3,42.9,153,464,333.6955555555556,252.22222222222223,38.875,0,0.014083304882212357,-7.2576512978399625,190.82000000000002,0
13115,6,3199.9200000000005,6,5,0,0.0,1411.4200000000003,136,1,6,40.699999999999996,108,328,533.32,394.5,44.0,0,0.012559325067425367,-7.25305982424851,878.55,0
15203,10,2784.3200000000006,9,9,1,211.94,634.9300000000001,108,1,0,0.0,40,460,278.4320000000001,265.3,52.5,0,0.0,-1.0940780585032162,480.96000000000004,0
14941,1,182.10000000000002,1,1,0,0.0,0.0,7,1,0,0.0,307,307,182.10000000000002,80.0,,1,0.0,0.0,0.0,1
13998,3,566.6999999999999,3,3,0,0.0,287.79999999999995,30,1,0,0.0,175,305,188.89999999999998,68.0,65.0,0,0.0,-5.665734407018671,0.0,1
12632,2,714.8799999999999,2,2,0,0.0,0.0,31,0,2,29.999999999999996,249,293,357.43999999999994,344.5,44.0,0,0.04027494361507894,0.0,0.0,1
15980,4,4144.82,2,2,0,0.0,0.0,65,1,2,47.4,219,285,1036.205,815.5,66.0,0,0.011306658524600333,0.0,760.1800000000001,0
14033,1,109.44,1,1,0,0.0,0.0,1,1,0,0.0,284,284,109.44,576.0,,1,0.0,0.0,0.0,1
17515,6,1194.97,6,6,1,231.48000000000002,456.1,82,1,0,0.0,47,279,199.16166666666666,62.833333333333336,46.4,0,0.0,-0.6760979855157254,339.89,0
15607,9,1708.9700000000003,9,6,1,104.75999999999999,0.0,95,1,3,92.60000000000001,65,429,189.88555555555558,163.33333333333334,45.5,0,0.05139961256015586,4.661172376103376,0.0,1
15905,1,114.69,1,1,0,0.0,0.0,22,1,0,0.0,272,272,114.69,82.0,,1,0.0,0.0,0.0,1
14723,8,1134.6499999999999,7,6,1,208.45999999999998,497.3,179,1,0,0.0,87,464,141.83124999999998,86.5,62.833333333333336,0,0.0,-0.8666695149423598,0.0,1
12621,19,12316.419999999998,19,11,3,2202.2799999999997,4641.530000000001,188,0,7,130.45,20,397,648.2326315789472,404.4736842105263,20.944444444444443,0,0.010480546514906961,-0.7453123171057312,3986.9299999999994,0
17091,12,4556.139999999999,12,11,1,594.7,1552.85,200,1,4,33.599999999999994,53,452,379.6783333333333,193.91666666666666,36.27272727272727,0,0.0073206761167299225,-0.9587538165375786,1106.26,0
17068,31,5465.889999999999,31,12,4,871.6999999999998,1515.2799999999997,207,1,1,13.85,12,350,176.3190322580645,86.16129032258064,11.266666666666667,0,0.002527492180285926,-0.5524233915486612,1611.0000000000005,0
12567,8,4987.31,8,7,1,1128.73,2079.68,186,0,1,29.700000000000003,37,395,623.41375,295.875,51.142857142857146,0,0.005919860634122715,-0.6107160972415375,1187.89,0
12839,15,5166.71,15,11,2,686.4000000000001,1493.65,118,1,4,139.4,16,461,344.44733333333335,228.06666666666666,31.785714285714285,0,0.02627160009875408,-0.7767309802877858,611.36,0
17854,4,757.24,3,3,0,0.0,0.0,98,1,0,0.0,191,460,189.31,130.75,134.5,0,0.0,0.0,311.26,0
13296,5,705.1099999999999,5,5,0,0.0,127.02,46,1,0,0.0,152,306,141.022,115.0,38.5,0,0.0,-4.852186501713858,0.0,1
13418,18,7011.849999999999,15,9,2,587.28,2929.63,179,1,1,35.45,88,457,389.5472222222222,225.0,26.357142857142858,0,0.005030295290394904,-1.6057696709309903,1760.98,0
16400,8,2755.92,8,7,0,0.0,625.93,187,1,0,0.0,124,460,344.49,236.75,48.0,0,0.0,-6.440834891657184,0.0,1
15296,7,7849.5,5,5,1,1199.3300000000002,1166.8600000000001,305,1,4,56.349999999999994,55,416,1121.357142857143,623.5714285714286,90.25,0,0.0071276333348090325,0.027423504780194286,878.2600000000001,0
12877,11,1735.8300000000002,11,10,3,329.46,518.04,80,1,0,0.0,17,419,157.80272727272728,116.45454545454545,40.2,0,0.0,-0.45149532826414873,352.58,0
15755,12,3943.55,12,11,1,314.68,615.8199999999999,196,1,1,10.799999999999999,23,464,328.62916666666666,233.75,40.09090909090909,0,0.0027311694715945727,-0.669848204870652,306.05,0
16004,5,2146.3900000000003,4,4,0,0.0,0.0,63,1,0,0.0,203,412,429.2780000000001,215.2,69.66666666666667,0,0.0,0.0,0.0,1
12440,2,739.1999999999999,2,2,0,0.0,0.0,20,0,1,91.05,191,446,369.59999999999997,164.0,255.0,0,0.10966576332429992,0.0,0.0,1
13787,5,1019.86,5,5,0,0.0,106.4,56,1,3,48.8,93,423,203.972,143.4,82.5,0,0.04566466415885314,-4.676560182074764,0.0,1
17705,3,396.67999999999995,3,3,1,136.3,0.0,26,1,0,0.0,30,305,132.22666666666666,142.0,137.5,0,0.0,4.922168312773925,220.99999999999997,0
13555,9,4792.96,7,7,0,0.0,2490.07,175,1,3,92.85,107,418,532.5511111111111,236.22222222222223,51.833333333333336,0,0.019004013664059793,-7.820467616031541,1590.05,0
16770,7,1549.58,7,6,2,396.95000000000005,983.8199999999999,157,1,2,32.1,42,203,221.3685714285714,128.28571428571428,26.833333333333332,0,0.020294876334024586,-0.9061325141042866,121.63,0
13881,25,29718.819999999992,18,11,2,1699.2399999999998,12177.98,149,1,6,616.6,6,374,1188.7527999999998,834.16,21.647058823529413,0,0.020326074272253365,-1.9689420973643772,1870.22,0
17834,2,689.6700000000001,2,2,0,0.0,689.6700000000001,54,1,0,0.0,143,174,344.83500000000004,319.5,31.0,0,0.0,-6.537662140954444,0.0,1
17226,3,895.47,3,3,1,393.49000000000007,81.0,51,1,0,0.0,37,394,298.49,284.3333333333333,178.5,0,0.0,1.5708745441579373,0.0,1
12802,4,1788.8400000000001,4,4,0,0.0,334.41,87,0,1,51.0,173,292,447.21000000000004,411.0,39.666666666666664,0,0.027719801721888856,-5.81535366409074,397.58,0
14507,7,2227.71,6,6,2,378.85,1455.96,158,1,3,111.94,5,458,318.2442857142857,167.0,90.6,0,0.047844763105592714,-1.3443309141971866,236.46,0
17524,3,539.14,2,2,1,145.0,394.14,37,1,1,30.24,90,167,179.71333333333334,120.66666666666667,77.0,0,0.05311040078682075,-0.9956335107769227,0.0,1
14909,3,1404.6800000000003,3,3,0,0.0,299.4,61,1,2,23.7,166,392,468.22666666666674,296.0,113.0,0,0.01659222335792996,-5.705114919889979,0.0,1
17860,4,717.3899999999999,3,3,0,0.0,470.44999999999993,127,1,0,0.0,97,457,179.34749999999997,174.0,180.0,0,0.0,-6.155813051911686,0.0,1
17758,4,1555.8300000000002,4,2,0,0.0,1120.8700000000001,121,1,0,0.0,156,297,388.95750000000004,286.25,47.0,0,0.0,-7.0227522148422,1051.8799999999999,0
14346,4,1556.6100000000001,3,3,1,262.44,621.24,88,1,0,0.0,26,226,389.15250000000003,344.25,100.0,0,0.0,-0.8595002323393279,0.0,1
16005,6,1786.3600000000001,6,3,0,0.0,1786.3600000000001,169,1,1,32.45,104,179,297.7266666666667,164.5,15.0,0,0.01784133581847472,-7.488494949822538,275.41,0
13069,20,6093.099999999999,16,9,4,907.5899999999999,2270.67,468,1,1,207.35999999999999,37,272,304.655,524.05,15.666666666666666,0,0.0329118826244433,-0.9163765754913502,1438.6699999999998,0
17070,1,133.18,1,1,0,0.0,133.18,41,1,0,0.0,139,139,133.18,101.0,,1,0.0,-4.899182182134742,0.0,1
17612,13,3651.87,12,10,1,305.46,961.95,135,1,11,184.39999999999998,26,451,280.9130769230769,145.46153846153845,38.63636363636363,0,0.04806752392297726,-1.144914248220191,360.28999999999996,0
14398,2,707.79,2,2,0,0.0,261.3,50,1,0,0.0,130,256,353.895,133.5,126.0,0,0.0,-5.569488886872828,0.0,1
16546,5,5307.07,4,4,1,487.75,4819.32,75,1,2,886.0300000000001,19,171,1061.414,842.2,50.666666666666664,0,0.14306728455862172,-2.2887444835828425,0.0,1
15521,8,4087.4400000000005,6,6,0,0.0,976.23,120,1,3,6.7,129,432,510.93000000000006,333.5,60.6,0,0.0016364853180399301,-6.884722038871418,1667.78,0
16383,5,2244.2299999999996,5,5,0,0.0,564.54,197,1,1,59.05,125,402,448.8459999999999,224.6,69.25,0,0.025637351950262236,-6.33778102691849,309.46,0
18022,4,893.9000000000001,4,3,0,0.0,721.39,202,1,0,0.0,114,275,223.47500000000002,151.25,53.666666666666664,0,0.0,-6.582565159260563,0.0,1
16700,15,5032.52,12,12,2,941.36,1206.68,180,1,2,47.1,26,466,335.5013333333334,239.13333333333333,40.0,0,0.009272347144077705,-0.24806907556534696,1669.93,0
14451,10,2614.78,10,9,0,0.0,1000.21,194,1,6,43.18,118,420,261.478,135.9,33.55555555555556,0,0.0162455416936297,-6.908964547522122,360.0,0
16083,3,1371.78,3,2,1,337.97999999999996,1033.8,51,1,0,0.0,89,117,457.26,330.0,14.0,0,0.0,-1.1160223417219663,0.0,1
18076,1,151.49,1,1,0,0.0,151.49,8,1,0,0.0,109,109,151.49,164.0,,1,0.0,-5.027099020126921,0.0,1
14702,18,4290.89,18,13,5,875.25,969.3899999999999,239,1,2,17.0,10,458,238.3827777777778,101.0,26.352941176470587,0,0.0039462474668573244,-0.10204661419908945,0.0,1
15983,7,2783.62,7,3,1,324.72,1274.31,117,1,0,0.0,89,462,397.65999999999997,240.0,62.166666666666664,0,0.0,-1.3649064486954252,0.0,1
15465,21,7614.939999999999,21,12,6,2333.41,2726.81,83,1,3,129.39999999999998,7,458,362.6161904761904,88.66666666666667,22.55,0,0.016708977136850912,-0.15573990692862694,2294.3,0
17126,6,1521.15,6,5,1,299.71999999999997,939.3800000000001,220,1,1,9.95,28,194,253.525,150.33333333333334,33.2,0,0.006498595780811181,-1.140104449638109,0.0,1
12944,1,286.95,1,1,1,286.95,0.0,14,1,0,0.0,83,83,286.95,145.0,,1,0.0,5.6627868539526816,0.0,1
16889,4,1471.03,4,4,1,523.05,298.44,109,1,0,0.0,65,294,367.7575,262.75,76.33333333333333,0,0.0,0.5596730360200128,1055.62,0
14404,9,1665.89,8,8,1,261.85,129.23,90,1,2,99.0,56,448,185.0988888888889,99.66666666666667,56.0,0,0.056094147510609725,0.7022814092858454,307.5,0
14770,7,3039.8199999999997,7,6,1,278.59999999999997,0.0,130,1,1,12.75,52,381,434.25999999999993,184.0,54.833333333333336,0,0.004176808394238298,5.633360010359655,597.8200000000002,0
12417,14,3692.09,14,11,3,919.78,1023.0600000000002,173,0,6,88.74999999999999,10,462,263.7207142857143,113.92857142857143,34.76923076923077,0,0.02347361961892066,-0.10630926070438829,744.49,0
13629,10,7003.5,10,9,2,1425.0,1783.5,7,1,0,0.0,39,395,700.35,420.0,39.55555555555556,0,0.0,-0.22426494195597346,1463.0,0
17537,1,620.75,1,1,1,620.75,0.0,60,1,0,0.0,32,32,620.75,369.0,,1,0.0,6.432538082683514,0.0,1
17530,4,1065.31,4,4,1,340.1,300.64,179,1,1,0.95,26,462,266.3275,154.5,145.33333333333334,0,0.0008909646802843584,0.12294143609015418,719.93,0
12372,1,363.22,1,1,1,363.22,0.0,19,0,0,0.0,25,25,363.22,222.0,,1,0.0,5.897758080667674,479.7,0
15228,3,3098.41,3,3,1,904.8500000000001,1233.1499999999999,119,1,0,0.0,23,228,1032.8033333333333,623.6666666666666,102.5,0,0.0,-0.30926402357171234,0.0,1
16726,5,1290.8999999999999,4,4,3,585.76,705.1399999999999,114,1,0,0.0,23,140,258.17999999999995,164.4,39.0,0,0.0,-0.1851976404980631,191.40000000000003,0
13515,2,374.70000000000005,2,2,0,0.0,186.60000000000002,17,1,0,0.0,178,373,187.35000000000002,69.0,195.0,0,0.0,-5.234312036572124,203.4,0
16774,4,905.96,4,4,0,0.0,135.7,60,1,0,0.0,152,390,226.49,113.0,79.33333333333333,0,0.0,-4.917788743729904,0.0,1
16183,3,739.1,3,2,0,0.0,739.1,17,1,0,0.0,123,136,246.36666666666667,79.33333333333333,6.5,0,0.0,-6.606785312203421,0.0,1
16725,13,1686.81,12,7,5,634.67,583.25,241,1,2,11.4,31,455,129.7546153846154,53.76923076923077,38.54545454545455,0,0.0067129506951437105,0.08435058733808276,0.0,1
17776,2,329.3,2,2,0,0.0,121.55,73,1,1,6.75,115,452,164.65,135.0,337.0,0,0.02008629668204136,-4.808519109974122,0.0,1
15518,10,2887.39,9,7,3,618.95,391.18999999999994,198,1,5,99.25,47,448,288.739,196.1,50.125,0,0.03323132349395977,0.45789241338397346,355.21999999999997,0
13097,20,8675.34,16,12,3,1663.2000000000003,1515.5099999999998,305,1,8,110.55,21,467,433.767,185.25,29.733333333333334,0,0.012582675175764777,0.09293288522821186,1338.9599999999998,0
15003,6,1027.03,6,4,0,0.0,0.0,253,1,1,5.0,202,411,171.17166666666665,87.5,41.8,0,0.004844820402507679,0.0,0.0,1
16487,2,209.39999999999998,2,2,0,0.0,0.0,28,1,0,0.0,306,388,104.69999999999999,81.5,82.0,0,0.0,0.0,0.0,1
13761,4,881.52,3,3,0,0.0,0.0,50,1,0,0.0,231,385,220.38,109.25,77.0,0,0.0,0.0,0.0,1
12435,4,6096.04,4,4,0,0.0,2520.84,68,0,0,0.0,125,466,1524.01,725.75,113.66666666666667,0,0.0,-7.832744072799428,3978.9900000000002,0
12370,6,3217.2799999999993,5,4,3,2682.6599999999994,0.0,149,0,0,0.0,3,397,536.2133333333333,369.1666666666667,98.5,0,0.0,7.8949368134653275,0.0,1
14450,5,806.22,5,3,1,161.03,449.11,30,1,0,0.0,49,339,161.244,72.4,72.5,0,0.0,-1.0217104940642256,108.42,0
14812,1,178.85,1,1,0,0.0,0.0,36,1,0,0.0,327,327,178.85,135.0,,1,0.0,0.0,0.0,1
13655,4,1347.54,4,3,0,0.0,766.96,55,1,2,18.85,103,320,336.885,155.0,72.33333333333333,0,0.013795475669464796,-6.643737648457955,383.65000000000003,0
13758,10,6545.989999999998,10,7,1,422.4,2544.2599999999998,149,1,3,51.0,63,467,654.5989999999998,337.5,44.888888888888886,0,0.0077307984398945605,-1.7936707261659643,1210.27,0
17222,5,1234.96,5,4,0,0.0,0.0,70,1,0,0.0,206,427,246.99200000000002,146.6,55.25,0,0.0,0.0,0.0,1
13007,1,175.25,1,1,0,0.0,0.0,11,1,0,0.0,308,308,175.25,59.0,,1,0.0,0.0,0.0,1
12361,4,451.25,4,4,1,174.9,0.0,17,0,0,0.0,16,411,112.8125,57.75,131.66666666666666,0,0.0,5.169915651743512,0.0,1
17738,10,3084.4300000000003,7,7,1,779.92,756.6400000000001,139,1,1,22.5,11,359,308.44300000000004,203.9,58.0,0,0.0072418754204311,0.030264373026060554,0.0,1
16175,3,798.85,3,3,0,0.0,0.0,32,1,0,0.0,200,292,266.28333333333336,133.0,46.0,0,0.0,0.0,466.98,0
18069,7,2726.8900000000003,6,6,1,287.11,470.56999999999994,421,1,1,4.95,56,378,389.5557142857143,289.7142857142857,64.4,0,0.0018119655616727188,-0.49272520175007806,386.9,0
18234,1,179.6,1,1,0,0.0,0.0,30,1,0,0.0,280,280,179.6,80.0,,1,0.0,0.0,0.0,1
15369,11,6251.259999999999,8,6,0,0.0,0.0,44,1,1,2904.83,221,460,568.2963636363636,298.90909090909093,34.142857142857146,0,0.3172566018901081,0.0,0.0,1
17491,9,2727.7200000000003,8,8,1,305.52,1264.69,56,1,0,0.0,54,319,303.08000000000004,206.33333333333334,37.857142857142854,0,0.0,-1.418089700898614,691.9399999999999,0
13534,18,2880.57,13,8,8,1029.75,1108.8,81,1,12,241.39999999999995,33,249,160.03166666666667,77.94444444444444,18.0,0,0.0773229723539944,-0.0738931263047915,1923.33,0
15965,10,2119.26,9,8,0,0.0,1047.23,144,1,1,13.75,96,465,211.92600000000002,95.3,46.125,0,0.006446289515754731,-6.95485830645078,0.0,1
16946,5,1222.0400000000002,5,4,0,0.0,186.1,69,1,1,22.5,112,376,244.40800000000004,101.8,66.0,0,0.018078968936313815,-5.231643233280044,0.0,1
13074,4,1378.74,4,4,0,0.0,0.0,26,1,1,15.9,240,452,344.685,206.5,70.66666666666667,0,0.011400791602133883,0.0,0.0,1
17122,3,432.18,3,3,0,0.0,330.16,19,1,0,0.0,117,228,144.06,96.0,55.5,0,0.0,-5.802601642270605,0.0,1
15990,6,1607.01,6,5,1,401.37,0.0,95,1,0,0.0,16,378,267.835,135.66666666666666,72.4,0,0.0,5.997372063322444,0.0,1
12960,4,1322.0700000000002,4,4,0,0.0,176.20000000000002,49,1,0,0.0,142,390,330.51750000000004,344.75,82.66666666666667,0,0.0,-5.177279038170981,0.0,1
12631,5,2841.0699999999997,4,4,0,0.0,0.0,105,0,1,29.3,185,422,568.2139999999999,274.2,79.0,0,0.010207743252612034,0.0,0.0,1
14431,4,2614.2,4,4,1,470.36,126.66,72,1,1,47.1,31,416,653.55,300.5,128.33333333333334,0,0.017698117461391053,1.3062516534463544,0.0,1
15962,1,289.48,1,1,0,0.0,289.48,43,1,0,0.0,178,178,289.48,228.0,,1,0.0,-5.6715347271060805,0.0,1
12747,19,6022.5599999999995,19,12,3,961.53,1801.06,72,1,6,111.95,12,461,316.97684210526313,95.36842105263158,24.944444444444443,0,0.018249216318825794,-0.6271204994440049,771.3100000000001,0
17726,7,1092.0600000000002,7,6,0,0.0,730.92,52,1,1,2.5,124,411,156.00857142857146,63.42857142857143,47.833333333333336,0,0.002284022803683672,-6.59567121837128,0.0,1
17004,2,1012.22,2,2,0,0.0,1012.22,21,1,0,0.0,121,153,506.11,231.0,32.0,0,0.0,-6.9208886573721,0.0,1
12553,5,1706.33,5,5,3,879.8599999999999,826.47,70,0,4,56.19999999999999,9,152,341.26599999999996,186.6,35.75,0,0.031885982082574475,0.06252585016182444,620.76,0
12583,16,8228.63,16,14,3,1638.5700000000002,2894.01,96,0,1,8.5,2,462,514.289375,322.1875,30.666666666666668,0,0.001031912814293328,-0.5685545529154208,385.96,0
14082,2,413.36,2,2,0,0.0,413.36,48,1,0,0.0,93,121,206.68,123.0,28.0,0,0.0,-6.026735161189901,0.0,1
12670,2,692.24,2,2,0,0.0,484.64,20,0,0,0.0,114,395,346.12,113.0,281.0,0,0.0,-6.185467608675775,936.3899999999999,0
13955,2,426.2099999999999,2,2,1,205.09999999999997,221.10999999999999,63,1,0,0.0,34,104,213.10499999999996,114.0,70.0,0,0.0,-0.07481126675400418,0.0,1
17967,2,223.42,2,2,0,0.0,223.42,59,1,0,0.0,100,145,111.71,55.5,45.0,0,0.0,-5.4135192962367205,0.0,1
15716,8,1911.0300000000002,8,8,0,0.0,529.4000000000001,140,1,0,0.0,98,461,238.87875000000003,133.0,51.857142857142854,0,0.0,-6.273631438871653,355.34000000000003,0
15353,6,2336.0,6,6,0,0.0,779.59,247,1,1,21.9,96,466,389.3333333333333,196.83333333333334,74.0,0,0.009287925696594427,-6.66005004400599,458.47,0
15750,13,4600.860000000001,12,8,1,270.40000000000003,2576.01,279,1,6,90.39,12,467,353.91230769230776,235.46153846153845,41.36363636363637,0,0.01926778577138289,-2.250791343725247,0.0,1
12577,6,1186.3899999999999,4,4,1,195.89,779.95,195,0,0,0.0,88,465,197.73166666666665,142.66666666666666,125.66666666666667,0,0.0,-1.3778659301499907,0.0,1
14395,13,5011.38,12,8,1,380.68000000000006,861.1099999999999,232,1,1,11.4,63,329,385.4907692307692,194.46153846153845,24.181818181818183,0,0.0022696594316294963,-0.8148003115231681,936.58,0
14167,5,860.0499999999998,5,5,1,148.35,0.0,40,1,0,0.0,60,410,172.00999999999996,46.4,87.5,0,0.0,5.006292544662119,110.65,0
12721,4,1918.5699999999997,4,4,2,669.62,569.4,103,0,2,79.25,32,200,479.6424999999999,279.0,56.0,0,0.03966823837983403,0.1618647885254889,831.29,0
16033,13,3720.8100000000004,13,7,5,1735.18,1386.65,265,1,4,73.54,7,214,286.2161538461539,102.53846153846153,17.25,0,0.019381448732984568,0.22407562859571506,1374.55,0
17307,11,3999.8900000000003,11,9,0,0.0,1560.94,22,1,4,621.58,124,418,363.6263636363637,333.3636363636364,29.4,0,0.13449833061774716,-7.353683917369927,0.0,1
16150,6,2342.57,6,6,0,0.0,393.42,90,1,6,154.0,101,451,390.42833333333334,186.16666666666666,70.0,0,0.061684631314163026,-5.977416331381923,571.06,0
14826,2,385.20000000000005,2,2,0,0.0,0.0,10,1,0,0.0,310,424,192.60000000000002,76.0,114.0,0,0.0,0.0,0.0,1
17801,3,770.03,3,3,0,0.0,262.82,66,1,1,2.55,180,420,256.6766666666667,273.3333333333333,120.0,0,0.0033006290610681096,-5.575267052420774,0.0,1
14469,4,2093.46,4,4,0,0.0,683.08,120,1,0,0.0,145,408,523.365,243.25,87.66666666666667,0,0.0,-6.5280748698477,0.0,1
15008,2,360.0,2,2,0,0.0,0.0,6,1,0,0.0,209,366,180.0,750.0,157.0,0,0.0,0.0,0.0,1
15665,3,1764.8600000000001,3,3,0,0.0,510.05,122,1,0,0.0,140,364,588.2866666666667,374.3333333333333,112.0,0,0.0,-6.236467432775085,1456.4200000000003,0
15252,3,1362.63,3,3,0,0.0,369.76,73,1,2,50.349999999999994,150,340,454.21000000000004,302.6666666666667,95.0,0,0.035633908477119274,-5.915554953007632,300.55,0
13269,15,3856.21,10,8,1,310.74,1493.89,110,1,0,0.0,90,466,257.0806666666667,218.66666666666666,41.77777777777778,0,0.0,-1.5676383974615264,1383.1100000000001,0
15854,12,3356.46,12,10,3,747.3,792.29,87,1,0,0.0,40,458,279.705,79.41666666666667,38.0,0,0.0,-0.05838488757053106,837.09,0
14942,4,746.56,4,4,0,0.0,305.78,12,1,0,0.0,130,458,186.64,88.5,109.33333333333333,0,0.0,-5.726130878319963,0.0,1
14010,2,445.15,1,1,0,0.0,0.0,20,1,1,157.05,294,294,222.575,88.5,,1,0.26079375622716705,0.0,0.0,1
12773,1,124.25,1,1,0,0.0,0.0,6,0,1,124.25,293,293,124.25,109.0,,1,0.5,0.0,0.0,1
12619,1,140.14000000000001,1,1,0,0.0,0.0,10,0,0,0.0,289,289,140.14000000000001,140.0,,1,0.0,0.0,595.66,0
17913,13,3234.49,12,11,1,218.05,632.6800000000001,212,1,0,0.0,84,465,248.80692307692306,117.46153846153847,34.63636363636363,0,0.0,-1.062244080896117,0.0,1
13208,4,927.0999999999999,4,4,1,168.45,403.35999999999996,110,1,0,0.0,38,465,231.77499999999998,174.25,142.33333333333334,0,0.0,-0.8697476722327959,525.51,0
13461,3,2715.0,3,3,0,0.0,447.6,25,1,2,21.5,136,326,905.0,654.0,95.0,0,0.007856751324684816,-6.106131622086108,0.0,1
14463,1,256.95,1,1,0,0.0,0.0,2,1,0,0.0,228,228,256.95,31.0,,1,0.0,0.0,115.92,0
17695,3,980.6999999999999,3,3,0,0.0,316.2,20,1,1,25.5,123,409,326.9,343.3333333333333,143.0,0,0.025342874180083484,-5.7595324897606925,0.0,1
15301,6,2533.09,5,4,0,0.0,2533.09,106,1,0,0.0,97,179,422.1816666666667,252.5,20.5,0,0.0,-7.837589877219591,2102.54,0
13897,2,849.5600000000001,2,2,0,0.0,366.89000000000004,42,1,0,0.0,167,406,424.78000000000003,310.0,239.0,0,0.0,-5.907783980442044,0.0,1
13246,8,2453.39,8,6,3,1063.1599999999999,882.9199999999998,196,1,2,44.550000000000004,21,254,306.67375,274.0,33.285714285714285,0,0.01783469578933041,0.18557447373119196,562.88,0
13919,2,903.87,2,2,0,0.0,322.6,44,0,0,0.0,153,269,451.935,327.5,116.0,0,0.0,-5.779508185184337,0.0,1
13194,1,412.08,1,1,0,0.0,412.08,7,1,0,0.0,150,150,412.08,300.0,,1,0.0,-6.023641278803203,0.0,1
14130,4,1858.77,4,4,1,480.91,1037.99,189,1,0,0.0,48,457,464.6925,303.75,136.33333333333334,0,0.0,-0.768246991789657,0.0,1
18016,4,795.75,4,4,1,162.2,432.34999999999997,68,1,0,0.0,44,410,198.9375,74.5,122.0,0,0.0,-0.9765692730503472,164.01000000000002,0
14897,5,1949.66,5,5,1,175.5,1152.5,65,1,1,39.8,25,453,389.932,163.2,107.0,0,0.020005428608768208,-1.877235201240457,0.0,1
17977,1,1223.31,1,1,0,0.0,1223.31,83,1,1,57.900000000000006,129,129,1223.31,1606.0,,1,0.045191654763856046,-7.110132698979209,0.0,1
18220,5,1616.48,5,5,0,0.0,722.3199999999999,17,1,4,142.56,123,453,323.296,212.8,82.5,0,0.08104420593050755,-6.583851724516779,305.28000000000003,0
13601,2,466.66999999999996,2,2,0,0.0,284.24,77,1,0,0.0,121,275,233.33499999999998,204.5,154.0,0,0.0,-5.653330931160103,373.20000000000005,0
14614,1,295.13,1,1,0,0.0,295.13,19,1,0,0.0,115,115,295.13,189.0,,1,0.0,-5.690798547097907,0.0,1
12629,2,1198.2199999999998,2,2,0,0.0,1198.2199999999998,39,0,0,0.0,114,152,599.1099999999999,356.5,38.0,0,0.0,-7.089426624434505,0.0,1
17402,13,2573.58,11,9,1,111.9,1469.79,99,1,3,34.15,58,452,197.9676923076923,68.6923076923077,39.4,0,0.013095680917886437,-2.5670524792274456,438.78,0
17633,3,732.55,3,1,0,0.0,732.55,29,1,1,67.5,108,118,244.1833333333333,85.0,5.0,0,0.08436972689206924,-6.597895761585653,0.0,1
16903,2,678.55,2,2,0,0.0,678.55,107,1,1,32.3,109,144,339.275,235.0,35.0,0,0.04543855947105578,-6.521430814401357,0.0,1
15382,7,8797.259999999998,6,6,1,1019.4200000000001,4011.11,211,1,6,59.2,24,464,1256.7514285714283,868.0,88.0,0,0.006684386312364083,-1.3691029802203492,1107.7,0
17227,7,1081.86,7,7,0,0.0,483.71000000000004,44,1,0,0.0,97,422,154.55142857142854,147.42857142857142,54.166666666666664,0,0.0,-6.183550773956849,223.89999999999998,0
14159,10,3411.5200000000004,9,8,0,0.0,1022.1400000000001,378,1,2,308.25,91,465,341.15200000000004,228.1,46.75,0,0.08286802678660239,-6.930631608983108,911.21,0
16042,4,1092.8,3,3,1,24.95,423.70000000000005,50,1,3,62.22,61,182,273.2,173.0,60.5,0,0.053869197070180605,-2.795211427707328,0.0,1
18151,5,1538.6399999999999,5,5,1,312.54999999999995,156.10000000000002,78,1,1,25.5,18,374,307.72799999999995,148.4,89.0,0,0.016302888488242743,0.6910762917274544,0.0,1
14289,1,322.24,1,1,1,322.24,0.0,19,1,0,0.0,18,18,322.24,148.0,,1,0.0,5.778395081365247,271.98,0
12352,4,744.6500000000001,4,3,2,400.85,343.8,30,0,0,0.0,12,121,186.16250000000002,77.75,36.333333333333336,0,0.0,0.1531143458691897,240.66,0
16333,4,4428.96,4,2,4,4428.96,0.0,7,1,0,0.0,9,38,1107.24,1953.0,9.666666666666666,0,0.0,8.396145833653044,8658.24,0
16356,4,306.1,3,3,1,102.00000000000001,105.8,22,1,0,0.0,6,280,76.525,35.25,137.0,0,0.0,-0.03622893829645868,109.77000000000001,0
15379,5,4228.48,5,4,4,3053.9300000000003,1174.55,167,1,1,71.4,4,129,845.6959999999999,514.2,31.25,0,0.0166051145613366,0.9550205559192442,518.5600000000001,0
17164,1,627.1300000000001,1,1,1,627.1300000000001,0.0,39,1,0,0.0,2,2,627.1300000000001,427.0,,1,0.0,6.442747151414763,316.09,0
14732,13,3488.5600000000004,12,9,2,673.98,834.6299999999999,105,1,3,53.400000000000006,12,459,268.3507692307693,89.84615384615384,40.63636363636363,0,0.01507639837829902,-0.2135028705796227,609.22,0
15708,6,2165.2599999999998,6,5,3,1196.0700000000002,969.1899999999999,90,1,2,20.22,14,154,360.8766666666666,142.83333333333334,28.0,0,0.009251972106814065,0.21014025477544251,443.85,0
13494,1,316.26000000000005,1,1,1,316.26000000000005,0.0,18,1,0,0.0,40,40,316.26000000000005,162.0,,1,0.0,5.759721626980309,0.0,1
16027,11,1513.46,11,7,2,399.71999999999997,0.0,12,1,2,166.01999999999998,13,429,137.58727272727273,119.36363636363636,41.6,0,0.09885202562697977,5.9932629290493615,116.95,0
16234,3,333.18,3,3,0,0.0,0.0,13,1,1,20.4,205,290,111.06,56.666666666666664,42.5,0,0.0576955710164602,0.0,0.0,1
15694,13,4729.2,13,9,1,397.79,2479.19,44,1,5,244.35,59,461,363.7846153846154,83.84615384615384,33.5,0,0.049129897155955,-1.827655486580018,1756.58,0
13045,2,503.64,2,2,0,0.0,178.2,25,1,0,0.0,130,215,251.82,92.0,85.0,0,0.0,-5.18850250054083,0.0,1
14882,12,2956.95,10,5,0,0.0,1852.65,31,1,1,201.6,119,348,246.4125,121.33333333333333,25.444444444444443,0,0.06382675594814076,-7.5249119472903985,0.0,1
17005,2,622.36,2,2,0,0.0,0.0,14,1,1,9.95,199,317,311.18,345.5,118.0,0,0.01573595230187724,0.0,0.0,1
12651,4,377.75,4,4,1,114.00000000000001,164.75,30,0,1,12.45,63,194,94.4375,66.25,43.666666666666664,0,0.03190671450538186,-0.3655485007027215,0.0,1
16947,3,540.23,3,3,0,0.0,0.0,29,1,3,40.400000000000006,191,375,180.07666666666668,114.0,92.0,0,0.06957959457830289,0.0,406.48,0
17029,5,1421.3000000000002,5,5,0,0.0,532.15,19,1,0,0.0,111,392,284.26000000000005,173.0,70.25,0,0.0,-6.278802810464189,358.0,0
17540,5,1280.5,5,5,1,268.79999999999995,412.35,35,1,0,0.0,45,328,256.1,91.6,70.75,0,0.0,-0.42661374792502915,0.0,1
14466,9,3030.3999999999996,9,8,2,655.9,1163.65,73,1,0,0.0,9,455,336.71111111111105,201.77777777777777,55.75,0,0.0,-0.5726440917789359,310.05,0
17659,5,1062.48,5,3,2,227.14999999999998,835.3299999999999,43,1,1,5.95,27,115,212.496,68.0,22.0,0,0.0055689188809748885,-1.2990199646653044,653.07,0
15086,2,218.53000000000003,2,2,0,0.0,0.0,10,1,0,0.0,293,354,109.26500000000001,47.5,61.0,0,0.0,0.0,0.0,1
14853,3,901.0699999999999,3,3,0,0.0,319.2,19,1,1,12.75,152,334,300.3566666666666,87.66666666666667,91.0,0,0.013952419513689788,-5.768945800562614,214.5,0
13283,2,279.70000000000005,2,2,0,0.0,0.0,13,1,0,0.0,296,369,139.85000000000002,57.0,73.0,0,0.0,0.0,25.5,0
15430,2,954.75,2,2,0,0.0,0.0,36,1,1,51.0,196,257,477.375,154.5,61.0,0,0.05070842654735272,0.0,0.0,1
18035,2,546.3399999999999,1,1,0,0.0,546.3399999999999,8,1,0,0.0,114,114,273.16999999999996,275.0,,1,0.0,-6.305070181538051,0.0,1
14533,5,1950.15,5,5,1,433.5,304.5,32,1,2,144.14999999999998,81,339,390.03000000000003,511.8,64.5,0,0.06882968056152412,0.35224616609379655,0.0,1
17320,4,1695.15,4,4,0,0.0,880.67,59,1,0,0.0,97,416,423.7875,189.5,106.33333333333333,0,0.0,-6.781817836335479,459.18,0
13576,14,6172.289999999999,14,12,3,1337.89,1212.0,106,1,3,32.2,19,460,440.87785714285707,179.35714285714286,33.92307692307692,0,0.005189789974679629,0.0987442825137057,1448.9699999999998,0
15722,7,3346.8399999999997,6,5,1,324.05,759.5799999999999,76,1,3,84.8,19,369,478.11999999999995,195.42857142857142,70.0,0,0.024711216794302434,-0.8501022834677219,435.25000000000006,0
14586,1,237.36,1,1,1,237.36,0.0,19,1,0,0.0,5,5,237.36,444.0,,1,0.0,5.473782135878778,0.0,1
13834,2,324.19,2,2,0,0.0,0.0,15,1,1,54.3,305,398,162.095,110.5,93.0,0,0.143464820735026,0.0,0.0,1
13562,5,3038.8500000000004,4,4,0,0.0,761.3000000000001,65,1,0,0.0,130,423,607.7700000000001,169.2,97.66666666666667,0,0.0,-6.636340178994228,603.27,0
13288,5,927.61,5,3,0,0.0,75.0,7,1,1,35.45,172,395,185.522,75.8,55.75,0,0.0368097522480427,-4.330733340286331,0.0,1
16148,2,386.62,2,2,1,76.32000000000001,310.3,9,1,2,16.25,25,165,193.31,125.0,140.0,0,0.04033559212649242,-1.3928044231074326,0.0,1
15287,3,369.34000000000003,3,3,0,0.0,311.14,13,1,0,0.0,108,466,123.11333333333334,192.33333333333334,179.0,0,0.0,-5.7434518051144074,0.0,1
14090,1,76.32000000000001,1,1,1,76.32000000000001,0.0,1,1,0,0.0,53,53,76.32000000000001,72.0,,1,0.0,4.34795265434013,0.0,1
12599,8,1396.6000000000001,8,6,2,258.46000000000004,463.17999999999995,38,0,0,0.0,14,306,174.57500000000002,188.75,41.714285714285715,0,0.0,-0.5816698598920818,133.4,0
17563,2,392.38000000000005,2,2,0,0.0,0.0,27,1,2,78.6,307,340,196.19000000000003,128.0,33.0,0,0.166886067348932,0.0,0.0,1
15566,2,227.87,2,2,0,0.0,89.64999999999999,9,1,0,0.0,121,453,113.935,76.5,332.0,0,0.0,-4.50700593720086,0.0,1
13112,1,20.6,1,1,0,0.0,0.0,2,1,2,26.040000000000003,270,270,20.6,11.0,,1,0.5583190394511149,0.0,0.0,1
16564,1,87.8,1,1,0,0.0,0.0,5,1,0,0.0,298,298,87.8,40.0,,1,0.0,0.0,0.0,1
17031,4,2393.5,4,4,0,0.0,253.5,22,1,0,0.0,107,310,598.375,340.0,67.66666666666667,0,0.0,-5.539300835990577,0.0,1
12601,3,307.56,3,3,2,221.36,86.2,16,0,0,0.0,31,133,102.52,60.0,51.0,0,0.0,0.9360933591703349,265.7,0
14302,3,742.9,3,3,0,0.0,271.65,25,1,0,0.0,159,466,247.63333333333333,99.33333333333333,153.5,0,0.0,-5.60818892137207,0.0,1
16199,7,942.75,7,6,0,0.0,583.05,2,1,0,0.0,121,360,134.67857142857142,45.857142857142854,39.833333333333336,0,0.0,-6.369986595601705,0.0,1
17395,1,97.5,1,1,0,0.0,0.0,3,1,0,0.0,237,237,97.5,66.0,,1,0.0,0.0,0.0,1
12429,5,3591.51,3,3,0,0.0,2184.15,69,0,1,50.4,94,275,718.302,355.8,90.5,0,0.01383889222962676,-7.689439755058978,381.98,0
17449,8,3371.5400000000004,8,8,2,1022.6,1079.77,220,1,0,0.0,12,459,421.44250000000005,222.75,63.857142857142854,0,0.0,-0.054347924758239685,297.09,0
16769,3,755.51,2,2,0,0.0,0.0,54,1,0,0.0,207,454,251.83666666666667,71.66666666666667,247.0,0,0.0,0.0,361.54,0
13225,11,12266.670000000002,10,9,2,2470.44,1596.42,53,1,0,0.0,67,451,1115.1518181818183,481.1818181818182,42.666666666666664,0,0.0,0.43641114894685096,1271.44,0
14837,5,1810.8200000000002,5,4,0,0.0,373.62,91,1,2,6.2,171,413,362.16400000000004,318.8,60.5,0,0.003412180383264906,-5.925912178867746,492.26,0
14604,1,136.35999999999999,1,1,0,0.0,0.0,19,1,0,0.0,362,362,136.35999999999999,86.0,,1,0.0,0.0,0.0,1
14651,7,1371.77,6,6,0,0.0,442.3,146,1,0,0.0,123,360,195.96714285714285,76.71428571428571,47.4,0,0.0,-6.094246741751008,415.46999999999997,0
16711,6,1816.2500000000002,6,5,2,598.8000000000001,321.8,11,1,1,117.0,31,466,302.70833333333337,80.5,87.0,0,0.0605198499935342,0.6195633299191146,0.0,1
12925,1,35.28,1,1,0,0.0,0.0,5,1,0,0.0,321,321,35.28,108.0,,1,0.0,0.0,0.0,1
15954,1,187.79999999999998,1,1,0,0.0,0.0,19,1,0,0.0,318,318,187.79999999999998,118.0,,1,0.0,0.0,0.0,1
12857,5,3383.2000000000003,5,5,1,801.5999999999999,1107.6000000000001,70,1,1,3.75,31,412,676.6400000000001,270.2,95.25,0,0.0011071908354123917,-0.3229967791528887,304.8,0
12649,5,1527.1399999999999,5,4,0,0.0,817.3399999999999,74,0,2,36.15,111,425,305.428,273.0,78.5,0,0.02312430834969839,-6.707277898166839,339.0,0
17482,2,775.64,2,2,0,0.0,0.0,50,1,0,0.0,216,307,387.82,120.0,91.0,0,0.0,0.0,0.0,1
12920,3,323.86,2,2,0,0.0,0.0,32,1,0,0.0,300,454,107.95333333333333,97.33333333333333,154.0,0,0.0,0.0,0.0,1
13614,3,953.03,3,3,1,205.74999999999997,443.88000000000005,73,1,0,0.0,59,280,317.6766666666667,94.0,110.5,0,0.0,-0.766294248975508,0.0,1
14505,13,7369.31,10,9,1,317.06,2099.58,626,1,6,207.54,66,459,566.87,245.0,43.666666666666664,0,0.027391330170189455,-1.8877287318263667,1804.2,0
16835,5,1357.56,5,5,0,0.0,259.25,54,1,4,66.9,102,298,271.512,90.8,49.0,0,0.04696516574701993,-5.5616427074950785,0.0,1
14276,5,1324.14,4,4,1,341.20000000000005,334.7,50,1,4,144.9,18,389,264.82800000000003,175.6,123.66666666666667,0,0.09863584381636986,0.019177457472103754,0.0,1
15876,2,1449.1399999999999,2,2,0,0.0,1449.1399999999999,11,1,0,0.0,138,177,724.5699999999999,443.0,39.0,0,0.0,-7.27941538247794,0.0,1
15857,1,273.48,1,1,0,0.0,273.48,10,1,0,0.0,159,159,273.48,276.0,,1,0.0,-5.614878398550195,0.0,1
14929,1,612.81,1,1,0,0.0,612.81,23,1,0,0.0,150,150,612.81,351.0,,1,0.0,-6.419685434004699,0.0,1
15285,1,94.92,1,1,0,0.0,94.92,6,1,0,0.0,136,136,94.92,120.0,,1,0.0,-4.5635145107192585,0.0,1
16265,7,3781.0099999999998,6,4,2,1602.03,2178.98,141,1,2,27.900000000000002,23,136,540.1442857142857,243.14285714285714,22.6,0,0.00732493022938321,-0.307420114085148,382.3,0
14304,2,1341.5600000000004,2,2,0,0.0,669.5900000000001,63,1,2,201.20000000000002,108,299,670.7800000000002,318.0,191.0,0,0.13041561876118124,-6.508157921901856,383.45000000000005,0
16413,1,259.83,1,1,0,0.0,259.83,32,1,0,0.0,104,104,259.83,135.0,,1,0.0,-5.563868854111823,0.0,1
16048,4,818.7900000000001,3,3,0,0.0,617.7900000000001,30,1,1,5.95,102,278,204.69750000000002,106.25,88.0,0,0.007214394839585808,-6.427765958258054,0.0,1
16271,5,2111.4,5,5,1,133.22,0.0,121,1,0,0.0,87,371,422.28000000000003,292.4,71.0,0,0.0,4.899480244730094,0.0,1
17114,2,268.53999999999996,2,2,2,268.53999999999996,0.0,43,1,0,0.0,26,63,134.26999999999998,51.5,37.0,0,0.0,5.596716802341013,175.9,0
14587,4,712.69,4,3,4,712.69,0.0,109,1,0,0.0,2,60,178.1725,94.0,19.333333333333332,0,0.0,6.570448694389438,739.99,0
13706,2,631.1700000000001,2,2,1,330.79,0.0,38,1,0,0.0,31,355,315.58500000000004,150.5,324.0,0,0.0,5.8045022386644325,0.0,1
15109,2,498.15,2,2,0,0.0,0.0,18,1,0,0.0,308,464,249.075,63.5,156.0,0,0.0,0.0,484.95,0
18002,4,237.62,4,4,0,0.0,68.10000000000001,51,1,0,0.0,104,460,59.405,17.5,118.66666666666667,0,0.0,-4.235554730773624,0.0,1
13727,6,740.6700000000001,4,4,0,0.0,0.0,55,1,1,12.75,340,459,123.44500000000001,34.333333333333336,39.666666666666664,0,0.016922831886597114,0.0,0.0,1
15911,8,1683.79,7,4,0,0.0,0.0,161,1,0,0.0,352,459,210.47375,98.0,17.833333333333332,0,0.0,0.0,0.0,1
15420,6,743.0,6,5,0,0.0,107.0,52,1,0,0.0,163,463,123.83333333333333,140.66666666666666,60.0,0,0.0,-4.68213122712422,0.0,1
12854,5,2044.62,5,4,1,389.9,0.0,146,1,3,53.00000000000001,47,457,408.924,233.2,102.5,0,0.025266730866410507,5.968451772798909,420.46999999999997,0
13018,9,3127.91,6,5,2,642.45,1021.1099999999999,145,1,2,20.35,17,377,347.54555555555555,176.0,72.0,0,0.006463887988920865,-0.462780073125991,3031.51,0
15474,1,150.35000000000002,1,1,0,0.0,0.0,19,1,0,0.0,324,324,150.35000000000002,55.0,,1,0.0,0.0,0.0,1
13797,3,1179.4499999999998,3,3,0,0.0,512.5799999999999,71,1,1,11.0,165,376,393.1499999999999,191.0,105.5,0,0.00924020328447226,-6.24140581080757,0.0,1
18203,3,322.09999999999997,3,3,0,0.0,112.57,29,1,0,0.0,110,460,107.36666666666666,22.0,175.0,0,0.0,-4.732419386903555,0.0,1
15660,8,1367.13,8,8,1,155.0,644.63,45,1,0,0.0,12,401,170.89125,118.875,55.57142857142857,0,0.0,-1.4203705770280664,374.71999999999997,0
16264,2,823.53,2,1,0,0.0,823.53,62,1,0,0.0,167,175,411.765,308.0,8.0,0,0.0,-6.714813527026006,0.0,1
14963,7,1651.2299999999998,6,4,0,0.0,1461.5699999999997,193,1,1,5.85,108,254,235.88999999999996,161.14285714285714,29.2,0,0.003530306321963937,-7.287950441208466,294.19999999999993,0
14988,6,1704.1100000000001,6,4,0,0.0,1212.69,140,1,0,0.0,109,331,284.0183333333334,186.5,44.4,0,0.0,-7.10142058481002,334.53999999999996,0
12803,1,1017.8100000000001,1,1,0,0.0,1017.8100000000001,54,0,0,0.0,122,122,1017.8100000000001,867.0,,1,0.0,-6.92639055852631,0.0,1
15347,4,1162.0,4,3,0,0.0,1162.0,29,1,2,29.700000000000003,95,166,290.5,135.5,23.666666666666668,0,0.02492237979357221,-7.0587581525186645,0.0,1
15862,10,2028.4899999999998,7,6,0,0.0,493.31999999999994,350,1,0,0.0,102,451,202.849,105.4,58.166666666666664,0,0.0,-6.203183080752724,136.78,0
16552,1,95.29,1,1,0,0.0,95.29,5,1,0,0.0,102,102,95.29,39.0,,1,0.0,-4.567364471252192,284.44000000000005,0
17076,5,735.8699999999999,5,5,1,182.7,361.41999999999996,27,1,0,0.0,2,464,147.17399999999998,66.2,115.5,0,0.0,-0.6794997680629313,0.0,1
12484,6,2644.4500000000003,6,5,1,1026.67,0.0,182,0,3,56.35,65,410,440.74166666666673,282.8333333333333,69.0,0,0.020864188388625592,6.935049382806683,0.0,1
16495,2,246.50999999999996,1,1,2,246.50999999999996,0.0,32,1,0,0.0,5,5,123.25499999999998,83.0,,1,0.0,5.511450985232927,0.0,1
18229,12,4246.51,11,10,2,719.7,2211.61,26,1,0,0.0,23,465,353.87583333333333,71.08333333333333,44.2,0,0.0,-1.1217051312299384,1837.0,0
18276,5,1320.66,5,5,0,0.0,636.99,69,1,2,23.35,121,458,264.132,212.0,84.25,0,0.017373382638522037,-6.458322609240761,0.0,1
16344,3,741.3199999999998,3,3,0,0.0,0.0,42,1,0,0.0,238,397,247.1066666666666,229.33333333333334,79.5,0,0.0,0.0,0.0,1
13696,3,2020.4,3,3,0,0.0,634.2,24,1,1,11.7,150,395,673.4666666666667,184.0,122.5,0,0.005757590669750503,-6.453939909932926,0.0,1
16071,3,750.56,3,3,0,0.0,0.0,47,1,0,0.0,256,384,250.18666666666664,172.33333333333334,64.0,0,0.0,0.0,0.0,1
16854,2,1408.96,2,2,0,0.0,118.15,72,1,0,0.0,146,369,704.48,498.5,223.0,0,0.0,-4.780383203544751,0.0,1
14694,1,244.31,1,1,0,0.0,0.0,15,1,0,0.0,346,346,244.31,193.0,,1,0.0,0.0,0.0,1
18173,2,1443.0,2,2,1,853.48,0.0,25,1,0,0.0,3,341,721.5,587.0,338.0,0,0.0,6.75049309678144,875.36,0
17769,9,3972.71,9,9,2,876.76,1622.44,242,1,2,71.07000000000001,7,418,441.4122222222222,205.44444444444446,51.375,0,0.017575140091696383,-0.6149294259194749,0.0,1
15180,3,816.9300000000001,3,3,0,0.0,364.09000000000003,46,1,0,0.0,96,318,272.31,218.0,111.0,0,0.0,-5.900143898530254,0.0,1
17808,4,262.64,4,2,0,0.0,0.0,29,1,0,0.0,277,310,65.66,35.75,11.0,0,0.0,0.0,0.0,1
14260,3,824.28,2,2,0,0.0,0.0,50,1,0,0.0,200,277,274.76,181.33333333333334,77.0,0,0.0,0.0,0.0,1
15561,4,1133.8,4,4,0,0.0,100.2,44,1,0,0.0,112,392,283.45,266.75,93.33333333333333,0,0.0,-4.617098756853365,265.75,0
15901,3,318.14,3,2,0,0.0,90.9,48,1,0,0.0,180,272,106.04666666666667,104.66666666666667,46.0,0,0.0,-4.520701029361641,0.0,1
12476,10,7035.719999999999,9,7,3,614.23,5315.75,239,0,9,187.59999999999997,27,230,703.5719999999999,335.0,25.375,0,0.025971436956967152,-2.156621311771369,1452.87,0
12547,2,279.18,2,2,1,131.4,0.0,12,0,0,0.0,9,229,139.59,141.0,220.0,0,0.0,4.885827643502908,20.4,0
13077,10,2588.82,9,8,2,262.46999999999997,813.05,176,1,3,24.5,19,457,258.882,221.2,54.75,0,0.009375047831876693,-1.1280822796701466,0.0,1
14934,4,2341.3999999999996,3,3,1,828.8399999999999,1512.56,88,0,2,930.33,11,170,585.3499999999999,378.75,79.5,0,0.28435414902819,-0.6009868597635295,0.0,1
13561,10,1661.54,9,8,0,0.0,489.94000000000005,120,1,0,0.0,126,378,166.154,104.2,31.5,0,0.0,-6.196321920734874,141.85999999999999,0
17823,2,449.25,1,1,0,0.0,449.25,88,1,0,0.0,150,150,224.625,126.0,,1,0.0,-6.109802984056065,0.0,1
15506,3,1058.25,3,3,0,0.0,862.74,82,1,0,0.0,110,206,352.75,265.0,48.0,0,0.0,-6.761271797590838,0.0,1
17871,4,913.05,4,4,0,0.0,389.51,58,1,0,0.0,126,422,228.2625,120.75,98.66666666666667,0,0.0,-5.967453577146479,155.9,0
14088,4,21089.899999999998,3,2,1,7544.909999999999,13544.99,170,1,1,228.85,51,150,5272.474999999999,1134.5,49.5,0,0.010734681911462915,-0.5850848679448006,7809.93,0
12933,6,1139.8500000000001,5,4,1,110.75,873.3100000000001,159,1,3,59.75,12,458,189.97500000000002,85.83333333333333,111.5,0,0.04980826942314104,-2.0571707703493622,0.0,1
14585,4,986.22,4,2,0,0.0,986.22,64,1,0,0.0,111,145,246.555,134.75,11.333333333333334,0,0.0,-6.894892912265193,0.0,1
17796,6,1160.49,6,4,2,499.45,661.04,147,1,0,0.0,42,150,193.415,54.833333333333336,21.6,0,0.0,-0.2798182834073115,0.0,1
14673,3,1674.41,3,3,0,0.0,1674.41,65,1,0,0.0,96,138,558.1366666666667,343.6666666666667,21.0,0,0.0,-7.423813190425784,0.0,1
12969,1,122.45,1,1,0,0.0,0.0,5,1,0,0.0,331,331,122.45,55.0,,1,0.0,0.0,0.0,1
17235,7,1354.8200000000002,7,5,0,0.0,771.1,41,1,0,0.0,101,282,193.5457142857143,106.71428571428571,30.166666666666668,0,0.0,-6.64911407531477,0.0,1
13698,2,451.7299999999999,2,2,0,0.0,0.0,31,1,0,0.0,325,410,225.86499999999995,113.5,85.0,0,0.0,0.0,0.0,1
15916,8,2217.4399999999996,7,7,1,342.61,793.3800000000001,160,1,3,112.64999999999999,59,458,277.17999999999995,141.5,66.5,0,0.04834577205172333,-0.8380546428849547,271.89,0
14676,7,6364.870000000001,7,5,1,556.3199999999999,4716.91,63,1,3,67.55,12,368,909.267142857143,970.8571428571429,59.333333333333336,0,0.010501490885234482,-2.1359816026606726,592.2,0
12897,3,426.55,3,3,1,128.8,193.6,9,1,0,0.0,30,272,142.18333333333334,67.66666666666667,121.0,0,0.0,-0.40495136548191457,87.7,0
14617,2,190.47000000000003,2,2,0,0.0,190.47000000000003,7,1,0,0.0,131,144,95.23500000000001,40.5,13.0,0,0.0,-5.254731138385114,0.0,1
14191,2,132.9,2,2,0,0.0,117.0,6,1,1,79.5,123,457,66.45,31.0,334.0,0,0.37429378531073443,-4.770684624465665,786.6999999999999,0
17616,2,489.59999999999997,2,2,0,0.0,489.59999999999997,1,1,0,0.0,96,180,244.79999999999998,96.0,84.0,0,0.0,-6.195629131824389,81.6,0
16390,3,467.5,3,2,0,0.0,0.0,16,1,0,0.0,265,408,155.83333333333334,40.666666666666664,71.5,0,0.0,0.0,0.0,1
16300,3,1367.32,3,3,0,0.0,528.96,190,1,0,0.0,159,404,455.7733333333333,214.33333333333334,122.5,0,0.0,-6.272801531999923,0.0,1
17631,4,470.15999999999997,4,3,0,0.0,134.4,28,1,0,0.0,103,459,117.53999999999999,64.25,118.66666666666667,0,0.0,-4.9082333604781745,302.55,0
15272,4,1309.0100000000002,4,4,0,0.0,279.42,209,1,0,0.0,179,392,327.25250000000005,88.75,71.0,0,0.0,-5.636288479292985,0.0,1
17200,4,356.71000000000004,2,2,0,0.0,191.65,25,1,0,0.0,116,381,89.17750000000001,91.75,265.0,0,0.0,-5.260875071072166,0.0,1
15774,5,1016.29,5,5,0,0.0,362.40000000000003,68,1,0,0.0,147,385,203.25799999999998,75.4,59.5,0,0.0,-5.895504155962071,0.0,1
16453,2,251.71,2,1,0,0.0,0.0,15,1,0,0.0,259,277,125.855,69.5,18.0,0,0.0,0.0,0.0,1
14854,5,2025.31,5,5,1,462.2799999999999,307.45,90,1,2,10.75,3,415,405.062,291.0,103.0,0,0.0052798051137982185,0.4067718672618872,729.0500000000001,0
13243,4,635.26,2,2,0,0.0,383.64,121,1,0,0.0,178,360,158.815,80.5,182.0,0,0.0,-5.952307831906788,585.1199999999999,0
17621,5,2697.0,5,3,2,901.7799999999999,1795.2199999999998,52,1,1,102.0,41,160,539.4,181.2,29.75,0,0.03644158628081458,-0.687960844395235,0.0,1
15123,3,2456.8600000000006,3,3,0,0.0,2000.2000000000003,66,1,0,0.0,150,362,818.9533333333335,443.0,106.0,0,0.0,-7.60150227961405,1069.47,0
17655,5,1634.1399999999999,5,4,2,620.5999999999999,1013.54,45,1,1,67.2,13,145,326.828,166.8,33.0,0,0.03949827782806494,-0.48989378772495495,306.0,0
13226,2,312.46000000000004,2,2,1,108.21000000000001,204.25,28,1,0,0.0,2,122,156.23000000000002,89.5,120.0,0,0.0,-0.6309561141229008,0.0,1
15179,9,6570.59,9,9,1,1285.62,1200.24,189,1,3,60.85,48,465,730.0655555555555,524.6666666666666,52.125,0,0.00917598590954604,0.06866426811492232,169.5,0
18058,2,603.8999999999999,2,2,0,0.0,0.0,11,1,0,0.0,270,396,301.94999999999993,153.0,126.0,0,0.0,0.0,0.0,1
16508,1,240.95000000000002,1,1,0,0.0,0.0,42,1,0,0.0,359,359,240.95000000000002,103.0,,1,0.0,0.0,0.0,1
17039,1,1954.9899999999998,1,1,0,0.0,0.0,44,1,0,0.0,333,333,1954.9899999999998,689.0,,1,0.0,0.0,0.0,1
15321,10,5120.890000000001,6,5,1,1159.4700000000003,955.51,206,1,5,51.50000000000001,20,403,512.0890000000002,301.7,76.6,0,0.009956712467544017,0.1932891308453062,0.0,1
17543,1,120.05,1,1,0,0.0,0.0,13,1,0,0.0,278,278,120.05,62.0,,1,0.0,0.0,0.0,1
16683,1,320.25000000000006,1,1,0,0.0,0.0,18,1,1,10.9,262,262,320.25000000000006,190.0,,1,0.03291559716140721,0.0,0.0,1
15784,2,848.33,2,2,0,0.0,0.0,33,1,0,0.0,196,401,424.165,190.5,205.0,0,0.0,0.0,0.0,1
15677,2,648.4000000000001,2,2,0,0.0,307.75,32,1,0,0.0,150,192,324.20000000000005,178.0,42.0,0,0.0,-5.732531887942187,0.0,1
17180,8,1698.2400000000002,8,8,1,245.44,107.99,166,1,2,6.45,45,416,212.28000000000003,163.625,53.0,0,0.0037836791440085875,0.81586242124515,307.36,0
17730,10,3573.5400000000004,9,9,3,1098.22,1152.35,101,1,2,13.05,4,318,357.35400000000004,232.4,39.25,0,0.003638553612205465,-0.048069913792796015,933.18,0
12797,2,468.0799999999999,2,2,0,0.0,468.0799999999999,26,0,4,80.65,94,153,234.03999999999996,106.0,59.0,0,0.1469757439906694,-6.150773329592863,0.0,1
16226,2,417.05,2,2,0,0.0,417.05,20,1,0,0.0,107,142,208.525,164.5,35.0,0,0.0,-6.035601042596067,255.12,0
15395,1,107.45,1,1,1,107.45,0.0,7,1,0,0.0,54,54,107.45,17.0,,1,0.0,4.6862892372728835,0.0,1
14457,1,113.64,1,1,1,113.64,0.0,4,1,0,0.0,39,39,113.64,88.0,,1,0.0,4.741796783519916,0.0,1
16667,1,200.39999999999998,1,1,1,200.39999999999998,0.0,20,1,0,0.0,13,13,200.39999999999998,77.0,,1,0.0,5.305292980284462,0.0,1
17539,3,1161.84,3,3,0,0.0,0.0,131,1,2,164.5,357,455,387.28,235.66666666666666,49.0,0,0.12402551381998583,0.0,0.0,1
17568,1,374.45000000000005,1,1,0,0.0,0.0,61,1,0,0.0,362,362,374.45000000000005,275.0,,1,0.0,0.0,0.0,1
15792,2,933.8400000000001,2,2,0,0.0,457.0,57,1,0,0.0,128,347,466.9200000000001,303.0,219.0,0,0.0,-6.126869184114185,0.0,1
15249,5,2577.54,5,5,0,0.0,434.90000000000003,122,1,1,87.75,159,352,515.508,280.6,48.25,0,0.03292324662607071,-6.077412859244347,2841.37,0
16266,7,896.06,6,5,0,0.0,159.39999999999998,41,1,0,0.0,152,402,128.00857142857143,56.142857142857146,50.0,0,0.0,-5.077670695432414,371.84,0
15200,1,549.05,1,1,0,0.0,0.0,30,1,0,0.0,223,223,549.05,195.0,,1,0.0,0.0,0.0,1
12761,1,712.9499999999999,1,1,0,0.0,0.0,25,0,0,0.0,193,193,712.9499999999999,277.0,,1,0.0,0.0,0.0,1
12414,2,203.76,2,2,1,113.75999999999999,0.0,10,0,1,90.0,39,192,101.88,168.0,153.0,0,0.30637254901960786,4.7428429911131635,328.65,0
18094,7,3878.9399999999996,6,4,1,504.72,1201.3199999999997,40,1,2,68.9,20,430,554.1342857142856,272.85714285714283,82.0,0,0.017452581664910434,-0.8660251461821415,1272.48,0
16194,1,308.59999999999997,1,1,0,0.0,308.59999999999997,8,1,0,0.0,104,104,308.59999999999997,140.0,,1,0.0,-5.735281141715572,0.0,1
13894,1,160.85000000000002,1,1,1,160.85000000000002,0.0,10,1,1,9.899999999999999,39,39,160.85000000000002,105.0,,1,0.057979502196193244,5.086669980372253,0.0,1
16842,1,520.5699999999999,1,1,1,520.5699999999999,0.0,30,1,0,0.0,31,31,520.5699999999999,370.0,,1,0.0,6.256843493620949,0.0,1
13384,4,2528.8999999999996,4,3,0,0.0,605.51,81,1,2,16.09,119,229,632.2249999999999,430.0,36.666666666666664,0,0.006322225234676758,-6.407721216294345,0.0,1
12412,3,1262.05,3,3,0,0.0,175.26,49,0,2,15.9,131,268,420.68333333333334,387.3333333333333,68.5,0,0.012441801322430454,-5.171960177671514,0.0,1
17548,3,627.96,3,1,0,0.0,627.96,17,1,1,141.48,107,125,209.32000000000002,145.33333333333334,9.0,0,0.18387398627573298,-6.44406766167355,103.3,0
16235,6,1530.8600000000001,6,6,2,344.46,456.74,62,1,2,63.1,24,199,255.14333333333335,94.0,35.0,0,0.03958694070114683,-0.2814244750650543,320.83,0
17336,1,81.12,1,1,0,0.0,0.0,1,1,0,0.0,201,201,81.12,48.0,,1,0.0,0.0,0.0,1
16143,9,3342.99,9,8,2,857.1000000000001,1066.8000000000002,86,1,4,43.95,32,458,371.4433333333333,148.0,53.25,0,0.012976314903718403,-0.21863509325301056,361.32000000000005,0
17584,4,4067.12,4,4,0,0.0,0.0,73,1,0,0.0,196,412,1016.78,501.5,72.0,0,0.0,0.0,0.0,1
16555,4,1629.7900000000002,1,1,0,0.0,0.0,46,1,4,1629.79,234,234,407.44750000000005,410.25,,1,0.5,0.0,0.0,1
15092,2,641.81,2,2,1,323.15999999999997,0.0,38,1,1,3.3,12,191,320.905,105.5,179.0,0,0.00511540667483065,5.7812372210603185,134.65,0
13368,3,483.5,3,2,1,35.400000000000006,448.1,21,1,1,35.400000000000006,66,152,161.16666666666666,96.66666666666667,43.0,0,0.06822123723260745,-2.512676805450997,538.0,0
13164,2,372.2,2,2,0,0.0,0.0,7,1,1,63.75,298,396,186.1,60.0,98.0,0,0.14623236609702947,0.0,0.0,1
13476,4,1550.6,4,4,1,727.6,278.59999999999997,61,1,1,20.7,10,373,387.65,115.0,121.0,0,0.013173805129510597,0.9577648742148082,0.0,1
15154,2,1089.44,1,1,0,0.0,0.0,101,1,0,0.0,207,207,544.72,122.0,,1,0.0,0.0,0.0,1
12467,1,132.79999999999998,1,1,0,0.0,132.79999999999998,9,0,1,132.8,152,152,132.79999999999998,129.0,,1,0.5,-4.896346147694128,0.0,1
15800,5,530.1800000000001,2,2,0,0.0,0.0,97,1,0,0.0,182,347,106.03600000000002,48.6,165.0,0,0.0,0.0,244.5,0
14219,2,543.89,2,2,0,0.0,148.25,32,1,0,0.0,138,222,271.945,142.5,84.0,0,0.0,-5.0056227522727115,0.0,1
14712,1,411.0,1,1,0,0.0,411.0,7,1,0,0.0,147,147,411.0,96.0,,1,0.0,-6.021023349349527,0.0,1
13840,1,651.4,1,1,0,0.0,651.4,40,1,0,0.0,145,145,651.4,358.0,,1,0.0,-6.4806578707468585,0.0,1
14551,5,691.8599999999999,3,3,0,0.0,513.01,62,1,2,21.45,140,410,138.37199999999999,76.0,135.0,0,0.030071077091306728,-6.242242720518832,125.43,0
13996,2,845.76,2,1,0,0.0,845.76,28,1,0,0.0,115,128,422.88,306.0,13.0,0,0.0,-6.7414173014893795,0.0,1
18127,1,209.04999999999998,1,1,0,0.0,209.04999999999998,21,1,0,0.0,132,132,209.04999999999998,63.0,,1,0.0,-5.347345597615391,0.0,1
14039,1,115.08,1,1,0,0.0,0.0,4,1,0,0.0,304,304,115.08,100.0,,1,0.0,0.0,0.0,1
16382,2,353.1,2,2,0,0.0,157.33,42,1,0,0.0,137,279,176.55,83.5,142.0,0,0.0,-5.0646814625133425,0.0,1
14105,4,4722.6,4,4,0,0.0,2632.25,172,1,3,278.95,137,450,1180.65,683.5,104.33333333333333,0,0.05577271045975747,-7.8759741037166515,1266.23,0
16006,1,231.42000000000002,1,1,0,0.0,231.42000000000002,67,1,0,0.0,116,116,231.42000000000002,121.0,,1,0.0,-5.448546079794728,101.39999999999999,0
16427,1,109.8,1,1,1,109.8,0.0,4,1,0,0.0,13,13,109.8,84.0,,1,0.0,4.707726774313183,131.26,0
15643,1,337.1,1,1,1,337.1,0.0,23,1,0,0.0,11,11,337.1,176.0,,1,0.0,5.823341709713841,326.90000000000003,0
13135,1,275.45000000000005,1,1,0,0.0,0.0,17,1,0,0.0,220,220,275.45000000000005,123.0,,1,0.0,0.0,3096.0,0
17354,3,1740.9,1,1,0,0.0,1740.9,73,1,0,0.0,157,157,580.3000000000001,508.3333333333333,,1,0.0,-7.462731750483416,0.0,1
13370,1,754.87,1,1,0,0.0,754.87,39,1,1,33.55,100,100,754.87,343.0,,1,0.042553461353085915,-6.62786940372116,0.0,1
13407,3,2244.7,3,3,0,0.0,0.0,85,1,3,132.81,307,390,748.2333333333332,563.3333333333334,41.5,0,0.05586096378143521,0.0,0.0,1
15143,1,304.18,1,1,0,0.0,304.18,17,1,0,0.0,161,161,304.18,170.0,,1,0.0,-5.72090176646359,259.45,0
15926,1,134.44,1,1,0,0.0,0.0,7,1,0,0.0,271,271,134.44,155.0,,1,0.0,0.0,0.0,1
18278,1,240.3,1,1,0,0.0,240.3,15,1,0,0.0,133,133,240.3,74.0,,1,0.0,-5.4860409726309864,0.0,1
15257,2,685.9,2,2,1,317.15,368.75,11,1,1,85.0,12,143,342.95,35.5,131.0,0,0.11026073420677131,-0.15030413191210812,0.0,1
16584,3,2220.0899999999997,3,3,0,0.0,789.2299999999999,46,1,1,50.150000000000006,161,390,740.0299999999999,422.3333333333333,114.5,0,0.022090175488054132,-6.672324042328769,611.94,0
12389,3,1433.33,3,3,0,0.0,870.3,41,0,0,0.0,131,384,477.77666666666664,204.66666666666666,126.5,0,0.0,-6.769986349237241,0.0,1
17436,3,317.76,3,3,0,0.0,101.76,4,1,2,12.75,137,461,105.92,29.333333333333332,162.0,0,0.038576745030407554,-4.632396172241683,122.39999999999999,0
15217,1,426.24000000000007,1,1,0,0.0,0.0,28,1,0,0.0,292,292,426.24000000000007,190.0,,1,0.0,0.0,0.0,1
13839,1,139.95,1,1,0,0.0,0.0,7,1,0,0.0,215,215,139.95,25.0,,1,0.0,0.0,0.0,1
12575,2,568.8199999999999,2,2,0,0.0,0.0,33,0,0,0.0,186,255,284.40999999999997,156.0,69.0,0,0.0,0.0,0.0,1
12840,3,1315.2,3,3,0,0.0,673.51,57,1,2,15.6,166,403,438.40000000000003,249.0,118.5,0,0.011722272317403066,-6.513986501334796,2150.77,0
12387,1,143.94,1,1,0,0.0,143.94,9,0,0,0.0,144,144,143.94,134.0,,1,0.0,-4.976319863681136,0.0,1
15073,5,1744.6100000000001,5,4,0,0.0,1018.83,89,1,0,0.0,129,410,348.922,183.8,70.25,0,0.0,-6.927391225721218,861.96,0
13396,1,387.27000000000004,1,1,1,387.27000000000004,0.0,15,1,1,16.35,48,48,387.27000000000004,139.0,,1,0.04050839898914821,5.961700973902294,0.0,1
12401,1,69.3,1,1,1,69.3,0.0,4,0,0,0.0,32,32,69.3,10.0,,1,0.0,4.252771798816619,0.0,1
15544,14,5460.3,14,9,2,844.58,841.05,136,1,4,24.11,16,409,390.0214285714286,329.92857142857144,30.23076923076923,0,0.004396097301259388,0.0041833875294114975,560.35,0
14738,3,712.22,3,3,1,204.77000000000004,0.0,32,1,1,33.75,45,461,237.40666666666667,79.66666666666667,208.0,0,0.04524310629113771,5.32675904017934,320.92,0
13275,2,238.85999999999999,2,2,0,0.0,61.5,48,1,0,0.0,112,361,119.42999999999999,69.0,249.0,0,0.0,-4.135166556742356,0.0,1
13123,2,506.75000000000006,2,2,0,0.0,0.0,36,1,0,0.0,201,258,253.37500000000003,134.0,57.0,0,0.0,0.0,0.0,1
12410,3,773.71,2,2,2,533.3299999999999,0.0,35,0,1,12.25,37,231,257.90333333333336,111.66666666666667,194.0,0,0.015586034912718203,6.281013625618804,0.0,1
17266,2,205.14,2,2,0,0.0,0.0,43,1,0,0.0,228,369,102.57,45.0,141.0,0,0.0,0.0,0.0,1
17168,1,400.2,1,1,0,0.0,0.0,21,1,0,0.0,227,227,400.2,220.0,,1,0.0,0.0,0.0,1
14235,4,1573.13,3,3,0,0.0,0.0,53,1,0,0.0,227,348,393.2825,263.75,60.5,0,0.0,0.0,1264.5499999999997,0
13710,2,329.03999999999996,2,2,0,0.0,101.03999999999999,7,1,0,0.0,152,341,164.51999999999998,80.0,189.0,0,0.0,-4.625364893273611,0.0,1
13909,2,282.85,2,2,0,0.0,170.39000000000001,35,1,0,0.0,152,250,141.425,150.5,98.0,0,0.0,-5.143941661404481,0.0,1
12739,1,1445.6899999999998,1,1,0,0.0,1445.6899999999998,49,0,0,0.0,123,123,1445.6899999999998,463.0,,1,0.0,-7.277033467328527,0.0,1
16284,1,205.79999999999998,1,1,0,0.0,205.79999999999998,30,1,0,0.0,122,122,205.79999999999998,139.0,,1,0.0,-5.331752142634274,0.0,1
18250,1,349.27000000000004,1,1,1,349.27000000000004,0.0,21,1,1,6.35,39,39,349.27000000000004,199.0,,1,0.017856138574883298,5.858704285656805,0.0,1
12464,2,288.84999999999997,2,1,2,288.84999999999997,0.0,5,0,0,0.0,13,38,144.42499999999998,15.5,25.0,0,0.0,5.669363547785742,151.0,0
16651,1,136.2,1,1,0,0.0,0.0,6,1,0,0.0,315,315,136.2,60.0,,1,0.0,0.0,0.0,1
13585,3,684.54,3,3,0,0.0,0.0,29,1,1,10.08,259,467,228.17999999999998,462.0,104.0,0,0.014511531484840632,0.0,0.0,1
15135,1,166.63,1,1,0,0.0,0.0,11,1,0,0.0,285,285,166.63,41.0,,1,0.0,0.0,139.05,0
13813,4,1218.6100000000001,4,4,0,0.0,0.0,49,0,3,65.6,256,462,304.65250000000003,182.5,68.66666666666667,0,0.051081988148355795,0.0,0.0,1
15888,2,260.85,2,2,0,0.0,179.1,24,1,0,0.0,129,255,130.425,31.5,126.0,0,0.0,-5.19351225218191,0.0,1
12673,2,786.4000000000001,2,2,1,220.90000000000003,565.5,51,0,0,0.0,55,130,393.20000000000005,258.5,75.0,0,0.0,-0.9372502505295124,0.0,1
17360,3,632.27,2,2,0,0.0,632.27,90,1,1,29.95,114,163,210.75666666666666,98.66666666666667,49.0,0,0.04522666183443568,-6.450896871486089,320.90000000000003,0
17433,1,266.79999999999995,1,1,0,0.0,266.79999999999995,39,1,0,0.0,114,114,266.79999999999995,120.0,,1,0.0,-5.590240433257072,0.0,1
12383,2,1146.88,2,2,2,1146.88,0.0,61,0,1,11.25,60,81,573.44,668.5,21.0,0,0.00971393539585366,7.045672041799186,481.67999999999995,0
13385,1,534.57,1,1,1,534.57,0.0,35,1,0,0.0,58,58,534.57,281.0,,1,0.0,6.283331600299074,0.0,1
14391,1,135.59999999999997,1,1,0,0.0,0.0,14,1,0,0.0,305,305,135.59999999999997,168.0,,1,0.0,0.0,0.0,1
16147,4,2023.91,4,4,0,0.0,837.54,101,1,2,31.89,129,401,505.9775,287.25,90.66666666666667,0,0.01551220935888705,-6.731662284359204,0.0,1
13472,2,592.24,2,2,0,0.0,0.0,24,1,0,0.0,192,284,296.12,155.0,92.0,0,0.0,0.0,0.0,1
18132,1,220.13,1,1,0,0.0,0.0,60,1,0,0.0,233,233,220.13,212.0,,1,0.0,0.0,0.0,1
17298,3,439.94000000000005,3,3,0,0.0,115.5,37,1,1,5.04,103,370,146.64666666666668,154.33333333333334,133.5,0,0.011326351746145892,-4.757891273005756,0.0,1
12900,1,340.33000000000004,1,1,0,0.0,340.33000000000004,13,1,0,0.0,151,151,340.33000000000004,139.0,,1,0.0,-5.832849751258659,0.0,1
16387,5,882.4600000000002,5,5,1,94.36,303.58000000000004,68,1,0,0.0,51,367,176.49200000000002,89.6,79.0,0,0.0,-1.1612745751065052,0.0,1
17038,1,630.77,1,1,0,0.0,630.77,41,1,0,0.0,144,144,630.77,507.0,,1,0.0,-6.448525403859796,0.0,1
16433,1,200.26000000000002,1,1,0,0.0,200.26000000000002,17,1,0,0.0,137,137,200.26000000000002,108.0,,1,0.0,-5.3045976045051875,0.0,1
12351,1,300.92999999999995,1,1,0,0.0,300.92999999999995,21,0,0,0.0,104,104,300.92999999999995,261.0,,1,0.0,-5.710195202428391,0.0,1
13000,2,699.4,2,2,0,0.0,201.75000000000003,38,1,1,67.5,93,454,349.7,123.0,361.0,0,0.08801669057243448,-5.311973692995522,256.78,0
16847,1,421.45,1,1,0,0.0,0.0,25,1,0,0.0,347,347,421.45,177.0,,1,0.0,0.0,0.0,1
14200,1,379.20000000000005,1,1,0,0.0,0.0,21,1,0,0.0,346,346,379.20000000000005,140.0,,1,0.0,0.0,0.0,1
17798,1,172.17000000000002,1,1,0,0.0,0.0,42,1,0,0.0,310,310,172.17000000000002,136.0,,1,0.0,0.0,0.0,1
14699,3,593.47,3,3,0,0.0,175.93,40,1,0,0.0,164,254,197.82333333333335,135.66666666666666,45.0,0,0.0,-5.175754174124911,109.13,0
14767,1,382.80999999999995,1,1,0,0.0,0.0,18,1,0,0.0,203,203,382.80999999999995,117.0,,1,0.0,0.0,0.0,1
17161,1,856.01,1,1,0,0.0,856.01,52,1,0,0.0,173,173,856.01,537.0,,1,0.0,-6.753449587141137,0.0,1
16476,1,350.35,1,1,0,0.0,350.35,24,1,2,13.35,160,160,350.35,187.0,,1,0.03670607643662359,-5.861782877638206,0.0,1
14278,1,205.83,1,1,0,0.0,205.83,13,1,0,0.0,138,138,205.83,131.0,,1,0.0,-5.331897199811232,0.0,1
15515,1,171.81,1,1,0,0.0,171.81,7,1,0,0.0,116,116,171.81,131.0,,1,0.0,-5.1521927250659,0.0,1
16442,3,429.74,3,3,1,147.06,0.0,113,1,0,0.0,89,455,143.24666666666667,66.0,183.0,0,0.0,4.997617597014952,285.37,0
15519,2,344.61,2,2,0,0.0,344.61,34,1,0,0.0,112,175,172.305,58.0,63.0,0,0.0,-5.845310971696471,0.0,1
13936,2,563.0799999999999,2,2,0,0.0,563.0799999999999,31,1,0,0.0,111,143,281.53999999999996,165.5,32.0,0,0.0,-6.335196085410785,0.0,1
16596,3,329.48,3,3,0,0.0,120.65,17,1,0,0.0,95,458,109.82666666666667,43.333333333333336,181.5,0,0.0,-4.801148069229532,0.0,1
16888,3,434.20000000000005,3,3,0,0.0,116.88999999999999,44,1,0,0.0,129,430,144.73333333333335,48.333333333333336,150.5,0,0.0,-4.769751986304036,0.0,1
15229,1,160.5,1,1,0,0.0,0.0,9,1,0,0.0,315,315,160.5,114.0,,1,0.0,0.0,0.0,1
16760,1,228.0,1,1,0,0.0,228.0,17,1,0,0.0,159,159,228.0,168.0,,1,0.0,-5.43372200355424,0.0,1
13973,1,264.7,1,1,1,264.7,0.0,11,1,0,0.0,16,16,264.7,109.0,,1,0.0,5.582367852765768,0.0,1
13669,1,195.0,1,1,0,0.0,195.0,5,1,0,0.0,136,136,195.0,156.0,,1,0.0,-5.278114659230518,0.0,1
14806,1,110.03999999999999,1,1,0,0.0,110.03999999999999,9,1,0,0.0,168,168,110.03999999999999,93.0,,1,0.0,-4.7098904967584945,0.0,1
18136,3,1136.02,3,3,1,288.99,847.0300000000001,65,1,3,77.15,48,180,378.67333333333335,219.33333333333334,66.0,0,0.06359372552898604,-1.0730695728972748,311.86,0
13877,2,332.44,2,2,0,0.0,0.0,20,1,2,3.3499999999999996,199,418,166.22,185.0,219.0,0,0.009976473391107537,0.0,0.0,1
13083,1,91.68,1,1,0,0.0,91.68,4,1,0,0.0,154,154,91.68,120.0,,1,0.0,-4.529152699564175,0.0,1
17918,3,388.44,3,1,0,0.0,0.0,33,1,0,0.0,229,234,129.48,117.0,2.5,0,0.0,0.0,0.0,1
16786,1,51.839999999999996,1,1,0,0.0,51.839999999999996,1,1,0,0.0,122,122,51.839999999999996,72.0,,1,0.0,-3.9672684796541247,0.0,1
18227,1,295.0,1,1,0,0.0,0.0,1,1,1,295.0,213,213,295.0,1.0,,1,0.5,0.0,93.75,0
13057,3,709.59,3,2,0,0.0,0.0,34,1,1,181.34999999999997,259,360,236.53,152.0,50.5,0,0.20354906054279745,0.0,0.0,1
17579,1,304.38000000000005,1,1,0,0.0,0.0,43,1,0,0.0,307,307,304.38000000000005,117.0,,1,0.0,0.0,0.0,1
18157,1,213.9,1,1,0,0.0,0.0,25,1,0,0.0,300,300,213.9,145.0,,1,0.0,0.0,0.0,1
13739,1,75.3,1,1,0,0.0,0.0,3,1,0,0.0,256,256,75.3,22.0,,1,0.0,0.0,0.0,1
13779,1,161.13,1,1,0,0.0,0.0,27,1,0,0.0,244,244,161.13,53.0,,1,0.0,0.0,0.0,1
12424,2,1579.07,2,2,0,0.0,1132.53,59,0,3,50.25,151,277,789.535,642.5,126.0,0,0.030841087079272335,-7.033091936293421,0.0,1
15919,1,214.08,1,1,0,0.0,214.08,38,1,0,0.0,97,97,214.08,175.0,,1,0.0,-5.371010051941477,0.0,1
16084,1,436.17999999999995,1,1,1,436.17999999999995,0.0,38,1,0,0.0,28,28,436.17999999999995,216.0,,1,0.0,6.0803450096018565,0.0,1
14959,1,178.66,1,1,1,178.66,0.0,22,1,0,0.0,25,25,178.66,138.0,,1,0.0,5.19106617580106,243.71999999999997,0
13675,1,308.44,1,1,1,308.44,0.0,15,1,0,0.0,13,13,308.44,204.0,,1,0.0,5.734764212264929,0.0,1
15632,1,394.63,1,1,1,394.63,0.0,26,1,0,0.0,3,3,394.63,307.0,,1,0.0,5.980479431049226,1162.03,0
13899,1,298.5,1,1,1,298.5,0.0,15,1,0,0.0,3,3,298.5,122.0,,1,0.0,5.702114417555504,0.0,1
16053,4,2122.89,3,3,0,0.0,1490.2299999999998,101,1,2,28.7,142,339,530.7225,318.5,98.5,0,0.013338972573771027,-7.3073565617547125,0.0,1
12973,1,385.54999999999995,1,1,0,0.0,385.54999999999995,6,1,0,0.0,142,142,385.54999999999995,31.0,,1,0.0,-5.957261225766484,0.0,1
16833,3,1611.9899999999998,3,3,1,309.48,989.6299999999999,61,1,0,0.0,63,352,537.3299999999999,199.33333333333334,144.5,0,0.0,-1.160221617310869,361.81,0
12520,1,897.4200000000001,1,1,1,897.4200000000001,0.0,59,0,0,0.0,2,2,897.4200000000001,613.0,,1,0.0,6.800637664975197,620.14,0
15773,1,138.84,1,1,0,0.0,138.84,37,1,0,0.0,138,138,138.84,99.0,,1,0.0,-4.940498911907225,0.0,1
17127,5,1155.0300000000002,5,5,0,0.0,550.2,27,1,0,0.0,157,464,231.00600000000003,68.0,76.75,0,0.0,-6.312097719699449,0.0,1
15636,3,1026.52,3,3,1,306.69999999999993,330.88,28,1,0,0.0,11,298,342.17333333333335,119.33333333333333,143.5,0,0.0,-0.07564817546808822,0.0,1
17303,1,250.04,1,1,1,250.04,0.0,53,1,0,0.0,90,90,250.04,144.0,,1,0.0,5.525612288984722,0.0,1
16270,1,1141.24,1,1,1,1141.24,0.0,54,1,0,0.0,82,82,1141.24,688.0,,1,0.0,7.040746525754151,0.0,1
14773,1,140.55,1,1,0,0.0,0.0,10,1,1,14.850000000000001,321,321,140.55,53.0,,1,0.09555984555984556,0.0,0.0,1
15490,1,210.85000000000002,1,1,0,0.0,210.85000000000002,22,1,1,29.5,159,159,210.85000000000002,82.0,,1,0.1227376742250884,-5.355878477072569,0.0,1
15181,2,510.72,2,2,0,0.0,348.0,4,1,2,242.55,149,460,255.36,72.0,311.0,0,0.3219960970170059,-5.855071922202427,300.0,0
16885,2,410.89,2,2,1,177.95000000000002,232.94,65,1,0,0.0,86,114,205.445,107.0,28.0,0,0.0,-0.26795823501052674,0.0,1
12541,1,284.40000000000003,1,1,1,284.40000000000003,0.0,16,0,0,0.0,9,9,284.40000000000003,287.0,,1,0.0,5.653891705042736,0.0,1
12865,2,1755.2400000000002,2,2,0,0.0,712.0900000000001,93,0,1,20.16,107,205,877.6200000000001,524.0,98.0,0,0.011355187563366,-6.5696076396572884,0.0,1
13908,1,445.99999999999994,1,1,1,445.99999999999994,0.0,27,1,0,0.0,5,5,445.99999999999994,348.0,,1,0.0,6.102558594613568,335.11,0
13425,3,2167.79,3,3,1,401.57,0.0,96,1,3,27.700000000000003,23,308,722.5966666666667,505.6666666666667,142.5,0,0.012616773476535992,5.997868994780976,0.0,1
15595,1,357.6,1,1,0,0.0,0.0,4,1,0,0.0,216,216,357.6,144.0,,1,0.0,0.0,0.0,1
13833,1,316.56,1,1,0,0.0,316.56,16,1,0,0.0,133,133,316.56,126.0,,1,0.0,-5.760666776856913,0.0,1
18256,1,110.7,1,1,0,0.0,110.7,10,1,1,50.10000000000001,116,116,110.7,180.0,,1,0.3115671641791045,-4.715816706075155,0.0,1
13257,1,149.75,1,1,0,0.0,149.75,7,1,2,31.8,165,165,149.75,33.0,,1,0.17515835857890388,-5.015622835607295,0.0,1
12459,1,398.36,1,1,0,0.0,0.0,22,0,0,0.0,334,334,398.36,256.0,,1,0.0,0.0,0.0,1
15564,2,70.74000000000001,2,2,0,0.0,0.0,4,1,0,0.0,192,405,35.370000000000005,21.0,213.0,0,0.0,0.0,0.0,1
13258,2,336.59999999999997,2,1,0,0.0,336.59999999999997,5,1,0,0.0,108,129,168.29999999999998,82.0,21.0,0,0.0,-5.821861762721802,198.87000000000003,0
13915,1,70.80000000000001,1,1,0,0.0,70.80000000000001,2,1,1,39.6,123,123,70.80000000000001,24.0,,1,0.358695652173913,-4.273884476054179,0.0,1
18108,2,577.8100000000001,2,2,0,0.0,0.0,29,1,0,0.0,325,466,288.90500000000003,88.5,141.0,0,0.0,0.0,271.0,0
12503,1,896.0,1,1,0,0.0,0.0,1,0,0,0.0,313,313,896.0,560.0,,1,0.0,0.0,0.0,1
15714,3,453.93,3,2,0,0.0,0.0,14,1,0,0.0,182,284,151.31,58.333333333333336,51.0,0,0.0,0.0,0.0,1
14972,1,30.300000000000004,1,1,0,0.0,30.300000000000004,2,1,0,0.0,110,110,30.300000000000004,12.0,,1,0.0,-3.4436180975461075,0.0,1
17507,1,340.56000000000006,1,1,1,340.56000000000006,0.0,44,1,0,0.0,38,38,340.56000000000006,222.0,,1,0.0,5.833523359039406,265.02,0
13695,1,266.59999999999997,1,1,0,0.0,0.0,6,1,0,0.0,306,306,266.59999999999997,188.0,,1,0.0,0.0,625.9200000000001,0
12837,1,528.56,1,1,0,0.0,0.0,73,1,0,0.0,298,298,528.56,170.0,,1,0.0,0.0,0.0,1
15683,1,330.78999999999996,1,1,0,0.0,0.0,16,1,0,0.0,202,202,330.78999999999996,201.0,,1,0.0,0.0,0.0,1
16269,1,717.57,1,1,0,0.0,717.57,53,1,1,2.98,166,166,717.57,579.0,,1,0.004135729650961071,-6.577263125964925,0.0,1
16630,1,106.80000000000001,1,1,0,0.0,106.80000000000001,4,1,1,2.5,136,136,106.80000000000001,72.0,,1,0.022872827081427263,-4.680277658474897,0.0,1
17033,2,610.4499999999999,2,2,1,307.79999999999995,302.65,18,1,0,0.0,88,126,305.22499999999997,122.5,38.0,0,0.0,0.016818095807036748,300.3,0
16801,1,751.9,1,1,1,751.9,0.0,45,1,0,0.0,2,2,751.9,186.0,,1,0.0,6.623932416856077,701.48,0
12368,1,917.6999999999999,1,1,0,0.0,0.0,18,0,0,0.0,357,357,917.6999999999999,330.0,,1,0.0,0.0,0.0,1
15770,1,321.45,1,1,0,0.0,0.0,18,1,0,0.0,341,341,321.45,67.0,,1,0.0,0.0,0.0,1
16944,1,101.36000000000001,1,1,0,0.0,0.0,7,1,0,0.0,338,338,101.36000000000001,27.0,,1,0.0,0.0,0.0,1
16035,1,217.73,1,1,0,0.0,0.0,21,1,0,0.0,289,289,217.73,33.0,,1,0.0,0.0,0.0,1
18110,1,193.48,1,1,0,0.0,193.48,29,1,0,0.0,140,140,193.48,97.0,,1,0.0,-5.2703293300078675,0.0,1
17417,1,164.18,1,1,0,0.0,0.0,16,1,0,0.0,277,277,164.18,76.0,,1,0.0,0.0,0.0,1
14504,1,147.23000000000002,1,1,1,147.23000000000002,0.0,32,1,0,0.0,7,7,147.23000000000002,110.0,,1,0.0,4.998765121525769,395.48,0
13893,1,821.1,1,1,1,821.1,0.0,21,1,0,0.0,26,26,821.1,190.0,,1,0.0,6.711862042158088,0.0,1
12881,1,298.0,1,1,1,298.0,0.0,7,1,0,0.0,4,4,298.0,21.0,,1,0.0,5.700443573390686,0.0,1
14848,1,310.56,1,1,0,0.0,310.56,11,1,0,0.0,133,133,310.56,260.0,,1,0.0,-5.741591936051748,0.0,1
14286,4,3851.01,3,3,0,0.0,1237.9900000000002,167,1,3,50.120000000000005,133,464,962.7525,1114.25,165.5,0,0.012847559553257646,-7.122051810571552,2050.08,0
16135,1,301.9,1,1,0,0.0,0.0,18,1,0,0.0,312,312,301.9,186.0,,1,0.0,0.0,517.5500000000001,0
12501,1,2025.3899999999999,1,1,1,2025.3899999999999,0.0,148,0,1,79.71,65,65,2025.3899999999999,1775.0,,1,0.037865184551802766,7.614011163815439,0.0,1
13301,1,173.91,1,1,1,173.91,0.0,20,1,0,0.0,21,21,173.91,95.0,,1,0.0,5.164271555918972,153.86,0
13071,1,129.22,1,1,0,0.0,0.0,12,1,0,0.0,341,341,129.22,30.0,,1,0.0,0.0,0.0,1
12858,1,147.26999999999998,1,1,0,0.0,147.26999999999998,36,1,0,0.0,112,112,147.26999999999998,51.0,,1,0.0,-4.999034936029934,0.0,1
18176,1,476.35,1,1,1,476.35,0.0,30,1,1,27.7,87,87,476.35,283.0,,1,0.05495486558873127,6.168249974444042,0.0,1
13063,1,188.4,1,1,0,0.0,0.0,12,1,0,0.0,209,209,188.4,116.0,,1,0.0,0.0,0.0,1
16829,1,316.1,1,1,0,0.0,316.1,16,1,0,0.0,117,117,316.1,116.0,,1,0.0,-5.759217181544302,0.0,1
14252,1,350.99,1,1,0,0.0,350.99,10,1,0,0.0,110,110,350.99,111.0,,1,0.0,-5.863602766103642,0.0,1
16821,1,113.35000000000001,1,1,0,0.0,113.35000000000001,7,1,0,0.0,110,110,113.35000000000001,13.0,,1,0.0,-4.73926392046879,0.0,1
15328,1,107.24000000000001,1,1,0,0.0,107.24000000000001,8,1,0,0.0,136,136,107.24000000000001,88.0,,1,0.0,-4.684350983862533,0.0,1
14270,1,492.65000000000003,1,1,1,492.65000000000003,0.0,29,1,0,0.0,60,60,492.65000000000003,197.0,,1,0.0,6.201826764057459,0.0,1
13896,1,388.54999999999995,1,1,0,0.0,0.0,21,1,0,0.0,354,354,388.54999999999995,149.0,,1,0.0,0.0,0.0,1
16922,1,611.08,1,1,0,0.0,0.0,122,1,0,0.0,301,301,611.08,281.0,,1,0.0,0.0,0.0,1
16492,1,385.55999999999995,1,1,0,0.0,0.0,23,1,0,0.0,269,269,385.55999999999995,235.0,,1,0.0,0.0,0.0,1
13500,1,299.53000000000003,1,1,0,0.0,299.53000000000003,20,1,0,0.0,130,130,299.53000000000003,229.0,,1,0.0,-5.705547582602868,0.0,1
13775,1,1049.6599999999999,1,1,0,0.0,0.0,63,1,0,0.0,319,319,1049.6599999999999,455.0,,1,0.0,0.0,0.0,1
15391,1,289.87,1,1,0,0.0,0.0,12,1,1,6.95,313,313,289.87,109.0,,1,0.023414864227477933,0.0,0.0,1
16467,7,2869.1600000000003,7,6,0,0.0,0.0,14,1,1,6.76,237,466,409.88000000000005,1054.857142857143,38.166666666666664,0,0.0023505521711313245,0.0,0.0,1
14646,83,305314.52,55,15,10,57701.01999999999,79192.85,655,0,6,3188.78,19,466,3678.4881927710844,2572.3493975903616,8.277777777777779,0,0.010336291378406649,-0.31660646272341886,57876.90000000001,0
13786,6,3127.9900000000002,6,5,0,0.0,875.3,80,1,1,15.0,96,465,521.3316666666667,252.5,73.8,0,0.00477252552505735,-6.775708498061805,0.0,1
14258,18,23667.54,16,13,2,4286.18,3134.34,87,1,6,1004.09,27,464,1314.8633333333335,717.2222222222222,29.133333333333333,0,0.04069816222114226,0.3128915529833254,3321.6400000000003,0
16485,4,1923.5400000000002,4,4,0,0.0,592.0300000000001,93,1,2,157.0,161,462,480.88500000000005,229.5,100.33333333333333,0,0.0754611783479289,-6.385244987937308,0.0,1
14841,11,5649.09,11,8,3,1781.85,1227.15,166,1,0,0.0,3,466,513.5536363636364,303.3636363636364,46.3,0,0.0,0.3727042353652861,0.0,1
14080,4,1070.08,4,3,0,0.0,375.43,70,1,1,39.95,142,466,267.52,55.0,108.0,0,0.03599001828779403,-5.930732106979362,0.0,1
16670,13,5328.09,12,10,4,1393.8400000000001,1107.5300000000002,181,1,9,208.79999999999998,11,458,409.8530769230769,215.0,40.63636363636363,0,0.037710700411241686,0.22974490004733816,554.38,0
12926,4,1523.5900000000001,4,3,0,0.0,931.08,201,1,0,0.0,140,454,380.89750000000004,188.0,104.66666666666667,0,0.0,-6.837418647911686,0.0,1
14415,13,7706.08,13,12,3,1581.56,2193.91,322,1,6,117.80000000000001,33,452,592.7753846153846,306.84615384615387,34.916666666666664,0,0.015056468146239463,-0.3270972543992201,1144.31,0
13408,54,28016.83,44,16,8,4400.41,5587.900000000001,204,1,12,272.41,6,464,518.8301851851852,297.537037037037,10.651162790697674,0,0.009629456287973803,-0.2388575437039897,5545.82,0
17323,6,782.8100000000001,6,6,1,138.29000000000002,131.49,102,1,0,0.0,21,427,130.46833333333333,130.16666666666666,81.2,0,0.0,0.050050919819907946,149.38,0
16727,4,1377.77,4,4,0,0.0,569.0799999999999,158,1,0,0.0,93,417,344.4425,266.5,108.0,0,0.0,-6.345776701857526,0.0,1
15279,5,1580.54,5,5,1,290.51,307.87,74,1,2,25.700000000000003,83,404,316.108,160.4,80.25,0,0.016000099611515092,-0.05784616588006575,0.0,1
16067,3,3269.1099999999997,3,3,0,0.0,0.0,60,1,3,369.1,291,404,1089.7033333333331,412.0,56.5,0,0.10145098826071064,0.0,0.0,1
14606,122,21921.87,115,16,25,3592.3900000000003,4505.78,1138,1,44,398.15,3,465,179.68745901639343,90.38524590163935,4.052631578947368,0,0.01783824566465442,-0.22648688292675878,2833.2099999999996,0
16200,10,4539.23,7,6,0,0.0,469.92,241,1,1,13.5,111,466,453.92299999999994,255.2,59.166666666666664,0,0.002965253814744121,-6.154688228209996,0.0,1
15493,4,2159.7799999999997,4,4,0,0.0,1008.34,200,1,0,0.0,118,383,539.9449999999999,163.5,88.33333333333333,0,0.0,-6.917051930887232,919.4499999999999,0
17511,35,99427.35,29,15,4,14886.18,22734.85,466,1,14,892.2200000000001,19,466,2840.781428571429,1908.1142857142856,15.964285714285714,0,0.00889377815315596,-0.4234425339584025,17393.54,0
18166,1,175.5,1,1,0,0.0,0.0,10,1,0,0.0,352,352,175.5,90.0,,1,0.0,0.0,0.0,1
17576,28,5861.160000000001,26,16,5,600.74,1957.6000000000001,265,1,2,31.75,11,465,209.3271428571429,109.71428571428571,18.16,0,0.005387830460672231,-1.1801597529585228,977.0500000000002,0
14758,3,1380.91,3,3,0,0.0,321.36,52,1,0,0.0,125,339,460.30333333333334,140.33333333333334,107.0,0,0.0,-5.775668933456311,1206.9399999999998,0
16705,25,33100.89000000001,16,12,3,3620.83,12873.490000000002,334,1,13,783.2199999999999,40,459,1324.0356000000002,749.48,27.933333333333334,0,0.02311466938337763,-1.2682684111498403,2987.66,0
15874,15,7463.23,11,9,1,584.35,2611.9199999999996,172,1,2,74.54999999999998,13,430,497.54866666666663,174.66666666666666,41.7,0,0.009890179867281877,-1.4960136899762277,1578.4500000000003,0
15253,3,1136.89,3,3,0,0.0,224.10000000000002,58,1,3,18.900000000000002,132,315,378.96333333333337,240.66666666666666,91.5,0,0.01635245156992187,-5.4165447479126865,0.0,1
17389,34,26386.11,28,12,7,1004.4599999999998,18643.9,40,1,9,2206.45,5,464,776.0620588235295,307.6470588235294,17.0,0,0.07716867604719549,-2.9201275020123107,4123.08,0
14134,15,11123.35,11,9,0,0.0,4964.79,130,1,0,0.0,111,458,741.5566666666667,387.6,34.7,0,0.0,-8.51032767761859,0.0,1
14291,13,5005.73,8,8,1,984.8800000000001,1432.79,180,1,1,49.75,4,459,385.0561538461538,301.0,65.0,0,0.009840806412051874,-0.3745419235788576,628.58,0
16103,16,4762.07,15,10,0,0.0,834.5,92,1,5,188.95,118,429,297.629375,130.0625,22.214285714285715,0,0.03816385310501674,-6.728030348035448,805.26,0
15183,3,639.9300000000001,3,2,0,0.0,0.0,33,1,1,2.9,276,313,213.31000000000003,99.0,18.5,0,0.004511301588289283,0.0,0.0,1
12909,3,924.52,3,3,0,0.0,337.91,49,1,2,18.58,153,382,308.17333333333335,222.66666666666666,114.5,0,0.019700986109638424,-5.8257345854069476,1513.5200000000002,0
12378,1,1407.7,1,1,0,0.0,0.0,82,0,0,0.0,291,291,1407.7,787.0,,1,0.0,0.0,0.0,1
17189,4,796.45,4,3,1,226.57000000000002,0.0,87,1,0,0.0,88,466,199.1125,119.25,126.0,0,0.0,5.427457883371128,0.0,1
17107,5,6950.45,5,5,1,1695.2099999999998,862.87,217,1,2,22.349999999999998,7,406,1390.09,706.0,99.75,0,0.0032053120697567686,0.6747293349210022,2422.1499999999996,0
13767,47,20827.03,39,14,7,2320.26,8965.24,107,1,13,177.8,14,467,443.1282978723404,192.2340425531915,11.921052631578947,0,0.00846471978111701,-1.3513562714652307,3097.47,0
17990,5,1212.77,5,4,2,316.0,361.09000000000003,28,1,1,5.04,82,461,242.554,97.4,94.75,0,0.004138576625253529,-0.13299102583249311,314.84000000000003,0
15483,6,585.42,4,4,0,0.0,299.60999999999996,148,1,0,0.0,114,413,97.57,96.66666666666667,99.66666666666667,0,0.0,-5.7058137435652805,110.94999999999999,0
16391,4,1048.8600000000001,4,4,0,0.0,471.00000000000006,260,1,0,0.0,129,290,262.21500000000003,178.25,53.666666666666664,0,0.0,-6.156978985585556,0.0,1
14058,2,469.19,2,2,0,0.0,0.0,23,1,0,0.0,191,259,234.595,105.5,68.0,0,0.0,0.0,0.0,1
14437,5,873.34,5,5,0,0.0,231.0,34,1,1,22.5,94,312,174.668,84.0,54.5,0,0.025116092159314162,-5.44673737166631,0.0,1
16733,1,259.68,1,1,0,0.0,0.0,12,1,0,0.0,258,258,259.68,112.0,,1,0.0,0.0,0.0,1
13027,14,11767.2,14,10,1,1440.0,3000.0,7,1,1,96.0,83,417,840.5142857142857,2082.8571428571427,25.692307692307693,0,0.008092251669026907,-0.7336082494408451,2400.0,0
15291,30,10552.25,29,13,4,1373.9899999999998,2734.52,96,1,10,365.77000000000004,3,465,351.7416666666667,106.7,16.5,0,0.03350149569244241,-0.6878750874078472,931.8000000000002,0
16746,27,12610.280000000002,27,14,3,1245.34,3675.37,286,1,3,31.2,21,464,467.0474074074075,288.4074074074074,17.03846153846154,0,0.002468065448032983,-1.081714595975484,1626.29,0
16032,6,1965.72,6,3,0,0.0,0.0,130,1,0,0.0,185,252,327.62,244.5,13.4,0,0.0,0.0,0.0,1
16170,14,4983.95,14,9,0,0.0,307.66999999999996,187,1,4,50.699999999999996,124,388,355.99642857142857,306.14285714285717,20.307692307692307,0,0.010070213420992522,-5.732272745055829,944.8699999999999,0
14129,4,1467.48,4,4,0,0.0,470.46000000000004,22,1,0,0.0,128,308,366.87,205.5,60.0,0,0.0,-6.155834262843801,358.9,0
18251,8,21964.14,7,5,0,0.0,1439.04,77,1,0,0.0,174,446,2745.5175,3976.875,45.333333333333336,0,0.0,-7.272426169962029,0.0,1
16456,10,5079.25,9,8,1,449.09,1108.22,207,1,0,0.0,35,349,507.925,278.7,39.25,0,0.0,-0.9019647818253773,339.93000000000006,0
13874,7,2049.15,7,6,1,540.45,0.0,46,1,3,59.95,87,402,292.7357142857143,123.42857142857143,52.5,0,0.028424446446351528,6.294250726074389,0.0,1
15039,60,26095.809999999994,52,16,13,6135.51,7689.65,443,1,11,254.73999999999998,6,458,434.9301666666666,196.91666666666666,8.862745098039216,0,0.009667350396860787,-0.22574912865557906,7255.419999999999,0
17735,10,5576.33,10,7,2,1441.42,3628.45,177,1,3,82.35,16,226,557.633,328.4,23.333333333333332,0,0.01455286391879378,-0.9227588630555648,4225.14,0
13542,17,3959.4900000000002,17,12,0,0.0,857.16,98,1,1,35.4,105,458,232.91117647058826,47.294117647058826,22.0625,0,0.008861320336730172,-6.754790562289174,0.0,1
15167,5,1627.62,4,4,1,158.8,809.39,262,1,0,0.0,49,402,325.524,172.6,117.66666666666667,0,0.0,-1.6235925799407767,0.0,1
12946,1,324.45000000000005,1,1,0,0.0,324.45000000000005,20,1,0,0.0,165,165,324.45000000000005,149.0,,1,0.0,-5.785208840018396,0.0,1
17442,10,2812.57,9,7,1,440.8299999999999,575.48,135,1,6,93.9,19,391,281.257,194.0,46.5,0,0.03230723179664679,-0.2660154542901685,374.0,0
13873,6,770.7700000000001,6,5,1,121.44999999999999,386.62,41,1,1,7.9,38,375,128.46166666666667,60.166666666666664,67.4,0,0.010145504514107388,-1.1523226948744254,108.95,0
15948,1,553.8499999999999,1,1,0,0.0,553.8499999999999,35,1,0,0.0,153,153,553.8499999999999,285.0,,1,0.0,-6.318697806946573,0.0,1
17676,5,1378.16,5,5,0,0.0,527.53,57,1,2,38.91,95,348,275.632,200.0,63.25,0,0.027458064880351706,-6.270099568126878,0.0,1
13654,6,3913.6000000000004,6,6,1,312.93,2857.6400000000003,154,1,0,0.0,2,466,652.2666666666668,485.3333333333333,92.8,0,0.0,-2.208931235121379,859.91,0
16863,2,495.72,2,2,0,0.0,495.72,27,1,1,1.45,95,138,247.86,168.0,43.0,0,0.0029165074320654906,-6.208026487056637,0.0,1
15807,2,913.6199999999999,2,2,0,0.0,511.68,40,1,1,9.95,137,395,456.80999999999995,551.0,258.0,0,0.01077341186915989,-6.239651868861623,0.0,1
17190,5,1279.99,3,3,0,0.0,342.62,142,1,0,0.0,132,373,255.998,410.6,120.5,0,0.0,-5.839536395633821,195.0,0
12497,2,5043.4,2,2,0,0.0,3993.64,29,0,0,0.0,129,373,2521.7,2220.0,244.0,0,0.0,-8.292708741499187,0.0,1
17210,1,251.72,1,1,0,0.0,251.72,47,1,0,0.0,121,121,251.72,242.0,,1,0.0,-5.53228215649383,0.0,1
16817,7,1464.7,7,4,2,264.54999999999995,1200.15,62,1,2,52.55,2,160,209.24285714285716,125.71428571428571,26.333333333333332,0,0.03463503048278135,-1.5092315633327962,670.6800000000001,0
12408,3,1287.22,3,3,0,0.0,1108.1200000000001,40,0,2,15.149999999999999,114,227,429.0733333333333,269.6666666666667,56.5,0,0.011632638958206959,-7.0113221870871865,762.59,0
15525,2,430.78,2,2,0,0.0,430.78,66,1,0,0.0,102,111,215.39,126.5,9.0,0,0.0,-6.067916199268313,0.0,1
16612,6,2337.82,6,5,1,280.05,896.15,82,1,1,1.95,40,465,389.6366666666667,174.66666666666666,85.0,0,0.0008334152502169017,-1.1606904827105922,428.85,0
14729,3,586.24,2,2,0,0.0,313.49,126,1,0,0.0,102,354,195.41333333333333,124.0,252.0,0,0.0,-5.750952279132591,0.0,1
13305,9,2061.05,9,8,2,309.29999999999995,483.0,116,1,0,0.0,2,368,229.0055555555556,150.88888888888889,45.75,0,0.0,-0.44454533526229767,194.74999999999997,0
17722,3,2839.76,3,3,1,833.44,2006.3200000000002,126,1,2,43.4,53,104,946.5866666666667,716.6666666666666,25.5,0,0.015052928037292412,-0.8777949368638991,357.3,0
13304,4,1217.99,4,4,1,300.42,0.0,59,1,3,97.2,80,398,304.4975,179.0,106.0,0,0.07390567142390073,5.7085046409915305,0.0,1
17095,6,1792.05,6,6,2,543.96,314.4,83,1,3,33.650000000000006,28,453,298.675,218.5,85.0,0,0.01843128662978584,0.5468707229453855,0.0,1
12727,7,3202.1499999999996,6,6,4,1737.3199999999997,333.08,106,0,0,0.0,10,383,457.44999999999993,278.7142857142857,74.6,0,0.0,1.6492939233009611,703.0799999999999,0
13110,7,2008.9500000000003,7,7,2,540.1500000000001,521.1,105,1,2,61.3,12,467,286.9928571428572,73.28571428571429,75.83333333333333,0,0.02960995048907136,0.03583736432464857,192.34,0
13875,10,3368.23,9,9,1,340.65,301.3,122,1,0,0.0,30,451,336.823,205.8,52.625,0,0.0,0.12236691944137412,727.2299999999999,0
13168,3,1362.77,3,3,2,821.6300000000001,0.0,113,1,0,0.0,21,271,454.25666666666666,242.33333333333334,125.0,0,0.0,6.7125065248614435,131.43,0
14447,2,813.5,2,2,1,265.0,548.5,50,1,0,0.0,9,129,406.75,239.0,120.0,0,0.0,-0.7255124650619766,336.03,0
13871,6,2336.2,6,6,2,853.6,318.6,70,1,3,67.45,3,448,389.3666666666666,176.33333333333334,89.0,0,0.02806148981756912,0.9835633093178053,1542.13,0
12956,4,521.89,4,3,1,108.07,0.0,42,1,0,0.0,35,453,130.4725,85.0,139.33333333333334,0,0.0,4.691989877940651,0.0,1
15841,6,1849.95,6,5,1,331.6,598.79,42,1,1,10.95,67,458,308.325,263.5,78.2,0,0.005884249556666128,-0.5896390271930239,281.65999999999997,0
12989,21,8541.74,18,12,2,1711.6,1552.5,18,1,3,637.45,27,458,406.7495238095238,228.85714285714286,25.352941176470587,0,0.0694451253324095,0.09750223375898948,1413.8400000000001,0
15365,7,2451.42,4,4,1,208.61,1262.05,87,1,0,0.0,44,402,350.20285714285717,161.71428571428572,119.33333333333333,0,0.0,-1.796036048616295,0.0,1
16948,5,503.35,5,5,1,69.6,38.9,15,1,0,0.0,54,385,100.67,114.6,82.75,0,0.0,0.5706538206033782,170.94,0
14535,6,3107.05,6,6,0,0.0,476.74,380,1,1,135.0,124,382,517.8416666666667,227.16666666666666,51.6,0,0.041640320167795064,-6.169066651451813,852.87,0
15266,5,852.21,5,4,1,119.29999999999998,440.71000000000004,38,1,0,0.0,67,430,170.442,47.2,90.75,0,0.0,-1.300664935166341,0.0,1
16859,5,1184.6000000000001,4,4,0,0.0,697.9300000000001,46,1,0,0.0,145,374,236.92000000000002,214.4,76.33333333333333,0,0.0,-6.549550594157643,259.84,0
16329,4,1664.9199999999996,4,4,0,0.0,1012.0699999999998,83,1,0,0.0,156,467,416.2299999999999,199.25,103.66666666666667,0,0.0,-6.920740603539456,0.0,1
12755,11,5236.26,10,7,1,17.549999999999997,3817.9999999999995,34,0,9,1015.5600000000002,9,422,476.0236363636364,208.45454545454547,45.888888888888886,0,0.16244229680317093,-5.327274098172072,0.0,1
17285,2,400.43999999999994,2,2,0,0.0,0.0,40,1,0,0.0,357,392,200.21999999999997,66.0,35.0,0,0.0,0.0,0.0,1
13141,14,5791.9,12,9,2,524.5699999999999,1918.0899999999997,241,1,4,131.95,44,459,413.70714285714286,279.42857142857144,37.72727272727273,0,0.022274365488660245,-1.2951230064189003,876.46,0
16054,3,1327.98,3,3,0,0.0,317.85,49,1,3,21.2,147,346,442.66,137.0,99.5,0,0.015713248046961857,-5.76472077276128,0.0,1
17594,2,1504.7,2,2,0,0.0,893.0,46,1,0,0.0,178,333,752.35,409.0,155.0,0,0.0,-6.795705775173515,315.0,0
18057,3,1168.14,3,3,0,0.0,200.75000000000003,120,1,0,0.0,122,419,389.38000000000005,310.0,148.5,0,0.0,-5.307029307150058,0.0,1
18236,6,913.1099999999999,4,4,0,0.0,488.69,43,1,0,0.0,117,332,152.18499999999997,48.833333333333336,71.66666666666667,0,0.0,-6.193772537834054,304.5,0
13037,9,3033.88,8,8,0,0.0,154.3,155,1,4,72.4,128,465,337.09777777777776,188.77777777777777,48.142857142857146,0,0.02330762197870121,-5.045358730154642,577.3199999999999,0
17139,14,11555.37,10,9,1,2639.38,2996.0299999999997,312,1,2,25.15,17,426,825.3835714285715,397.92857142857144,45.44444444444444,0,0.0021717504913423575,-0.12669895210055326,2066.52,0
14272,2,482.85,2,1,0,0.0,0.0,31,1,0,0.0,291,311,241.425,249.0,20.0,0,0.0,0.0,132.09,0
16631,7,1892.52,6,6,0,0.0,0.0,46,1,1,25.5,210,380,270.36,110.71428571428571,34.0,0,0.013294960427941314,0.0,0.0,1
16611,5,1655.6399999999999,5,4,0,0.0,328.9,79,1,0,0.0,132,368,331.128,165.4,59.0,0,0.0,-5.798789578234536,129.49,0
17311,5,2738.17,5,5,1,556.4599999999999,939.2199999999999,93,1,1,75.9,45,403,547.634,432.0,89.5,0,0.026971610514308457,-0.522723138552279,0.0,1
18137,2,145.99,1,1,0,0.0,0.0,26,1,0,0.0,280,280,72.995,29.5,,1,0.0,0.0,0.0,1
15958,3,357.77000000000004,3,3,0,0.0,293.72,45,1,0,0.0,132,279,119.25666666666667,40.333333333333336,73.5,0,0.0,-5.686025753066942,0.0,1
13634,11,3774.92,10,7,1,334.20000000000005,410.64000000000004,169,1,1,553.9200000000001,56,427,343.17454545454547,137.0909090909091,41.22222222222222,0,0.1279603773759252,-0.2054218123599636,263.41,0
14790,6,1781.56,6,5,0,0.0,746.12,52,1,0,0.0,103,457,296.9266666666667,323.8333333333333,70.8,0,0.0,-6.616225814801463,152.16,0
13211,8,1634.0500000000002,7,6,1,110.7,637.35,75,1,2,22.45,90,462,204.25625000000002,132.125,62.0,0,0.01355267129489888,-1.7430700161912052,0.0,1
18245,15,4562.83,12,9,2,804.9100000000001,1232.77,257,1,3,88.75,41,370,304.1886666666667,261.8,29.90909090909091,0,0.019079538565390686,-0.4258577276150275,501.37999999999994,0
15373,9,1568.63,9,7,3,565.6999999999999,487.0,64,1,1,202.79999999999998,18,315,174.29222222222222,40.22222222222222,37.125,0,0.11448377864211398,0.14951465732242575,291.75,0
13888,5,1405.92,3,3,0,0.0,494.1,96,1,0,0.0,133,304,281.184,108.2,85.5,0,0.0,-6.204759762367377,229.56000000000003,0
16282,3,1307.5800000000002,3,3,1,168.29999999999998,0.0,31,1,0,0.0,68,447,435.86000000000007,263.3333333333333,189.5,0,0.0,5.13167228913909,0.0,1
17300,2,393.64000000000004,2,2,0,0.0,237.84000000000003,37,1,0,0.0,119,210,196.82000000000002,233.5,91.0,0,0.0,-5.475793871678792,0.0,1
16396,1,137.8,1,1,0,0.0,0.0,8,1,2,35.1,205,205,137.8,80.0,,1,0.20300751879699247,0.0,0.0,1
16298,4,487.5,4,3,0,0.0,487.5,16,1,2,5.7,126,171,121.875,27.5,15.0,0,0.011557177615571776,-6.191339471482838,114.3,0
16362,1,212.17,1,1,0,0.0,212.17,13,1,1,22.5,166,166,212.17,127.0,,1,0.0958793198960242,-5.362089969445103,0.0,1
14480,3,1020.4699999999999,3,3,0,0.0,716.62,43,1,1,4.25,131,447,340.15666666666664,175.66666666666666,158.0,0,0.004147474432039972,-6.575940181036251,0.0,1
16992,9,4283.79,9,7,1,421.59999999999997,2037.55,174,1,2,16.4,13,395,475.9766666666667,158.77777777777777,47.75,0,0.003813784972291922,-1.5735679446156468,249.55,0
14829,5,1143.6499999999999,4,3,1,148.36,995.29,66,1,2,52.9,89,165,228.72999999999996,159.0,25.333333333333332,0,0.0442104383435711,-1.8976788806295621,146.29999999999998,0
12511,1,3084.02,1,1,0,0.0,3084.02,190,0,1,18.25,157,157,3084.02,1753.0,,1,0.005882789054466568,-8.034313419300645,0.0,1
17864,3,522.57,3,3,1,200.85,321.72,57,1,0,0.0,4,156,174.19000000000003,218.66666666666666,76.0,0,0.0,-0.4692602269069521,0.0,1
14912,3,981.7299999999998,2,2,0,0.0,524.4,27,0,1,19.799999999999997,130,319,327.2433333333333,282.3333333333333,189.0,0,0.019769752279013113,-6.26415987725144,482.78999999999996,0
15571,10,3241.92,9,6,0,0.0,2521.1800000000003,410,1,0,0.0,115,462,324.192,214.7,43.375,0,0.0,-7.832878885905052,0.0,1
14776,5,1728.3600000000001,5,4,1,558.36,1170.0,47,1,2,26.56,41,175,345.672,441.6,33.5,0,0.015134593029881703,-0.7388200905706013,516.24,0
17768,4,1210.83,3,3,0,0.0,641.06,69,1,1,4.95,116,466,302.7075,304.25,175.0,0,0.004071460297093224,-6.464681757266964,0.0,1
15071,3,1062.16,3,3,1,588.6700000000001,307.25,31,1,0,0.0,4,299,354.05333333333334,104.0,147.5,0,0.0,0.6486519163424944,0.0,1
16049,3,777.34,3,2,0,0.0,547.7,175,1,0,0.0,104,245,259.11333333333334,123.0,70.5,0,0.0,-6.30755184406493,0.0,1
17097,3,476.58000000000004,3,3,1,112.92,363.65999999999997,97,0,0,0.0,53,159,158.86,79.33333333333333,53.0,0,0.0,-1.163468964947393,0.0,1
15454,2,303.89,2,2,0,0.0,179.09999999999997,34,1,0,0.0,91,347,151.945,70.5,256.0,0,0.0,-5.19351225218191,0.0,1
13049,3,905.34,3,2,1,153.78,751.5600000000001,12,1,1,24.1,47,130,301.78000000000003,143.33333333333334,41.5,0,0.02592959201239456,-1.5814759738213828,0.0,1
17580,4,490.37,4,4,2,165.07,325.3,77,1,0,0.0,41,151,122.5925,54.0,36.666666666666664,0,0.0,-0.6754078173806128,47.7,0
16449,1,416.69,1,1,1,416.69,0.0,23,1,0,0.0,9,9,416.69,237.0,,1,0.0,6.034739530589304,291.0,0
17513,2,645.6,2,2,0,0.0,258.6,12,1,0,0.0,137,208,322.8,93.0,71.0,0,0.0,-5.559141984829935,0.0,1
16757,2,270.48,2,2,1,106.83000000000001,163.65000000000003,13,1,0,0.0,47,138,135.24,90.0,91.0,0,0.0,-0.42326609592839226,0.0,1
17916,2,43.870000000000005,2,2,0,0.0,0.0,15,1,0,0.0,357,462,21.935000000000002,45.0,105.0,0,0.0,0.0,0.0,1
16293,6,2408.9599999999996,5,5,0,0.0,1798.65,94,1,2,13.5,96,457,401.4933333333333,173.33333333333334,90.25,0,0.005572847436077377,-7.49534748053304,750.99,0
16156,12,3399.9800000000005,10,9,1,303.84000000000003,1123.89,116,1,2,167.36999999999998,39,466,283.3316666666667,172.33333333333334,47.44444444444444,0,0.046917179418896365,-1.305653483282267,726.7300000000001,0
17160,11,6691.13,11,10,0,0.0,2456.6000000000004,164,1,1,7.8,103,464,608.2845454545454,503.09090909090907,36.1,0,0.0011643650553148038,-7.806940542953353,1205.07,0
12490,11,4678.93,11,10,1,774.2199999999999,825.52,132,0,1,5.0,58,467,425.35727272727274,305.3636363636364,40.9,0,0.0010674796591750944,-0.06407725535805486,295.5,0
12648,3,738.95,3,3,0,0.0,446.15000000000003,31,0,1,15.0,166,430,246.3166666666667,118.0,132.0,0,0.019895218515816698,-6.10289410879219,0.0,1
13478,5,2215.7799999999997,4,4,0,0.0,0.0,114,1,2,147.75,198,406,443.15599999999995,237.8,69.33333333333333,0,0.06251242844389536,0.0,0.0,1
17626,1,254.0,1,1,0,0.0,0.0,18,1,0,0.0,331,331,254.0,202.0,,1,0.0,0.0,0.0,1
15651,2,612.76,2,2,0,0.0,321.5,28,1,0,0.0,149,325,306.38,196.0,176.0,0,0.0,-5.776103136235827,227.32,0
17700,11,4747.94,10,10,1,602.61,954.6700000000001,198,1,2,23.35,10,467,431.63090909090903,229.27272727272728,50.77777777777778,0,0.004893854701768285,-0.4594843711561465,522.96,0
16614,2,673.6,2,2,0,0.0,380.45,20,1,0,0.0,131,307,336.8,63.0,176.0,0,0.0,-5.943979780536238,506.19000000000005,0
13131,4,2240.4700000000003,3,3,0,0.0,846.8900000000001,94,1,0,0.0,147,397,560.1175000000001,269.0,125.0,0,0.0,-6.742750910396796,324.9,0
14902,2,702.9599999999999,2,2,0,0.0,304.55999999999995,34,1,1,16.8,124,282,351.47999999999996,249.0,158.0,0,0.023341113704568196,-5.722146158673159,0.0,1
13202,7,1580.3,7,7,0,0.0,358.66999999999996,55,1,1,8.95,123,459,225.75714285714284,81.71428571428571,56.0,0,0.00563158722667925,-5.885186944387672,0.0,1
17593,7,4831.36,7,5,1,662.9000000000001,932.4899999999999,163,1,3,36.02,81,464,690.1942857142857,411.42857142857144,63.833333333333336,0,0.007400285163681488,-0.34079871482649526,0.0,1
15144,13,5958.1900000000005,11,9,1,378.32,2122.05,110,1,3,103.4,41,455,458.32230769230773,189.6153846153846,41.4,0,0.017058230596262696,-1.722228836988351,1316.7,0
16576,2,540.87,2,2,0,0.0,313.47,32,1,3,27.700000000000003,149,250,270.435,161.5,101.0,0,0.04871871537365672,-5.750888682083473,0.0,1
14430,3,1220.9,2,2,0,0.0,0.0,29,1,2,228.8,240,336,406.9666666666667,148.66666666666666,96.0,0,0.1578257570531834,0.0,0.0,1
17984,4,996.01,4,3,0,0.0,561.68,164,1,0,0.0,121,467,249.0025,210.0,115.33333333333333,0,0.0,-6.332711082889495,0.0,1
15125,9,5496.39,5,5,0,0.0,0.0,72,1,4,489.11,208,347,610.71,248.88888888888889,34.75,0,0.08171581321527024,0.0,7310.719999999999,0
17699,2,442.0,2,2,0,0.0,0.0,17,1,0,0.0,205,290,221.0,104.0,85.0,0,0.0,0.0,0.0,1
14442,6,4452.78,5,5,1,675.58,1404.75,108,0,3,80.30000000000001,45,419,742.13,201.33333333333334,93.5,0,0.01771422520670273,-0.7312755508251145,914.2399999999999,0
13573,4,612.82,3,3,0,0.0,532.4200000000001,51,1,0,0.0,108,366,153.205,86.0,129.0,0,0.0,-6.279309106358069,31.770000000000003,0
17618,9,3350.3399999999997,9,7,0,0.0,1133.7099999999996,194,1,2,25.299999999999997,91,413,372.26,180.88888888888889,40.25,0,0.007494875045917218,-7.034132390660199,346.5,0
14462,4,706.26,3,3,3,444.02000000000004,262.23999999999995,90,1,1,22.57,37,161,176.565,74.0,62.0,0,0.030967440967029348,0.5250530613886033,668.2500000000001,0
14579,1,105.55999999999999,1,1,0,0.0,105.55999999999999,24,1,0,0.0,161,161,105.55999999999999,56.0,,1,0.0,-4.668708206792079,0.0,1
15712,8,2699.8500000000004,8,8,1,299.80000000000007,561.25,71,1,1,4.95,16,467,337.48125000000005,112.5,64.42857142857143,0,0.0018300798580301685,-0.6255009987637399,158.85,0
16072,4,4180.09,3,3,1,584.32,1849.2299999999998,414,1,0,0.0,17,278,1045.0225,395.0,130.5,0,0.0,-1.1509065284448408,0.0,1
14263,1,322.92999999999995,1,1,0,0.0,322.92999999999995,16,1,0,0.0,152,152,322.92999999999995,171.0,,1,0.0,-5.780527443067583,0.0,1
13671,1,172.6,1,1,0,0.0,172.6,61,1,0,0.0,123,123,172.6,95.0,,1,0.0,-5.15675380222625,0.0,1
14577,4,851.3400000000001,4,4,0,0.0,530.5500000000001,63,1,0,0.0,91,457,212.83500000000004,86.75,122.0,0,0.0,-6.275797266734615,121.11000000000001,0
18050,2,412.06000000000006,2,2,1,74.4,337.6600000000001,22,1,0,0.0,88,122,206.03000000000003,125.0,34.0,0,0.0,-1.5021893792232843,0.0,1
17255,3,598.48,3,3,1,108.26,490.21999999999997,131,1,0,0.0,28,175,199.49333333333334,143.0,73.5,0,0.0,-1.5031617296488395,0.0,1
15968,1,401.79999999999995,1,1,0,0.0,401.79999999999995,69,1,0,0.0,117,117,401.79999999999995,242.0,,1,0.0,-5.998440160844407,0.0,1
12970,8,1070.8700000000001,4,3,2,23.799999999999997,810.1400000000001,180,1,0,0.0,51,464,133.85875000000001,86.5,137.66666666666666,0,0.0,-3.487597012433433,0.0,1
16244,1,1056.63,1,1,0,0.0,1056.63,63,1,0,0.0,101,101,1056.63,619.0,,1,0.0,-6.963785834807063,466.12,0
15107,9,824.3499999999999,9,5,5,203.5,620.85,32,1,3,71.75,40,180,91.59444444444443,36.666666666666664,17.5,0,0.08006918870661757,-1.1121309306168934,0.0,1
17809,12,6535.68,10,8,1,610.2,2554.3,29,1,1,4.25,30,466,544.64,115.0,48.44444444444444,0,0.0006498540504256161,-1.4305006747224231,789.0,0
15723,4,930.6999999999999,4,4,0,0.0,694.3399999999999,108,1,0,0.0,93,303,232.67499999999998,106.75,70.0,0,0.0,-6.544400934574354,0.0,1
12928,8,2634.5299999999997,7,5,1,392.34000000000003,1131.3,65,1,0,0.0,88,278,329.31624999999997,209.625,31.666666666666668,0,0.0,-1.0573318635194866,387.7,0
13615,8,6272.530000000001,8,7,1,417.69,2366.3000000000006,259,1,4,60.300000000000004,47,409,784.0662500000001,363.75,51.714285714285715,0,0.009521809364849521,-1.732374554903986,0.0,1
15549,6,1583.0,6,5,1,930.3,158.75000000000003,94,1,1,37.5,45,426,263.8333333333333,106.0,76.2,0,0.023141005862388153,1.7629713662699675,0.0,1
16393,13,2762.41,13,9,1,214.05,1235.3,253,1,1,16.65,23,467,212.4930769230769,132.0,37.0,0,0.005991234446179643,-1.7490077677831364,463.94,0
16638,10,1656.85,9,7,4,907.04,435.5400000000001,88,1,0,0.0,6,207,165.685,99.7,25.125,0,0.0,0.7324084213834992,254.00000000000003,0
14573,7,1228.4,6,5,2,303.1,402.0,142,1,0,0.0,10,429,175.4857142857143,48.857142857142854,83.8,0,0.0,-0.28157996726336343,817.96,0
15062,6,2058.74,6,5,2,460.97999999999996,535.33,88,1,0,0.0,13,339,343.1233333333333,229.0,65.2,0,0.0,-0.14922804316315474,353.06000000000006,0
16571,8,3263.7299999999996,8,8,1,436.68,1367.72,118,1,5,87.22,10,360,407.96624999999995,355.25,50.0,0,0.02602843969620556,-1.1401432257608226,0.0,1
12672,2,407.04999999999995,2,2,1,225.9,0.0,21,0,1,26.55,58,324,203.52499999999998,68.0,266.0,0,0.06123154981549816,5.424509391785796,0.0,1
13890,5,1233.92,5,5,1,190.35000000000002,313.28000000000003,50,1,5,50.800000000000004,87,462,246.78400000000002,130.8,93.75,0,0.03954169001805841,-0.49618009643590977,0.0,1
17519,10,3265.45,10,10,0,0.0,644.14,112,1,1,4.949999999999999,97,467,326.54499999999996,217.8,41.111111111111114,0,0.0015135763209393346,-6.46946734750647,620.3,0
12963,5,1744.96,5,4,0,0.0,793.6800000000001,74,1,1,73.20000000000002,94,248,348.992,185.6,38.5,0,0.04026048312579752,-6.677939517899863,0.0,1
15100,7,2193.9,7,4,1,175.2,1801.5,11,1,7,443.7999999999999,62,430,313.4142857142857,38.57142857142857,61.333333333333336,0,0.16825264434924364,-2.325310155657025,0.0,1
17214,3,453.09999999999997,3,2,3,453.09999999999997,0.0,40,1,0,0.0,21,88,151.03333333333333,38.666666666666664,33.5,0,0.0,6.118317438103905,158.87000000000003,0
14483,2,257.1,2,2,1,137.1,0.0,13,1,0,0.0,10,465,128.55,96.5,455.0,0,0.0,4.9279780604152466,0.0,1
14916,5,2069.02,5,4,1,295.05,555.1600000000001,62,1,2,150.6,53,346,413.804,304.4,73.25,0,0.06784945170795001,-0.6305276636591879,0.0,1
13433,4,658.3200000000002,4,3,0,0.0,0.0,22,1,1,1.45,230,425,164.58000000000004,47.5,65.0,0,0.002197735574518392,0.0,0.0,1
17063,8,2496.76,7,7,2,319.37,750.05,111,1,7,32.05,18,467,312.095,164.25,74.83333333333333,0,0.012673945452604186,-0.8519956495925003,0.0,1
15908,2,758.6200000000001,2,2,0,0.0,0.0,37,1,0,0.0,219,241,379.31000000000006,86.5,22.0,0,0.0,0.0,0.0,1
13019,6,1229.95,6,5,0,0.0,449.09999999999997,46,1,2,17.0,108,462,204.99166666666667,66.16666666666667,70.8,0,0.013633265167007498,-6.109469780298887,0.0,1
18212,2,514.37,2,2,1,216.07,0.0,40,1,0,0.0,55,406,257.185,79.0,351.0,0,0.0,5.380219882167671,0.0,1
15684,3,173.95,3,3,0,0.0,0.0,9,1,3,26.15,276,464,57.98333333333333,25.666666666666668,94.0,0,0.1306846576711644,0.0,0.0,1
13792,2,263.0,2,2,1,74.6,188.4,14,1,0,0.0,16,151,131.5,46.0,135.0,0,0.0,-0.9184048975664902,0.0,1
13487,3,464.61999999999995,3,3,1,193.14999999999998,0.0,19,1,0,0.0,82,463,154.8733333333333,60.666666666666664,190.5,0,0.0,5.268631056177676,215.65000000000003,0
17034,3,672.6999999999999,3,3,1,141.8,340.44999999999993,31,1,1,33.65,16,242,224.23333333333332,127.33333333333333,113.0,0,0.04763927231542437,-0.8717562055016135,0.0,1
16586,2,998.8299999999999,2,2,0,0.0,670.78,19,1,0,0.0,173,364,499.41499999999996,126.5,191.0,0,0.0,-6.5099309059699255,463.95,0
14794,4,813.09,4,4,1,179.10000000000002,512.4,31,1,1,16.95,63,216,203.2725,36.0,51.0,0,0.02042070261674136,-1.0475430162551298,500.43999999999994,0
13551,2,244.2,2,2,1,91.80000000000001,0.0,5,1,0,0.0,48,395,122.1,18.0,347.0,0,0.0,4.530446639792155,0.0,1
15864,2,486.86,2,2,1,242.42000000000002,244.44000000000003,9,1,1,13.899999999999999,45,110,243.43,202.0,65.0,0,0.027757808131639906,-0.008264171732480285,0.0,1
16088,2,1437.4299999999998,2,2,0,0.0,0.0,3,1,0,0.0,304,320,718.7149999999999,186.5,16.0,0,0.0,0.0,0.0,1
18217,2,323.29,2,1,0,0.0,0.0,7,1,2,42.239999999999995,242,255,161.645,124.5,13.0,0,0.11555823051459523,0.0,0.0,1
16941,1,33.0,1,1,0,0.0,0.0,2,1,0,0.0,340,340,33.0,12.0,,1,0.0,0.0,0.0,1
14933,4,1770.0,2,1,0,0.0,1770.0,1,0,1,885.0,172,173,442.5,150.0,1.0,0,0.3333333333333333,-7.479299637782834,0.0,1
13983,13,5100.4,12,11,3,620.5799999999999,773.63,207,1,8,102.07,34,459,392.3384615384615,242.53846153846155,38.63636363636363,0,0.01961952687857883,-0.2201208724939674,731.1199999999999,0
14147,8,2289.6,6,5,1,182.8,734.2,23,1,2,555.9,14,369,286.2,115.875,71.0,0,0.19536109646810754,-1.3862943611198908,0.0,1
15681,10,1909.2199999999998,7,6,1,345.68,861.44,36,1,1,29.700000000000003,9,293,190.92199999999997,83.2,47.333333333333336,0,0.015317805788789638,-0.9113634170022076,357.53999999999996,0
17457,11,4964.169999999999,11,9,2,717.06,1436.9399999999998,23,1,4,185.8,37,461,451.2881818181817,207.54545454545453,42.4,0,0.036077880065320776,-0.6944136817765356,680.5799999999999,0
13485,10,2560.98,8,6,0,0.0,1007.75,117,1,4,61.300000000000004,105,465,256.098,152.0,51.42857142857143,0,0.023376603566362095,-6.916467219584159,454.24,0
13750,8,2643.7200000000003,8,7,2,688.8,1016.4000000000001,39,1,2,38.58,25,346,330.46500000000003,136.75,45.857142857142854,0,0.014383178615367406,-0.3886039318859238,0.0,1
15838,18,44074.66,17,11,2,3554.7400000000002,32655.44,43,1,3,466.57,3,453,2448.5922222222225,2682.777777777778,28.125,0,0.010475013824270232,-2.2174788806460306,3696.6400000000003,0
15389,4,2233.8,4,4,0,0.0,500.0,2,1,0,0.0,129,410,558.45,885.0,93.66666666666667,0,0.0,-6.2166061010848646,0.0,1
15769,27,45476.280000000006,25,16,6,13024.679999999998,7108.200000000001,15,1,0,0.0,4,457,1684.3066666666668,969.0370370370371,18.875,0,0.0,0.6055330736666438,14773.24,0
15638,6,2265.2,5,4,0,0.0,1689.8,20,1,3,128.0,107,339,377.5333333333333,189.0,58.0,0,0.05348487380912586,-7.432957068692635,0.0,1
16286,2,328.95,2,2,0,0.0,0.0,17,1,2,65.30000000000001,206,352,164.475,50.5,146.0,0,0.16563094483195945,0.0,0.0,1
13911,13,2213.35,12,7,2,559.27,265.59000000000003,106,1,2,34.949999999999996,27,377,170.2576923076923,166.23076923076923,31.818181818181817,0,0.015545078503758395,0.7427069127290471,1144.64,0
14842,1,310.0,1,1,1,310.0,0.0,2,1,1,295.0,37,37,310.0,5.0,,1,0.48760330578512395,5.739792912179234,1378.4799999999998,0
16321,5,454.55,4,4,3,223.64999999999998,0.0,14,0,2,264.05,34,467,90.91,37.4,144.33333333333334,0,0.36745059838575006,5.414543635516169,0.0,1
12788,4,384.9,4,3,0,0.0,0.0,19,0,0,0.0,192,257,96.225,47.5,21.666666666666668,0,0.0,0.0,0.0,1
18097,7,2622.7000000000003,7,7,2,657.1800000000001,897.96,38,1,2,6.199999999999999,68,451,374.67142857142863,225.71428571428572,63.833333333333336,0,0.002358400852067404,-0.3117600894530108,799.3799999999999,0
13394,12,4415.4400000000005,12,11,1,313.76000000000005,1016.52,177,1,3,90.6,38,467,367.9533333333334,264.5,39.0,0,0.020106346148724818,-1.1733131294764458,621.5699999999999,0
18252,5,1015.4200000000001,5,4,0,0.0,0.0,35,1,1,76.5,277,450,203.084,139.6,43.25,0,0.07006007766136713,0.0,0.0,1
16891,7,1202.77,7,6,0,0.0,217.26000000000005,245,1,0,0.0,100,464,171.8242857142857,67.57142857142857,60.666666666666664,0,0.0,-5.385687012684944,0.0,1
12418,3,1352.6200000000001,3,3,0,0.0,473.31,61,0,1,4.25,142,359,450.8733333333334,227.0,108.5,0,0.0031322086861674293,-6.161861116363576,0.0,1
16435,3,1003.07,2,1,0,0.0,0.0,119,1,0,0.0,241,243,334.3566666666667,202.66666666666666,2.0,0,0.0,0.0,0.0,1
14855,5,5874.65,3,3,0,0.0,0.0,156,1,0,0.0,203,339,1174.9299999999998,648.6,68.0,0,0.0,0.0,0.0,1
14388,10,3889.6099999999997,10,10,1,401.45,1220.01,114,1,3,70.9,10,417,388.96099999999996,263.8,45.22222222222222,0,0.0179017348775789,-1.1098627985456142,458.94,0
14283,4,628.44,4,4,0,0.0,0.0,36,1,0,0.0,192,298,157.11,137.5,35.333333333333336,0,0.0,0.0,0.0,1
15362,2,613.0799999999999,2,2,0,0.0,302.33,38,1,0,0.0,177,467,306.53999999999996,184.0,290.0,0,0.0,-5.714821321771417,0.0,1
14114,7,1364.09,7,7,2,386.53000000000003,408.2099999999999,72,1,0,0.0,2,335,194.86999999999998,92.85714285714286,55.5,0,0.0,-0.054435206555016435,0.0,1
16723,2,654.96,2,2,0,0.0,228.52999999999997,72,1,0,0.0,172,464,327.48,280.0,292.0,0,0.0,-5.43603373991187,0.0,1
14296,2,456.4000000000001,2,2,0,0.0,288.15000000000003,27,1,1,7.95,150,303,228.20000000000005,157.0,153.0,0,0.01712070636373425,-5.666945584604227,0.0,1
17672,5,3663.41,4,4,1,1177.84,1151.3,127,1,1,25.5,38,370,732.682,342.0,110.66666666666667,0,0.006912611042286204,0.02277095908089688,0.0,1
15900,3,549.29,3,2,0,0.0,413.07,68,1,1,9.9,142,291,183.09666666666666,146.66666666666666,74.5,0,0.017704179259285757,-6.0260350416581465,0.0,1
13134,2,681.65,2,2,0,0.0,681.65,21,1,0,0.0,131,145,340.825,152.5,14.0,0,0.0,-6.525982283130761,885.74,0
13331,1,262.4,1,1,0,0.0,262.4,12,1,0,0.0,130,130,262.4,54.0,,1,0.0,-5.573673789309181,0.0,1
12782,8,2874.7500000000005,8,6,2,951.43,1691.2199999999998,118,0,3,92.2,46,248,359.34375000000006,167.625,28.857142857142858,0,0.031075683783009487,-0.5747799418678641,359.52000000000004,0
17019,9,2958.8199999999997,8,7,1,271.09,1687.72,287,1,2,60.7,59,466,328.75777777777773,226.33333333333334,58.142857142857146,0,0.020102532852903778,-1.8255932305783702,366.02000000000004,0
17882,2,291.56000000000006,1,1,0,0.0,291.56000000000006,47,1,0,0.0,108,108,145.78000000000003,65.0,,1,0.0,-5.678669773841126,0.0,1
16550,14,7063.37,14,12,0,0.0,1467.77,208,1,8,233.09000000000003,97,466,504.52642857142854,294.2857142857143,28.384615384615383,0,0.03194562842803223,-7.292180594821035,871.6700000000001,0
15171,1,1289.5,1,1,1,1289.5,0.0,5,1,1,254.99999999999997,60,60,1289.5,290.0,,1,0.16510197474910973,7.162785019158669,0.0,1
16755,5,1705.3100000000002,5,5,1,316.06,0.0,133,1,1,6.35,44,459,341.062,224.0,103.75,0,0.0037098489185936456,5.759091030415082,592.41,0
12584,1,379.63,1,1,1,379.63,0.0,17,0,0,0.0,9,9,379.63,81.0,,1,0.0,5.94182777466688,159.11,0
14040,26,9877.54,24,13,3,914.0500000000001,2403.06,284,1,4,115.00000000000001,42,467,379.90538461538466,144.76923076923077,18.47826086956522,0,0.011508585404711915,-0.9659355451550136,1031.1100000000001,0
15852,1,96.55000000000001,1,1,0,0.0,0.0,11,1,0,0.0,255,255,96.55000000000001,12.0,,1,0.0,0.0,160.70999999999998,0
16468,2,712.62,2,1,0,0.0,0.0,37,1,0,0.0,199,210,356.31,170.0,11.0,0,0.0,0.0,0.0,1
13579,4,1072.0,4,4,0,0.0,363.75,62,1,1,3.2,98,388,268.0,147.0,96.66666666666667,0,0.002976190476190476,-5.899212187402895,0.0,1
17743,1,229.2,1,1,0,0.0,229.2,3,1,1,20.349999999999998,177,177,229.2,96.0,,1,0.08154678421158085,-5.438948496287782,0.0,1
15599,1,488.31999999999994,1,1,0,0.0,488.31999999999994,31,1,0,0.0,174,174,488.31999999999994,380.0,,1,0.0,-6.193016672178715,448.83000000000004,0
17657,1,125.99999999999999,1,1,0,0.0,125.99999999999999,7,1,0,0.0,159,159,125.99999999999999,60.0,,1,0.0,-4.844187086458591,0.0,1
14571,1,160.0,1,1,0,0.0,160.0,30,1,0,0.0,154,154,160.0,56.0,,1,0.0,-5.081404364984463,0.0,1
13195,1,136.73,1,1,0,0.0,136.73,43,1,0,0.0,143,143,136.73,70.0,,1,0.0,-4.92529524692924,0.0,1
15501,2,399.95000000000005,2,1,0,0.0,399.95000000000005,64,1,0,0.0,133,144,199.97500000000002,102.5,11.0,0,0.0,-5.993836731253038,0.0,1
13959,5,808.17,5,5,1,122.69999999999999,642.22,75,1,0,0.0,10,240,161.634,107.4,57.5,0,0.0,-1.6486275325102522,0.0,1
12880,2,640.1300000000001,2,2,0,0.0,302.95,32,1,0,0.0,110,303,320.06500000000005,139.5,193.0,0,0.0,-5.716863214194731,0.0,1
17989,1,207.33,1,1,0,0.0,207.33,26,1,0,0.0,108,108,207.33,300.0,,1,0.0,-5.339123360940291,0.0,1
17671,2,830.6300000000001,2,2,0,0.0,830.6300000000001,33,1,0,0.0,94,104,415.31500000000005,202.5,10.0,0,0.0,-6.723387630369245,392.54999999999995,0
14390,5,1731.16,4,3,0,0.0,1731.16,112,1,2,16.15,101,154,346.232,154.2,17.666666666666668,0,0.009242778900137924,-7.457124463608613,810.43,0
15543,2,242.26,2,2,1,127.86,0.0,50,1,0,0.0,17,188,121.13,83.5,171.0,0,0.0,4.858726543710496,0.0,1
16940,6,4135.46,6,6,1,757.6800000000001,1017.47,249,1,3,182.25,18,460,689.2433333333333,480.5,88.4,0,0.04220987514214711,-0.2944766990359282,0.0,1
15494,3,2422.0200000000004,3,3,0,0.0,0.0,219,1,0,0.0,207,458,807.3400000000001,637.6666666666666,125.5,0,0.0,0.0,0.0,1
13543,2,1439.6100000000001,2,2,0,0.0,0.0,37,1,0,0.0,363,416,719.8050000000001,164.5,53.0,0,0.0,0.0,0.0,1
15946,3,2304.18,2,2,0,0.0,0.0,25,1,0,0.0,231,362,768.06,538.0,131.0,0,0.0,0.0,0.0,1
17842,1,430.69000000000005,1,1,0,0.0,0.0,18,1,0,0.0,331,331,430.69000000000005,89.0,,1,0.0,0.0,0.0,1
14650,1,62.5,1,1,0,0.0,0.0,4,1,0,0.0,318,318,62.5,22.0,,1,0.0,0.0,0.0,1
14460,7,689.1600000000001,7,6,1,30.0,270.12,23,1,3,173.9,39,453,98.45142857142858,146.0,69.0,0,0.20149236437791115,-2.16857432281365,0.0,1
17321,4,1008.0500000000001,3,3,0,0.0,515.8900000000001,159,1,0,0.0,123,306,252.01250000000002,106.5,91.5,0,0.0,-6.247830085913095,0.0,1
12455,5,5066.99,5,5,1,1683.9,468.14,155,0,0,0.0,25,450,1013.3979999999999,546.6,106.25,0,0.0,1.2785602624798615,236.40000000000003,0
16101,3,1938.46,3,3,0,0.0,727.3499999999999,94,1,1,17.0,163,290,646.1533333333333,362.3333333333333,63.5,0,0.008693606619414358,-6.590781701894956,0.0,1
16788,3,1334.54,3,3,0,0.0,534.9599999999999,261,1,0,0.0,133,399,444.84666666666664,220.33333333333334,133.0,0,0.0,-6.284059531420407,292.82,0
12977,3,474.64,2,1,0,0.0,0.0,45,1,0,0.0,230,240,158.21333333333334,38.666666666666664,10.0,0,0.0,0.0,0.0,1
13157,6,4143.96,5,5,1,197.82000000000002,900.3599999999999,124,1,0,0.0,27,370,690.66,585.5,85.75,0,0.0,-1.5115048410719112,300.12,0
16371,1,157.20000000000002,1,1,0,0.0,157.20000000000002,11,1,0,0.0,177,177,157.20000000000002,108.0,,1,0.0,-5.063860055333554,0.0,1
14001,7,2487.01,6,5,0,0.0,1601.1399999999999,42,1,0,0.0,102,222,355.2871428571429,130.14285714285714,24.0,0,0.0,-7.379095514571502,1007.9,0
16606,2,357.65999999999997,2,1,0,0.0,357.65999999999997,16,1,0,0.0,133,163,178.82999999999998,74.0,30.0,0,0.0,-5.882374864520278,0.0,1
13838,7,1245.9099999999999,4,3,0,0.0,1005.4699999999999,242,1,0,0.0,98,308,177.98714285714283,74.28571428571429,70.0,0,0.0,-6.914204438376316,0.0,1
15439,4,1269.0499999999997,3,2,0,0.0,520.1999999999999,49,1,0,0.0,133,382,317.26249999999993,143.0,124.5,0,0.0,-6.25613384525069,0.0,1
13581,2,280.53,2,2,1,118.0,162.52999999999997,32,1,0,0.0,38,143,140.265,59.5,105.0,0,0.0,-0.31787296663276976,0.0,1
12492,1,380.0,1,1,0,0.0,380.0,21,0,0,0.0,132,132,380.0,248.0,,1,0.0,-5.942799375126701,0.0,1
17987,4,766.87,4,2,0,0.0,592.89,132,1,1,75.52,105,279,191.7175,180.0,58.0,0,0.08964968719951566,-6.386694117028566,198.57,0
15777,6,1468.6499999999999,5,5,3,753.1499999999999,706.2,17,1,2,30.45,46,297,244.77499999999998,78.33333333333333,62.75,0,0.020312187312387434,0.06427777589082773,293.96,0
15512,3,311.78,3,3,1,101.19999999999999,171.58,28,1,0,0.0,88,405,103.92666666666666,74.33333333333333,158.5,0,0.0,-0.523929219310558,0.0,1
16676,3,1234.6,3,3,1,464.82000000000005,769.78,66,1,0,0.0,66,147,411.5333333333333,165.0,40.5,0,0.0,-0.5036036957243377,633.6800000000001,0
16660,4,894.5,4,4,1,282.59999999999997,266.96000000000004,9,1,0,0.0,48,423,223.625,138.0,125.0,0,0.0,0.056727079017905524,101.76,0
14083,6,538.05,5,4,3,164.74999999999997,294.01000000000005,95,1,0,0.0,2,450,89.675,65.33333333333333,112.0,0,0.0,-0.5765286250043982,15.18,0
17862,4,1254.8899999999999,4,3,1,330.9,773.16,90,1,0,0.0,52,292,313.72249999999997,110.0,80.0,0,0.0,-0.8469448518467582,0.0,1
14734,4,1056.4199999999998,4,4,0,0.0,619.34,48,1,1,10.95,154,280,264.10499999999996,94.5,42.0,0,0.010258860563815734,-6.430267714826657,0.0,1
16865,1,130.95,1,1,0,0.0,130.95,15,1,0,0.0,130,130,130.95,157.0,,1,0.0,-4.882423062949333,0.0,1
17128,1,157.09000000000003,1,1,1,157.09000000000003,0.0,14,1,0,0.0,63,63,157.09000000000003,76.0,,1,0.0,5.063164491108097,0.0,1
16565,4,773.05,4,4,0,0.0,380.7,7,1,1,72.6,93,284,193.2625,52.75,63.666666666666664,0,0.0858511204398983,-5.944634959751184,0.0,1
18084,2,704.75,2,1,0,0.0,704.75,6,1,2,619.2,112,117,352.375,221.5,5.0,0,0.4676913780731901,-6.5592610671335985,0.0,1
12594,7,2194.8900000000003,7,7,2,513.0,974.3500000000001,64,0,1,27.599999999999998,23,375,313.5557142857143,177.42857142857142,58.666666666666664,0,0.012418503570319775,-0.6405731154857763,1164.9499999999998,0
14115,2,622.6700000000001,2,2,0,0.0,0.0,22,1,0,0.0,230,395,311.33500000000004,254.5,165.0,0,0.0,0.0,0.0,1
17304,1,111.5,1,1,0,0.0,0.0,5,1,0,0.0,263,263,111.5,73.0,,1,0.0,0.0,0.0,1
16593,6,810.71,6,5,1,69.6,462.38,41,1,1,19.9,56,463,135.11833333333334,51.5,81.4,0,0.023958295710381525,-1.8815173073100313,185.9,0
13862,3,1025.58,3,3,2,678.8499999999999,346.73,62,1,1,9.6,19,118,341.85999999999996,238.66666666666666,49.5,0,0.009273749492841826,0.6704458690329318,473.6600000000001,0
17396,7,1476.3000000000002,7,3,0,0.0,1476.3000000000002,11,1,2,232.5,100,170,210.90000000000003,59.142857142857146,11.666666666666666,0,0.13606039325842695,-7.297971376327562,0.0,1
17224,1,100.86,1,1,0,0.0,0.0,8,1,0,0.0,230,230,100.86,65.0,,1,0.0,0.0,0.0,1
17937,3,2693.88,3,2,2,1300.3200000000002,1393.5600000000002,19,1,0,0.0,27,91,897.96,332.0,32.0,0,0.0,-0.06919981940545661,633.6,0
17007,3,437.29,2,2,2,207.12,230.17000000000002,27,1,1,12.5,86,166,145.76333333333335,74.66666666666667,80.0,0,0.02779074679294782,-0.1050385341713822,255.61,0
16601,2,434.29999999999995,2,2,0,0.0,367.04999999999995,38,1,0,0.0,119,352,217.14999999999998,129.0,233.0,0,0.0,-5.9082187985047145,0.0,1
17050,7,2650.13,7,6,3,1487.31,300.40000000000003,148,1,0,0.0,7,411,378.59000000000003,214.42857142857142,67.33333333333333,0,0.0,1.5969582408356002,1130.0800000000002,0
12633,4,4131.0,4,4,1,904.82,554.6999999999999,190,0,2,59.599999999999994,16,254,1032.75,660.75,79.33333333333333,0,0.014222307068200254,0.488612030521824,626.73,0
16115,5,1031.75,5,5,1,138.83,218.89000000000001,115,1,0,0.0,21,303,206.35,134.4,70.5,0,0.0,-0.45270002225792005,367.46999999999997,0
14822,1,157.70000000000002,1,1,0,0.0,0.0,9,1,0,0.0,214,214,157.70000000000002,94.0,,1,0.0,0.0,0.0,1
13639,1,312.93,1,1,0,0.0,312.93,19,1,0,0.0,165,165,312.93,197.0,,1,0.0,-5.749170031119376,0.0,1
13166,2,875.9300000000001,2,2,1,417.20000000000005,458.72999999999996,55,1,1,2.5,12,143,437.96500000000003,261.0,131.0,0,0.002845986589711189,-0.09467957364045354,0.0,1
15637,4,574.23,4,4,0,0.0,110.45,23,1,0,0.0,142,453,143.5575,130.75,103.66666666666667,0,0.0,-4.713576059831878,0.0,1
17432,7,1363.23,5,5,0,0.0,903.6800000000001,174,1,0,0.0,114,465,194.74714285714285,114.42857142857143,87.75,0,0.0,-6.807581290011611,0.0,1
15161,1,119.91999999999999,1,1,0,0.0,119.91999999999999,33,1,0,0.0,117,117,119.91999999999999,144.0,,1,0.0,-4.795129169911257,0.0,1
12720,8,2714.88,8,6,3,523.94,1007.3499999999999,153,0,7,144.33999999999997,32,235,339.36,273.625,29.0,0,0.05048229936835919,-0.6527866402396221,1092.44,0
14411,1,1063.0,1,1,1,1063.0,0.0,14,1,0,0.0,39,39,1063.0,196.0,,1,0.0,6.96979066990159,0.0,1
13309,2,640.29,2,2,1,390.7099999999999,249.57999999999998,50,1,0,0.0,37,121,320.145,418.5,84.0,0,0.0,0.4467435392706509,155.93,0
14012,1,328.79999999999995,1,1,1,328.79999999999995,0.0,11,1,0,0.0,6,6,328.79999999999995,160.0,,1,0.0,5.7984864101254985,0.0,1
18047,2,326.09,1,1,0,0.0,326.09,74,1,0,0.0,110,110,163.045,65.0,,1,0.0,-5.7902353623864,0.0,1
15241,4,1689.0500000000002,4,4,1,395.33,445.46000000000004,71,1,1,17.85,12,383,422.26250000000005,486.0,123.66666666666667,0,0.010457554631202766,-0.11910261307885239,670.0300000000001,0
13595,3,784.4800000000001,3,3,0,0.0,0.0,114,1,0,0.0,245,375,261.4933333333334,113.66666666666667,65.0,0,0.0,0.0,0.0,1
17382,7,836.8800000000001,6,4,0,0.0,476.88,14,1,0,0.0,164,298,119.55428571428573,61.714285714285715,26.8,0,0.0,-6.169359654949023,0.0,1
17792,2,368.35,2,1,0,0.0,0.0,45,1,0,0.0,196,207,184.175,74.5,11.0,0,0.0,0.0,0.0,1
16120,2,1658.37,1,1,0,0.0,1658.37,60,1,0,0.0,151,151,829.185,641.5,,1,0.0,-7.41419329124309,0.0,1
13565,2,284.76,2,2,1,110.17999999999999,174.58,28,1,0,0.0,63,140,142.38,83.0,77.0,0,0.0,-0.4569442699727393,0.0,1
18160,1,365.82,1,1,0,0.0,365.82,26,1,0,0.0,115,115,365.82,225.0,,1,0.0,-5.904871264522886,318.55,0
12385,1,1668.4,1,1,0,0.0,1668.4,64,0,0,0.0,108,108,1668.4,594.0,,1,0.0,-7.420219559416636,0.0,1
13145,4,805.0,4,4,0,0.0,601.0,2,1,0,0.0,101,328,201.25,30.25,75.66666666666667,0,0.0,-6.400257445308821,0.0,1
12705,6,5427.8099999999995,5,5,1,696.0,3186.94,211,0,3,154.05,86,262,904.6349999999999,595.0,44.0,0,0.027598327439240688,-1.5203448083953077,2234.1,0
14214,1,638.65,1,1,1,638.65,0.0,37,1,2,4.15,6,6,638.65,313.0,,1,0.006456129433727443,6.460921151763044,0.0,1
16246,2,821.3499999999999,2,2,0,0.0,0.0,79,1,0,0.0,188,398,410.67499999999995,168.0,210.0,0,0.0,0.0,0.0,1
14228,3,745.5,3,3,0,0.0,322.01,38,1,0,0.0,166,275,248.5,86.66666666666667,54.5,0,0.0,-5.777683282495735,0.0,1
14716,1,235.77,1,1,0,0.0,235.77,44,1,0,0.0,173,173,235.77,148.0,,1,0.0,-5.467089205794908,0.0,1
17708,3,727.6999999999999,3,3,1,106.85,620.8499999999999,55,1,0,0.0,53,152,242.56666666666663,109.66666666666667,49.5,0,0.0,-1.7519575332645845,156.48000000000002,0
17903,1,381.09,1,1,0,0.0,381.09,44,1,0,0.0,123,123,381.09,142.0,,1,0.0,-5.9456561829510015,0.0,1
17572,7,496.26,7,6,0,0.0,355.65000000000003,13,1,0,0.0,102,453,70.89428571428572,36.57142857142857,58.5,0,0.0,-5.876754908724047,81.4,0
18156,1,186.88,1,1,0,0.0,186.88,50,1,0,0.0,98,98,186.88,68.0,,1,0.0,-5.2358034611587945,0.0,1
14419,2,326.95,2,2,0,0.0,326.95,28,1,0,0.0,93,111,163.475,62.0,18.0,0,0.0,-5.792861157739744,183.04,0
18219,10,1767.3000000000002,10,8,2,274.18,730.34,57,1,1,5.5,25,461,176.73000000000002,88.8,48.44444444444444,0,0.003102436823104693,-0.9774530388961296,427.94,0
17064,1,143.95,1,1,1,143.95,0.0,21,1,0,0.0,56,56,143.95,72.0,,1,0.0,4.976388855367665,313.45000000000005,0
13242,4,429.0,4,4,0,0.0,39.0,12,1,0,0.0,180,397,107.25,55.0,72.33333333333333,0,0.0,-3.6888794541139363,104.0,0
16872,3,533.11,3,2,0,0.0,195.15,9,1,0,0.0,156,192,177.70333333333335,159.66666666666666,18.0,0,0.0,-5.278879672655561,388.36,0
17045,2,488.23999999999995,2,2,0,0.0,488.23999999999995,28,1,0,0.0,105,158,244.11999999999998,94.0,53.0,0,0.0,-6.192853166619162,39.95,0
12654,1,148.6,1,1,1,148.6,0.0,10,0,0,0.0,24,24,148.6,76.0,,1,0.0,5.007965065540377,153.15,0
13020,2,618.96,2,2,0,0.0,0.0,38,1,3,12.0,291,388,309.48,139.0,97.0,0,0.01901863826550019,0.0,0.0,1
12643,6,5597.380000000001,6,6,1,835.1999999999999,2503.38,13,0,2,469.52,61,340,932.8966666666669,571.6666666666666,55.8,0,0.0773904300384051,-1.0969286589720664,906.72,0
17239,4,1189.4499999999998,4,4,1,382.5,498.4999999999999,18,1,2,15.3,41,255,297.36249999999995,128.75,71.33333333333333,0,0.012699730234488485,-0.26426797728129703,0.0,1
14028,3,10396.5,1,1,0,0.0,0.0,3,1,1,3610.5,279,279,3465.5,2390.0,,1,0.2577639751552795,0.0,0.0,1
12778,4,967.93,4,4,1,119.47999999999999,499.85,58,0,0,0.0,41,331,241.9825,254.75,96.66666666666667,0,0.0,-1.4248228910061904,312.58000000000004,0
14373,1,76.55,1,1,1,76.55,0.0,4,1,0,0.0,87,87,76.55,17.0,,1,0.0,4.350922889622548,0.0,1
15336,1,240.5,1,1,0,0.0,240.5,15,1,0,0.0,130,130,240.5,84.0,,1,0.0,-5.486869473092628,0.0,1
13964,2,438.9,2,2,0,0.0,438.9,22,1,1,17.0,116,159,219.45,114.0,43.0,0,0.037288879140162316,-6.086547428354674,0.0,1
14154,6,5115.08,5,4,0,0.0,3104.2200000000003,204,1,2,197.1,110,424,852.5133333333333,459.5,78.5,0,0.03710341140548701,-8.040839845319748,1345.62,0
17964,1,261.76,1,1,0,0.0,261.76,35,1,0,0.0,101,101,261.76,195.0,,1,0.0,-5.571241068024272,0.0,1
15979,1,329.22,1,1,0,0.0,0.0,22,1,0,0.0,331,331,329.22,450.0,,1,0.0,0.0,0.0,1
12864,1,152.45,1,1,0,0.0,0.0,4,1,0,0.0,237,237,152.45,231.0,,1,0.0,0.0,0.0,1
16040,4,1103.35,4,4,0,0.0,268.1,50,1,1,33.2,159,338,275.8375,125.25,59.666666666666664,0,0.02921120936166469,-5.59508305773286,422.43,0
16193,1,315.97999999999996,1,1,0,0.0,315.97999999999996,19,1,0,0.0,139,139,315.97999999999996,160.0,,1,0.0,-5.7588386804042795,314.45,0
13677,2,551.24,2,2,0,0.0,277.28,98,1,0,0.0,133,249,275.62,108.5,116.0,0,0.0,-5.6286278010554405,0.0,1
12767,1,949.82,1,1,0,0.0,949.82,43,0,0,0.0,104,104,949.82,598.0,,1,0.0,-6.857324770182772,0.0,1
13512,3,462.17999999999995,3,3,0,0.0,188.22,20,1,0,0.0,116,312,154.05999999999997,92.0,98.0,0,0.0,-5.242910359276298,251.20999999999998,0
15666,2,632.9399999999999,2,1,0,0.0,0.0,62,1,0,0.0,201,224,316.46999999999997,234.5,23.0,0,0.0,0.0,0.0,1
15261,3,1253.1799999999998,3,2,0,0.0,1253.1799999999998,70,1,0,0.0,110,163,417.72666666666663,178.66666666666666,26.5,0,0.0,-7.134237251561746,0.0,1
14693,6,992.4599999999999,6,4,0,0.0,142.0,39,1,1,25.5,154,254,165.41,59.0,20.0,0,0.025050100200400802,-4.962844630259907,172.9,0
18270,1,161.4,1,1,0,0.0,161.4,6,1,0,0.0,161,161,161.4,108.0,,1,0.0,-5.090062427727577,111.94999999999999,0
15284,1,24.75,1,1,0,0.0,0.0,1,1,0,0.0,229,229,24.75,5.0,,1,0.0,0.0,0.0,1
15753,1,79.2,1,1,1,79.2,0.0,1,1,0,0.0,33,33,79.2,144.0,,1,0.0,4.384523514872469,0.0,1
16050,2,162.8,2,1,0,0.0,162.8,9,1,0,0.0,112,130,81.4,55.0,18.0,0,0.0,-5.098646171418969,0.0,1
15605,6,921.32,6,5,1,182.75,194.85000000000002,41,1,1,3.4,18,423,153.55333333333334,56.0,81.0,0,0.003676788649537157,-0.06377292201889428,312.58000000000004,0
12605,3,1124.95,3,3,0,0.0,903.96,62,0,1,7.5,105,187,374.98333333333335,307.0,41.0,0,0.006622808954037706,-6.807890743828098,0.0,1
17327,2,152.35,2,2,0,0.0,148.1,3,1,0,0.0,138,291,76.175,29.5,153.0,0,0.0,-5.004617221770693,0.0,1
13835,3,260.7,3,2,0,0.0,0.0,15,1,1,50.45,248,374,86.89999999999999,26.0,63.0,0,0.16214044672987307,0.0,328.44999999999993,0
13941,12,7033.18,11,9,1,1023.84,2305.7999999999997,36,1,1,75.60000000000001,26,452,586.0983333333334,283.1666666666667,42.6,0,0.010634736199460386,-0.8113247799142167,0.0,1
15458,1,208.79999999999998,1,1,0,0.0,208.79999999999998,6,1,0,0.0,131,131,208.79999999999998,144.0,,1,0.0,-5.346154695962197,0.0,1
13836,2,620.37,2,2,0,0.0,620.37,29,1,1,17.85,128,143,310.185,136.5,15.0,0,0.027968412146281846,-6.431926717711772,0.0,1
15186,3,991.7900000000001,3,3,0,0.0,0.0,22,1,0,0.0,203,425,330.5966666666667,167.0,111.0,0,0.0,0.0,0.0,1
15431,1,153.24,1,1,0,0.0,0.0,2,1,0,0.0,231,231,153.24,84.0,,1,0.0,0.0,0.0,1
16880,1,321.78000000000003,1,1,0,0.0,0.0,9,1,0,0.0,222,222,321.78000000000003,158.0,,1,0.0,0.0,269.88,0
15584,2,547.3399999999999,2,2,0,0.0,195.34999999999997,93,1,0,0.0,128,399,273.66999999999996,85.0,271.0,0,0.0,-5.279898781024018,0.0,1
16666,1,98.73,1,1,0,0.0,0.0,15,1,0,0.0,350,350,98.73,121.0,,1,0.0,0.0,0.0,1
12625,3,3855.6800000000003,3,3,1,1590.62,0.0,126,0,1,51.5,48,325,1285.2266666666667,862.3333333333334,138.5,0,0.013180861900398752,7.372507644445172,823.2,0
13640,1,405.0,1,1,0,0.0,0.0,4,1,0,0.0,340,340,405.0,108.0,,1,0.0,0.0,0.0,1
14984,4,1058.1399999999999,3,3,0,0.0,548.64,11,1,0,0.0,117,426,264.53499999999997,72.5,154.5,0,0.0,-6.309263518463574,0.0,1
17783,1,93.49000000000001,1,1,0,0.0,0.0,24,1,0,0.0,241,241,93.49000000000001,84.0,,1,0.0,0.0,112.41000000000001,0
15378,2,246.5,2,2,0,0.0,0.0,8,1,0,0.0,191,230,123.25,65.0,39.0,0,0.0,0.0,0.0,1
13692,2,1626.08,2,1,0,0.0,1626.08,43,1,1,76.5,137,149,813.04,437.5,12.0,0,0.044931809371659484,-7.394542276262218,871.5799999999999,0
14482,6,2283.9100000000003,4,3,0,0.0,1750.51,91,1,2,165.66,108,199,380.6516666666667,207.0,30.333333333333332,0,0.06762819596908845,-7.468233552013193,238.10000000000002,0
17386,1,126.35000000000001,1,1,0,0.0,126.35000000000001,10,1,0,0.0,114,114,126.35000000000001,53.0,,1,0.0,-4.846939201425466,0.0,1
17275,1,114.1,1,1,0,0.0,114.1,23,1,0,0.0,112,112,114.1,71.0,,1,0.0,-4.745801315727837,0.0,1
18031,1,451.3,1,1,0,0.0,451.3,49,1,0,0.0,107,107,451.3,298.0,,1,0.0,-6.114345676483797,0.0,1
15246,2,452.25,2,2,1,186.0,0.0,26,1,0,0.0,87,284,226.125,99.0,197.0,0,0.0,5.231108616854587,328.1500000000001,0
14414,2,1119.55,2,2,1,217.2,902.35,28,1,0,0.0,87,103,559.775,255.5,16.0,0,0.0,-1.4206980018209663,0.0,1
16741,1,173.06,1,1,0,0.0,0.0,11,1,0,0.0,354,354,173.06,81.0,,1,0.0,0.0,0.0,1
17477,2,1144.3,2,2,0,0.0,0.0,44,1,3,65.3,341,376,572.15,112.5,35.0,0,0.053984788359788365,0.0,0.0,1
14611,2,604.3299999999999,2,2,0,0.0,312.93,37,1,1,4.95,172,327,302.16499999999996,291.0,155.0,0,0.008124343487394959,-5.749170031119376,0.0,1
15455,1,38.25,1,1,0,0.0,0.0,2,1,0,0.0,326,326,38.25,3.0,,1,0.0,0.0,0.0,1
14522,4,773.8800000000001,4,4,0,0.0,0.0,23,1,0,0.0,324,413,193.47000000000003,107.75,29.666666666666668,0,0.0,0.0,278.63,0
18089,1,428.45,1,1,0,0.0,428.45,9,1,0,0.0,175,175,428.45,95.0,,1,0.0,-6.062505320212233,0.0,1
13245,1,558.7199999999999,1,1,0,0.0,558.7199999999999,29,1,0,0.0,161,161,558.7199999999999,246.0,,1,0.0,-6.327436658687512,0.0,1
15050,2,2349.5,2,2,0,0.0,1062.4099999999999,58,1,0,0.0,150,209,1174.75,692.0,59.0,0,0.0,-6.969236004825158,0.0,1
13903,1,165.45,1,1,0,0.0,165.45,10,1,0,0.0,129,129,165.45,103.0,,1,0.0,-5.114694964021034,0.0,1
16203,3,521.64,3,3,0,0.0,239.51,41,1,1,3.75,101,233,173.88,115.0,66.0,0,0.007137554959173186,-5.48276166872297,147.6,0
14627,1,462.75,1,1,0,0.0,462.75,29,1,2,56.349999999999994,108,108,462.75,284.0,,1,0.10855326526680792,-6.139345613921645,0.0,1
15048,1,98.7,1,1,0,0.0,98.7,23,1,0,0.0,97,97,98.7,32.0,,1,0.0,-4.602165676967792,155.55,0
13630,1,299.14,1,1,1,299.14,0.0,13,1,1,14.4,14,14,299.14,140.0,,1,0.04592715443005678,5.704249032467843,752.7,0
12808,3,394.45000000000005,3,2,0,0.0,204.8,25,0,0,0.0,97,191,131.48333333333335,62.0,47.0,0,0.0,-5.326904823399949,151.95,0
15678,2,1473.24,2,2,0,0.0,756.76,67,1,0,0.0,124,251,736.62,419.0,127.0,0,0.0,-6.6303667128155315,0.0,1
15400,4,932.2,4,4,1,346.1,105.0,13,1,0,0.0,7,289,233.05,115.5,94.0,0,0.0,1.186173828755674,112.7,0
15280,2,284.4,2,2,0,0.0,0.0,39,1,0,0.0,217,300,142.2,176.5,83.0,0,0.0,0.0,0.0,1
13479,2,550.42,2,2,0,0.0,0.0,34,1,2,32.92,181,206,275.21,291.0,25.0,0,0.05643364075839134,0.0,300.95,0
17664,2,561.59,2,2,0,0.0,0.0,31,1,0,0.0,203,349,280.795,227.0,146.0,0,0.0,0.0,326.19000000000005,0
16375,2,104.0,1,1,0,0.0,0.0,11,1,0,0.0,199,199,52.0,37.0,,1,0.0,0.0,0.0,1
14968,1,349.9,1,1,0,0.0,0.0,46,1,0,0.0,187,187,349.9,129.0,,1,0.0,0.0,0.0,1
14269,1,295.73,1,1,0,0.0,295.73,16,1,1,34.05,168,168,295.73,123.0,,1,0.10325065194978468,-5.692822634419859,0.0,1
15346,3,596.12,3,2,1,252.42,343.70000000000005,36,1,1,4.47,61,160,198.70666666666668,86.66666666666667,49.5,0,0.0074426813633260615,-0.30762628215205723,0.0,1
15589,1,184.95000000000002,1,1,1,184.95000000000002,0.0,12,1,0,0.0,39,39,184.95000000000002,125.0,,1,0.0,5.225477820371079,293.58000000000004,0
12866,3,1092.35,3,3,1,499.12,0.0,57,0,0,0.0,12,231,364.1166666666666,181.33333333333334,109.5,0,0.0,6.2148480696267985,0.0,1
14791,1,303.63000000000005,1,1,0,0.0,0.0,19,1,0,0.0,335,335,303.63000000000005,127.0,,1,0.0,0.0,0.0,1
18188,4,1706.1499999999999,4,4,1,426.59999999999997,942.0,65,1,1,14.850000000000001,19,352,426.53749999999997,221.0,111.0,0,0.008628704241719931,-0.7908781034825676,0.0,1
15390,2,1216.6599999999999,2,2,0,0.0,1216.6599999999999,77,0,0,0.0,125,138,608.3299999999999,447.0,13.0,0,0.0,-7.104686263160091,0.0,1
15471,2,837.5300000000001,2,2,0,0.0,568.2800000000001,67,1,0,0.0,109,279,418.76500000000004,207.0,170.0,0,0.0,-6.34437240447747,0.0,1
17654,1,117.54999999999998,1,1,1,117.54999999999998,0.0,22,1,0,0.0,6,6,117.54999999999998,41.0,,1,0.0,4.775334812511415,0.0,1
16389,1,119.65,1,1,1,119.65,0.0,6,1,0,0.0,12,12,119.65,59.0,,1,0.0,4.792893792071041,550.52,0
12355,1,488.21,1,1,0,0.0,0.0,22,0,0,0.0,296,296,488.21,303.0,,1,0.0,0.0,459.4,0
16975,3,926.12,3,3,0,0.0,574.64,44,1,2,23.700000000000003,152,234,308.70666666666665,195.33333333333334,41.0,0,0.024952096186645893,-6.355482465301973,0.0,1
16172,3,744.34,3,2,0,0.0,0.0,41,1,0,0.0,202,242,248.11333333333334,210.66666666666666,20.0,0,0.0,0.0,199.38000000000002,0
14787,1,110.64999999999999,1,1,0,0.0,0.0,14,1,0,0.0,200,200,110.64999999999999,59.0,,1,0.0,0.0,0.0,1
14838,2,769.92,2,2,0,0.0,650.8199999999999,69,1,0,0.0,152,465,384.96,180.5,313.0,0,0.0,-6.479768450191684,0.0,1
18054,1,176.50000000000003,1,1,0,0.0,176.50000000000003,11,1,0,0.0,121,121,176.50000000000003,96.0,,1,0.0,-5.178970608915471,0.0,1
14417,1,524.65,1,1,0,0.0,524.65,106,1,0,0.0,116,116,524.65,543.0,,1,0.0,-6.26463559202184,0.0,1
18210,1,147.45000000000002,1,1,0,0.0,147.45000000000002,10,1,0,0.0,111,111,147.45000000000002,101.0,,1,0.0,-5.000248201209769,142.39999999999998,0
15165,1,487.75,1,1,0,0.0,487.75,27,1,0,0.0,102,102,487.75,160.0,,1,0.0,-6.1918511112995755,0.0,1
14150,1,306.17999999999995,1,1,1,306.17999999999995,0.0,12,1,0,0.0,88,88,306.17999999999995,262.0,,1,0.0,5.727433894987482,0.0,1
17516,3,507.25000000000006,2,2,2,324.63000000000005,182.62,101,1,0,0.0,14,107,169.08333333333334,107.0,93.0,0,0.0,0.5728933627605617,127.38000000000001,0
14367,1,983.1600000000001,1,1,1,983.1600000000001,0.0,82,1,0,0.0,5,5,983.1600000000001,480.0,,1,0.0,6.891788485460058,3133.6099999999997,0
16227,2,713.0,2,2,0,0.0,0.0,23,1,2,72.5,223,264,356.5,173.0,41.0,0,0.09229789942711648,0.0,314.22,0
13689,1,349.5,1,1,0,0.0,349.5,3,1,0,0.0,173,173,349.5,210.0,,1,0.0,-5.859360706474645,0.0,1
13306,1,53.65,1,1,0,0.0,53.65,4,1,0,0.0,159,159,53.65,74.0,,1,0.0,-4.000949214622548,0.0,1
13556,2,200.82,2,2,0,0.0,200.82,8,1,0,0.0,158,164,100.41,67.0,6.0,0,0.0,-5.307376211036383,0.0,1
15208,2,165.8,2,2,1,65.4,100.4,8,1,0,0.0,82,152,82.9,30.0,70.0,0,0.0,-0.4233760346746944,0.0,1
16251,1,128.31,1,1,0,0.0,0.0,20,1,0,0.0,241,241,128.31,44.0,,1,0.0,0.0,0.0,1
15575,1,30.1,1,1,0,0.0,0.0,3,1,0,0.0,348,348,30.1,6.0,,1,0.0,0.0,0.0,1
14807,2,504.14,2,2,0,0.0,154.5,37,1,0,0.0,119,378,252.07,117.0,259.0,0,0.0,-5.0466457316192885,0.0,1
15868,1,94.53,1,1,0,0.0,0.0,4,1,0,0.0,312,312,94.53,57.0,,1,0.0,0.0,0.0,1
12789,2,148.5,2,2,0,0.0,0.0,1,0,0,0.0,241,422,74.25,15.0,181.0,0,0.0,0.0,0.0,1
14707,2,139.2,2,2,0,0.0,69.6,1,1,0,0.0,164,305,69.6,48.0,141.0,0,0.0,-4.257030144499196,0.0,1
13594,1,136.35,1,1,0,0.0,0.0,7,1,1,24.9,214,214,136.35,37.0,,1,0.15441860465116278,0.0,0.0,1
16957,1,114.84,1,1,1,114.84,0.0,4,1,0,0.0,10,10,114.84,64.0,,1,0.0,4.752209928637407,301.8,0
17246,2,38.92,2,2,0,0.0,0.0,6,1,0,0.0,275,467,19.46,18.0,192.0,0,0.0,0.0,0.0,1
16420,1,75.0,1,1,0,0.0,75.0,2,1,0,0.0,125,125,75.0,120.0,,1,0.0,-4.330733340286331,0.0,1
17008,1,81.36,1,1,0,0.0,81.36,1,1,0,0.0,158,158,81.36,24.0,,1,0.0,-4.411099882159589,0.0,1
12889,4,385.46000000000004,4,4,0,0.0,214.45000000000002,25,1,2,19.8,110,231,96.36500000000001,31.0,40.333333333333336,0,0.04885752356511869,-5.372728864061847,0.0,1
13300,2,913.6200000000001,2,2,0,0.0,598.6400000000001,29,1,1,11.7,117,303,456.81000000000006,126.0,186.0,0,0.01264427441317598,-6.396329475144114,0.0,1
15917,4,407.07,3,2,0,0.0,0.0,115,1,0,0.0,335,466,101.7675,51.5,65.5,0,0.0,0.0,123.10000000000001,0
17490,2,658.1800000000001,2,2,0,0.0,305.04,37,1,0,0.0,117,298,329.09000000000003,198.5,181.0,0,0.0,-5.723715812363651,0.0,1
12953,1,498.96,1,1,0,0.0,0.0,31,1,0,0.0,251,251,498.96,280.0,,1,0.0,0.0,0.0,1
14240,1,357.15,1,1,0,0.0,357.15,19,1,0,0.0,152,152,357.15,237.0,,1,0.0,-5.88095189306046,226.85000000000002,0
12914,1,223.98000000000002,1,1,0,0.0,223.98000000000002,9,1,0,0.0,129,129,223.98000000000002,336.0,,1,0.0,-5.41601150936468,0.0,1
17830,1,188.5,1,1,1,188.5,0.0,11,1,0,0.0,17,17,188.5,48.0,,1,0.0,5.244389024522481,99.15,0
16678,1,312.18,1,1,1,312.18,0.0,18,1,1,2.5,11,11,312.18,182.0,,1,0.00794457861955002,5.746778105117297,954.47,0
13192,4,1646.6400000000003,3,3,0,0.0,0.0,92,1,2,14.05,264,415,411.6600000000001,258.5,75.5,0,0.0084603387748466,0.0,464.32,0
16846,2,628.0899999999999,2,2,0,0.0,0.0,36,1,0,0.0,306,368,314.04499999999996,191.0,62.0,0,0.0,0.0,0.0,1
15918,1,248.65,1,1,0,0.0,0.0,21,1,0,0.0,360,360,248.65,87.0,,1,0.0,0.0,334.23,0
15650,2,553.8800000000001,2,2,0,0.0,0.0,33,1,1,14.850000000000001,250,357,276.94000000000005,105.0,107.0,0,0.02611080829215972,0.0,0.0,1
14904,2,605.05,2,1,0,0.0,605.05,62,1,0,0.0,137,156,302.525,268.5,19.0,0,0.0,-6.406962490916521,0.0,1
16579,1,295.05,1,1,0,0.0,295.05,14,1,1,30.599999999999998,154,154,295.05,119.0,,1,0.09396591432519574,-5.690528358977785,0.0,1
17981,1,239.12,1,1,0,0.0,239.12,17,1,0,0.0,139,139,239.12,260.0,,1,0.0,-5.481138798383642,0.0,1
15814,2,689.11,2,2,0,0.0,395.03000000000003,23,1,0,0.0,122,332,344.555,228.5,210.0,0,0.0,-5.981489965960778,0.0,1
17035,3,439.57000000000005,3,3,1,259.51,0.0,20,1,1,45.2,40,465,146.52333333333334,80.33333333333333,212.5,0,0.09324009324009323,5.562641248172563,174.02,0
12852,1,311.55,1,1,1,311.55,0.0,17,1,1,11.8,23,23,311.55,149.0,,1,0.03649296428019174,5.744764456377822,0.0,1
14084,1,150.5,1,1,0,0.0,0.0,7,1,0,0.0,241,241,150.5,306.0,,1,0.0,0.0,0.0,1
14753,1,306.36,1,1,0,0.0,0.0,18,1,0,0.0,189,189,306.36,201.0,,1,0.0,0.0,0.0,1
16346,1,224.50999999999996,1,1,0,0.0,224.50999999999996,15,1,0,0.0,114,114,224.50999999999996,289.0,,1,0.0,-5.418364503857487,0.0,1
14670,3,583.33,2,2,2,392.86,0.0,159,1,0,0.0,9,461,194.44333333333336,141.0,452.0,0,0.0,5.97599551620405,0.0,1
14550,2,587.69,2,2,0,0.0,298.18,46,1,0,0.0,117,212,293.845,191.0,95.0,0,0.0,-5.701045398946315,0.0,1
18049,2,500.5,2,2,0,0.0,238.56999999999996,81,1,0,0.0,166,319,250.25,200.0,153.0,0,0.0,-5.478845649720897,0.0,1
15793,5,1433.96,5,5,0,0.0,315.65999999999997,9,1,0,0.0,107,467,286.79200000000003,226.4,90.0,0,0.0,-5.757828643073288,306.64,0
16543,1,292.21,1,1,0,0.0,0.0,18,1,1,14.399999999999999,320,320,292.21,317.0,,1,0.04696520009132123,0.0,0.0,1
14919,1,359.35,1,1,0,0.0,0.0,13,1,0,0.0,268,268,359.35,129.0,,1,0.0,0.0,0.0,1
17599,1,52.05,1,1,0,0.0,0.0,3,1,2,7.5,206,206,52.05,11.0,,1,0.12594458438287154,0.0,0.0,1
14668,1,111.63000000000001,1,1,0,0.0,111.63000000000001,10,1,0,0.0,174,174,111.63000000000001,49.0,,1,0.0,-4.724108110059605,0.0,1
14353,2,285.9,2,1,0,0.0,285.9,14,1,0,0.0,139,160,142.95,140.0,21.0,0,0.0,-5.659133722987319,90.6,0
16517,1,162.70000000000002,1,1,1,162.70000000000002,0.0,17,1,0,0.0,6,6,162.70000000000002,96.0,,1,0.0,5.098035484377089,0.0,1
15749,2,22998.4,1,1,2,22998.4,0.0,5,1,0,0.0,61,61,11499.2,4507.0,,1,0.0,10.043223407614494,21535.9,0
14835,2,297.0,2,2,0,0.0,0.0,1,1,1,3.9,257,346,148.5,90.0,89.0,0,0.01296111665004985,0.0,0.0,1
12945,2,900.1099999999999,2,2,1,462.95,0.0,47,1,0,0.0,17,385,450.05499999999995,223.0,368.0,0,0.0,6.139776787799188,0.0,1
17928,1,128.7,1,1,0,0.0,0.0,4,1,0,0.0,300,300,128.7,82.0,,1,0.0,0.0,78.26,0
13312,1,124.75000000000001,1,1,0,0.0,124.75000000000001,5,1,0,0.0,180,180,124.75000000000001,41.0,,1,0.0,-4.8342958089798485,0.0,1
13781,2,650.99,2,2,0,0.0,0.0,39,1,1,7.95,321,450,325.495,135.0,129.0,0,0.012064831395878228,0.0,127.83999999999999,0
15310,1,1634.6399999999999,1,1,0,0.0,0.0,45,1,0,0.0,207,207,1634.6399999999999,1476.0,,1,0.0,0.0,0.0,1
14187,1,123.5,1,1,0,0.0,0.0,8,1,0,0.0,202,202,123.5,50.0,,1,0.0,0.0,0.0,1
16635,1,473.0000000000001,1,1,0,0.0,473.0000000000001,25,1,0,0.0,135,135,473.0000000000001,277.0,,1,0.0,-6.161207321695077,0.0,1
15174,2,481.46,2,2,1,135.75,345.71,34,1,0,0.0,51,139,240.73,191.0,88.0,0,0.0,-0.9303342543533697,0.0,1
15468,1,962.97,1,1,0,0.0,962.97,56,1,2,15.2,121,121,962.97,1245.0,,1,0.015539221198769129,-6.871060173794348,0.0,1
17648,1,418.86999999999995,1,1,0,0.0,418.86999999999995,34,1,0,0.0,114,114,418.86999999999995,467.0,,1,0.0,-6.039945139555509,1107.3899999999999,0
14192,1,293.74,1,1,0,0.0,293.74,14,1,0,0.0,117,117,293.74,218.0,,1,0.0,-5.686093611785117,0.0,1
17711,1,220.53,1,1,1,220.53,0.0,13,1,0,0.0,18,18,220.53,107.0,,1,0.0,5.400558020494584,0.0,1
12845,1,65.09,1,1,1,65.09,0.0,21,1,0,0.0,19,19,65.09,21.0,,1,0.0,4.191017449482361,289.0,0
13945,2,854.15,2,2,0,0.0,338.5,49,1,0,0.0,123,208,427.075,206.5,85.0,0,0.0,-5.827473946998751,0.0,1
17278,1,25.2,1,1,0,0.0,0.0,2,1,0,0.0,294,294,25.2,16.0,,1,0.0,0.0,246.04,0
15554,1,217.20000000000002,1,1,1,217.20000000000002,0.0,14,1,0,0.0,6,6,217.20000000000002,74.0,,1,0.0,5.38541207339897,0.0,1
16440,1,216.3,1,1,0,0.0,0.0,25,1,0,0.0,222,222,216.3,90.0,,1,0.0,0.0,272.46000000000004,0
18191,1,321.59999999999997,1,1,0,0.0,0.0,8,1,0,0.0,206,206,321.59999999999997,192.0,,1,0.0,0.0,207.79999999999998,0
12911,1,1651.7200000000003,1,1,0,0.0,0.0,220,1,0,0.0,280,280,1651.7200000000003,807.0,,1,0.0,0.0,0.0,1
14052,1,241.29999999999998,1,1,0,0.0,241.29999999999998,65,1,0,0.0,119,119,241.29999999999998,85.0,,1,0.0,-5.49017662782248,0.0,1
12847,1,765.36,1,1,0,0.0,765.36,34,1,0,0.0,116,116,765.36,624.0,,1,0.0,-6.641652033227792,0.0,1
13701,1,161.0,1,1,0,0.0,161.0,9,1,1,1.45,175,175,161.0,80.0,,1,0.008925823330255463,-5.087596335232384,0.0,1
12445,1,301.58000000000004,1,1,0,0.0,301.58000000000004,20,0,1,8.5,149,149,301.58000000000004,144.0,,1,0.02741228070175438,-5.7123457053166895,0.0,1
16785,1,533.78,1,1,0,0.0,533.78,35,1,0,0.0,138,138,533.78,313.0,,1,0.0,-6.281855447370681,0.0,1
14674,1,173.66,1,1,0,0.0,0.0,14,1,0,0.0,238,238,173.66,103.0,,1,0.0,0.0,0.0,1
16165,1,79.9,1,1,0,0.0,0.0,1,1,0,0.0,234,234,79.9,2.0,,1,0.0,0.0,0.0,1
13612,1,818.29,1,1,0,0.0,0.0,50,1,1,40.5,361,361,818.29,444.0,,1,0.04715937540027248,0.0,0.0,1
13961,1,538.4,1,1,0,0.0,538.4,19,1,1,39.7,121,121,538.4,226.0,,1,0.0686732399238886,-6.2904574107056295,0.0,1
18238,1,270.91999999999996,1,1,0,0.0,0.0,14,1,0,0.0,244,244,270.91999999999996,114.0,,1,0.0,0.0,0.0,1
18000,1,124.25,1,1,0,0.0,0.0,6,1,0,0.0,293,293,124.25,109.0,,1,0.0,0.0,0.0,1
15893,1,305.28000000000003,1,1,0,0.0,0.0,1,1,0,0.0,210,210,305.28000000000003,288.0,,1,0.0,0.0,0.0,1
15405,1,310.74,1,1,0,0.0,0.0,22,1,0,0.0,305,305,310.74,155.0,,1,0.0,0.0,349.09999999999997,0
16201,1,248.64999999999998,1,1,0,0.0,248.64999999999998,13,1,0,0.0,144,144,248.64999999999998,135.0,,1,0.0,-5.520059936946618,0.0,1
12819,1,540.52,1,1,0,0.0,0.0,19,1,0,0.0,187,187,540.52,344.0,,1,0.0,0.0,0.0,1
16061,1,89.65,1,1,0,0.0,89.65,3,1,1,14.75,160,160,89.65,19.0,,1,0.14128352490421456,-4.50700593720086,0.0,1
13383,1,305.28000000000003,1,1,0,0.0,0.0,1,1,0,0.0,272,272,305.28000000000003,288.0,,1,0.0,0.0,0.0,1
18181,4,821.49,4,3,0,0.0,328.37,119,1,2,21.73,129,464,205.3725,94.25,111.66666666666667,0,0.025770261616185574,-5.797181738914751,0.0,1
15523,15,16847.18,14,10,0,0.0,7702.61,63,1,2,139.95,117,466,1123.1453333333334,1033.4,26.846153846153847,0,0.008238590038458527,-8.949444329143612,0.0,1
17961,70,2186.33,57,16,8,488.48,236.89000000000001,389,1,2,16.45,2,467,31.233285714285714,15.557142857142857,8.303571428571429,0,0.007467836098021591,0.7215352211602921,284.72,0
12683,10,4746.55,9,7,2,958.3399999999999,955.0799999999999,158,0,3,77.44999999999999,12,455,474.65500000000003,318.0,55.375,0,0.016055140961857377,0.0034039564667587285,2651.51,0
17377,64,14860.969999999996,55,15,4,691.7600000000001,4946.75,427,1,12,455.0,3,466,232.20265624999993,91.09375,8.574074074074074,0,0.029707553618869724,-1.9660045879102466,317.56,0
18087,16,13908.720000000001,13,9,1,3202.9199999999996,2741.46,43,1,2,100.3,19,467,869.2950000000001,485.875,37.333333333333336,0,0.007159672839356357,0.15551973227694393,0.0,1
18242,4,1372.72,4,4,0,0.0,312.42,46,1,0,0.0,174,426,343.18,251.0,84.0,0,0.0,-5.74754414409507,694.0799999999999,0
15044,22,11302.880000000001,19,12,6,2382.25,3730.75,237,1,7,72.05000000000001,24,452,513.7672727272728,159.13636363636363,23.77777777777778,0,0.006334104913173093,-0.4484121901396607,1287.13,0
17841,113,33911.11,104,16,22,4362.34,8476.18,1591,1,41,685.42,3,466,300.0983185840708,144.31858407079645,4.495145631067961,0,0.019811813496902725,-0.6641400281915164,6892.000000000002,0
14870,5,1511.7,4,4,0,0.0,392.05,34,1,3,44.349999999999994,142,412,302.34000000000003,72.8,90.0,0,0.028501654831142954,-5.973936830239765,327.25,0
14439,5,9443.039999999999,5,4,1,2661.24,780.0600000000001,105,0,0,0.0,48,416,1888.6079999999997,448.8,92.0,0,0.0,1.2262711811945017,0.0,1
13313,8,2197.2999999999997,7,7,1,307.3,0.0,85,1,3,22.049999999999997,68,466,274.66249999999997,203.5,66.33333333333333,0,0.009935341428796719,5.731073334892105,302.43999999999994,0
14399,8,2108.21,8,8,0,0.0,490.53,119,1,1,15.0,123,403,263.52625,120.625,40.0,0,0.0070647745630436935,-6.197522975364378,0.0,1
13293,6,1192.94,6,5,0,0.0,335.35,51,1,1,12.600000000000001,121,397,198.82333333333335,92.5,55.2,0,0.010451747764487285,-5.818152284471615,0.0,1
15260,20,7377.460000000001,15,11,0,0.0,2060.41,161,1,4,59.849999999999994,101,462,368.87300000000005,191.85,25.785714285714285,0,0.008047264400704015,-7.631145493663013,849.9800000000001,0
14238,3,434.23,3,3,1,146.85,0.0,13,1,0,0.0,55,463,144.74333333333334,63.0,204.0,0,0.0,4.996198246298486,0.0,1
13680,10,10092.14,10,7,2,2391.59,0.0,280,1,1,1520.1100000000001,66,464,1009.2139999999999,450.5,44.22222222222222,0,0.13090572455811753,7.780131740174446,0.0,1
13047,18,6016.520000000001,13,11,1,458.9,998.8800000000002,132,1,11,172.95000000000002,38,452,334.2511111111112,124.94444444444444,34.5,0,0.027942618673327438,-0.7766261972356823,846.1500000000001,0
14769,11,5968.12,11,9,2,870.99,1736.6499999999999,276,1,3,52.209999999999994,53,452,542.5563636363636,401.0,39.9,0,0.008672282084204685,-0.6895109486945836,4763.259999999999,0
13276,3,1300.98,3,3,0,0.0,705.1500000000001,184,1,2,20.7,126,371,433.66,226.33333333333334,122.5,0,0.015661884873796984,-6.559827679515073,0.0,1
14249,12,5400.460000000001,8,7,0,0.0,526.25,177,1,0,0.0,139,408,450.0383333333334,198.5,38.42857142857143,0,0.0,-6.267674819358884,0.0,1
14400,2,1157.77,2,2,0,0.0,501.52000000000004,47,1,1,14.47,137,360,578.885,626.0,223.0,0,0.012343888623490071,-6.2196354401362175,0.0,1
16168,41,6976.57,33,13,1,127.7,2094.68,104,1,5,64.65,48,465,170.16024390243902,79.14634146341463,13.03125,0,0.009181647498586895,-2.7901492474276077,991.81,0
18189,1,313.49000000000007,1,1,0,0.0,0.0,18,1,1,1.25,354,354,313.49000000000007,270.0,,1,0.0039715320582067734,0.0,633.1,0
16377,1,632.28,1,1,0,0.0,0.0,5,1,0,0.0,346,346,632.28,1428.0,,1,0.0,0.0,676.2,0
15309,4,797.96,4,4,0,0.0,0.0,49,1,6,82.43,339,464,199.49,110.0,41.666666666666664,0,0.0936289598927748,0.0,0.0,1
14844,6,3512.6200000000003,4,4,0,0.0,822.12,98,1,2,14.0,159,335,585.4366666666667,422.6666666666667,58.666666666666664,0,0.003969806783832678,-6.713101998067555,874.5500000000002,0
16231,4,1074.47,4,3,0,0.0,786.6700000000001,69,1,0,0.0,108,326,268.6175,140.75,72.66666666666667,0,0.0,-6.669079220418435,0.0,1
17611,16,5379.58,15,11,3,1053.17,465.34999999999997,520,1,2,101.25,49,467,336.22375,216.875,29.857142857142858,0,0.01847347938177247,0.8155725812451307,945.6700000000001,0
17230,17,9185.089999999998,13,8,7,3435.01,0.0,135,1,5,229.04000000000002,39,460,540.2994117647058,215.0,35.083333333333336,0,0.024329385721250932,8.142066193460796,203.4,0
15696,9,2169.67,9,7,4,999.56,353.09,91,1,4,57.099999999999994,7,413,241.07444444444445,95.66666666666667,50.75,0,0.02564252257754505,1.038764004131564,630.3900000000001,0
17888,19,1203.52,18,12,2,112.07999999999998,128.3,101,1,3,294.86,46,447,63.34315789473684,37.89473684210526,23.58823529411765,0,0.19678586206436283,-0.13403975295242176,56.650000000000006,0
14031,31,26259.24,28,15,4,2626.52,7779.580000000002,207,1,8,320.98,9,465,847.0722580645162,322.96774193548384,16.88888888888889,0,0.012075897039226914,-1.0855904500018267,3377.97,0
14092,13,4072.7700000000004,13,11,3,920.23,870.8399999999999,121,1,2,9.65,51,452,313.29,153.07692307692307,33.416666666666664,0,0.0023637940241327446,0.055103812799451646,877.24,0
18177,3,875.45,3,3,0,0.0,0.0,23,1,0,0.0,289,453,291.81666666666666,176.33333333333334,82.0,0,0.0,0.0,713.1,0
16873,7,9651.41,7,6,0,0.0,3827.42,155,1,2,42.8,93,397,1378.7728571428572,828.7142857142857,50.666666666666664,0,0.0044150064832513426,-8.250207464422619,1075.81,0
14857,5,2478.73,3,3,0,0.0,891.91,124,1,2,65.45,171,363,495.746,323.2,96.0,0,0.025725381065805096,-6.794485791922883,0.0,1
15812,8,3645.13,8,8,1,244.8,358.34999999999997,57,1,1,15.299999999999999,46,453,455.64125,324.0,58.142857142857146,0,0.004179836795130626,-0.3797786467825164,809.4200000000001,0
16202,9,2501.99,7,6,1,365.27,709.3700000000001,105,1,2,34.95,89,466,277.99888888888887,145.22222222222223,62.833333333333336,0,0.013776439332424105,-0.6624151947076564,0.0,1
14687,2,773.6800000000001,2,2,0,0.0,462.02000000000004,23,1,0,0.0,129,280,386.84000000000003,190.0,151.0,0,0.0,-6.137770249697566,0.0,1
17040,1,13.52,1,1,0,0.0,0.0,1,1,0,0.0,279,279,13.52,8.0,,1,0.0,0.0,0.0,1
13760,3,1076.85,3,3,0,0.0,402.80999999999995,53,1,1,5.0,133,322,358.95,142.0,94.5,0,0.004621712806766188,-6.000944470307114,135.09,0
12724,4,1297.0099999999998,4,4,1,136.9,276.54999999999995,68,0,0,0.0,61,264,324.25249999999994,260.25,67.66666666666667,0,0.0,-0.6994723123369138,0.0,1
17310,2,1025.1,2,2,0,0.0,260.09999999999997,1,1,0,0.0,116,263,512.55,201.0,147.0,0,0.0,-5.564903475705083,0.0,1
18168,13,2909.85,13,10,2,371.09000000000003,547.11,177,1,5,71.80000000000001,31,465,223.83461538461538,130.76923076923077,36.166666666666664,0,0.024080626498750694,-0.3873402362361187,410.5,0
18109,18,2764.36,18,8,4,660.8199999999999,1502.86,137,1,3,34.45,32,255,153.57555555555555,50.666666666666664,13.117647058823529,0,0.012308802669706055,-0.8207967994293801,1258.11,0
15542,3,855.71,2,2,0,0.0,0.0,212,1,1,22.55,241,466,285.2366666666667,139.33333333333334,225.0,0,0.0256757679958099,0.0,0.0,1
15015,13,2344.4700000000003,11,7,0,0.0,0.0,157,1,7,89.2,230,454,180.3438461538462,119.92307692307692,22.4,0,0.03665246315235837,0.0,0.0,1
16883,18,2101.61,17,7,0,0.0,128.03,144,1,1,9.95,100,464,116.75611111111112,53.72222222222222,22.75,0,0.004712155941578738,-4.860044935463755,144.45000000000002,0
17713,4,1198.09,4,4,0,0.0,585.67,55,1,0,0.0,111,277,299.5225,247.25,55.333333333333336,0,0.0,-6.374462481166128,0.0,1
15394,8,3690.9199999999996,7,7,1,587.66,1219.82,109,1,2,35.4,87,453,461.36499999999995,213.0,61.0,0,0.009499989265548852,-0.729429275692512,848.78,0
15201,2,606.4100000000001,2,2,0,0.0,313.35,23,1,1,8.35,168,340,303.20500000000004,225.0,172.0,0,0.01358253627431843,-5.75050701482907,602.27,0
16827,5,387.18000000000006,5,4,0,0.0,278.18,9,1,0,0.0,122,318,77.436,24.8,49.0,0,0.0,-5.631856735084612,0.0,1
17047,3,1188.33,3,3,0,0.0,422.40000000000003,71,1,0,0.0,160,460,396.10999999999996,217.0,150.0,0,0.0,-6.048317358700765,749.4299999999998,0
16843,21,11374.32,17,11,2,1999.46,1875.13,155,1,3,42.650000000000006,19,458,541.6342857142857,449.3809523809524,27.4375,0,0.003735667169135069,0.06416600955558405,1842.44,0
16574,2,850.3400000000001,2,2,0,0.0,259.43,58,1,0,0.0,152,387,425.1700000000001,293.0,235.0,0,0.0,-5.562334111071826,0.0,1
13539,5,1102.1200000000001,5,5,1,164.10000000000002,98.4,53,1,1,12.600000000000001,38,319,220.42400000000004,104.8,70.25,0,0.01130328692407062,0.5073992372635541,151.55,0
16119,6,1297.45,6,6,0,0.0,418.31,31,1,0,0.0,123,452,216.24166666666667,95.16666666666667,65.8,0,0.0,-6.038610503164925,0.0,1
13557,12,2688.88,11,7,1,240.68,464.35,116,1,3,52.18000000000001,9,460,224.07333333333335,173.0,45.1,0,0.019036431161667387,-0.6551752735533034,0.0,1
13001,25,18316.49,25,14,5,4059.8100000000004,2927.99,292,1,4,36.05,6,465,732.6596000000001,414.16,19.125,0,0.0019643057582220225,0.3267248073986,3752.6900000000005,0
14180,18,3604.5999999999995,17,9,9,2033.87,1307.58,93,1,7,156.7,11,277,200.25555555555553,24.27777777777778,16.625,0,0.04166112780155798,0.44148935496251696,1198.0000000000002,0
16724,1,147.35,1,1,0,0.0,147.35,17,1,0,0.0,133,133,147.35,69.0,,1,0.0,-4.99957434673683,0.0,1
15628,9,2782.0200000000004,9,8,0,0.0,936.58,86,1,3,44.300000000000004,95,455,309.1133333333334,213.88888888888889,45.0,0,0.015674092105635595,-6.843302087537218,685.94,0
16395,11,2486.0600000000004,9,6,2,450.56000000000006,1484.93,353,1,3,78.9,52,462,226.00545454545457,164.1818181818182,51.25,0,0.030760713617366348,-1.1910878634491144,0.0,1
17759,2,441.91999999999996,2,2,0,0.0,309.77,41,1,0,0.0,122,312,220.95999999999998,134.0,190.0,0,0.0,-5.73905308873812,0.0,1
16634,5,1596.71,5,5,0,0.0,977.51,72,1,4,451.50999999999993,101,416,319.342,247.8,78.75,0,0.2204401870892775,-6.886031006507977,53.1,0
13756,12,4470.830000000001,12,9,2,471.6000000000001,2775.5900000000006,104,1,1,15.9,87,453,372.5691666666667,199.5,33.27272727272727,0,0.0035437835572900526,-1.770729470314361,707.41,0
17243,51,13697.23,48,16,6,1460.6,2990.7,291,1,7,132.35,7,467,268.57313725490195,104.05882352941177,9.787234042553191,0,0.009570066480688495,-0.7163100616237825,732.3,0
14696,3,982.58,3,3,1,293.63,688.95,56,1,1,1.25,54,150,327.5266666666667,222.66666666666666,48.0,0,0.0012705447079271826,-0.8508987993597712,583.14,0
18118,9,2034.29,9,5,4,833.5899999999999,1200.7,289,1,3,37.0,11,110,226.03222222222223,121.11111111111111,12.375,0,0.017863263956278456,-0.364551913619267,2062.59,0
13173,10,2202.1099999999997,9,8,0,0.0,539.81,146,1,2,18.85,96,458,220.21099999999996,131.6,45.25,0,0.008487320798213387,-6.2930680156820555,0.0,1
13523,2,1136.64,2,2,0,0.0,1136.64,57,1,0,0.0,95,131,568.32,301.0,36.0,0,0.0,-7.03671122017484,1802.29,0
15680,8,3173.9000000000005,8,8,0,0.0,1162.05,128,1,2,43.1,95,466,396.73750000000007,265.25,53.0,0,0.013397575380789555,-7.058801143855916,0.0,1
13324,10,4502.12,8,7,2,1110.6,1542.4499999999998,24,1,3,42.95,41,292,450.212,384.3,35.857142857142854,0,0.009449799453033729,-0.32821975163922623,2688.3899999999994,0
16899,3,595.26,3,2,1,170.55,424.71,49,1,0,0.0,89,126,198.42,122.0,18.5,0,0.0,-0.9088835939749105,177.0,0
16556,12,5649.78,12,11,2,950.9900000000001,794.4799999999999,209,1,7,402.35,24,461,470.815,251.0,39.72727272727273,0,0.0664807266202147,0.17960882449321502,687.83,0
15789,6,1962.01,5,5,1,351.3,304.27,110,1,1,30.0,87,352,327.00166666666667,416.5,66.25,0,0.01506016536061566,0.1432864544372041,0.0,1
14810,6,910.44,6,4,3,463.84999999999997,446.59000000000003,62,1,0,0.0,14,158,151.74,73.66666666666667,28.8,0,0.0,0.0378371380898983,634.41,0
12939,15,20911.32,13,11,3,7228.32,5840.88,24,1,0,0.0,2,425,1394.088,551.7333333333333,35.25,0,0.0,0.2130923163447367,0.0,1
12359,8,4949.77,8,6,2,2386.41,551.3299999999999,192,0,2,94.0,34,463,618.72125,217.375,61.285714285714285,0,0.018636852988934863,1.4638186815720573,1109.3200000000002,0
14662,5,992.04,5,5,2,356.98,416.81,118,1,0,0.0,4,465,198.408,123.2,115.25,0,0.0,-0.1545496648147564,155.3,0
13330,4,1990.99,4,4,1,335.82,0.0,58,1,0,0.0,44,383,497.7475,349.5,113.0,0,0.0,5.819548663027908,392.4,0
14443,3,1271.17,3,3,1,304.90000000000003,966.27,72,1,3,19.32,39,108,423.72333333333336,255.33333333333334,34.5,0,0.014971057505288689,-1.1512194193875604,0.0,1
17567,4,1984.7799999999997,4,4,2,960.23,1024.5500000000002,93,1,1,9.9,10,170,496.19499999999994,269.5,53.333333333333336,0,0.004963202117632904,-0.064770618666385,395.79,0
14379,3,1028.04,3,3,1,110.98,600.0500000000001,75,1,0,0.0,24,209,342.68,182.66666666666666,92.5,0,0.0,-1.6803578418295153,0.0,1
17090,8,1567.53,7,5,2,461.99999999999994,493.77,23,1,1,91.44,17,237,195.94125,84.125,36.666666666666664,0,0.0551185374057397,-0.06636595403619072,187.04999999999998,0
16923,17,7952.389999999999,16,11,3,1313.8400000000001,3311.5399999999995,264,1,5,366.4,7,406,467.7876470588235,210.58823529411765,26.6,0,0.04404486710206653,-0.9240002814879649,1820.4,0
13999,19,6210.15,19,13,2,609.7,946.8,141,1,4,27.699999999999996,51,463,326.84999999999997,169.73684210526315,22.88888888888889,0,0.004440632589754482,-0.4395376693043991,637.1199999999999,0
18145,8,3357.2,8,8,1,609.0100000000001,760.02,141,1,1,17.700000000000003,41,460,419.65,380.75,59.857142857142854,0,0.005244599839995261,-0.22118428824966685,414.77,0
13728,11,1997.61,11,11,1,158.58,331.55,58,1,0,0.0,39,459,181.60090909090908,77.18181818181819,42.0,0,0.0,-0.7342448608502954,335.35,0
12406,3,2975.0599999999995,3,3,0,0.0,1345.8599999999997,44,0,1,183.60000000000002,128,426,991.6866666666665,532.6666666666666,149.0,0,0.05812591415347016,-7.205531236339145,1621.2500000000002,0
13491,23,4055.75,23,16,5,705.01,436.70000000000005,124,1,0,0.0,9,461,176.33695652173913,84.8695652173913,20.545454545454547,0,0.0,0.47809565750202854,227.72,0
14465,9,3484.71,9,8,1,597.3,394.20000000000005,31,1,0,0.0,31,430,387.19,258.55555555555554,49.875,0,0.0,0.41470033452227284,441.14,0
16419,4,1021.9200000000001,4,4,2,516.93,0.0,48,1,1,12.75,4,397,255.48000000000002,119.5,131.0,0,0.012322769578706254,6.249840097992773,0.0,1
13520,7,3250.17,7,7,1,565.12,606.35,64,0,2,92.14999999999999,53,451,464.31,277.2857142857143,66.33333333333333,0,0.02757066947509514,-0.07029916128064162,943.46,0
13552,11,3522.55,7,7,1,313.7,916.7,95,1,6,159.75,44,387,320.2318181818182,117.0,57.166666666666664,0,0.043383211579719194,-1.0702507357546063,1547.59,0
16331,6,2037.7,4,3,0,0.0,400.8,33,1,0,0.0,161,371,339.6166666666667,126.0,70.0,0,0.0,-5.995954452380834,0.0,1
12957,6,5103.110000000001,5,5,1,413.67999999999995,0.0,240,1,5,46.699999999999996,68,457,850.5183333333334,414.8333333333333,97.25,0,0.009068295723531546,6.0275071384549115,1301.61,0
14146,8,6500.73,6,6,1,1241.43,3825.6900000000005,226,1,1,1241.43,86,424,812.59125,486.75,67.6,0,0.16034672494497662,-1.1249310603922646,662.3000000000001,0
14330,1,200.63,1,1,0,0.0,0.0,13,1,0,0.0,352,352,200.63,103.0,,1,0.0,0.0,0.0,1
14160,7,8421.47,7,4,0,0.0,0.0,80,1,0,0.0,339,427,1203.0671428571427,665.8571428571429,14.666666666666666,0,0.0,0.0,0.0,1
12392,1,234.75000000000003,1,1,0,0.0,0.0,7,0,0,0.0,320,320,234.75000000000003,73.0,,1,0.0,0.0,0.0,1
14389,3,854.55,3,3,0,0.0,319.2,29,1,4,45.739999999999995,153,319,284.84999999999997,219.66666666666666,83.0,0,0.0508058514478668,-5.768945800562614,311.14,0
14316,5,1370.34,4,4,0,0.0,306.24,21,1,1,15.0,151,359,274.068,898.8,69.33333333333333,0,0.010827666854346225,-5.7276292011304815,0.0,1
13943,1,246.54000000000002,1,1,0,0.0,0.0,15,1,0,0.0,306,306,246.54000000000002,94.0,,1,0.0,0.0,0.0,1
12931,45,52164.78,33,13,3,1873.3999999999999,26058.7,23,1,7,12289.220000000001,26,467,1159.2173333333333,808.9333333333333,13.78125,0,0.19066652186055172,-2.632101451523363,2047.3000000000002,0
14876,2,256.7,2,2,0,0.0,0.0,12,1,0,0.0,250,290,128.35,81.0,40.0,0,0.0,0.0,0.0,1
14209,10,3267.79,10,9,1,347.95,937.1499999999999,104,1,3,49.599999999999994,61,415,326.779,114.5,39.333333333333336,0,0.014951513087095577,-0.988981205470223,735.2000000000002,0
15563,4,1729.21,4,4,1,270.19,0.0,128,1,1,5.04,87,409,432.3025,454.75,107.33333333333333,0,0.0029061553985872857,5.602819682230066,465.42999999999995,0
14610,2,24.35,2,2,0,0.0,10.9,10,1,0,0.0,124,243,12.175,7.5,119.0,0,0.0,-2.4765384001174837,0.0,1
15251,10,9839.550000000001,9,8,0,0.0,940.04,99,1,5,47.74,143,408,983.9550000000002,593.7,33.125,0,0.004828421134608169,-6.846985646652186,4095.7200000000003,0
18226,16,7068.130000000001,15,8,1,417.29999999999995,2040.3200000000002,223,1,10,97.60000000000002,66,373,441.75812500000006,298.9375,21.928571428571427,0,0.013620384803781332,-1.5851530579613389,2183.04,0
17422,6,1936.6399999999999,6,6,1,321.25000000000006,1011.09,87,1,6,182.21999999999997,25,263,322.7733333333333,250.66666666666666,47.6,0,0.08599907497427862,-1.14444513688015,306.82000000000005,0
16950,8,2527.21,8,8,0,0.0,903.6000000000001,83,1,1,51.17999999999999,96,413,315.90125,226.5,45.285714285714285,0,0.019849596065761966,-6.8074928570437425,0.0,1
16421,3,526.27,3,3,0,0.0,215.67000000000002,35,1,0,0.0,105,198,175.42333333333332,41.0,46.5,0,0.0,-5.378375458718616,0.0,1
12744,5,6090.84,3,3,1,2053.0699999999997,0.0,141,0,0,0.0,47,320,1218.1680000000001,568.8,136.5,0,0.0,7.627578469752005,2118.74,0
12530,6,2214.38,6,6,1,333.40000000000003,391.42999999999995,69,0,1,12.75,65,371,369.06333333333333,313.3333333333333,61.2,0,0.0057248566540794655,-0.16002029615769864,381.6000000000001,0
14825,16,3393.34,16,10,3,695.1700000000001,1304.2100000000003,170,1,3,38.800000000000004,4,341,212.08375,134.4375,22.466666666666665,0,0.01130490014976079,-0.6285253429677571,140.7,0
14099,12,3465.47,12,10,3,818.7299999999999,976.16,199,1,1,54.0,24,458,288.78916666666663,188.0,39.45454545454545,0,0.015343219291541057,-0.17567538752213085,502.72999999999996,0
15329,8,1909.13,8,7,0,0.0,766.55,60,1,8,195.15,103,454,238.64125,91.375,50.142857142857146,0,0.09273955937422776,-6.64320362391921,0.0,1
16341,3,1878.92,3,2,0,0.0,1116.64,67,1,1,6.01,166,338,626.3066666666667,541.3333333333334,86.0,0,0.0031884473163459647,-7.018974598282943,797.6499999999999,0
13849,3,1931.35,3,3,0,0.0,1421.7,108,1,1,25.5,126,353,643.7833333333333,289.0,113.5,0,0.013031146996448374,-7.260311753657121,0.0,1
13360,4,1503.6499999999999,4,3,0,0.0,471.34,57,1,2,39.55,160,429,375.91249999999997,235.25,89.66666666666667,0,0.025628564022809747,-6.157699065249005,0.0,1
17429,2,832.54,2,2,0,0.0,832.54,53,1,1,2.5,125,158,416.27,331.0,33.0,0,0.002993868557194865,-6.725681691441266,376.14,0
13722,8,4723.47,5,5,1,1463.4700000000003,1373.0,112,1,0,0.0,11,375,590.43375,327.0,91.0,0,0.0,0.06376720846857609,0.0,1
13700,5,487.86,4,3,2,139.52,266.78999999999996,57,1,1,27.25,56,399,97.572,151.2,114.33333333333333,0,0.05290132204771796,-0.6448532638627649,787.6500000000002,0
17191,12,3037.54,9,8,1,310.77000000000004,1152.6399999999999,209,1,1,25.5,9,467,253.12833333333333,126.75,57.25,0,0.008325062682824905,-1.3084117035214584,354.82,0
14183,2,278.34,2,2,0,0.0,138.76,27,1,0,0.0,140,210,139.17,30.0,70.0,0,0.0,-4.939926665825801,0.0,1
17274,1,465.4,1,1,0,0.0,465.4,52,1,0,0.0,124,124,465.4,194.0,,1,0.0,-6.1450436350362825,0.0,1
17968,4,590.4399999999999,4,3,0,0.0,461.9,106,1,0,0.0,102,241,147.60999999999999,88.0,46.333333333333336,0,0.0,-6.137511048037225,0.0,1
13988,2,609.8399999999999,2,2,0,0.0,299.64,54,1,0,0.0,112,354,304.91999999999996,170.5,242.0,0,0.0,-5.705913535665156,1356.08,0
16972,2,749.0,2,2,0,0.0,472.05000000000007,54,1,0,0.0,111,185,374.5,91.5,74.0,0,0.0,-6.159201091150454,0.0,1
12573,4,556.8699999999999,4,3,0,0.0,404.8499999999999,83,0,0,0.0,110,194,139.21749999999997,98.75,28.0,0,0.0,-6.005983633207184,160.53999999999996,0
12971,51,6766.1900000000005,47,15,18,1983.31,2031.23,61,1,2,266.4,2,453,132.67039215686276,144.09803921568627,9.804347826086957,0,0.03788078076498132,-0.023862465630303475,2607.84,0
13381,7,5001.17,7,7,1,416.11,1481.15,123,1,2,26.85,27,467,714.4528571428572,480.42857142857144,73.33333333333333,0,0.005340074224048433,-1.2678990393276477,655.24,0
12868,5,1109.91,5,3,2,469.90999999999997,640.0,57,1,0,0.0,45,121,221.98200000000003,128.2,19.0,0,0.0,-0.30836246396544453,933.8499999999999,0
12867,8,4606.869999999999,8,8,2,786.9499999999999,1614.29,274,1,1,8.25,27,452,575.8587499999999,555.5,60.714285714285715,0,0.0017876024892093817,-0.7178351500319993,942.4400000000002,0
16316,9,3954.9700000000003,8,6,4,1148.97,1812.25,142,1,4,76.55000000000001,4,222,439.4411111111111,223.88888888888889,31.142857142857142,0,0.01898787554073898,-0.4553849601830189,680.1400000000001,0
12431,15,5856.049999999999,15,11,4,1710.53,724.0,174,0,3,67.5,14,422,390.4033333333333,168.86666666666667,29.142857142857142,0,0.011395193760498351,0.858971331445729,947.2500000000002,0
12502,1,505.25,1,1,1,505.25,0.0,30,0,0,0.0,38,38,505.25,167.0,,1,0.0,6.2270306184207485,973.4000000000001,0
14157,4,822.98,4,4,1,269.18,400.95,68,1,1,32.45,14,375,205.745,109.0,120.33333333333333,0,0.03793413838654244,-0.3972392992324343,0.0,1
12758,6,8681.84,6,6,1,1570.19,0.0,168,0,1,124.24000000000001,5,467,1446.9733333333334,854.8333333333334,92.4,0,0.014108434172753372,7.359588573017829,0.0,1
16426,1,328.37,1,1,1,328.37,0.0,11,1,0,0.0,5,5,328.37,157.0,,1,0.0,5.797181738914751,0.0,1
14350,3,972.0300000000002,3,3,1,282.93,689.1000000000001,55,1,0,0.0,3,159,324.01000000000005,181.0,78.0,0,0.0,-0.8881087857195,0.0,1
17213,9,3025.12,9,6,2,624.05,312.90000000000003,91,1,6,97.07,45,453,336.1244444444444,137.11111111111111,51.0,0,0.031090356448518507,0.688757182688664,0.0,1
17561,3,537.9000000000001,3,3,0,0.0,177.25000000000003,129,1,0,0.0,119,462,179.30000000000004,79.0,171.5,0,0.0,-5.183187059294405,0.0,1
12714,8,9399.15,8,8,1,878.3,1390.2299999999998,340,0,0,0.0,23,464,1174.89375,800.625,63.0,0,0.0,-0.4588173905399229,739.62,0
15504,3,338.62,3,3,0,0.0,0.0,32,1,1,9.95,249,394,112.87333333333333,35.0,72.5,0,0.028545198955733424,0.0,0.0,1
16892,2,236.56,2,2,0,0.0,0.0,38,1,1,15.95,283,460,118.28,65.5,177.0,0,0.063165815215239,0.0,102.97999999999999,0
14532,10,3705.23,10,9,3,792.3000000000001,771.63,190,1,1,12.75,14,427,370.523,94.5,45.888888888888886,0,0.003429281491562623,0.026401180904709776,140.54999999999998,0
17933,1,105.99000000000001,1,1,0,0.0,0.0,11,1,0,0.0,361,361,105.99000000000001,57.0,,1,0.0,0.0,0.0,1
18078,2,389.40000000000003,2,2,0,0.0,133.18,43,1,0,0.0,154,357,194.70000000000002,112.5,203.0,0,0.0,-4.899182182134742,336.13,0
12870,3,1676.95,3,3,0,0.0,1184.95,85,1,1,14.899999999999999,104,353,558.9833333333333,302.0,124.5,0,0.008806927328072818,-7.078299420152955,0.0,1
13446,11,3881.89,11,7,0,0.0,287.68000000000006,113,1,7,268.62,159,392,352.8990909090909,218.45454545454547,23.3,0,0.06471975733102679,-5.665318808204073,0.0,1
16654,5,1110.2,5,5,0,0.0,382.4,50,1,0,0.0,97,341,222.04000000000002,84.2,61.0,0,0.0,-5.949078830611544,309.85,0
12671,1,2622.4799999999996,1,1,0,0.0,0.0,44,0,0,0.0,335,335,2622.4799999999996,1459.0,,1,0.0,0.0,0.0,1
12876,2,1698.77,2,2,0,0.0,903.23,69,0,1,13.2,123,319,849.385,547.5,196.0,0,0.007710415486252679,-6.807083752810442,666.4300000000001,0
17281,6,797.8499999999999,6,6,0,0.0,287.54999999999995,2,1,0,0.0,103,402,132.975,49.166666666666664,59.8,0,0.0,-5.6648683811569756,0.0,1
14301,3,1352.04,3,3,0,0.0,423.4200000000001,29,1,2,27.85,145,395,450.68,360.0,125.0,0,0.020182768191667453,-6.0507235309829035,0.0,1
12835,41,5996.83,37,11,0,0.0,259.93,138,1,8,24.639999999999997,156,465,146.2641463414634,57.292682926829265,8.583333333333334,0,0.004092024040641238,-5.564252172117131,0.0,1
17147,6,1894.8600000000001,6,6,1,409.5,0.0,54,1,7,130.79999999999998,40,426,315.81,112.66666666666667,77.2,0,0.0645715470513314,6.017375928892483,563.6100000000001,0
15796,10,2806.9400000000005,10,8,1,343.92,830.9200000000002,110,1,4,104.30000000000001,31,347,280.6940000000001,99.7,35.111111111111114,0,0.03582665805636086,-0.880423776267854,902.0500000000001,0
18042,1,116.1,1,1,0,0.0,0.0,9,1,0,0.0,270,270,116.1,36.0,,1,0.0,0.0,0.0,1
13589,4,741.0900000000001,4,4,0,0.0,88.5,29,1,0,0.0,178,462,185.27250000000004,44.75,94.66666666666667,0,0.0,-4.4942386252808095,0.0,1
12592,2,1322.04,1,1,0,0.0,0.0,30,0,0,0.0,248,248,661.02,789.0,,1,0.0,0.0,213.8,0
13824,8,2058.7,8,8,1,442.88,495.79999999999995,41,1,2,41.400000000000006,39,366,257.3375,120.75,46.714285714285715,0,0.01971334698347698,-0.1126332749869059,790.1000000000001,0
14905,6,1355.24,6,6,0,0.0,377.53999999999996,39,1,1,15.45,103,465,225.87333333333333,120.33333333333333,72.4,0,0.011271695277560936,-5.936321747610773,308.54999999999995,0
17663,11,3744.3099999999995,11,8,1,371.39,517.02,120,1,4,80.14999999999999,16,374,340.3918181818181,152.63636363636363,35.8,0,0.02095720703053503,-0.3300721593567788,419.4200000000001,0
16448,1,178.13,1,1,0,0.0,0.0,31,1,0,0.0,200,200,178.13,100.0,,1,0.0,0.0,182.99,0
14026,2,713.11,2,2,0,0.0,0.0,43,1,0,0.0,199,354,356.555,213.5,155.0,0,0.0,0.0,0.0,1
17512,11,3194.04,10,6,3,651.2100000000002,0.0,79,1,2,35.55,19,458,290.36727272727273,296.3636363636364,48.77777777777778,0,0.011007589198628927,6.480366595957698,651.2100000000002,0
12433,5,7205.389999999999,5,4,0,0.0,7052.99,163,0,0,0.0,95,205,1441.078,1209.0,27.5,0,0.0,-8.861348693159607,0.0,1
13264,1,722.56,1,1,0,0.0,722.56,38,1,0,0.0,171,171,722.56,375.0,,1,0.0,-6.584183472833434,0.0,1
16128,7,2309.13,6,4,1,388.30000000000007,1162.98,102,1,3,52.65,11,240,329.8757142857143,233.0,45.8,0,0.022292508192973095,-1.095250191396774,0.0,1
17219,1,144.9,1,1,0,0.0,144.9,24,1,0,0.0,145,145,144.9,99.0,,1,0.0,-4.98292145552874,0.0,1
13898,2,686.3999999999999,2,2,1,155.93,530.4699999999999,43,1,0,0.0,54,140,343.19999999999993,272.0,86.0,0,0.0,-1.219846906112009,0.0,1
16787,4,1017.5300000000001,4,4,0,0.0,192.45000000000005,102,1,0,0.0,126,427,254.38250000000002,118.0,100.33333333333333,0,0.0,-5.265019081146522,0.0,1
17345,6,1066.94,4,4,0,0.0,298.34000000000003,110,1,2,120.30000000000001,104,467,177.82333333333335,277.8333333333333,121.0,0,0.10132744853610054,-5.7015800511010015,125.38000000000002,0
15808,21,17180.25,21,14,3,2698.22,3045.2699999999995,348,1,3,141.29999999999998,35,467,818.1071428571429,321.57142857142856,21.6,0,0.008157468586818154,-0.1209550490000888,0.0,1
14487,2,225.89000000000001,2,2,0,0.0,225.89000000000001,32,1,1,12.75,97,108,112.94500000000001,43.0,11.0,0,0.05342775729131746,-5.424465318536048,0.0,1
13171,1,140.35,1,1,1,140.35,0.0,23,1,0,0.0,28,28,140.35,53.0,,1,0.0,4.9512390841395995,0.0,1
17472,3,663.0799999999999,3,2,2,438.27,0.0,137,1,0,0.0,17,357,221.02666666666664,127.33333333333333,170.0,0,0.0,6.085114258187735,259.27,0
14229,6,1808.9699999999998,5,5,2,762.13,657.2,37,1,4,125.04999999999998,20,200,301.49499999999995,104.5,45.0,0,0.06465806972006494,0.1479195603408172,0.0,1
15847,4,613.9799999999999,4,4,1,180.67999999999998,352.67999999999995,28,1,0,0.0,17,370,153.49499999999998,135.5,117.66666666666667,0,0.0,-0.6661456517206847,0.0,1
15447,5,492.8800000000001,4,4,1,155.17000000000002,0.0,27,1,1,7.95,59,354,98.57600000000002,45.6,98.33333333333333,0,0.015873649741429224,5.050945157499754,0.0,1
16290,4,1957.7000000000003,4,4,0,0.0,0.0,85,1,0,0.0,193,294,489.42500000000007,239.25,33.666666666666664,0,0.0,0.0,0.0,1
17949,78,53969.09999999999,47,16,5,2852.1,16848.839999999997,32,1,7,4549.68,2,466,691.9115384615384,409.4871794871795,10.08695652173913,0,0.0777473487998212,-1.775935038763535,6465.9,0
12365,1,320.69,1,1,1,320.69,0.0,21,0,0,0.0,20,20,320.69,173.0,,1,0.0,5.773588348900164,0.0,1
15367,8,3968.3199999999997,7,6,1,764.58,590.4000000000001,177,1,1,65.69999999999999,4,458,496.03999999999996,287.375,75.66666666666667,0,0.01628648345818811,0.2581411090771626,651.5999999999999,0
16191,18,12516.580000000002,11,7,7,2019.28,8127.420000000001,75,1,11,323.29999999999995,30,457,695.3655555555556,407.3888888888889,42.7,0,0.025179363047006666,-1.392130447060972,596.4000000000001,0
17609,8,1305.83,6,6,2,528.75,278.5799999999999,230,1,3,135.35,31,338,163.22875,106.875,61.4,0,0.0939160965320085,0.6391167201054264,0.0,1
16680,2,637.75,2,1,0,0.0,0.0,16,1,0,0.0,257,263,318.875,141.5,6.0,0,0.0,0.0,0.0,1
14224,6,1076.28,6,5,1,244.3,164.88,135,1,0,0.0,49,273,179.38,73.66666666666667,44.8,0,0.0,0.3912173158862631,247.76999999999998,0
15985,5,1572.8600000000001,4,4,0,0.0,416.3,34,1,0,0.0,165,290,314.572,332.8,41.666666666666664,0,0.0,-6.033805387597507,899.58,0
15166,1,167.15999999999997,1,1,0,0.0,0.0,12,1,0,0.0,196,196,167.15999999999997,140.0,,1,0.0,0.0,0.0,1
17182,2,321.3,2,2,0,0.0,142.8,4,1,0,0.0,151,447,160.65,27.0,296.0,0,0.0,-4.9684234452869465,0.0,1
16862,4,662.3300000000002,4,3,0,0.0,0.0,34,1,0,0.0,276,430,165.58250000000004,128.25,51.333333333333336,0,0.0,0.0,0.0,1
14762,1,117.05000000000001,1,1,0,0.0,0.0,9,1,0,0.0,355,355,117.05000000000001,87.0,,1,0.0,0.0,300.52000000000004,0
17185,3,229.45999999999998,2,1,0,0.0,0.0,38,1,0,0.0,320,327,76.48666666666666,39.666666666666664,7.0,0,0.0,0.0,0.0,1
15127,1,304.97,1,1,0,0.0,0.0,12,1,0,0.0,248,248,304.97,213.0,,1,0.0,0.0,0.0,1
16458,15,2775.5499999999993,15,9,3,567.4,885.2900000000001,68,1,0,0.0,13,291,185.0366666666666,103.53333333333333,19.857142857142858,0,0.0,-0.44421881459642165,738.3000000000001,0
15953,13,2435.18,13,10,2,444.38,901.92,68,1,2,138.9,12,465,187.32153846153844,94.46153846153847,37.75,0,0.053961026852312285,-0.706706105557867,171.92000000000002,0
13329,7,4323.969999999999,5,5,0,0.0,3334.92,60,1,6,135.95,95,464,617.7099999999999,431.85714285714283,92.25,0,0.030482609553534597,-8.112503782375745,0.0,1
12947,2,605.7,2,2,1,301.66,304.04,31,1,2,159.85,65,102,302.85,209.5,37.0,0,0.2088041277512899,-0.007832852290428072,773.9899999999999,0
15934,2,2190.6600000000003,2,1,0,0.0,2190.6600000000003,29,1,0,0.0,146,158,1095.3300000000002,1083.0,12.0,0,0.0,-7.692414526548134,0.0,1
15222,11,3550.91,11,8,1,585.0,0.0,98,1,6,135.25,47,452,322.81,405.27272727272725,40.5,0,0.036691299346745664,6.373319789577012,0.0,1
13250,2,253.09,2,2,0,0.0,0.0,17,1,1,7.5,189,231,126.545,53.5,42.0,0,0.028780843470585973,0.0,0.0,1
15381,3,1293.7200000000003,3,3,0,0.0,193.85999999999999,16,1,1,2.95,152,312,431.24000000000007,210.33333333333334,80.0,0,0.002275058418872959,-5.272281351997195,596.85,0
13663,4,1858.0400000000002,4,3,0,0.0,1312.59,75,1,1,33.9,109,375,464.51000000000005,200.5,88.66666666666667,0,0.01791811579648403,-7.180519126001709,0.0,1
13777,43,32145.350000000002,30,15,6,1644.09,19319.04,42,1,6,348.48,5,466,747.5662790697675,341.5813953488372,15.89655172413793,0,0.010724497543072023,-2.4633478052086737,2872.0699999999997,0
14145,3,3857.85,3,3,0,0.0,0.0,10,1,0,0.0,188,339,1285.95,299.6666666666667,75.5,0,0.0,0.0,1128.6,0
16690,2,127.45,2,2,0,0.0,127.45,5,1,0,0.0,122,180,63.725,35.5,58.0,0,0.0,-4.855539723555893,86.5,0
17857,4,2595.54,4,3,2,792.3399999999999,1335.2,8,1,0,0.0,25,370,648.885,834.5,115.0,0,0.0,-0.52133316216793,6656.3,0
13958,8,4709.230000000001,5,5,0,0.0,765.72,172,1,4,204.45,108,463,588.6537500000002,283.0,88.75,0,0.04160832614252453,-6.642121676046975,0.0,1
17406,13,4186.95,11,8,2,1482.32,1002.5500000000001,155,1,5,312.95,62,462,322.0730769230769,142.07692307692307,40.0,0,0.06954598991088691,0.39073910508223,0.0,1
13270,1,590.0,1,1,0,0.0,590.0,1,1,0,0.0,95,95,590.0,200.0,,1,0.0,-6.3818160174060985,0.0,1
13953,7,4125.0,7,7,2,1000.0,500.0,1,1,0,0.0,3,457,589.2857142857143,471.42857142857144,75.66666666666667,0,0.0,0.6921486782303559,750.0,0
17181,2,225.45000000000002,2,2,0,0.0,155.52,7,1,0,0.0,102,324,112.72500000000001,121.5,222.0,0,0.0,-5.053183797342212,0.0,1
14962,3,240.21000000000004,3,2,0,0.0,0.0,9,1,0,0.0,268,313,80.07000000000001,26.333333333333332,22.5,0,0.0,0.0,126.70000000000002,0
16454,1,1.55,1,1,0,0.0,0.0,1,1,0,0.0,340,340,1.55,1.0,,1,0.0,0.0,0.0,1
16773,2,249.65,2,2,0,0.0,111.9,34,1,0,0.0,165,462,124.825,40.5,297.0,0,0.0,-4.726502471155617,0.0,1
14628,3,1326.04,3,3,0,0.0,632.31,52,1,0,0.0,171,412,442.0133333333333,291.6666666666667,120.5,0,0.0,-6.450960033702472,331.58000000000004,0
13900,3,869.6400000000001,3,3,0,0.0,286.72,46,1,1,2.5,118,353,289.88000000000005,169.33333333333334,117.5,0,0.0028665122572064114,-5.661987784999155,740.95,0
13684,4,594.8799999999999,4,4,1,65.13,132.82999999999998,81,1,2,50.46,14,350,148.71999999999997,58.5,112.0,0,0.07819134099854341,-0.7049478361217121,0.0,1
12849,4,2023.33,4,3,0,0.0,1567.38,79,1,0,0.0,110,320,505.8325,313.75,70.0,0,0.0,-7.357798518487853,651.21,0
16408,1,231.92999999999998,1,1,0,0.0,0.0,45,1,0,0.0,320,320,231.92999999999998,227.0,,1,0.0,0.0,0.0,1
16520,4,1427.57,4,4,0,0.0,782.5699999999999,201,1,1,6.75,94,376,356.8925,176.0,94.0,0,0.004706062803279603,-6.663860400498299,720.81,0
15012,2,429.78,2,2,0,0.0,188.55999999999997,107,1,0,0.0,102,305,214.89,121.0,203.0,0,0.0,-5.244705597099387,0.0,1
13705,5,1323.4699999999998,5,5,0,0.0,634.53,43,1,0,0.0,102,353,264.69399999999996,129.2,62.75,0,0.0,-6.454459296438979,0.0,1
15331,3,767.9100000000001,2,2,0,0.0,0.0,41,1,1,12.5,228,338,255.97000000000003,233.66666666666666,110.0,0,0.01601722171678989,0.0,0.0,1
14433,1,280.7,1,1,0,0.0,0.0,72,1,0,0.0,194,194,280.7,131.0,,1,0.0,0.0,0.0,1
13032,7,1805.7800000000002,4,3,0,0.0,1071.48,110,1,1,12.3,121,189,257.96857142857147,128.42857142857142,22.666666666666668,0,0.0067653788612162275,-6.977729002609648,0.0,1
17720,7,1572.9699999999998,7,7,0,0.0,846.85,62,1,2,53.849999999999994,96,307,224.70999999999998,148.14285714285714,35.166666666666664,0,0.03310138798391955,-6.742703733353136,430.38,0
12371,3,1819.4199999999998,2,2,0,0.0,1331.7399999999998,90,0,0,0.0,138,374,606.4733333333332,278.6666666666667,236.0,0,0.0,-7.194992252392034,0.0,1
17179,4,1038.47,4,4,1,243.0,602.3,49,1,0,0.0,90,291,259.6175,108.25,67.0,0,0.0,-0.9052463601535141,245.31000000000003,0
15001,2,197.11,1,1,0,0.0,197.11,43,1,0,0.0,123,123,98.555,34.5,,1,0.0,-5.288822431986235,0.0,1
17689,2,317.08,2,2,0,0.0,151.07999999999998,17,1,0,0.0,117,203,158.54,150.0,86.0,0,0.0,-5.024406698180174,0.0,1
14152,5,1376.05,4,4,0,0.0,743.64,75,1,1,11.7,116,388,275.21,226.6,90.66666666666667,0,0.008430913348946136,-6.612900880113927,314.51,0
15579,4,1118.38,4,3,1,195.35,923.0300000000001,125,1,2,35.25,42,161,279.595,162.75,39.666666666666664,0,0.03055572410564912,-1.5488457576230736,0.0,1
15053,1,222.65,1,1,1,222.65,0.0,19,1,0,0.0,10,10,222.65,257.0,,1,0.0,5.410082329878857,0.0,1
14078,5,808.74,5,5,1,170.04999999999998,136.24,81,1,0,0.0,13,350,161.748,67.6,84.25,0,0.0,0.22022469343336404,521.62,0
17236,9,1458.5,9,8,2,319.09,299.42999999999995,68,1,0,0.0,28,371,162.05555555555554,64.22222222222223,42.875,0,0.0,0.0633874245025785,118.45,0
15169,2,569.22,2,2,0,0.0,213.05,58,1,0,0.0,111,455,284.61,178.0,344.0,0,0.0,-5.366209632590955,0.0,1
17802,8,3761.38,7,6,0,0.0,1386.07,246,1,5,104.08000000000001,101,455,470.1725,253.5,59.0,0,0.02692564403719092,-7.234948887678679,0.0,1
13889,5,1574.33,5,5,0,0.0,444.75,50,1,2,135.5,111,415,314.866,166.6,76.0,0,0.07924764450266986,-6.09975825674325,0.0,1
14556,3,815.69,3,3,0,0.0,0.0,158,1,0,0.0,325,417,271.8966666666667,107.66666666666667,46.0,0,0.0,0.0,0.0,1
18254,1,267.9,1,1,0,0.0,0.0,16,1,0,0.0,310,310,267.9,188.0,,1,0.0,0.0,0.0,1
14618,5,1000.6800000000001,4,4,1,211.8,543.1500000000001,35,1,2,31.8,66,275,200.13600000000002,106.4,69.66666666666667,0,0.03079962807996281,-0.9388721866745815,0.0,1
12799,1,219.34999999999997,1,1,0,0.0,0.0,15,0,0,0.0,258,258,219.34999999999997,137.0,,1,0.0,0.0,0.0,1
17667,5,2823.2400000000002,5,5,1,928.0500000000001,302.9,122,1,3,66.9,27,383,564.648,328.4,89.0,0,0.023147667587037304,1.1174638587560164,428.62000000000006,0
15095,6,1771.04,5,5,0,0.0,516.75,60,1,0,0.0,149,416,295.17333333333335,192.33333333333334,66.75,0,0.0,-6.249492500275694,770.5,0
16289,1,136.30999999999997,1,1,0,0.0,0.0,21,1,1,37.5,191,191,136.30999999999997,97.0,,1,0.2157528335538807,0.0,0.0,1
14915,10,1646.0500000000002,9,8,1,142.27999999999997,497.67,63,1,1,9.95,6,465,164.60500000000002,67.1,57.375,0,0.006008454106280192,-1.2471437965834946,0.0,1
17473,2,607.0,2,2,0,0.0,308.90000000000003,33,1,1,14.850000000000001,137,185,303.5,135.0,48.0,0,0.023880356999276355,-5.736249664793703,0.0,1
18287,4,2295.71,3,3,0,0.0,1224.1,76,1,1,5.1,111,300,573.9275,356.5,94.5,0,0.0022166106718938114,-7.110777752300125,765.28,0
18096,3,789.0999999999999,3,2,0,0.0,431.9599999999999,153,1,0,0.0,171,242,263.0333333333333,197.33333333333334,35.5,0,0.0,-6.070645344982423,0.0,1
12348,3,1061.4,3,3,2,840.24,221.16000000000003,20,0,0,0.0,47,167,353.8,740.0,60.0,0,0.0,1.331479150816934,327.0,0
13966,1,384.26,1,1,0,0.0,384.26,21,1,0,0.0,164,164,384.26,760.0,,1,0.0,-5.953918431034012,0.0,1
17629,3,880.0500000000002,3,3,1,238.65000000000003,641.4000000000001,36,1,1,30.0,88,150,293.3500000000001,129.66666666666666,31.0,0,0.03296522169111587,-0.9860316370269118,367.53999999999996,0
17430,3,469.40999999999997,3,3,0,0.0,258.61,24,1,0,0.0,94,208,156.47,108.33333333333333,57.0,0,0.0,-5.559180504889261,0.0,1
16354,3,723.6599999999999,3,3,0,0.0,515.3799999999999,87,1,0,0.0,108,320,241.21999999999994,147.33333333333334,106.0,0,0.0,-6.24684292855555,0.0,1
13569,3,497.73999999999995,3,3,0,0.0,497.73999999999995,103,1,0,0.0,96,157,165.91333333333333,77.33333333333333,30.5,0,0.0,-6.212084917877753,0.0,1
12665,3,259.6,3,3,1,45.0,63.8,12,0,2,12.15,53,398,86.53333333333335,54.0,172.5,0,0.04471021159153634,-0.34266420686913346,0.0,1
15914,2,205.99,1,1,0,0.0,205.99,13,1,0,0.0,107,107,102.995,74.5,,1,0.0,-5.332670482919699,0.0,1
16628,2,130.05,2,2,0,0.0,52.05,8,1,0,0.0,136,370,65.025,27.5,234.0,0,0.0,-3.971234865059992,712.9100000000001,0
13635,3,1928.1299999999999,3,2,0,0.0,1130.98,89,1,2,50.940000000000005,171,467,642.7099999999999,402.3333333333333,148.0,0,0.025739362427807003,-7.031723590762527,0.0,1
17069,7,3390.7299999999996,6,5,1,306.15000000000003,1833.75,130,1,4,34.900000000000006,83,465,484.38999999999993,279.42857142857144,76.4,0,0.01018790704191638,-1.7873272838152356,489.87,0
17604,5,769.2600000000001,5,5,1,136.23999999999998,202.84,125,1,0,0.0,41,410,153.85200000000003,99.8,92.25,0,0.0,-0.3956041543935491,173.12,0
13048,6,2707.33,6,6,1,477.61,365.67999999999995,102,1,3,19.05,56,410,451.22166666666664,296.6666666666667,70.8,0,0.006987287172000968,0.2663965364373846,445.81000000000006,0
17930,8,2534.74,8,6,0,0.0,624.64,22,1,2,32.3,122,374,316.8425,275.125,36.0,0,0.012582585390177013,-6.438775125806041,390.6,0
15910,9,1743.19,9,9,2,310.90000000000003,420.8,290,1,0,0.0,17,416,193.6877777777778,153.22222222222223,49.875,0,0.0,-0.3018486444309172,239.71,0
16569,4,1331.0300000000002,4,4,0,0.0,0.0,23,1,0,0.0,360,452,332.75750000000005,223.75,30.666666666666668,0,0.0,0.0,0.0,1
14186,5,1550.6299999999997,5,5,0,0.0,365.14,75,1,0,0.0,156,373,310.1259999999999,310.0,54.25,0,0.0,-5.903015773922869,0.0,1
16686,11,2609.1,9,9,2,687.9100000000001,560.7,328,1,2,19.35,34,462,237.1909090909091,179.45454545454547,53.5,0,0.00736175312446499,0.20414273885031342,507.71999999999997,0
14248,3,1032.95,3,3,1,302.58,0.0,41,1,0,0.0,47,244,344.31666666666666,230.66666666666666,98.5,0,0.0,5.715645167198713,0.0,1
16299,1,193.65,1,1,0,0.0,0.0,12,1,1,15.0,206,206,193.65,107.0,,1,0.07189072609633357,0.0,0.0,1
14225,4,2031.07,4,4,0,0.0,409.82,70,1,1,21.9,163,425,507.7675,291.75,87.33333333333333,0,0.01066747200397473,-6.018155162361026,0.0,1
16868,3,384.55999999999995,3,3,0,0.0,200.65999999999997,47,1,0,0.0,123,322,128.18666666666664,37.333333333333336,99.5,0,0.0,-5.306583110965069,0.0,1
17878,2,999.4800000000001,1,1,0,0.0,999.4800000000001,56,1,0,0.0,124,124,499.74000000000007,306.5,,1,0.0,-6.908235163818988,0.0,1
16221,8,1472.98,8,6,1,148.63000000000002,648.12,116,1,1,6.5,4,215,184.1225,125.125,30.142857142857142,0,0.004393435531402925,-1.4674520192628089,0.0,1
14479,3,982.86,3,3,0,0.0,627.73,121,1,0,0.0,94,462,327.62,167.66666666666666,184.0,0,0.0,-6.443701911762898,141.85000000000002,0
16805,3,830.52,3,3,1,214.76999999999998,0.0,180,1,0,0.0,89,454,276.84,283.3333333333333,182.5,0,0.0,5.374213025551294,0.0,1
14044,7,2597.9700000000003,6,6,1,170.44,1211.42,464,1,1,16.95,38,413,371.1385714285715,266.85714285714283,75.0,0,0.006482033867192877,-1.956140290088138,0.0,1
14470,2,548.49,2,2,1,297.64000000000004,250.85,48,1,0,0.0,16,159,274.245,113.5,143.0,0,0.0,0.17040516241466896,0.0,1
12663,2,185.40000000000003,2,2,0,0.0,0.0,8,0,1,35.400000000000006,353,397,92.70000000000002,89.0,44.0,0,0.16032608695652173,0.0,0.0,1
16548,1,30.150000000000002,1,1,0,0.0,0.0,6,1,0,0.0,328,328,30.150000000000002,6.0,,1,0.0,0.0,0.0,1
13965,3,996.61,3,3,0,0.0,0.0,23,1,2,218.95,205,432,332.2033333333333,141.66666666666666,113.5,0,0.1801227417815657,0.0,0.0,1
14681,3,376.20000000000005,3,3,0,0.0,208.20000000000002,13,1,0,0.0,116,382,125.40000000000002,32.0,133.0,0,0.0,-5.343290732190768,393.95,0
17623,6,1838.72,6,6,0,0.0,449.45,108,1,0,0.0,138,454,306.4533333333333,89.0,63.2,0,0.0,-6.110247083097449,0.0,1
17353,2,1502.0,2,2,0,0.0,0.0,6,1,3,86.45,220,353,751.0,484.0,133.0,0,0.05442412414618024,0.0,0.0,1
13856,8,753.53,8,6,0,0.0,0.0,27,1,2,58.050000000000004,192,348,94.19125,76.375,22.285714285714285,0,0.07152714458217306,0.0,219.0,0
13022,1,50.3,1,1,0,0.0,50.3,4,0,0,0.0,158,158,50.3,34.0,,1,0.0,-3.937690752176724,0.0,1
18221,1,383.33000000000004,1,1,0,0.0,383.33000000000004,20,1,1,46.300000000000004,119,119,383.33000000000004,209.0,,1,0.10776714847659614,-5.951501558536452,537.01,0
14540,9,2952.8799999999997,9,8,1,195.90000000000003,867.03,149,1,1,9.9,38,461,328.09777777777776,145.11111111111111,52.875,0,0.003341456334928682,-1.483530290629992,0.0,1
15422,7,1619.9699999999998,6,5,2,97.7,442.20000000000005,80,1,1,4.95,52,399,231.42428571428567,101.42857142857143,69.4,0,0.003046303818034119,-1.5019361889936382,0.0,1
15820,1,206.98,1,1,1,206.98,0.0,17,1,0,0.0,48,48,206.98,128.0,,1,0.0,5.337441921232086,0.0,1
16163,5,1992.98,5,4,0,0.0,832.45,59,1,7,170.95,94,466,398.596,115.2,93.0,0,0.07899978280258603,-6.725573712389097,415.00000000000006,0
14425,3,661.39,3,2,0,0.0,239.1,35,1,2,25.5,163,466,220.46333333333334,108.33333333333333,151.5,0,0.03712384806883198,-5.481055503227208,0.0,1
13929,10,3064.3,8,8,1,412.85,720.8999999999999,38,1,3,176.0,55,423,306.43,146.6,52.57142857142857,0,0.05431595839891368,-0.5563830358137105,0.0,1
17192,1,75.28,1,1,0,0.0,0.0,20,1,0,0.0,265,265,75.28,45.0,,1,0.0,0.0,0.0,1
13962,1,193.25,1,1,0,0.0,193.25,12,1,0,0.0,164,164,193.25,73.0,,1,0.0,-5.269145989247757,117.6,0
15817,3,2766.4,3,3,0,0.0,601.29,133,1,0,0.0,149,272,922.1333333333333,532.0,61.5,0,0.0,-6.400739056890093,0.0,1
16069,1,457.70000000000005,1,1,0,0.0,457.70000000000005,25,1,0,0.0,146,146,457.70000000000005,138.0,,1,0.0,-6.128396401603126,0.0,1
17143,2,880.97,2,2,0,0.0,238.16,82,1,0,0.0,146,244,440.485,157.0,98.0,0,0.0,-5.477132784012704,0.0,1
17322,5,922.59,5,3,0,0.0,808.04,115,1,2,21.950000000000003,105,465,184.518,126.2,90.0,0,0.023238825248269,-6.695848359593915,0.0,1
17286,2,237.81,1,1,0,0.0,237.81,46,1,0,0.0,129,129,118.905,125.5,,1,0.0,-5.475668256688571,0.0,1
15842,2,548.8,2,2,0,0.0,376.25,24,1,1,20.049999999999997,122,256,274.4,148.0,134.0,0,0.035246550057132814,-5.9329080976479585,0.0,1
13008,3,612.13,3,3,1,229.46999999999997,193.35,31,1,4,68.85,52,452,204.04333333333332,126.33333333333333,200.0,0,0.10110429087491556,0.17046004482416688,0.0,1
14850,7,1770.96,4,3,1,325.75,971.89,129,1,2,171.2,40,297,252.99428571428572,199.0,85.66666666666667,0,0.08814927709354532,-1.0910756708755578,0.0,1
14924,2,620.96,2,2,0,0.0,0.0,20,1,0,0.0,339,368,310.48,124.0,29.0,0,0.0,0.0,310.05000000000007,0
15068,2,621.54,2,2,0,0.0,286.66999999999996,104,1,0,0.0,147,350,310.77,234.0,203.0,0,0.0,-5.661813989833699,239.96,0
14990,2,304.17,2,2,0,0.0,0.0,41,1,0,0.0,341,459,152.085,64.5,118.0,0,0.0,0.0,0.0,1
16447,2,471.19000000000005,2,2,0,0.0,0.0,27,1,0,0.0,319,389,235.59500000000003,47.0,70.0,0,0.0,0.0,0.0,1
16062,5,1957.3899999999996,4,4,0,0.0,1414.0699999999997,102,1,0,0.0,93,265,391.47799999999995,271.8,57.333333333333336,0,0.0,-7.2549342788184035,330.62,0
15957,2,492.36,1,1,0,0.0,492.36,88,1,0,0.0,149,149,246.18,121.0,,1,0.0,-6.201239130683238,0.0,1
12817,3,570.98,3,3,1,126.03999999999999,444.94,15,0,0,0.0,10,163,190.32666666666668,72.0,76.5,0,0.0,-1.2556824163233982,0.0,1
13650,4,1451.66,4,4,0,0.0,310.6,62,1,5,162.5,103,411,362.915,206.0,102.66666666666667,0,0.10067155672300143,-5.741720313996593,745.52,0
12766,5,4066.78,5,5,2,1408.13,2658.65,174,0,2,41.849999999999994,20,136,813.356,528.2,29.0,0,0.010185877044172873,-0.6352220425114563,1206.29,0
16766,2,1145.6,1,1,2,1145.6,0.0,17,1,0,0.0,2,2,572.8,268.0,,1,0.0,7.044556320474283,0.0,1
16336,4,3517.6899999999996,3,3,0,0.0,562.8,64,1,0,0.0,149,360,879.4224999999999,368.25,105.5,0,0.0,-6.334699578680012,0.0,1
13443,6,1269.37,6,4,0,0.0,196.24,175,1,1,32.45,177,406,211.56166666666664,133.66666666666666,45.8,0,0.024926641163908993,-5.284421261355925,0.0,1
14285,4,1374.41,4,4,0,0.0,0.0,33,1,0,0.0,242,460,343.6025,103.25,72.66666666666667,0,0.0,0.0,0.0,1
14043,2,302.6,2,2,0,0.0,0.0,37,1,1,2.95,220,458,151.3,76.0,238.0,0,0.009654720994927181,0.0,0.0,1
12554,1,384.5,1,1,0,0.0,384.5,25,0,0,0.0,177,177,384.5,237.0,,1,0.0,-5.954541193003384,0.0,1
15243,1,610.5999999999999,1,1,0,0.0,610.5999999999999,39,1,0,0.0,164,164,610.5999999999999,358.0,,1,0.0,-6.416078474054907,0.0,1
16980,2,1076.23,2,2,1,681.8599999999999,394.37,88,1,0,0.0,20,157,538.115,310.0,137.0,0,0.0,0.5464678251979453,346.6,0
12811,3,647.3000000000001,3,3,1,212.25,435.05,33,0,0,0.0,13,156,215.76666666666668,101.66666666666667,71.5,0,0.0,-0.7152917293012058,246.6,0
17912,6,371.59999999999997,5,3,3,205.86,165.74,47,1,1,15.399999999999999,39,104,61.93333333333333,35.0,16.25,0,0.03979328165374677,0.21560652296718974,0.0,1
16943,1,451.03,1,1,1,451.03,0.0,21,1,0,0.0,47,47,451.03,97.0,,1,0.0,6.113748549311144,365.7,0
18155,1,113.92999999999999,1,1,1,113.92999999999999,0.0,8,1,0,0.0,20,20,113.92999999999999,91.0,,1,0.0,4.744323247380668,0.0,1
13480,2,627.8199999999999,2,2,0,0.0,133.88,40,1,0,0.0,145,408,313.90999999999997,181.0,263.0,0,0.0,-4.904385494253545,0.0,1
15831,1,309.94,1,1,1,309.94,0.0,17,1,1,54.0,53,53,309.94,308.0,,1,0.14837610595153047,5.7395999675215945,0.0,1
15754,6,2579.0400000000004,6,5,0,0.0,0.0,90,1,2,32.85,222,384,429.8400000000001,260.5,32.4,0,0.012577099341855896,0.0,91.8,0
16568,2,1020.9000000000001,2,2,0,0.0,543.6,5,1,0,0.0,156,370,510.45000000000005,183.0,214.0,0,0.0,-6.300051580239659,0.0,1
14501,1,66.93,1,1,1,66.93,0.0,4,1,0,0.0,48,48,66.93,45.0,,1,0.0,4.218477763203211,184.28,0
12964,1,132.24,1,1,0,0.0,132.24,26,1,0,0.0,166,166,132.24,56.0,,1,0.0,-4.892152013325479,0.0,1
17767,1,141.85,1,1,0,0.0,141.85,18,1,0,0.0,139,139,141.85,70.0,,1,0.0,-4.961795128676782,0.0,1
16089,2,263.48999999999995,2,2,0,0.0,108.83999999999999,42,1,0,0.0,115,238,131.74499999999998,59.5,123.0,0,0.0,-4.699024761459715,0.0,1
17075,8,1965.1100000000001,8,8,2,562.6,399.68000000000006,136,1,0,0.0,19,454,245.63875000000002,84.25,62.142857142857146,0,0.0,0.34118167628096163,133.47000000000003,0
14484,3,749.0600000000001,3,3,0,0.0,220.38,37,1,0,0.0,130,451,249.6866666666667,178.0,160.5,0,0.0,-5.399880681957478,0.0,1
15704,2,1441.04,2,2,0,0.0,0.0,75,1,1,70.80000000000001,231,312,720.52,340.5,81.0,0,0.046830352418245326,0.0,1507.32,0
16003,6,4059.46,5,5,1,1181.0,1881.19,102,1,0,0.0,88,465,676.5766666666667,201.5,94.25,0,0.0,-0.4652280735128542,0.0,1
17826,1,133.34,1,1,0,0.0,133.34,33,1,0,0.0,103,103,133.34,84.0,,1,0.0,-4.900373899838718,0.0,1
16884,2,641.13,2,2,0,0.0,0.0,39,1,0,0.0,285,299,320.565,100.0,14.0,0,0.0,0.0,0.0,1
12637,5,3689.59,5,4,1,1408.6799999999998,1376.12,203,0,1,14.649999999999999,52,272,737.918,393.0,55.0,0,0.003954927326523119,0.0233683663593105,816.47,0
16124,4,1772.4899999999998,4,4,1,249.0,591.8499999999999,63,1,2,63.099999999999994,46,461,443.12249999999995,199.25,138.33333333333334,0,0.03437586824944568,-0.8634804980418336,0.0,1
16898,3,496.26000000000005,3,3,0,0.0,303.62,110,1,1,64.35,97,305,165.42000000000002,125.66666666666667,104.0,0,0.11478567988441161,-5.719065098187358,0.0,1
12728,3,597.0999999999999,3,3,2,399.26,197.83999999999997,34,0,0,0.0,13,112,199.0333333333333,104.66666666666667,49.5,0,0.0,0.6996138547230073,128.05,0
13201,4,1233.06,4,3,0,0.0,0.0,65,1,0,0.0,231,371,308.265,259.0,46.666666666666664,0,0.0,0.0,0.0,1
15855,1,340.48,1,1,0,0.0,0.0,15,1,0,0.0,205,205,340.48,242.0,,1,0.0,0.0,474.69000000000005,0
13434,3,1132.6200000000001,3,3,0,0.0,416.52000000000004,14,1,0,0.0,114,384,377.54,188.0,135.0,0,0.0,-6.034332447335158,0.0,1
17770,2,864.77,2,1,2,864.77,0.0,28,1,0,0.0,4,11,432.385,131.5,7.0,0,0.0,6.763619284372904,278.5,0
14306,4,1058.08,4,3,0,0.0,604.8000000000001,12,1,0,0.0,107,406,264.52,247.5,99.66666666666667,0,0.0,-6.406549898593137,0.0,1
15233,1,59.400000000000006,1,1,0,0.0,59.400000000000006,1,1,0,0.0,130,130,59.400000000000006,12.0,,1,0.0,-4.100989104940769,0.0,1
12809,2,979.03,2,2,0,0.0,0.0,51,0,4,45.65,294,376,489.515,145.5,82.0,0,0.0445504938127025,0.0,0.0,1
14858,1,180.75,1,1,0,0.0,0.0,11,1,0,0.0,234,234,180.75,105.0,,1,0.0,0.0,0.0,1
14740,9,3233.95,9,7,1,521.1,747.1400000000001,132,1,1,67.2,12,381,359.3277777777778,178.44444444444446,46.125,0,0.02035654241703649,-0.35973098582004326,927.11,0
16640,1,179.4,1,1,0,0.0,179.4,13,1,0,0.0,126,126,179.4,146.0,,1,0.0,-5.1951766076285235,0.0,1
14721,1,109.07,1,1,0,0.0,109.07,24,1,0,0.0,108,108,109.07,57.0,,1,0.0,-4.701116527035301,0.0,1
13865,1,123.30000000000001,1,1,1,123.30000000000001,0.0,7,1,0,0.0,18,18,123.30000000000001,42.0,,1,0.0,4.822697998516666,159.21999999999997,0
14745,8,1571.75,7,4,1,240.6,0.0,43,1,5,80.35,14,366,196.46875,139.875,58.666666666666664,0,0.04863507051631257,5.48728346606066,341.07000000000005,0
13578,1,147.66,1,1,0,0.0,147.66,9,1,0,0.0,138,138,147.66,127.0,,1,0.0,-5.001661819297148,0.0,1
16715,1,323.8,1,1,0,0.0,0.0,9,1,0,0.0,291,291,323.8,532.0,,1,0.0,0.0,0.0,1
17998,3,639.2400000000001,3,2,0,0.0,320.05,57,1,1,37.5,109,467,213.08000000000004,187.0,179.0,0,0.055412713893075616,-5.771596874240057,0.0,1
16086,7,1844.7900000000002,7,7,1,101.19,792.74,60,1,0,0.0,17,466,263.5414285714286,149.71428571428572,74.83333333333333,0,0.0,-2.0499221260782257,308.61,0
15070,3,737.0500000000002,3,3,0,0.0,106.2,26,1,0,0.0,101,453,245.6833333333334,113.0,176.0,0,0.0,-4.674696248636701,0.0,1
16397,1,123.13000000000001,1,1,0,0.0,0.0,9,1,0,0.0,357,357,123.13000000000001,43.0,,1,0.0,0.0,0.0,1
13053,1,127.64999999999999,1,1,0,0.0,0.0,17,1,0,0.0,350,350,127.64999999999999,47.0,,1,0.0,0.0,0.0,1
14893,1,571.76,1,1,0,0.0,0.0,33,1,2,24.6,346,346,571.76,248.0,,1,0.04125025152592394,0.0,0.0,1
13916,4,1275.8100000000002,4,3,0,0.0,0.0,72,1,1,15.299999999999999,192,404,318.95250000000004,168.25,70.66666666666667,0,0.011850268373724932,0.0,0.0,1
12696,2,731.91,2,2,0,0.0,454.76,42,0,0,0.0,163,237,365.955,280.5,74.0,0,0.0,-6.12196635517214,0.0,1
17059,5,2506.54,5,5,0,0.0,722.36,208,1,1,17.700000000000003,98,411,501.308,345.6,78.25,0,0.0070120115361455345,-6.583907023546295,775.31,0
15702,1,112.57000000000002,1,1,0,0.0,0.0,29,0,0,0.0,205,205,112.57000000000002,102.0,,1,0.0,0.0,0.0,1
17649,2,710.4000000000001,2,1,0,0.0,0.0,45,1,1,29.700000000000003,198,201,355.20000000000005,162.0,3.0,0,0.04012971220105391,0.0,0.0,1
14967,5,1518.81,3,3,0,0.0,749.2,19,1,0,0.0,170,465,303.762,102.4,147.5,0,0.0,-6.620339837647787,0.0,1
16348,1,328.77000000000004,1,1,0,0.0,328.77000000000004,29,1,0,0.0,159,159,328.77000000000004,359.0,,1,0.0,-5.798395441767263,556.73,0
16384,2,774.45,2,2,0,0.0,454.69999999999993,48,1,0,0.0,158,319,387.225,300.5,161.0,0,0.0,-6.121834698269836,409.1,0
17751,1,157.86,1,1,0,0.0,157.86,31,1,0,0.0,150,150,157.86,147.0,,1,0.0,-5.068023311204986,0.0,1
12376,2,383.15,2,2,0,0.0,383.15,10,0,0,0.0,118,146,191.575,118.5,28.0,0,0.0,-5.9510331013136435,0.0,1
15995,1,694.5400000000001,1,1,0,0.0,694.5400000000001,108,1,0,0.0,143,143,694.5400000000001,352.0,,1,0.0,-6.54468852229059,0.0,1
12537,1,612.94,1,1,0,0.0,612.94,42,0,0,0.0,137,137,612.94,446.0,,1,0.0,-6.419897203502538,0.0,1
13484,2,476.91999999999996,2,2,0,0.0,311.14,31,1,1,23.4,112,368,238.45999999999998,90.0,256.0,0,0.046770067157019514,-5.7434518051144074,313.79999999999995,0
17843,2,312.65,2,2,1,197.73000000000002,114.91999999999997,57,1,0,0.0,32,140,156.325,113.0,108.0,0,0.0,0.5390468215277666,0.0,1
17342,4,1227.54,4,3,0,0.0,300.4,31,1,3,71.7,108,398,306.885,130.25,96.66666666666667,0,0.0551861088020689,-5.708438286192395,0.0,1
13180,1,86.10000000000001,1,1,0,0.0,0.0,4,1,0,0.0,336,336,86.10000000000001,42.0,,1,0.0,0.0,0.0,1
18028,1,192.05,1,1,0,0.0,0.0,4,1,0,0.0,312,312,192.05,133.0,,1,0.0,0.0,0.0,1
12675,2,873.2500000000001,2,2,0,0.0,0.0,110,0,2,23.7,282,307,436.62500000000006,166.5,25.0,0,0.0264228775294052,0.0,0.0,1
15410,2,1234.88,2,2,0,0.0,0.0,32,1,0,0.0,297,328,617.44,351.0,31.0,0,0.0,0.0,1800.8900000000003,0
12730,1,703.2500000000001,1,1,0,0.0,0.0,46,0,0,0.0,250,250,703.2500000000001,227.0,,1,0.0,0.0,0.0,1
18093,6,3463.71,6,5,2,1117.52,619.6800000000001,36,1,1,23.1,26,347,577.285,460.1666666666667,64.2,0,0.00662496666007038,0.5889460106457829,0.0,1
15406,3,717.45,2,2,1,252.29000000000002,0.0,101,1,0,0.0,30,182,239.15,141.0,152.0,0,0.0,5.534535077349519,0.0,1
14254,1,601.03,1,1,0,0.0,601.03,23,1,0,0.0,161,161,601.03,263.0,,1,0.0,-6.400307277954197,0.0,1
13937,1,721.28,1,1,0,0.0,721.28,45,1,1,12.75,131,131,721.28,464.0,,1,0.01736986226720979,-6.582412875347679,0.0,1
18262,2,428.06,2,2,0,0.0,226.0,27,1,0,0.0,122,331,214.03,185.0,209.0,0,0.0,-5.424950017481403,0.0,1
17437,1,369.67999999999995,1,1,0,0.0,0.0,52,1,0,0.0,258,258,369.67999999999995,283.0,,1,0.0,0.0,0.0,1
13734,4,6695.6900000000005,3,2,0,0.0,0.0,24,1,2,3250.3500000000004,237,331,1673.9225000000001,75.5,47.0,0,0.32679840418900385,0.0,0.0,1
12804,2,325.36999999999995,2,2,0,0.0,0.0,60,0,0,0.0,194,229,162.68499999999997,135.0,35.0,0,0.0,0.0,0.0,1
13660,1,306.64,1,1,0,0.0,306.64,39,1,1,10.9,129,129,306.64,136.0,,1,0.03432638407759653,-5.728930268188853,0.0,1
17411,2,646.44,2,2,0,0.0,302.03999999999996,32,1,4,108.85000000000001,115,465,323.22,151.0,350.0,0,0.14411682929735598,-5.713864809997713,285.58000000000004,0
16494,1,826.53,1,1,1,826.53,0.0,47,1,0,0.0,25,25,826.53,675.0,,1,0.0,6.7184453603705006,0.0,1
15084,2,965.1999999999999,2,2,0,0.0,615.8,31,1,0,0.0,108,374,482.59999999999997,300.0,266.0,0,0.0,-6.4245448222491195,0.0,1
17991,1,205.3,1,1,0,0.0,0.0,32,1,0,0.0,320,320,205.3,67.0,,1,0.0,0.0,93.35000000000001,0
13088,1,236.11,1,1,0,0.0,236.11,19,1,0,0.0,146,146,236.11,76.0,,1,0.0,-5.468524168478886,0.0,1
17951,3,741.5400000000001,3,2,1,114.0,627.5400000000001,15,1,1,17.700000000000003,87,133,247.18000000000004,128.0,23.0,0,0.023312786470681208,-1.698467541237748,0.0,1
12411,1,346.9000000000001,1,1,0,0.0,346.9000000000001,22,0,0,0.0,138,138,346.9000000000001,138.0,,1,0.0,-5.8519150821578965,0.0,1
17674,1,300.66,1,1,0,0.0,300.66,11,1,0,0.0,97,97,300.66,349.0,,1,0.0,-5.709300555340106,0.0,1
16222,2,1272.05,2,2,1,773.5500000000001,0.0,133,1,0,0.0,47,450,636.025,231.5,403.0,0,0.0,6.652282215552372,0.0,1
14188,1,398.0,1,1,1,398.0,0.0,12,1,0,0.0,39,39,398.0,223.0,,1,0.0,5.988961416889864,362.9,0
15126,2,449.49,2,2,0,0.0,0.0,25,1,0,0.0,265,416,224.745,136.5,151.0,0,0.0,0.0,0.0,1
15067,3,2966.1700000000005,3,3,1,848.05,1353.4800000000005,125,1,1,12.75,11,336,988.7233333333335,510.6666666666667,162.5,0,0.0042800746579297185,-0.46705481842766705,0.0,1
13266,7,2300.7799999999997,7,6,0,0.0,507.52000000000004,83,1,5,98.15,142,451,328.68285714285713,344.14285714285717,51.5,0,0.04091407419141034,-6.231504546081922,1826.43,0
12377,4,3266.3199999999993,4,4,2,1548.12,507.24,128,0,0,0.0,44,318,816.5799999999998,525.25,91.33333333333333,0,0.0,1.1144885297930518,0.0,1
13502,4,677.66,4,4,2,189.16,180.6,20,1,1,5.9,3,277,169.415,84.0,91.33333333333333,0,0.008631283281643164,0.046059356884745384,0.0,1
18257,6,2611.3200000000006,6,5,2,363.79999999999995,507.72,146,1,3,46.099999999999994,19,388,435.2200000000001,241.83333333333334,73.8,0,0.017347652986731486,-0.33254850875897635,357.4,0
14022,1,352.15000000000003,1,1,0,0.0,0.0,19,1,0,0.0,215,215,352.15000000000003,194.0,,1,0.0,0.0,440.00000000000006,0
15476,4,2209.9799999999996,3,2,0,0.0,2209.9799999999996,67,1,1,29.700000000000003,109,171,552.4949999999999,293.5,31.0,0,0.013260822974710679,-7.701191135135846,0.0,1
15772,1,280.88,1,1,0,0.0,280.88,16,1,0,0.0,147,147,280.88,110.0,,1,0.0,-5.641481448458822,0.0,1
15675,2,263.35,2,2,1,45.0,218.35,16,1,0,0.0,9,133,131.675,66.5,124.0,0,0.0,-1.5620272311231282,0.0,1
13624,1,462.08,1,1,0,0.0,462.08,22,1,1,34.9,117,117,462.08,820.0,,1,0.07022415388949253,-6.137899825337528,0.0,1
14995,1,119.31,1,1,1,119.31,0.0,37,1,0,0.0,9,9,119.31,51.0,,1,0.0,4.7900717450454335,0.0,1
17162,3,636.16,2,2,3,636.16,0.0,43,1,0,0.0,6,34,212.0533333333333,147.66666666666666,28.0,0,0.0,6.457020801426437,529.1199999999999,0
18131,1,222.95999999999998,1,1,0,0.0,0.0,4,1,0,0.0,360,360,222.95999999999998,552.0,,1,0.0,0.0,0.0,1
16239,4,1078.0,4,3,0,0.0,815.3999999999999,9,1,0,0.0,111,192,269.5,116.0,27.0,0,0.0,-6.70490443093569,347.9,0
13474,2,419.75,2,2,0,0.0,69.15,62,1,0,0.0,172,224,209.875,94.5,52.0,0,0.0,-4.25063580654847,226.84000000000003,0
16988,1,256.55,1,1,0,0.0,256.55,13,1,0,0.0,108,108,256.55,115.0,,1,0.0,-5.5512138760115946,0.0,1
17723,1,102.0,1,1,0,0.0,102.0,2,1,0,0.0,104,104,102.0,120.0,,1,0.0,-4.634728988229636,1161.8000000000002,0
16567,1,557.5600000000001,1,1,1,557.5600000000001,0.0,26,1,0,0.0,65,65,557.5600000000001,476.0,,1,0.0,6.325362043356726,308.03999999999996,0
18218,3,769.1399999999999,3,3,1,289.21999999999997,0.0,23,1,0,0.0,10,389,256.37999999999994,267.3333333333333,189.5,0,0.0,5.670639256062946,352.70000000000005,0
15809,3,957.47,3,3,1,198.8,0.0,35,1,1,295.0,31,264,319.1566666666667,170.33333333333334,116.5,0,0.23553458366268254,5.297316866214453,200.41,0
16602,1,235.25,1,1,0,0.0,235.25,11,1,2,18.35,117,117,235.25,93.0,,1,0.07235804416403786,-5.464890566373852,0.0,1
17413,2,560.14,2,2,0,0.0,340.29999999999995,10,1,0,0.0,133,298,280.07,151.0,165.0,0,0.0,-5.832761855912661,0.0,1
17369,1,979.1999999999999,1,1,0,0.0,0.0,1,1,0,0.0,184,184,979.1999999999999,1152.0,,1,0.0,0.0,0.0,1
15489,5,1285.3300000000002,5,5,0,0.0,403.98,43,1,3,48.0,129,422,257.06600000000003,131.2,73.25,0,0.036000090000225,-6.003837683171123,348.26,0
15121,1,295.15,1,1,1,295.15,0.0,18,1,0,0.0,17,17,295.15,125.0,,1,0.0,5.690866082722974,0.0,1
18053,2,271.05,2,2,0,0.0,0.0,12,1,2,40.35,254,256,135.525,53.5,2.0,0,0.1295761078998073,0.0,0.0,1
15170,1,81.15,1,1,0,0.0,81.15,4,1,0,0.0,135,135,81.15,33.0,,1,0.0,-4.408546844483277,0.0,1
14086,1,39.95,1,1,0,0.0,0.0,1,1,0,0.0,191,191,39.95,1.0,,1,0.0,0.0,0.0,1
14303,2,277.94,2,1,0,0.0,277.94,21,1,0,0.0,136,163,138.97,109.0,27.0,0,0.0,-5.630996704930548,0.0,1
17080,5,669.91,5,2,0,0.0,302.26,19,1,0,0.0,108,255,133.982,80.6,36.75,0,0.0,-5.714590523372793,76.32000000000001,0
15945,4,646.27,4,4,0,0.0,294.95,24,1,0,0.0,94,467,161.5675,86.25,124.33333333333333,0,0.0,-5.690190521136734,0.0,1
15524,1,151.4,1,1,0,0.0,0.0,8,1,0,0.0,335,335,151.4,24.0,,1,0.0,0.0,0.0,1
17101,3,885.32,3,3,0,0.0,716.9200000000001,28,1,0,0.0,123,279,295.1066666666667,120.0,78.0,0,0.0,-6.576358142227673,0.0,1
18103,1,105.8,1,1,0,0.0,0.0,10,1,0,0.0,278,278,105.8,23.0,,1,0.0,0.0,0.0,1
12770,1,1895.0,1,1,0,0.0,0.0,16,0,5,265.0,185,185,1895.0,1100.0,,1,0.12268518518518519,0.0,1351.4499999999998,0
15021,4,826.91,4,3,0,0.0,591.84,154,1,3,51.7,95,227,206.7275,87.5,44.0,0,0.058842945106475,-6.384924548088715,466.67,0
13968,1,123.66,1,1,0,0.0,123.66,8,1,0,0.0,152,152,123.66,174.0,,1,0.0,-4.825590031380704,0.0,1
17586,1,167.40000000000003,1,1,0,0.0,0.0,8,1,0,0.0,348,348,167.40000000000003,68.0,,1,0.0,0.0,0.0,1
14677,1,184.91,1,1,0,0.0,0.0,14,1,0,0.0,321,321,184.91,139.0,,1,0.0,0.0,0.0,1
14107,6,2795.16,6,6,1,257.85,837.66,77,1,2,23.6,25,459,465.85999999999996,362.5,86.8,0,0.008372475840440478,-1.1755566366471202,853.9899999999999,0
17902,1,216.39999999999998,1,1,0,0.0,0.0,24,1,0,0.0,275,275,216.39999999999998,526.0,,1,0.0,0.0,0.0,1
17773,2,575.3699999999999,2,2,0,0.0,0.0,48,1,0,0.0,243,419,287.68499999999995,127.0,176.0,0,0.0,0.0,0.0,1
15363,2,678.1099999999999,2,2,0,0.0,326.0,32,1,0,0.0,101,221,339.05499999999995,191.5,120.0,0,0.0,-5.7899601708972535,0.0,1
17687,1,432.68000000000006,1,1,0,0.0,432.68000000000006,26,1,0,0.0,149,149,432.68000000000006,210.0,,1,0.0,-6.072306934952083,0.0,1
15923,1,127.08,1,1,0,0.0,127.08,21,1,0,0.0,101,101,127.08,122.0,,1,0.0,-4.852655068688459,0.0,1
12853,6,2377.8,5,5,1,427.4,597.4,72,1,3,120.05,44,401,396.3,167.66666666666666,89.25,0,0.04806133274616169,-0.3342020880866734,457.59999999999997,0
14011,2,457.82000000000005,2,2,0,0.0,0.0,32,1,1,5.9,209,336,228.91000000000003,322.0,127.0,0,0.012723195031484516,0.0,0.0,1
16146,1,212.25,1,1,0,0.0,212.25,12,1,0,0.0,177,177,212.25,117.0,,1,0.0,-5.3624651863717885,659.13,0
17480,1,370.40999999999997,1,1,0,0.0,370.40999999999997,24,1,0,0.0,173,173,370.40999999999997,243.0,,1,0.0,-5.917306573704218,0.0,1
16642,1,389.12,1,1,0,0.0,389.12,20,1,1,17.490000000000002,144,144,389.12,296.0,,1,0.04301419050195519,-5.966454384103814,307.73,0
13977,1,519.8100000000001,1,1,0,0.0,519.8100000000001,13,1,0,0.0,140,140,519.8100000000001,303.0,,1,0.0,-6.255385291938897,0.0,1
13282,1,181.05,1,1,0,0.0,181.05,14,1,0,0.0,135,135,181.05,103.0,,1,0.0,-5.204281374621442,344.7,0
12357,1,11229.99,1,1,0,0.0,11229.99,164,0,0,0.0,117,117,11229.99,3878.0,,1,0.0,-9.326432200569977,0.0,1
14448,1,102.35,1,1,0,0.0,102.35,18,1,0,0.0,93,93,102.35,44.0,,1,0.0,-4.638121286127777,0.0,1
12988,1,505.82000000000005,1,1,1,505.82000000000005,0.0,75,1,0,0.0,21,21,505.82000000000005,126.0,,1,0.0,6.228155910967461,0.0,1
13688,1,375.5,1,1,0,0.0,0.0,5,1,0,0.0,364,364,375.5,130.0,,1,0.0,0.0,0.0,1
14374,1,108.0,1,1,0,0.0,0.0,7,1,0,0.0,270,270,108.0,20.0,,1,0.0,0.0,0.0,1
14097,2,422.86,2,2,0,0.0,0.0,39,1,0,0.0,210,374,211.43,176.0,164.0,0,0.0,0.0,0.0,1
14568,1,919.6999999999999,1,1,0,0.0,919.6999999999999,47,0,1,10.2,164,164,919.6999999999999,645.0,,1,0.010968921389396709,-6.8251342502938,0.0,1
13295,4,1101.97,4,4,1,201.2,594.27,56,1,5,40.699999999999996,88,305,275.4925,183.25,72.33333333333333,0,0.03561833250194719,-1.0797577775441694,0.0,1
13377,2,1452.8799999999999,2,2,0,0.0,687.56,70,1,1,7.45,125,374,726.4399999999999,373.0,249.0,0,0.005101586627680045,-6.534602460341219,0.0,1
15676,1,897.8000000000001,1,1,1,897.8000000000001,0.0,61,1,0,0.0,12,12,897.8000000000001,555.0,,1,0.0,6.801060540311174,0.0,1
17652,1,222.3,1,1,1,222.3,0.0,13,1,0,0.0,10,10,222.3,98.0,,1,0.0,5.408516158846112,1407.0999999999997,0
14771,2,594.6200000000001,2,2,0,0.0,0.0,46,1,1,14.7,350,465,297.31000000000006,311.0,115.0,0,0.024125254381933952,0.0,0.0,1
17169,1,320.95000000000005,1,1,0,0.0,0.0,21,1,1,7.95,307,307,320.95000000000005,145.0,,1,0.02417148069321982,0.0,308.68,0
13794,1,126.03,1,1,0,0.0,0.0,9,1,0,0.0,275,275,126.03,63.0,,1,0.0,0.0,0.0,1
17710,1,293.5,1,1,0,0.0,293.5,20,1,0,0.0,152,152,293.5,158.0,,1,0.0,-5.685279003091641,0.0,1
16262,1,755.1500000000001,1,1,0,0.0,755.1500000000001,46,1,2,77.37,107,107,755.1500000000001,446.0,,1,0.09293470427136885,-6.62823976919675,0.0,1
16185,1,115.31,1,1,0,0.0,0.0,9,1,0,0.0,293,293,115.31,61.0,,1,0.0,0.0,335.0,0
12738,1,137.35,1,1,0,0.0,137.35,10,0,0,0.0,101,101,137.35,147.0,,1,0.0,-4.929786706232935,0.0,1
14900,1,13.919999999999998,1,1,0,0.0,0.0,1,1,0,0.0,251,251,13.919999999999998,48.0,,1,0.0,0.0,0.0,1
18063,2,186.60000000000002,2,2,0,0.0,84.60000000000001,2,1,0,0.0,119,362,93.30000000000001,24.0,243.0,0,0.0,-4.449685283147696,0.0,1
12736,1,144.0,1,1,1,144.0,0.0,3,0,0,0.0,61,61,144.0,168.0,,1,0.0,4.976733742420574,0.0,1
17240,1,130.6,1,1,0,0.0,0.0,7,1,0,0.0,325,325,130.6,108.0,,1,0.0,0.0,0.0,1
17532,1,65.34,1,1,0,0.0,65.34,4,1,0,0.0,114,114,65.34,30.0,,1,0.0,-4.1947930335189065,0.0,1
14868,4,1230.42,3,2,0,0.0,1230.42,56,1,0,0.0,109,149,307.605,206.25,20.0,0,0.0,-7.115923254021356,439.33,0
13302,1,95.45,1,1,0,0.0,0.0,2,1,0,0.0,255,255,95.45,7.0,,1,0.0,0.0,0.0,1
17129,1,31.85,1,1,0,0.0,0.0,2,1,0,0.0,249,249,31.85,5.0,,1,0.0,0.0,0.0,1
15991,1,150.54999999999998,1,1,0,0.0,0.0,6,1,0,0.0,263,263,150.54999999999998,41.0,,1,0.0,0.0,0.0,1
17094,2,402.2,2,2,1,302.0,100.2,18,1,1,31.8,51,152,201.1,106.0,101.0,0,0.07327188940092166,1.0966340486560036,0.0,1
15461,2,429.7,2,2,0,0.0,0.0,1,1,1,38.4,189,360,214.85,115.0,171.0,0,0.08203375347148045,0.0,0.0,1
15940,1,35.8,1,1,1,35.8,0.0,1,1,1,31.8,40,40,35.8,4.0,,1,0.470414201183432,3.6054978451748854,0.0,1
16819,2,182.59,1,1,0,0.0,0.0,17,1,0,0.0,194,194,91.295,126.5,,1,0.0,0.0,0.0,1
18208,1,360.08,1,1,0,0.0,0.0,17,1,0,0.0,294,294,360.08,82.0,,1,0.0,0.0,0.0,1
18128,1,399.29,1,1,0,0.0,0.0,42,1,0,0.0,266,266,399.29,216.0,,1,0.0,0.0,0.0,1
16491,1,801.66,1,1,0,0.0,801.66,48,1,1,8.850000000000001,142,142,801.66,582.0,,1,0.010919050967909096,-6.6879312120782695,0.0,1
15536,1,259.09000000000003,1,1,0,0.0,259.09000000000003,16,1,0,0.0,138,138,259.09000000000003,242.0,,1,0.0,-5.561027724964261,0.0,1
17855,1,208.96999999999997,1,1,0,0.0,208.96999999999997,17,1,0,0.0,101,101,208.96999999999997,197.0,,1,0.0,-5.346964663369558,0.0,1
14336,1,534.4200000000001,1,1,1,534.4200000000001,0.0,29,1,0,0.0,5,5,534.4200000000001,434.0,,1,0.0,6.283051485636975,579.97,0
15112,1,209.4,1,1,0,0.0,0.0,7,1,0,0.0,340,340,209.4,72.0,,1,0.0,0.0,0.0,1
15190,1,834.44,1,1,0,0.0,834.44,40,1,0,0.0,163,163,834.44,790.0,,1,0.0,-6.727958532171293,0.0,1
14718,1,226.42000000000002,1,1,0,0.0,226.42000000000002,11,1,0,0.0,139,139,226.42000000000002,202.0,,1,0.0,-5.426798528196577,0.0,1
14728,1,190.57999999999998,1,1,0,0.0,190.57999999999998,14,1,0,0.0,142,142,190.57999999999998,68.0,,1,0.0,-5.255305475954746,0.0,1
16307,3,1194.92,3,3,0,0.0,400.0,69,1,0,0.0,158,306,398.3066666666667,374.3333333333333,74.0,0,0.0,-5.993961427306569,0.0,1
12635,2,1115.23,2,2,0,0.0,455.9,76,0,0,0.0,121,185,557.615,385.0,64.0,0,0.0,-6.124464548569226,0.0,1
13951,1,212.56000000000003,1,1,1,212.56000000000003,0.0,12,1,0,0.0,23,23,212.56000000000003,140.0,,1,0.0,5.3639178236319855,303.49000000000007,0
17959,1,140.75,1,1,0,0.0,0.0,2,1,0,0.0,321,321,140.75,49.0,,1,0.0,0.0,0.0,1
15731,1,125.3,1,1,0,0.0,0.0,8,1,0,0.0,282,282,125.3,122.0,,1,0.0,0.0,0.0,1
13804,3,1296.3600000000001,3,2,1,723.63,572.73,69,1,0,0.0,18,165,432.12000000000006,250.66666666666666,73.5,0,0.0,0.23350227737745577,0.0,1
17152,1,327.0,1,1,0,0.0,327.0,2,1,0,0.0,154,154,327.0,60.0,,1,0.0,-5.793013608384144,1689.5,0
16559,1,175.00000000000003,1,1,0,0.0,175.00000000000003,17,1,0,0.0,126,126,175.00000000000003,61.0,,1,0.0,-5.170483995038152,0.0,1
16824,1,225.59999999999997,1,1,0,0.0,225.59999999999997,13,1,0,0.0,122,122,225.59999999999997,154.0,,1,0.0,-5.423186348593906,0.0,1
13184,1,212.51999999999998,1,1,1,212.51999999999998,0.0,20,1,0,0.0,19,19,212.51999999999998,134.0,,1,0.0,5.363730505096268,706.45,0
17493,1,100.91,1,1,0,0.0,100.91,8,1,0,0.0,114,114,100.91,62.0,,1,0.0,-4.6240900708406025,0.0,1
14007,1,79.48,1,1,0,0.0,0.0,5,1,0,0.0,241,241,79.48,16.0,,1,0.0,0.0,0.0,1
12781,1,549.26,1,1,1,549.26,0.0,15,0,0,0.0,13,13,549.26,346.0,,1,0.0,6.310390893798908,0.0,1
13559,2,990.0,2,2,0,0.0,0.0,1,1,0,0.0,241,272,495.0,180.0,31.0,0,0.0,0.0,0.0,1
12449,1,678.6,1,1,0,0.0,678.6,9,0,0,0.0,167,167,678.6,724.0,,1,0.0,-6.521504389797777,768.93,0
16250,2,401.94000000000005,2,2,0,0.0,401.94000000000005,22,1,0,0.0,102,115,200.97000000000003,84.0,13.0,0,0.0,-5.998787667487764,163.29999999999998,0
16646,1,678.8,1,1,0,0.0,678.8,29,1,1,3.75,178,178,678.8,1072.0,,1,0.005494102996117501,-6.521798637262016,0.0,1
12851,1,148.95,1,1,0,0.0,0.0,30,1,0,0.0,206,206,148.95,51.0,,1,0.0,0.0,0.0,1
16882,1,9.9,1,1,1,9.9,0.0,1,1,0,0.0,46,46,9.9,2.0,,1,0.0,2.388762789235098,205.8,0
15503,2,257.3,2,2,0,0.0,141.04000000000002,112,1,0,0.0,91,455,128.65,65.0,364.0,0,0.0,-4.956108708074887,0.0,1
13606,1,70.02,1,1,1,70.02,0.0,3,1,0,0.0,40,40,70.02,114.0,,1,0.0,4.262961527514942,176.60999999999999,0
12798,1,1533.89,1,1,0,0.0,1533.89,25,0,0,0.0,150,150,1533.89,3199.0,,1,0.0,-7.336213996215723,0.0,1
17112,1,197.57,1,1,0,0.0,0.0,44,1,0,0.0,231,231,197.57,130.0,,1,0.0,0.0,0.0,1
15158,1,204.62,1,1,0,0.0,204.62,4,1,1,168.36,130,130,204.62,21.0,,1,0.45139149552254815,-5.3260298051145725,0.0,1
