customer_id,frequency,monetary,n_purchase_days,n_active_months,frequency_90d,monetary_90d,monetary_prev_90d,n_products,is_uk,n_return_invoices,returned_value,recency_days,tenure_days,avg_order_value,avg_items_per_order,avg_days_between_purchases,is_one_time_buyer,return_rate,spend_trend
17238,32,7331.17,29,18,6,1775.53,411.73,485,1,0,0.0,3,739,229.0990625,111.0625,26.285714285714285,0,0.0,1.4596236763114199
14654,1,246.86,1,1,0,0.0,0.0,27,1,0,0.0,739,739,246.86,273.0,,1,0.0,0.0
16131,12,9957.419999999998,8,8,2,1228.04,613.98,131,1,3,91.15,52,738,829.7849999999999,397.3333333333333,98.0,0,0.009070942432604841,0.6923989088698868
17679,7,3577.61,6,6,2,1992.1100000000001,0.0,70,1,4,411.05,53,737,511.08714285714285,250.71428571428572,136.8,0,0.1030546599609894,7.597451511865824
16210,33,33730.97,30,16,7,9837.34,655.75,144,1,2,185.45,2,738,1022.1506060606062,375.6060606060606,25.379310344827587,0,0.005467853034017152,2.706738848062349
13735,13,9762.77,12,11,2,1473.85,474.54,362,1,9,340.4099999999999,25,727,750.9823076923077,318.0769230769231,63.81818181818182,0,0.03369335199412461,1.1318605682631304
17416,22,17298.45,15,13,2,1598.9299999999998,1846.4799999999998,324,1,3,76.98,30,726,786.2931818181819,398.59090909090907,49.714285714285715,0,0.0044303939528403035,-0.14386267005316444
17400,8,4623.280000000001,8,7,0,0.0,791.2200000000001,345,1,0,0.0,127,723,577.9100000000001,273.125,85.14285714285714,0,0.0,-6.6748391310191
16085,12,2324.71,12,11,3,656.47,0.0,258,1,1,5.8,24,689,193.72583333333333,114.91666666666667,60.45454545454545,0,0.0024887256437432148,6.488399135634533
13042,3,1488.5900000000001,3,3,0,0.0,0.0,164,1,1,33.75,599,733,496.1966666666667,270.6666666666667,67.0,0,0.022169817517768697,0.0
17742,11,2098.48,11,11,0,0.0,52.54,52,1,0,0.0,114,739,190.7709090909091,59.36363636363637,62.5,0,0.0,-3.9804290380922063
15293,1,247.5,1,1,0,0.0,0.0,19,1,0,0.0,666,666,247.5,178.0,,1,0.0,0.0
16841,12,4006.06,12,11,1,308.76,617.88,187,1,2,164.89999999999998,37,697,333.8383333333333,289.8333333333333,60.0,0,0.03953526286514375,-0.692113588736663
17426,13,8077.77,7,7,2,756.6700000000001,3086.71,248,1,4,471.4,9,661,621.3669230769231,399.0,108.66666666666667,0,0.0551398556818966,-1.4049370601707487
16742,13,2334.97,13,8,0,0.0,0.0,50,1,1,464.9,493,724,179.6130769230769,196.69230769230768,19.25,0,0.16604342344465992,0.0
16511,6,1758.4899999999998,6,6,1,352.63,235.35000000000002,234,1,0,0.0,22,649,293.08166666666665,127.5,125.4,0,0.0,0.4029374115543547
12668,9,9906.03,9,9,1,738.6800000000001,0.0,262,0,2,63.97,12,678,1100.67,552.6666666666666,83.25,0,0.006416248746238716,6.606217660239915
14493,10,5087.86,10,9,4,1772.02,611.2199999999999,292,1,4,94.1,8,642,508.78599999999994,314.8,70.44444444444444,0,0.018159152135485412,1.0633478912863463
16718,5,3006.08,5,5,0,0.0,0.0,123,1,0,0.0,370,734,601.216,384.8,91.0,0,0.0,0.0
14534,26,6183.0599999999995,26,17,4,1365.91,1167.54,436,1,12,484.68999999999994,3,635,237.80999999999997,108.46153846153847,25.28,0,0.07269168760076487,0.1567976116416947
18196,4,1455.27,4,4,0,0.0,235.85000000000002,209,1,0,0.0,96,633,363.8175,258.0,179.0,0,0.0,-5.467427029369761
15425,4,1941.12,4,4,0,0.0,0.0,114,1,0,0.0,401,664,485.28,260.25,87.66666666666667,0,0.0,0.0
14530,16,6088.870000000001,16,14,1,379.78999999999996,985.28,269,1,3,120.25,26,688,380.55437500000005,186.8125,44.13333333333333,0,0.019366673538279176,-0.9516922478802137
14344,20,2993.05,20,12,0,0.0,244.05,140,1,0,0.0,128,627,149.6525,77.3,26.263157894736842,0,0.0,-5.501462271355557
16444,17,3625.88,16,12,1,113.27000000000001,301.32000000000005,217,1,3,67.25,47,626,213.2870588235294,114.41176470588235,38.6,0,0.018209486262330328,-0.9729219898826118
14298,82,91194.48999999999,45,23,7,10344.79,10688.52,1370,1,2,705.1800000000001,9,729,1112.1279268292683,1222.8292682926829,16.363636363636363,0,0.0076733681415831,-0.03268414857574875
13668,35,12948.480000000003,35,21,5,1408.8600000000001,865.29,411,1,12,340.79999999999995,3,729,369.9565714285715,174.17142857142858,21.352941176470587,0,0.02564473018854294,0.48702596217820826
13878,4,2416.9,4,4,1,1271.57,0.0,93,1,0,0.0,55,605,604.225,231.75,183.33333333333334,0,0.0,7.148793756734876
13092,12,2140.2800000000007,12,12,1,38.08,0.0,52,1,3,132.95000000000002,71,668,178.3566666666667,55.333333333333336,54.27272727272727,0,0.058485063104041383,3.6656108271745818
16549,34,12781.8,31,14,8,3254.54,660.87,836,1,3,22.55,11,622,375.93529411764706,208.44117647058823,20.366666666666667,0,0.0017611202442919791,1.5930442774698959
13230,30,6109.510000000001,29,18,2,560.4,431.6,652,1,1,43.559999999999995,5,632,203.65033333333338,116.5,22.392857142857142,0,0.00707939288842805,0.26062015040882347
12921,74,35233.24,50,23,13,6503.620000000001,4012.15,322,1,29,1281.5899999999997,10,739,476.12486486486483,288.2162162162162,14.877551020408163,0,0.035097794512530936,0.48293622454950835
15173,7,1494.6,7,5,0,0.0,0.0,68,1,1,95.34,381,618,213.5142857142857,120.0,39.5,0,0.05996452696328164,0.0
17231,25,7064.800000000001,22,20,3,1218.9,201.07000000000005,509,1,10,105.97,13,733,282.59200000000004,147.24,34.285714285714285,0,0.014778050334901269,1.7979099951292872
14221,17,6517.490000000001,14,13,2,815.79,963.18,166,1,2,10.9,43,613,383.3817647058824,224.0,43.84615384615385,0,0.0016696306440025794,-0.16589597529547273
12932,8,1698.5600000000002,7,5,0,0.0,0.0,69,1,0,0.0,540,668,212.32000000000002,201.125,21.333333333333332,0,0.0,0.0
13842,18,5319.34,16,15,2,1220.35,336.8,214,1,1,24.950000000000003,59,662,295.5188888888889,150.88888888888889,40.2,0,0.004668534080298787,1.2852580789473107
17646,12,3898.79,12,12,0,0.0,0.0,124,1,4,55.629999999999995,220,724,324.89916666666664,109.0,45.81818181818182,0,0.014067802610749488,0.0
13089,203,113416.91,132,25,26,15501.34,13793.57,857,1,44,3523.6699999999996,3,738,558.7039901477833,290.30541871921184,5.6106870229007635,0,0.030132140613634714,0.11671594380324812
14640,10,3649.3600000000006,10,10,2,624.02,1087.6100000000001,165,1,6,203.03,25,687,364.93600000000004,164.5,73.55555555555556,0,0.052702348412284314,-0.5548732828440963
17419,18,6126.25,17,14,4,1566.5700000000002,614.2,203,1,2,25.6,12,684,340.34722222222223,160.22222222222223,42.0,0,0.004161349837853654,0.9353345104158315
12937,9,3097.61,9,8,2,1076.04,0.0,128,1,0,0.0,16,737,344.1788888888889,220.33333333333334,90.125,0,0.0,6.981971816670979
15322,2,1390.8600000000001,2,2,1,679.6800000000001,0.0,76,1,1,76.71000000000001,86,477,695.4300000000001,485.5,391.0,0,0.052270079110366116,6.5230922985032365
15043,6,2855.32,6,5,1,537.0,0.0,38,1,0,0.0,32,534,475.8866666666667,167.83333333333334,100.4,0,0.0,6.2878585601617845
15006,2,752.8299999999999,2,2,1,475.43,0.0,164,1,0,0.0,52,454,376.41499999999996,193.0,402.0,0,0.0,6.166320807790665
14030,20,7521.799999999999,16,12,2,701.3399999999999,222.47999999999996,591,1,2,116.69999999999999,19,730,376.09,210.75,47.4,0,0.015277868691497023,1.1450956926690417
14461,13,6676.52,12,10,0,0.0,1326.44,514,1,1,15.9,149,691,513.5784615384616,231.07692307692307,49.27272727272727,0,0.0023758221988458583,-7.191007554354532
17096,11,3697.93,11,9,2,578.19,310.45000000000005,162,1,6,68.35000000000001,16,556,336.17545454545456,141.72727272727272,54.0,0,0.01814788066739595,0.6203917640289367
16928,26,3798.08,26,13,2,444.04999999999995,1268.5900000000001,133,1,4,119.64999999999999,81,675,146.07999999999998,98.57692307692308,23.76,0,0.030540644710074453,-1.0482626572797047
13055,4,2321.11,3,3,2,869.5500000000001,0.0,145,1,2,28.6,79,430,580.2775,455.25,175.5,0,0.012171714807359206,6.769125195812608
13280,7,2293.33,6,5,0,0.0,115.5,159,1,1,25.5,123,645,327.61857142857144,212.71428571428572,104.4,0,0.010996925173471105,-4.757891273005756
12582,4,1820.3999999999999,4,4,0,0.0,0.0,87,0,0,0.0,239,578,455.09999999999997,245.25,113.0,0,0.0,0.0
16017,5,1545.5800000000002,5,4,1,211.88,0.0,99,1,0,0.0,48,704,309.11600000000004,127.0,164.0,0,0.0,5.360728626669434
16133,56,22992.260000000002,50,20,10,3969.7700000000004,3827.9000000000005,303,1,22,763.3800000000001,4,619,410.5760714285715,243.80357142857142,12.551020408163266,0,0.03213468464751949,0.036382474877658666
15059,19,3490.4,16,14,2,329.12,439.58,307,1,8,95.95,41,734,183.70526315789473,84.05263157894737,46.2,0,0.02675422086522509,-0.28863581596709054
16228,3,885.71,2,1,0,0.0,0.0,45,1,1,4.65,386,401,295.2366666666667,185.0,15.0,0,0.005222606586100005,0.0
12843,28,6461.87,26,14,1,9.95,620.8,127,1,4,242.8,66,727,230.78107142857144,108.03571428571429,26.44,0,0.03621356457513942,-4.0392790413621436
15602,16,3137.96,16,12,4,754.92,0.0,62,1,8,235.8,9,738,196.1225,143.25,48.6,0,0.069892345632173,6.627935550474371
15271,24,4528.54,24,14,5,900.7599999999999,681.88,369,1,2,70.25,8,492,188.68916666666667,100.5,21.043478260869566,0,0.015275757318772981,0.27802926059692634
12358,5,3447.0699999999997,5,5,1,523.2,404.86,55,0,0,0.0,2,732,689.414,213.6,182.5,0,0.0,0.2558650183404829
17237,4,994.1300000000001,4,2,2,314.69,0.0,76,1,0,0.0,12,382,248.53250000000003,103.5,123.33333333333333,0,0.0,5.754760719420831
17198,3,692.22,3,2,1,170.56,0.0,89,1,0,0.0,24,372,230.74,119.0,174.0,0,0.0,5.14493305964868
13030,2,752.4399999999999,2,2,1,350.08,0.0,76,1,0,0.0,12,369,376.21999999999997,174.0,357.0,0,0.0,5.861014117723917
17287,21,3826.8599999999997,18,14,2,346.65000000000003,202.07000000000002,279,1,2,16.25,27,737,182.23142857142855,93.0952380952381,41.76470588235294,0,0.004228346313272324,0.5376454793564012
12481,14,11033.509999999998,12,11,2,1332.5600000000002,911.21,247,0,3,144.36,23,608,788.107857142857,507.85714285714283,53.18181818181818,0,0.012914803983227576,0.37973711025982126
16779,53,32809.03,51,24,7,4234.99,2133.01,293,1,9,286.63000000000005,3,737,619.0383018867924,366.24528301886795,14.68,0,0.00866065218218945,0.6856142281145194
15194,28,12021.53,27,17,4,3147.0,808.3500000000001,274,1,11,240.01000000000002,4,737,429.34035714285716,318.64285714285717,28.192307692307693,0,0.0195742133532982,1.3582911531573245
14555,6,2304.03,6,6,1,126.2,0.0,94,1,1,9.15,58,722,384.00500000000005,140.33333333333334,132.8,0,0.0039555935984229495,4.845760650906022
16518,4,959.3700000000001,4,4,1,293.62,0.0,61,1,2,21.1,62,557,239.84250000000003,131.0,165.0,0,0.021520291288871663,5.685686390386793
15057,5,3255.96,5,5,0,0.0,0.0,62,1,1,71.4,276,735,651.192,278.8,114.75,0,0.021458453548759377,0.0
16386,3,1068.16,3,3,1,241.47,0.0,127,1,0,0.0,29,388,356.05333333333334,233.33333333333334,179.5,0,0.0,5.490877991384453
18010,1,174.8,1,1,0,0.0,0.0,14,1,0,0.0,257,257,174.8,60.0,,1,0.0,0.0
15145,4,1194.73,4,3,2,470.7,0.0,54,1,0,0.0,5,249,298.6825,189.0,81.33333333333333,0,0.0,6.156343190290216
16729,21,7202.010000000001,19,8,4,1862.0600000000002,1975.04,233,1,5,156.59999999999997,39,242,342.95285714285717,272.2857142857143,11.277777777777779,0,0.02128119305140508,-0.0588745448157626
14978,10,3112.1899999999996,10,8,1,394.14,0.0,175,1,2,35.8,73,591,311.21899999999994,73.6,57.55555555555556,0,0.011372335998526044,5.979240132485259
16319,1,404.40000000000003,1,1,0,0.0,0.0,3,1,0,0.0,218,218,404.40000000000003,72.0,,1,0.0,0.0
17702,6,3144.04,6,5,1,485.6,898.97,120,1,3,144.1,31,401,524.0066666666667,358.8333333333333,74.0,0,0.043824168070702586,-0.6149189990859867
12974,2,408.95000000000005,2,2,0,0.0,0.0,27,1,0,0.0,198,566,204.47500000000002,52.0,368.0,0,0.0,0.0
12540,32,19250.489999999998,31,22,6,3705.38,2408.3399999999997,353,0,2,91.19999999999999,20,733,601.5778124999999,340.96875,23.766666666666666,0,0.0047152032733437455,0.43070280795888305
17015,3,1838.6100000000001,3,3,2,1318.0600000000004,0.0,182,1,0,0.0,29,186,612.87,659.3333333333334,78.5,0,0.0,7.184674640689545
15625,9,3236.4000000000005,9,7,0,0.0,838.93,106,1,5,33.15,104,543,359.6000000000001,335.55555555555554,54.875,0,0.01013900995549846,-6.733318555031611
16644,2,833.7800000000001,2,2,0,0.0,111.36999999999999,62,1,0,0.0,178,213,416.89000000000004,413.0,35.0,0,0.0,-4.721796997919811
16326,24,4626.25,23,16,6,1514.55,998.3899999999999,242,1,1,25.0,6,681,192.76041666666666,45.083333333333336,30.681818181818183,0,0.005374899220639613,0.4163885955089235
17997,8,1962.4599999999998,8,3,2,250.70999999999998,1711.75,133,1,4,441.98999999999995,75,165,245.30749999999998,284.125,12.857142857142858,0,0.1838216639980037,-1.9175779136938402
15752,9,3924.91,9,9,1,533.2299999999999,1050.69,359,1,1,8.45,40,458,436.1011111111111,310.22222222222223,52.25,0,0.002148290520064271,-0.6773272152247687
12653,3,4160.83,3,3,0,0.0,1430.75,76,0,0,0.0,149,527,1386.9433333333334,560.3333333333334,189.0,0,0.0,-7.266652751273966
17863,12,5360.48,12,12,2,1374.72,413.37999999999994,154,1,0,0.0,60,653,446.70666666666665,389.6666666666667,53.90909090909091,0,0.0,1.1999490821822913
17365,15,8179.450000000001,14,13,3,2425.51,443.82,394,1,1,19.15,13,677,545.2966666666667,533.5333333333333,51.07692307692308,0,0.002335764642743883,1.6965395840446487
16059,12,3053.5700000000006,12,11,2,508.56000000000006,303.6,233,1,0,0.0,66,570,254.46416666666673,119.25,45.81818181818182,0,0.0,0.514548167780525
14201,10,1193.5400000000002,10,10,2,226.20000000000002,110.13999999999999,47,1,2,59.400000000000006,61,589,119.35400000000001,80.6,58.666666666666664,0,0.04740849521924433,0.7150400189952215
12562,9,4426.92,9,9,4,1942.5100000000002,1052.27,112,0,0,0.0,9,436,491.88,255.22222222222223,53.375,0,0.0,0.6125960061124625
12948,9,2317.43,9,6,3,640.99,537.7,89,1,1,11.25,17,738,257.4922222222222,144.88888888888889,90.125,0,0.004831063091536836,0.17541389755817338
14189,16,5503.15,15,13,4,1386.16,1111.85,199,1,9,49.77,3,389,343.946875,274.5,27.571428571428573,0,0.008962851976977878,0.22033419924345754
17919,2,1840.3200000000002,2,2,1,1304.04,0.0,37,1,0,0.0,89,439,920.1600000000001,726.0,350.0,0,0.0,7.173988970628047
18092,18,14693.72,17,13,3,3216.78,1181.4399999999998,42,1,2,6.25,3,736,816.3177777777778,461.0,45.8125,0,0.0004251709357229981,1.0011115806498738
14595,8,2164.4500000000003,8,6,5,1576.8000000000002,0.0,119,1,0,0.0,20,689,270.55625000000003,153.5,95.57142857142857,0,0.0,7.3637867506609895
16669,2,1344.48,2,2,2,1344.48,0.0,140,1,0,0.0,24,79,672.24,435.5,55.0,0,0.0,7.2045061056937945
15380,11,3248.96,11,10,3,1107.7,352.46000000000004,27,1,2,56.86000000000001,9,739,295.36,86.72727272727273,73.0,0,0.0171999685403319,1.1431731120166555
17172,3,956.57,3,3,1,317.76,0.0,39,1,2,41.080000000000005,79,727,318.8566666666667,405.0,324.0,0,0.041176765398686914,5.764438468529548
16931,23,5032.219999999999,22,14,7,1657.54,994.22,466,1,0,0.0,6,398,218.79217391304346,145.95652173913044,18.666666666666668,0,0.0,0.5107291580293394
13927,2,708.26,2,2,1,348.99,0.0,37,1,1,18.3,75,438,354.13,231.5,363.0,0,0.02518718343977098,5.857904582646717
13263,38,8650.98,36,13,11,2567.1400000000003,1410.0699999999997,505,1,0,0.0,2,414,227.6573684210526,141.18421052631578,11.771428571428572,0,0.0,0.5988336196300068
13167,5,1113.15,5,5,2,361.78,417.55,63,1,0,0.0,19,391,222.63000000000002,199.0,93.0,0,0.0,-0.1429997671762422
13260,1,557.62,1,1,1,557.62,0.0,8,1,0,0.0,62,62,557.62,142.0,,1,0.0,6.325469456665338
15630,3,1481.4,3,3,1,789.49,0.0,76,1,1,5.95,46,645,493.8,329.0,299.5,0,0.004000403402023733,6.672653006348133
16345,2,1178.79,2,2,1,565.46,0.0,95,1,0,0.0,45,484,589.395,305.5,439.0,0,0.0,6.33940646897248
12638,2,681.49,2,2,1,511.68999999999994,0.0,46,0,0,0.0,34,640,340.745,328.5,606.0,0,0.0,6.2396713740158605
16743,14,4212.15,13,12,1,352.23,799.1500000000001,118,1,1,46.25,30,597,300.86785714285713,264.7857142857143,47.25,0,0.010860886718016157,-0.8176798072568534
17502,4,689.1,4,1,4,689.1,0.0,25,1,0,0.0,10,30,172.275,94.0,6.666666666666667,0,0.0,6.536836514626557
15148,1,301.28999999999996,1,1,1,301.28999999999996,0.0,20,1,0,0.0,11,11,301.28999999999996,187.0,,1,0.0,5.711386821516136
13098,28,28882.440000000002,26,12,10,13712.980000000001,7434.49,156,1,13,223.56,2,318,1031.5157142857145,570.2857142857143,12.64,0,0.007680890538033394,0.6121512682511661
17221,5,976.6199999999999,4,3,2,334.48,0.0,115,1,0,0.0,8,608,195.32399999999998,142.6,200.0,0,0.0,5.815562342116211
14719,5,1581.84,5,5,3,1093.72,264.65999999999997,177,1,1,9.95,2,250,316.368,205.0,62.0,0,0.0062508245434385185,1.4160366060848828
14808,8,2718.6,6,4,2,884.7800000000001,1833.82,176,1,6,440.8,40,173,339.825,265.0,26.6,0,0.1395201620560866,-0.7282330502601697
14722,3,489.52,3,2,0,0.0,180.42,72,1,0,0.0,148,487,163.17333333333332,71.33333333333333,169.5,0,0.0,-5.200814785186798
17060,1,234.24,1,1,0,0.0,0.0,5,1,0,0.0,267,267,234.24,216.0,,1,0.0,0.0
13985,22,10020.86,22,14,8,4287.09,1607.74,149,1,2,38.550000000000004,5,669,455.49363636363637,224.36363636363637,31.61904761904762,0,0.003832232705496645,0.9803901484515452
14102,5,1105.8799999999999,5,3,5,1105.8799999999999,0.0,35,1,3,45.55,6,45,221.176,153.8,9.75,0,0.03955950426860513,7.009300525748804
18006,4,969.51,4,4,1,444.68000000000006,0.0,57,1,0,0.0,24,723,242.3775,98.75,233.0,0,0.0,6.099601205712561
13455,6,2212.9900000000002,6,5,1,365.40000000000003,0.0,79,1,5,132.11,25,731,368.8316666666667,132.5,141.2,0,0.05633448467016332,5.903725632799976
17409,10,7793.51,8,7,0,0.0,0.0,50,1,0,0.0,185,729,779.351,408.9,77.71428571428571,0,0.0,0.0
17115,7,2761.49,7,7,1,224.68,0.0,102,1,6,145.2,9,735,394.4985714285714,126.42857142857143,121.0,0,0.04995372743567426,5.419118066693741
17858,30,12518.650000000001,28,18,3,1499.41,1036.45,173,1,1,60.0,6,734,417.28833333333336,179.43333333333334,26.962962962962962,0,0.004769987240284132,0.36897262490242433
15295,1,207.04000000000002,1,1,0,0.0,0.0,50,1,0,0.0,655,655,207.04000000000002,139.0,,1,0.0,0.0
17861,18,5088.289999999999,17,12,3,798.39,841.51,329,1,4,63.1,4,730,282.68277777777774,252.27777777777777,45.375,0,0.01224912111100111,-0.05253659477533379
17669,10,6142.35,10,9,2,973.5,822.2199999999999,85,1,0,0.0,43,618,614.235,350.5,63.888888888888886,0,0.0,0.168701039290446
12500,18,5559.21,17,12,5,2411.98,509.64,87,0,6,64.9,24,674,308.845,186.38888888888889,40.625,0,0.011539603599502856,1.5529529362052514
17596,13,4491.46,13,12,3,1069.6100000000001,449.87,274,1,1,13.35,24,725,345.49692307692305,539.2307692307693,58.416666666666664,0,0.002963499015496769,0.864804808858243
13715,17,8153.040000000001,16,11,0,0.0,0.0,277,1,4,44.95,282,639,479.59058823529415,282.3529411764706,23.8,0,0.005483051333314629,0.0
14195,6,2615.6,5,5,0,0.0,0.0,10,1,4,214.20000000000002,202,635,435.93333333333334,357.3333333333333,108.25,0,0.07569439536362996,0.0
14062,24,25585.649999999998,22,16,2,1664.18,3966.0400000000004,141,1,3,169.37,10,730,1066.06875,533.0833333333334,34.285714285714285,0,0.006576193689618569,-0.8680869989703908
13044,11,4848.05,11,8,0,0.0,0.0,356,1,2,29.7,292,701,440.7318181818182,231.63636363636363,40.9,0,0.006088872943467787,0.0
16125,14,4292.35,14,12,0,0.0,0.0,168,1,0,0.0,368,726,306.5964285714286,129.92857142857142,27.53846153846154,0,0.0,0.0
12986,10,2729.84,7,6,0,0.0,0.0,61,1,2,731.5,429,688,272.98400000000004,116.4,43.166666666666664,0,0.21133433872430907,0.0
15720,2,739.22,2,2,1,598.73,0.0,152,1,0,0.0,25,551,369.61,163.5,526.0,0,0.0,6.3964795539357615
15527,23,5554.040000000001,19,15,3,1097.74,183.49999999999997,225,1,7,388.0,19,725,241.48000000000005,96.08695652173913,39.22222222222222,0,0.06529743993645279,1.7842698842259663
13488,23,14205.960000000001,19,16,4,2371.9300000000003,1065.95,370,1,6,74.14999999999999,18,684,617.6504347826087,320.6521739130435,37.0,0,0.005192537032277762,0.7993213676279662
16809,9,1727.4299999999998,9,9,2,444.0,127.61,113,1,1,1.95,24,606,191.93666666666664,121.44444444444444,72.75,0,0.0011275717309093432,1.2412897128882445
17241,12,2736.6400000000003,11,8,0,0.0,0.0,116,1,0,0.0,386,663,228.05333333333337,71.58333333333333,27.7,0,0.0,0.0
15151,2,2085.6099999999997,2,2,0,0.0,0.0,56,1,0,0.0,424,510,1042.8049999999998,397.5,86.0,0,0.0,0.0
13213,11,3851.5199999999995,10,8,1,556.6999999999999,412.34999999999997,181,1,3,16.9,57,569,350.13818181818175,269.27272727272725,56.888888888888886,0,0.004368708671757462,0.2995264916968239
14692,12,1715.1399999999999,12,10,0,0.0,111.25,101,1,1,9.5,138,618,142.9283333333333,74.16666666666667,43.63636363636363,0,0.005508395955097876,-4.720728526622364
14930,6,5236.73,5,5,0,0.0,1258.83,213,0,3,109.99000000000001,109,607,872.7883333333333,365.5,124.5,0,0.020571490558697673,-7.138732070207995
15424,3,597.78,2,2,0,0.0,0.0,33,1,0,0.0,255,464,199.26,291.0,209.0,0,0.0,0.0
18193,3,1207.3500000000001,3,3,0,0.0,243.76000000000002,66,1,2,30.8,166,443,402.45000000000005,308.6666666666667,138.5,0,0.024875822800145376,-5.50027813859434
16287,5,1006.98,5,5,0,0.0,142.5,18,1,0,0.0,170,690,201.39600000000002,285.2,130.0,0,0.0,-4.966335035199676
16214,4,2038.2499999999998,4,4,0,0.0,313.08,84,1,0,0.0,171,436,509.56249999999994,327.0,88.33333333333333,0,0.0,-5.749647730528151
15641,12,5345.55,12,10,0,0.0,581.82,249,1,0,0.0,106,734,445.46250000000003,368.5,57.09090909090909,0,0.0,-6.367878390822143
16527,2,1232.94,2,2,1,228.06,0.0,66,1,0,0.0,82,425,616.47,354.0,343.0,0,0.0,5.43398397796957
15129,23,6860.18,21,15,1,650.67,1676.35,86,1,0,0.0,51,611,298.2686956521739,174.0,28.0,0,0.0,-0.9454321472420082
15608,5,1785.98,4,4,3,808.0000000000001,285.68,93,1,0,0.0,29,416,357.196,252.4,129.0,0,0.0,1.0374323059327732
14271,2,214.18,2,2,0,0.0,0.0,38,1,0,0.0,226,410,107.09,74.0,184.0,0,0.0,0.0
16129,3,1396.05,3,2,0,0.0,0.0,91,1,0,0.0,408,508,465.34999999999997,420.3333333333333,50.0,0,0.0,0.0
18098,1,527.94,1,1,0,0.0,0.0,85,1,0,0.0,397,397,527.94,215.0,,1,0.0,0.0
17974,6,1739.0900000000001,6,5,2,539.92,0.0,279,1,0,0.0,25,408,289.84833333333336,198.16666666666666,76.6,0,0.0,6.293271393605159
16385,5,881.3499999999999,5,5,1,281.04,126.62,94,1,0,0.0,61,632,176.26999999999998,95.2,142.75,0,0.0,0.7929918064106385
16445,4,583.1600000000001,3,3,1,230.51000000000005,0.0,143,1,0,0.0,34,412,145.79000000000002,71.75,189.0,0,0.0,5.444623069137622
12734,3,603.65,3,2,0,0.0,0.0,16,0,0,0.0,353,393,201.21666666666667,87.66666666666667,20.0,0,0.0,0.0
13144,2,135.35,2,2,0,0.0,0.0,6,1,0,0.0,333,432,67.675,14.5,99.0,0,0.0,0.0
14709,25,8886.330000000002,23,20,4,968.3000000000001,2009.7000000000003,105,1,2,19.85,16,735,355.4532000000001,165.64,32.68181818181818,0,0.0022287894473275857,-0.7296640376330386
13800,3,1679.5600000000004,3,3,0,0.0,0.0,73,1,0,0.0,310,737,559.8533333333335,297.0,213.5,0,0.0,0.0
16951,3,1277.75,3,2,0,0.0,223.96,73,1,1,15.0,135,305,425.9166666666667,439.3333333333333,85.0,0,0.011603171533552505,-5.4159226086223
16915,11,1543.18,11,11,2,239.29000000000002,215.60000000000002,54,1,0,0.0,10,570,140.2890909090909,17.272727272727273,56.0,0,0.0,0.10379419266126355
17869,7,813.6400000000001,6,6,0,0.0,117.22,72,1,0,0.0,108,548,116.23428571428573,70.14285714285714,88.0,0,0.0,-4.772547295396223
14998,4,753.1800000000001,4,4,0,0.0,231.23000000000002,111,1,0,0.0,171,606,188.29500000000002,88.0,145.0,0,0.0,-5.447728259884732
16011,29,5599.3099999999995,29,20,4,1167.3,967.0,180,1,1,13.45,9,739,193.07965517241377,114.51724137931035,26.071428571428573,0,0.002396325515432693,0.18807289244652647
16477,11,4094.37,11,10,1,495.2,446.75,177,1,0,0.0,64,485,372.2154545454545,227.9090909090909,42.1,0,0.0,0.10274403031687918
14691,5,2114.33,4,3,3,839.65,835.08,50,1,0,0.0,31,213,422.866,141.4,60.666666666666664,0,0.0,0.0054510998386891885
13339,1,860.1199999999999,1,1,0,0.0,0.0,54,1,0,0.0,201,201,860.1199999999999,326.0,,1,0.0,0.0
17682,11,4065.2799999999997,11,11,1,574.98,791.94,85,1,1,15.0,11,642,369.5709090909091,207.36363636363637,63.1,0,0.003676218298744204,-0.3196746188586168
17589,18,13806.269999999999,16,11,1,559.85,631.65,600,1,3,145.05,61,643,767.0149999999999,481.1666666666667,38.8,0,0.010396865672925575,-0.12046385654404013
16209,9,4146.78,9,7,1,145.72,1548.8400000000001,51,1,0,0.0,89,547,460.75333333333333,210.55555555555554,57.25,0,0.0,-2.357380970270536
17954,19,3801.83,18,14,2,428.92,368.77,478,1,7,104.64,6,731,200.0963157894737,167.21052631578948,42.64705882352941,0,0.026786331393815904,0.15071795413735778
15700,2,696.68,2,1,0,0.0,696.68,85,1,1,32.65,173,174,348.34,178.5,1.0,0,0.04476711502337762,-6.54776054491873
15804,13,4206.389999999999,13,8,8,1651.55,2029.48,170,1,6,357.84,1,199,323.5684615384615,197.30769230769232,16.5,0,0.07840095700698695,-0.2059526688329676
18283,22,2658.95,19,14,6,958.6999999999999,567.31,351,1,0,0.0,4,659,120.86136363636363,76.22727272727273,36.388888888888886,0,0.0,0.5239536911353584
15372,8,6017.0599999999995,6,4,0,0.0,2007.4,45,1,2,62.64,138,664,752.1324999999999,801.25,105.2,0,0.010303139957563696,-7.605093664160551
17883,7,988.4200000000001,6,6,3,544.9900000000001,0.0,155,1,1,15.9,4,653,141.20285714285714,68.0,129.8,0,0.015831607455790982,6.302600660558868
18044,18,3505.61,18,13,3,983.0699999999999,222.32,128,1,1,2.95,5,561,194.75611111111112,88.77777777777777,32.705882352941174,0,0.0008408007843673759,1.4830913122912728
17046,5,1906.0700000000002,4,4,0,0.0,642.02,76,1,0,0.0,158,621,381.21400000000006,327.2,154.33333333333334,0,0.0,-6.466175827952961
13599,33,9811.04,23,16,13,2836.08,308.18,235,1,19,375.57,2,739,297.30424242424243,189.33333333333334,33.5,0,0.036868987818322284,2.2166070016446353
12656,8,5723.83,8,8,2,1104.5,1089.07,173,0,4,87.05000000000001,18,563,715.47875,352.75,77.85714285714286,0,0.014980519301723665,0.014055806952852912
17228,13,2820.03,13,10,4,1218.51,0.0,199,1,0,0.0,16,638,216.92538461538464,181.07692307692307,51.833333333333336,0,0.0,7.1062044177043555
12906,5,2919.8100000000004,2,2,5,2919.8100000000004,0.0,55,1,0,0.0,12,79,583.9620000000001,349.8,67.0,0,0.0,7.979616254055095
16837,11,3170.9799999999996,9,5,2,1259.24,97.0,123,1,1,3.25,32,246,288.2709090909091,142.0909090909091,26.75,0,0.0010238703559603433,2.5540899793271414
16682,5,1028.0,5,5,2,217.78,284.71999999999997,15,1,0,0.0,5,188,205.6,208.0,45.75,0,0.0,-0.26694565159512695
15971,18,5897.880000000001,17,11,5,2090.4,1023.3,11,1,2,972.4,18,732,327.6600000000001,125.0,44.625,0,0.14153717170188113,0.713824245721999
15385,3,942.0799999999999,3,3,1,316.88,0.0,18,1,0,0.0,41,678,314.02666666666664,142.66666666666666,318.5,0,0.0,5.761673953071979
14426,17,11727.94,14,11,4,1596.0900000000001,1390.0,452,1,10,623.97,24,646,689.8788235294118,413.11764705882354,47.84615384615385,0,0.05051607403227517,0.138160310370524
17703,4,1094.8400000000001,4,4,1,307.78,490.96000000000004,63,1,0,0.0,36,419,273.71000000000004,224.25,127.66666666666667,0,0.0,-0.4657683631604286
14387,3,1727.6000000000001,3,3,2,1286.8400000000001,440.76,125,1,0,0.0,33,110,575.8666666666667,265.0,38.5,0,0.0,1.0699549271635798
16164,3,822.48,3,2,3,822.48,0.0,27,1,1,19.95,18,43,274.16,144.33333333333334,12.5,0,0.023681492824329617,6.713539262741108
12955,11,4757.16,11,8,5,2913.8,1145.9399999999998,81,1,3,22.9,2,268,432.4690909090909,333.09090909090907,26.6,0,0.0047907348443324985,0.9327036804098823
13644,4,2624.26,4,4,3,1773.17,851.0899999999999,144,1,1,26.74,17,106,656.065,516.75,29.666666666666668,0,0.01008675971331573,0.7333958318608307
14591,4,1320.21,2,2,3,1116.19,0.0,138,1,0,0.0,16,214,330.0525,307.0,198.0,0,0.0,7.018571883082161
17625,8,5978.9,8,8,2,793.27,685.1,429,1,0,0.0,19,725,747.3625,438.125,100.85714285714286,0,0.0,0.14640006412409878
15192,5,1666.3899999999999,5,5,0,0.0,306.33000000000004,56,1,0,0.0,120,680,333.27799999999996,289.6,140.0,0,0.0,-5.727922088842681
14125,3,2720.63,3,2,3,2720.63,0.0,159,1,0,0.0,11,79,906.8766666666667,542.6666666666666,34.0,0,0.0,7.908986244508535
17324,12,2171.0699999999997,11,9,2,284.25,0.0,111,1,1,153.0,18,722,180.92249999999999,123.75,70.4,0,0.06583278472679395,5.653365988742185
14541,14,2491.38,13,12,1,146.0,301.9,99,1,0,0.0,59,702,177.9557142857143,80.21428571428571,53.583333333333336,0,0.0,-0.7229701312544554
14847,3,1348.9499999999998,3,3,0,0.0,309.40000000000003,56,1,1,28.35,149,565,449.6499999999999,177.66666666666666,208.0,0,0.020583750816815512,-5.737861788309064
13209,13,8509.51,11,10,3,1735.5300000000002,1793.6399999999999,284,1,3,71.45,31,685,654.5776923076924,444.6923076923077,65.4,0,0.008326574182842012,-0.03291557554000413
17470,11,2626.47,11,10,1,308.59999999999997,193.35999999999999,111,1,0,0.0,45,509,238.76999999999998,248.27272727272728,46.4,0,0.0,0.4655690321778705
12437,38,11282.4,34,20,7,1942.0,746.32,272,0,7,270.55,2,738,296.90526315789475,208.47368421052633,22.303030303030305,0,0.023418261136765938,0.9554949757858031
14756,3,2603.76,3,3,1,738.9600000000002,0.0,101,1,1,40.3,16,425,867.9200000000001,474.0,204.5,0,0.015241711610175257,6.606596130683188
14744,14,3660.08,12,8,2,171.95,0.0,57,1,2,11.45,17,571,261.4342857142857,171.35714285714286,50.36363636363637,0,0.003118590887177825,5.153002535383178
16572,3,1009.5999999999999,3,3,0,0.0,667.02,40,1,1,9.9,128,276,336.5333333333333,177.33333333333334,74.0,0,0.009710642471799903,-6.5043181132082095
13723,6,1194.08,5,5,0,0.0,0.0,51,1,0,0.0,218,612,199.01333333333332,98.83333333333333,98.5,0,0.0,0.0
14644,7,2247.72,6,5,1,643.26,0.0,50,1,5,170.24999999999997,68,737,321.1028571428571,110.0,133.8,0,0.07041030285735554,6.468102371336729
16656,30,16833.170000000002,28,21,4,1509.1200000000001,3559.2,22,1,14,525.45,23,736,561.1056666666667,514.4333333333333,26.40740740740741,0,0.030270263419557544,-0.8576276051932759
15288,10,3706.53,9,9,1,300.16,382.36,127,1,0,0.0,44,666,370.653,133.3,77.75,0,0.0,-0.24133281050510824
12427,3,699.8000000000001,3,3,2,450.30000000000007,0.0,25,0,2,117.43,22,372,233.26666666666668,175.33333333333334,175.0,0,0.14369271808426026,6.112132306832955
17867,14,1560.72,11,10,2,200.39,353.43,117,1,5,725.5,31,738,111.48,45.42857142857143,70.7,0,0.3173360394012824,-0.565267538642404
12600,20,4385.85,20,17,2,590.48,548.6,51,0,2,42.25,29,733,219.29250000000002,67.45,37.05263157894737,0,0.009541338271493416,0.07343712959714743
18144,19,4892.949999999999,18,17,3,723.2,559.9,51,1,0,0.0,8,724,257.52368421052626,112.84210526315789,42.11764705882353,0,0.0,0.25552496081725007
15259,4,1182.38,3,3,0,0.0,0.0,50,1,0,0.0,513,683,295.595,157.75,85.0,0,0.0,0.0
14127,6,1900.08,6,5,0,0.0,257.48,96,1,0,0.0,123,426,316.68,138.0,60.6,0,0.0,-5.554818321516243
17749,3,1026.18,3,3,0,0.0,305.51,52,1,0,0.0,179,547,342.06,148.66666666666666,184.0,0,0.0,-5.725250381271442
14196,1,335.52,1,1,0,0.0,335.52,6,1,0,0.0,107,107,335.52,142.0,,1,0.0,-5.818657582682613
17620,1,81.44,1,1,1,81.44,0.0,4,1,0,0.0,60,60,81.44,60.0,,1,0.0,4.412070756022258
17549,2,148.86,2,2,2,148.86,0.0,5,1,0,0.0,24,52,74.43,105.0,28.0,0,0.0,5.0097015249361645
14075,5,1724.87,5,5,2,634.3399999999999,0.0,58,1,0,0.0,5,471,344.974,298.6,116.5,0,0.0,6.454160288670418
14834,7,2206.1600000000003,7,6,4,1291.0,185.61,55,1,2,21.95,18,408,315.16571428571433,124.57142857142857,65.0,0,0.009851398719093761,1.9349258067971666
12723,5,707.07,3,3,5,707.07,0.0,52,0,0,0.0,4,66,141.41400000000002,86.6,31.0,0,0.0,6.562542958862895
12978,5,2502.82,5,4,0,0.0,0.0,126,1,1,6.75,386,730,500.564,278.8,86.0,0,0.0026897038138007706,0.0
16218,13,3968.6700000000005,12,9,1,449.20000000000005,906.72,82,1,6,96.36999999999999,30,562,305.2823076923077,215.30769230769232,48.36363636363637,0,0.023707023793123803,-0.7012440325287894
15113,3,3509.04,3,2,3,3509.04,0.0,76,1,1,169.92000000000002,10,55,1169.68,781.0,22.5,0,0.04618696588166221,8.163382712406374
17414,6,2249.52,6,6,1,180.0,0.0,6,1,0,0.0,44,737,374.92,1042.6666666666667,138.6,0,0.0,5.198497031265826
16709,14,9056.01,12,11,1,1045.2800000000002,0.0,220,1,0,0.0,85,731,646.8578571428571,232.92857142857142,58.72727272727273,0,0.0,6.952996295227724
12980,21,16245.780000000002,21,18,0,0.0,1915.92,7,1,5,336.39000000000004,158,738,773.6085714285715,90.95238095238095,29.0,0,0.02028624721613637,-7.558475010302128
12924,12,2461.4500000000003,11,10,1,278.43,0.0,55,1,2,46.25,89,731,205.12083333333337,118.5,64.2,0,0.01844319495952466,5.632751814000819
18223,26,14000.85,25,19,3,2448.2000000000003,1278.8600000000001,192,1,25,496.1799999999999,5,736,538.4942307692307,255.53846153846155,30.458333333333332,0,0.034226320839509876,0.6490107436720187
17109,8,1291.71,6,5,4,416.70000000000005,0.0,124,1,2,15.36,30,498,161.46375,98.5,93.6,0,0.011751474672358788,6.03476347150313
13399,3,275.4,3,2,0,0.0,0.0,10,1,0,0.0,465,520,91.8,40.0,27.5,0,0.0,0.0
17856,4,1418.0300000000002,4,3,1,275.4,0.0,12,1,2,24.240000000000002,2,282,354.50750000000005,210.5,93.33333333333333,0,0.016806839218731582,5.621849091893515
13848,8,3015.0,8,8,0,0.0,320.0,3,1,0,0.0,93,731,376.875,1150.0,91.14285714285714,0,0.0,-5.771441123130016
13029,5,1927.3,5,5,1,474.29999999999995,390.7,13,1,0,0.0,31,524,385.46,38.8,123.25,0,0.0,0.1934499429481784
17681,5,731.2,4,3,0,0.0,0.0,12,1,1,201.60000000000002,598,694,146.24,90.0,32.0,0,0.2161234991423671,0.0
17740,6,426.9000000000001,6,5,0,0.0,0.0,5,1,0,0.0,390,698,71.15000000000002,37.0,61.6,0,0.0,0.0
18273,4,357.0,4,4,1,51.0,102.0,1,1,0,0.0,3,591,89.25,35.0,196.0,0,0.0,-0.6834852696482083
12504,4,689.05,4,3,2,428.04999999999995,0.0,10,0,2,368.04999999999995,19,597,172.2625,113.25,192.66666666666666,0,0.3481695203859616,6.06157346225313
17766,2,299.61,1,1,0,0.0,0.0,21,1,0,0.0,382,382,149.805,77.5,,1,0.0,0.0
15577,5,396.03,4,3,0,0.0,229.22999999999996,58,1,0,0.0,152,727,79.20599999999999,24.0,191.66666666666666,0,0.0,-5.439078809256278
15510,1,250.0,1,1,0,0.0,0.0,1,1,0,0.0,331,331,250.0,2.0,,1,0.0,0.0
17082,6,4732.030000000001,5,5,1,1366.91,0.0,117,1,0,0.0,34,725,788.6716666666667,421.0,172.75,0,0.0,7.221039306544589
15375,1,60.959999999999994,1,1,0,0.0,0.0,6,1,0,0.0,691,691,60.959999999999994,84.0,,1,0.0,0.0
15371,1,59.400000000000006,1,1,0,0.0,0.0,1,1,0,0.0,663,663,59.400000000000006,12.0,,1,0.0,0.0
15446,3,396.75,3,3,0,0.0,0.0,89,1,1,6.75,377,727,132.25,87.33333333333333,175.0,0,0.016728624535315983,0.0
13495,10,4863.3099999999995,10,8,2,972.4399999999998,0.0,59,1,3,72.9,8,733,486.33099999999996,246.5,80.55555555555556,0,0.014768415444237588,6.880836189630873
17048,7,2071.68,7,7,0,0.0,164.95000000000002,88,1,4,80.23,118,691,295.9542857142857,152.57142857142858,95.5,0,0.037283157752880006,-5.1116865381659835
13286,1,734.91,1,1,0,0.0,0.0,46,1,0,0.0,601,601,734.91,274.0,,1,0.0,0.0
15451,2,226.86,2,2,0,0.0,0.0,56,1,0,0.0,435,600,113.43,38.0,165.0,0,0.0,0.0
15111,5,2442.37,5,5,2,1278.98,0.0,109,1,0,0.0,30,593,488.474,211.6,140.75,0,0.0,7.154599731791591
12662,20,6130.54,19,17,4,1106.1200000000001,743.5799999999999,162,0,2,38.849999999999994,1,618,306.527,169.45,34.27777777777778,0,0.006297219011928245,0.39669702689888897
15532,10,3717.2000000000003,10,8,1,350.24000000000007,850.79,416,1,2,63.849999999999994,26,550,371.72,132.8,58.22222222222222,0,0.016886843601645045,-0.885870267083372
16094,11,3695.56,10,8,3,826.13,0.0,101,1,8,96.4,12,603,335.96,183.63636363636363,65.66666666666667,0,0.02542220909503265,6.717961877349467
12399,7,1842.3,7,7,0,0.0,194.62,66,0,0,0.0,120,645,263.18571428571425,312.85714285714283,87.5,0,0.0,-5.276174001862347
15164,9,2028.11,9,9,1,461.35,0.0,243,1,1,16.9,69,691,225.34555555555553,101.33333333333333,77.75,0,0.00826401826885932,6.136322180023647
17578,7,1047.3300000000002,5,4,0,0.0,0.0,57,1,3,43.6,219,530,149.61857142857144,75.57142857142857,77.75,0,0.03996590065357081,0.0
12801,1,871.8199999999999,1,1,0,0.0,0.0,49,0,1,39.95,501,501,871.8199999999999,500.0,,1,0.04381587461750223,0.0
15387,1,468.65,1,1,0,0.0,0.0,20,1,0,0.0,493,493,468.65,335.0,,1,0.0,0.0
15182,11,2998.95,7,7,0,0.0,252.37,77,1,3,56.2,155,657,272.6318181818182,107.63636363636364,83.66666666666667,0,0.018395168813315224,-5.534850870981006
12910,13,5796.52,10,10,4,1588.1400000000003,344.4,75,1,1,49.5,24,622,445.8861538461539,279.38461538461536,66.44444444444444,0,0.008467299119743005,1.5262451026699289
14310,1,492.1000000000001,1,1,0,0.0,0.0,22,1,0,0.0,433,433,492.1000000000001,230.0,,1,0.0,0.0
16008,15,5339.13,15,10,2,339.63,0.0,63,1,0,0.0,24,631,355.942,215.8,43.357142857142854,0,0.0,5.830796844208857
13763,3,5217.4400000000005,3,3,1,1714.96,0.0,50,1,3,35.45,64,436,1739.1466666666668,1074.6666666666667,186.0,0,0.006748665972445644,7.447727969752915
13780,3,732.07,3,3,1,243.73,116.28000000000002,90,1,0,0.0,8,408,244.02333333333334,159.66666666666666,200.0,0,0.0,0.7355913238965694
16707,4,533.41,4,4,0,0.0,0.0,64,1,0,0.0,401,641,133.3525,99.0,80.0,0,0.0,0.0
17756,3,728.7500000000001,3,1,0,0.0,0.0,54,1,0,0.0,376,395,242.9166666666667,133.0,9.5,0,0.0,0.0
14649,9,3651.1900000000005,8,8,2,820.47,0.0,374,1,2,21.15,5,689,405.68777777777785,268.3333333333333,97.71428571428571,0,0.005759270655767167,6.7110954182469005
12735,2,689.5699999999999,2,1,0,0.0,0.0,37,0,0,0.0,316,338,344.78499999999997,181.5,22.0,0,0.0,0.0
14803,3,845.55,3,3,0,0.0,114.76,35,1,0,0.0,163,293,281.84999999999997,123.33333333333333,65.0,0,0.0,-4.751519082323228
15764,8,4503.079999999999,6,6,1,3.35,1582.1,187,1,6,49.8,89,479,562.8849999999999,368.125,78.0,0,0.01093813146843317,-5.896964383979139
13046,3,949.2500000000001,3,3,1,431.59000000000003,0.0,50,1,0,0.0,31,457,316.4166666666667,168.33333333333334,213.0,0,0.0,6.069790397209245
16692,4,1764.6999999999998,4,4,0,0.0,0.0,2,1,0,0.0,257,442,441.17499999999995,219.25,61.666666666666664,0,0.0,0.0
15644,4,803.54,3,2,0,0.0,380.34999999999997,166,1,0,0.0,167,262,200.885,137.5,47.5,0,0.0,-5.943717588610247
15552,2,252.52,2,2,0,0.0,0.0,29,1,0,0.0,218,624,126.26,83.0,406.0,0,0.0,0.0
15452,6,1785.1100000000001,6,6,2,291.48,0.0,158,1,0,0.0,30,512,297.5183333333334,181.16666666666666,96.4,0,0.0,5.678396288265786
16762,3,1207.24,3,3,2,893.09,314.15000000000003,51,1,0,0.0,20,145,402.41333333333336,160.0,62.5,0,0.0,1.042757725288335
15639,3,1065.08,3,3,0,0.0,425.31999999999994,61,1,2,36.75,135,606,355.02666666666664,283.0,235.5,0,0.03335360264287594,-6.055190237988526
18061,28,6083.8099999999995,27,20,2,325.9,455.14,30,1,1,8.5,22,736,217.27892857142857,119.96428571428571,27.46153846153846,0,0.0013952014917166069,-0.3331454662078386
12550,1,824.8300000000002,1,1,1,824.8300000000002,0.0,56,0,0,0.0,80,80,824.8300000000002,564.0,,1,0.0,6.716388941200945
15701,4,1529.0,4,4,3,675.0999999999999,853.9000000000001,193,1,0,0.0,3,111,382.25,228.0,36.0,0,0.0,-0.23464350893555608
17901,3,260.08,2,2,1,110.38,0.0,22,1,0,0.0,30,522,86.69333333333333,12.666666666666666,492.0,0,0.0,4.7129477781615225
14126,4,1172.46,3,3,3,706.1300000000001,0.0,37,1,1,62.5,8,445,293.115,221.75,218.5,0,0.05060892660491028,6.56121452452395
12962,2,266.39,2,2,1,95.85,170.54000000000002,15,1,0,0.0,8,114,133.195,64.5,106.0,0,0.0,-0.5716530857092703
15568,3,758.2900000000001,3,3,3,758.2900000000001,0.0,27,1,0,0.0,3,74,252.76333333333335,153.66666666666666,35.5,0,0.0,6.6323837861074395
14717,1,81.29999999999998,1,1,0,0.0,0.0,11,1,1,8.5,734,734,81.29999999999998,32.0,,1,0.09465478841870825,0.0
13931,11,5257.38,8,7,0,0.0,859.3199999999999,205,1,1,6.6,96,737,477.94363636363636,317.09090909090907,91.57142857142857,0,0.0012538041557908653,-6.757304413061368
12416,1,202.56,1,1,0,0.0,0.0,11,0,0,0.0,657,657,202.56,132.0,,1,0.0,0.0
15988,3,736.3900000000001,3,3,1,156.78,0.0,113,1,0,0.0,20,657,245.46333333333337,158.0,318.5,0,0.0,5.061201657666944
18051,7,2282.2799999999997,7,4,0,0.0,0.0,41,1,1,6.3,635,731,326.03999999999996,237.28571428571428,16.0,0,0.0027527986786566342,0.0
17158,5,1980.0,5,5,1,568.42,0.0,74,1,1,17.7,33,643,396.0,229.4,152.5,0,0.008860189217600239,6.344618298919738
15795,8,1979.8700000000001,7,6,0,0.0,610.01,111,1,0,0.0,150,691,247.48375000000001,176.375,90.16666666666667,0,0.0,-6.415113325649775
13361,2,1450.5,2,2,0,0.0,0.0,29,1,0,0.0,473,618,725.25,162.0,145.0,0,0.0,0.0
17707,8,609.3,8,8,0,0.0,0.0,9,1,1,4.25,186,733,76.1625,68.25,78.14285714285714,0,0.0069269008230788045,0.0
18064,11,4481.83,9,8,0,0.0,406.0,53,1,4,53.849999999999994,134,677,407.4390909090909,244.0909090909091,67.875,0,0.011872530689995765,-6.008813185442595
14025,8,4057.9,8,4,0,0.0,0.0,60,1,2,88.8,465,584,507.2375,239.25,17.0,0,0.021414618853546192,0.0
17364,27,11614.45,25,17,5,1845.2700000000002,531.9599999999999,512,1,2,27.4,1,733,430.16481481481486,276.4074074074074,30.5,0,0.0023535778248302457,1.2424762921106725
14671,2,1127.45,2,2,0,0.0,0.0,48,1,0,0.0,550,569,563.725,285.5,19.0,0,0.0,0.0
13402,4,1226.85,4,4,0,0.0,312.95,55,1,0,0.0,128,565,306.7125,229.25,145.66666666666666,0,0.0,-5.749233737560118
15366,7,2389.08,7,7,1,496.96999999999997,0.0,86,1,0,0.0,76,652,341.29714285714283,349.57142857142856,96.0,0,0.0,6.210539834246238
14312,11,3090.29,11,9,1,564.4000000000001,192.6,148,1,0,0.0,47,505,280.93545454545455,173.0909090909091,45.8,0,0.0,1.0717392704170141
12997,8,2110.91,8,8,2,618.4200000000001,0.0,65,1,8,45.800000000000004,23,613,263.86375,148.25,84.28571428571429,0,0.021236049352949635,6.4287835563300515
14526,1,258.65,1,1,0,0.0,0.0,41,1,0,0.0,390,390,258.65,178.0,,1,0.0,0.0
17868,1,227.15000000000003,1,1,0,0.0,0.0,18,1,0,0.0,387,387,227.15000000000003,85.0,,1,0.0,0.0
15028,6,962.94,5,4,3,441.16,0.0,65,1,0,0.0,9,395,160.49,112.16666666666667,96.5,0,0.0,6.091671807525008
17607,1,333.81,1,1,0,0.0,0.0,22,1,0,0.0,377,377,333.81,269.0,,1,0.0,0.0
15052,1,207.73000000000002,1,1,0,0.0,0.0,27,1,0,0.0,320,320,207.73000000000002,79.0,,1,0.0,0.0
13742,12,3107.87,11,7,2,475.29999999999995,492.7,200,1,2,28.599999999999998,17,321,258.9891666666667,92.91666666666667,30.4,0,0.009118531342560268,-0.03588013745800289
14220,4,1515.0,4,3,0,0.0,0.0,26,1,0,0.0,248,570,378.75,117.0,107.33333333333333,0,0.0,0.0
14446,5,1195.48,5,5,3,702.51,0.0,258,1,0,0.0,1,387,239.096,206.2,96.5,0,0.0,6.556082091094497
16965,1,192.07,1,1,0,0.0,0.0,25,1,0,0.0,227,227,192.07,243.0,,1,0.0,0.0
17394,1,203.86999999999995,1,1,0,0.0,0.0,4,1,0,0.0,220,220,203.86999999999995,241.0,,1,0.0,0.0
15815,5,2100.6,5,5,1,225.90000000000003,480.62,33,1,0,0.0,64,260,420.12,371.2,49.0,0,0.0,-0.752646029585744
16985,23,10923.16,17,15,3,1885.5800000000002,663.1800000000001,130,1,3,377.4,18,730,474.92,134.91304347826087,44.5,0,0.03339657503698932,1.0439677480011875
17719,15,5396.04,15,8,3,918.64,2505.9399999999996,111,1,3,28.240000000000002,38,256,359.736,164.4,15.571428571428571,0,0.005206220917799229,-1.0028358757685245
16112,4,195.74,4,2,0,0.0,59.6,15,1,0,0.0,144,339,48.935,143.5,65.0,0,0.0,-4.104294893075269
16722,22,8189.5599999999995,22,19,3,1074.23,1403.1200000000001,145,1,4,21.249999999999996,18,737,372.25272727272727,363.0,34.23809523809524,0,0.0025880516051400527,-0.26687617985351597
14997,4,776.5999999999999,4,4,2,390.91999999999996,155.28,36,1,1,5.22,47,656,194.14999999999998,352.0,203.0,0,0.006676728658770561,0.9194084671434499
16104,9,2774.46,8,7,1,298.21,0.0,187,1,2,263.25,62,734,308.2733333333333,116.33333333333333,96.0,0,0.0866606753113365,5.701145668001697
17119,2,606.91,2,2,2,606.91,0.0,35,1,1,13.299999999999999,4,60,303.455,167.0,56.0,0,0.02144434949452605,6.410026844693401
15952,4,781.91,4,4,2,472.71000000000004,76.55,65,1,0,0.0,34,226,195.4775,97.75,64.0,0,0.0,1.8096724304917675
15877,2,490.33000000000004,2,2,2,490.33000000000004,0.0,122,1,1,52.5,2,18,245.16500000000002,184.0,16.0,0,0.09671536208389366,6.197115999797644
15206,4,420.29999999999995,4,4,1,183.6,219.0,3,1,0,0.0,11,276,105.07499999999999,40.5,88.33333333333333,0,0.0,-0.17543622428360894
15654,2,922.53,2,1,2,922.53,0.0,15,1,0,0.0,10,27,461.265,237.5,17.0,0,0.0,6.828203284222655
13901,15,5676.34,12,12,1,214.92000000000002,2003.98,280,1,5,77.0,73,704,378.42266666666666,222.93333333333334,57.36363636363637,0,0.01338353026242148,-2.228481395918825
16894,3,1306.96,2,2,0,0.0,0.0,186,1,2,41.7,503,536,435.65333333333336,167.66666666666666,33.0,0,0.030919579434401556,0.0
14000,5,2046.3400000000001,5,5,0,0.0,0.0,28,1,3,168.75,212,738,409.26800000000003,367.6,131.5,0,0.07618200614873435,0.0
17975,24,6693.03,24,14,2,532.81,1170.28,242,1,2,101.15,16,491,278.87624999999997,90.70833333333333,20.652173913043477,0,0.014887742155786279,-0.7858124764821826
14243,17,7217.75,17,13,2,282.82000000000005,792.88,235,1,6,65.69,9,477,424.5735294117647,213.58823529411765,29.25,0,0.009019089880605867,-1.0285920819176662
17392,3,579.92,3,3,0,0.0,0.0,65,1,0,0.0,307,451,193.30666666666664,149.33333333333334,72.0,0,0.0,0.0
17108,1,174.95,1,1,0,0.0,0.0,9,1,0,0.0,664,664,174.95,31.0,,1,0.0,0.0
16465,2,746.24,2,2,0,0.0,0.0,45,1,1,19.9,421,445,373.12,252.0,24.0,0,0.02597436499856423,0.0
13414,6,2494.14,6,5,0,0.0,1000.5,48,1,1,11.9,134,604,415.69,450.3333333333333,94.0,0,0.00474852755742127,-6.909254155105873
15920,8,565.1899999999999,5,5,0,0.0,163.55,92,1,0,0.0,155,726,70.64874999999999,29.125,142.75,0,0.0,-5.103214475389349
17329,5,998.53,4,3,1,279.75,0.0,80,1,0,0.0,15,737,199.706,86.0,240.66666666666666,0,0.0,5.637464593618553
12823,18,6501.5,15,12,1,535.5,229.5,1,1,0,0.0,75,680,361.19444444444446,51.666666666666664,43.214285714285715,0,0.0,0.8448156996340499
16258,15,11942.52,13,12,1,1462.45,2708.6000000000004,253,1,1,109.0,46,640,796.168,480.0,49.5,0,0.009044502270253047,-0.6160043606289749
13597,2,396.71,2,1,0,0.0,0.0,17,1,1,19.5,401,403,198.355,115.5,2.0,0,0.046851349078590135,0.0
17941,4,1433.28,4,4,0,0.0,304.56,5,1,0,0.0,131,703,358.32,277.0,190.66666666666666,0,0.0,-5.722146158673159
13666,5,127.05000000000001,4,4,1,20.6,0.0,18,1,0,0.0,61,736,25.410000000000004,10.6,225.0,0,0.0,3.0726933146901194
13094,13,2209.4400000000005,13,11,2,381.6,452.64000000000004,5,1,4,218.46000000000004,22,390,169.95692307692312,145.84615384615384,30.666666666666668,0,0.08997899419251204,-0.1703138749409776
16927,3,543.05,3,3,0,0.0,201.6,5,1,0,0.0,116,362,181.01666666666665,331.0,123.0,0,0.0,-5.311233591814583
14546,11,5184.84,11,11,3,1699.05,0.0,410,1,9,196.86999999999998,6,734,471.34909090909093,244.36363636363637,72.8,0,0.03658130965808265,7.4384129413764954
17043,8,2593.65,8,7,2,1410.2099999999998,150.37,175,1,0,0.0,33,731,324.20625,202.0,99.71428571428571,0,0.0,2.232475600620746
17789,2,397.15000000000003,2,2,0,0.0,0.0,27,1,0,0.0,282,662,198.57500000000002,99.5,380.0,0,0.0,0.0
12998,3,920.0800000000002,3,3,0,0.0,0.0,58,1,1,22.7,493,654,306.6933333333334,374.6666666666667,80.5,0,0.024077727571649797,0.0
12391,6,2724.8399999999997,5,4,1,439.6600000000001,0.0,241,0,1,25.599999999999998,22,663,454.13999999999993,200.66666666666666,160.25,0,0.009307601692820059,6.088273603036043
14202,3,847.76,3,3,0,0.0,0.0,27,1,0,0.0,382,625,282.58666666666664,55.333333333333336,121.5,0,0.0,0.0
17137,6,1099.81,5,5,0,0.0,0.0,125,1,0,0.0,417,678,183.30166666666665,113.33333333333333,65.25,0,0.0,0.0
14992,1,210.50000000000003,1,1,0,0.0,0.0,27,1,0,0.0,443,443,210.50000000000003,145.0,,1,0.0,0.0
16177,8,2247.3100000000004,7,5,1,331.94999999999993,0.0,79,1,4,105.69999999999999,51,648,280.91375000000005,127.625,99.5,0,0.04492118605530787,5.807992328556631
16797,5,1802.0200000000002,5,5,0,0.0,0.0,289,1,4,41.0,394,738,360.40400000000005,179.6,86.0,0,0.02224609608143156,0.0
12447,1,431.49,1,1,0,0.0,0.0,25,0,0,0.0,244,244,431.49,187.0,,1,0.0,0.0
14246,3,1474.06,3,3,0,0.0,1024.42,57,1,0,0.0,111,246,491.3533333333333,268.0,67.5,0,0.0,-6.9328575637429655
15432,2,320.76,2,2,1,171.19000000000003,0.0,16,1,2,19.5,24,542,160.38,46.0,518.0,0,0.057309116557926296,5.148598518298095
14449,8,2230.96,7,7,2,485.89000000000004,0.0,301,1,0,0.0,19,437,278.87,200.5,69.66666666666667,0,0.0,6.188038224879573
12452,1,348.57,1,1,1,348.57,0.0,20,0,0,0.0,17,17,348.57,181.0,,1,0.0,5.85670382774231
17383,2,304.09000000000003,2,2,1,193.39000000000001,0.0,51,1,0,0.0,5,454,152.04500000000002,80.0,449.0,0,0.0,5.269866450374021
16887,3,658.17,3,3,1,192.32999999999998,0.0,94,1,0,0.0,36,739,219.39,141.0,351.5,0,0.0,5.264398573344411
15898,25,4992.7,24,15,1,385.89,0.0,280,1,4,61.95,2,729,199.708,86.28,31.608695652173914,0,0.012256041466768225,5.958140414900485
16450,3,1505.73,3,3,0,0.0,311.92,36,1,1,30.0,150,657,501.91,227.0,253.5,0,0.019534683831142194,-5.74594756681688
13661,1,325.24,1,1,0,0.0,0.0,17,1,0,0.0,604,604,325.24,118.0,,1,0.0,0.0
16529,4,1986.8,4,4,0,0.0,0.0,87,1,0,0.0,191,531,496.7,184.75,113.33333333333333,0,0.0,0.0
14216,5,2150.04,5,3,4,1839.3,0.0,65,1,1,7.6499999999999995,4,415,430.008,142.4,102.75,0,0.003545458337388596,7.517683880791149
12563,1,221.24,1,1,0,0.0,0.0,12,0,0,0.0,409,409,221.24,112.0,,1,0.0,0.0
14429,1,516.28,1,1,0,0.0,0.0,22,1,0,0.0,404,404,516.28,286.0,,1,0.0,0.0
14309,11,3780.8100000000004,11,9,2,718.83,501.14,125,1,1,32.85,9,551,343.71000000000004,234.8181818181818,54.2,0,0.008613772596403455,0.36013610774753513
16034,6,911.3199999999999,6,4,0,0.0,0.0,43,1,1,2.95,197,410,151.88666666666666,97.5,42.6,0,0.0032266179574961446,0.0
13261,2,944.1,2,2,0,0.0,0.0,8,1,0,0.0,269,286,472.05,105.0,17.0,0,0.0,0.0
17827,6,2376.17,4,4,1,406.86,0.0,240,1,1,6.75,6,622,396.02833333333336,263.6666666666667,205.33333333333334,0,0.002832659090527588,6.010923978264201
16109,3,939.4799999999998,3,3,0,0.0,0.0,30,1,1,15.9,219,699,313.1599999999999,364.0,240.0,0,0.01664259247629216,0.0
16309,2,706.57,2,2,0,0.0,372.37,39,1,1,19.9,107,241,353.285,233.5,134.0,0,0.027392734730959295,-5.922569885084037
15664,4,1231.53,4,4,1,386.43,0.0,53,1,2,31.999999999999996,51,650,307.8825,131.0,199.66666666666666,0,0.025325872753318084,5.959535187313809
13363,3,1623.8600000000001,3,3,2,892.5000000000001,0.0,77,1,0,0.0,18,410,541.2866666666667,381.3333333333333,196.0,0,0.0,6.795146334599483
14539,2,537.48,2,2,2,537.48,0.0,31,1,0,0.0,16,45,268.74,214.0,29.0,0,0.0,6.288750355702458
15089,6,2420.84,6,4,3,384.56000000000006,2036.28,139,1,0,0.0,11,129,403.47333333333336,226.5,23.6,0,0.0,-1.6646740409093574
17081,6,949.39,6,6,2,288.90999999999997,0.0,166,1,0,0.0,26,656,158.23166666666665,63.5,126.0,0,0.0,5.669570529986012
14608,10,3342.94,10,9,3,1581.15,0.0,14,1,1,79.5,5,734,334.294,92.6,81.0,0,0.023229041268802375,7.366539960520519
13784,14,2910.23,14,11,2,338.64000000000004,1095.72,13,1,1,13.05,10,451,207.87357142857144,201.92857142857142,33.92307692307692,0,0.004464163542322323,-1.1721929529964825
17374,3,727.1099999999999,3,3,0,0.0,0.0,34,1,1,15.9,219,396,242.36999999999998,51.666666666666664,88.5,0,0.021399442806960878,0.0
15679,4,781.28,4,3,2,521.02,82.03999999999999,98,1,0,0.0,25,183,195.32,292.5,52.666666666666664,0,0.0,1.8383834819073366
17242,5,2889.28,5,5,0,0.0,425.6,44,1,0,0.0,109,685,577.856,291.8,144.0,0,0.0,-6.05584680603725
13540,3,632.39,2,2,0,0.0,0.0,26,1,0,0.0,468,656,210.79666666666665,63.0,188.0,0,0.0,0.0
15775,2,150.5,2,2,0,0.0,0.0,9,1,0,0.0,246,632,75.25,130.0,386.0,0,0.0,0.0
13978,2,196.79000000000002,2,2,2,196.79000000000002,0.0,14,1,0,0.0,15,46,98.39500000000001,157.5,31.0,0,0.0,5.287205861793318
14896,8,1826.0,8,6,0,0.0,0.0,150,1,2,98.7,205,734,228.25,116.375,75.57142857142857,0,0.051280719073102304,0.0
14706,1,367.53999999999996,1,1,0,0.0,0.0,25,1,0,0.0,619,619,367.53999999999996,246.0,,1,0.0,0.0
16815,2,406.02,2,2,0,0.0,0.0,66,1,0,0.0,454,537,203.01,118.5,83.0,0,0.0,0.0
17397,3,1198.2800000000002,2,2,2,681.4100000000001,0.0,132,1,0,0.0,23,417,399.42666666666673,230.33333333333334,394.0,0,0.0,6.52563065023188
12816,2,452.20000000000005,2,2,0,0.0,452.20000000000005,26,0,0,0.0,96,177,226.10000000000002,62.5,81.0,0,0.0,-6.116333529153851
13155,6,1370.48,6,6,2,402.55999999999995,0.0,79,1,0,0.0,34,492,228.41333333333333,123.5,91.6,0,0.0,6.000325175540178
15505,5,3610.96,5,4,2,1519.8200000000002,2091.14,90,1,2,113.82000000000001,53,156,722.192,478.0,25.75,0,0.03055750943679895,-0.31893780249086223
13419,1,221.06,1,1,1,221.06,0.0,16,1,0,0.0,64,64,221.06,275.0,,1,0.0,5.40294761562612
15466,4,1560.46,4,4,1,334.53,0.0,211,1,0,0.0,86,737,390.115,235.25,217.0,0,0.0,5.815711371192059
14955,1,163.77,1,1,0,0.0,0.0,30,1,0,0.0,733,733,163.77,74.0,,1,0.0,0.0
13482,2,336.09000000000003,2,2,0,0.0,0.0,20,1,0,0.0,233,628,168.04500000000002,93.5,395.0,0,0.0,0.0
14917,2,1123.75,1,1,0,0.0,0.0,29,1,0,0.0,597,597,561.875,445.5,,1,0.0,0.0
12863,6,2792.55,6,6,1,521.2,0.0,24,1,1,17.0,53,590,465.425,149.16666666666666,107.4,0,0.006050791051947821,6.258050656265029
16063,1,335.32,1,1,0,0.0,0.0,23,1,0,0.0,261,261,335.32,262.0,,1,0.0,0.0
13880,17,4293.860000000001,14,14,5,1539.0099999999998,341.19000000000005,148,1,0,0.0,22,563,252.58000000000004,149.11764705882354,41.61538461538461,0,0.0,1.5041780505387798
15392,7,2911.6200000000003,7,6,3,1196.55,0.0,100,1,1,19.799999999999997,5,432,415.94571428571436,306.2857142857143,71.16666666666667,0,0.00675440571463659,7.088033082066856
17006,8,1635.27,8,6,4,781.78,0.0,103,1,0,0.0,5,645,204.40875,71.5,91.42857142857143,0,0.0,6.6628516858853635
17817,6,788.15,5,4,1,117.97999999999999,0.0,115,1,1,6.7,5,423,131.35833333333332,58.833333333333336,104.5,0,0.008429263383028244,4.7789554117597595
14862,2,841.2,2,2,1,537.1,304.09999999999997,47,1,0,0.0,26,149,420.6,386.0,123.0,0,0.0,0.5674048247727503
16424,2,443.06,2,2,0,0.0,0.0,10,1,1,51.0,192,383,221.53,106.0,191.0,0,0.10322632878597741,0.0
14027,1,104.82,1,1,1,104.82,0.0,6,1,0,0.0,61,61,104.82,62.0,,1,0.0,4.661739537475985
18147,2,179.33999999999997,2,2,1,80.46,98.88,7,1,0,0.0,46,109,89.66999999999999,101.5,63.0,0,0.0,-0.20385736319130654
13207,4,535.86,4,4,1,52.739999999999995,197.52,10,1,0,0.0,16,613,133.965,44.5,199.0,0,0.0,-1.3067322475318948
17804,3,383.78,3,3,0,0.0,0.0,82,1,0,0.0,377,739,127.92666666666666,64.66666666666667,181.0,0,0.0,0.0
17962,4,665.9100000000001,3,3,0,0.0,102.41,145,1,1,14.4,143,696,166.47750000000002,158.0,276.5,0,0.02116682100806985,-4.638701669196884
16320,6,5628.99,6,5,0,0.0,185.78,193,0,1,10.2,173,682,938.165,553.1666666666666,101.8,0,0.0018087704085161167,-5.229931453681572
16078,2,362.99,2,2,0,0.0,0.0,39,1,0,0.0,284,670,181.495,100.0,386.0,0,0.0,0.0
15673,9,6204.32,9,9,1,711.53,318.65999999999997,177,1,1,4.95,89,656,689.3688888888888,363.77777777777777,70.875,0,0.000797195161427994,0.801564085579054
15538,6,3358.4,6,4,0,0.0,0.0,3,1,5,322.29999999999995,538,664,559.7333333333333,169.33333333333334,25.2,0,0.08756486537886814,0.0
12495,1,277.40000000000003,1,1,0,0.0,0.0,16,0,1,34.0,641,641,277.40000000000003,128.0,,1,0.10918432883750802,0.0
15941,1,405.0,1,1,0,0.0,0.0,6,1,1,174.4,638,638,405.0,60.0,,1,0.3010010355540214,0.0
14851,3,829.4100000000001,3,3,1,305.22,0.0,38,1,0,0.0,24,631,276.47,210.33333333333334,303.5,0,0.0,5.724303797876949
16551,7,2237.12,7,7,0,0.0,611.05,67,1,0,0.0,96,727,319.5885714285714,296.57142857142856,105.16666666666667,0,0.0,-6.416813978521521
12806,2,2558.96,2,2,0,0.0,0.0,56,0,0,0.0,573,589,1279.48,1042.0,16.0,0,0.0,0.0
13683,1,258.6,1,1,0,0.0,0.0,10,1,0,0.0,458,458,258.6,180.0,,1,0.0,0.0
16253,7,7222.200000000001,7,6,1,1983.46,0.0,217,1,0,0.0,67,732,1031.7428571428572,861.2857142857143,110.83333333333333,0,0.0,7.593102115809349
12725,3,1906.7600000000002,3,3,0,0.0,0.0,91,0,0,0.0,372,585,635.5866666666667,378.6666666666667,106.5,0,0.0,0.0
18170,9,2878.0,9,8,1,324.79999999999995,351.3,59,1,0,0.0,34,701,319.77777777777777,131.55555555555554,83.375,0,0.0,-0.07819938917924762
12347,8,4921.53,8,8,2,1519.14,584.91,126,0,0,0.0,3,405,615.19125,370.875,57.42857142857143,0,0.0,0.9533915206979566
17692,12,2960.4399999999996,11,10,0,0.0,117.47999999999999,89,1,2,13.4,128,541,246.7033333333333,190.83333333333334,41.3,0,0.004505958625884379,-4.774744169959543
16816,4,417.05999999999995,4,4,0,0.0,91.61000000000001,28,1,0,0.0,104,359,104.26499999999999,68.5,85.0,0,0.0,-4.528397127182178
12754,3,3010.7400000000002,3,3,0,0.0,0.0,49,0,0,0.0,236,309,1003.58,2160.3333333333335,36.5,0,0.0,0.0
15687,9,2993.1000000000004,8,7,4,1313.6499999999999,0.0,119,1,2,11.6,9,331,332.5666666666667,145.55555555555554,46.0,0,0.0038606183645621853,7.181325749489269
13497,6,1166.8300000000002,6,5,0,0.0,0.0,52,1,1,27.0,283,670,194.4716666666667,87.5,77.4,0,0.02261628540076895,0.0
13026,9,1733.0800000000002,9,9,2,371.15999999999997,360.48,52,1,3,35.34,2,727,192.56444444444446,274.0,90.625,0,0.019983940466631232,0.02911715429654471
13731,2,610.59,2,2,0,0.0,0.0,36,1,0,0.0,220,247,305.295,139.0,27.0,0,0.0,0.0
13737,1,339.59999999999997,1,1,0,0.0,0.0,29,1,0,0.0,201,201,339.59999999999997,125.0,,1,0.0,0.0
17299,6,993.23,6,6,2,388.42,268.19,96,1,0,0.0,12,482,165.53833333333333,153.16666666666666,94.0,0,0.0,0.36924100270939864
16332,11,1997.4899999999998,11,9,4,931.03,529.47,157,1,2,20.439999999999998,29,590,181.58999999999997,102.0,56.1,0,0.010129191795552868,0.5636015969778692
14931,4,864.6800000000001,4,4,3,621.6800000000001,0.0,28,0,0,0.0,5,241,216.17000000000002,103.5,78.66666666666667,0,0.0,6.4340327431676485
16613,1,618.59,1,1,1,618.59,0.0,30,1,0,0.0,71,71,618.59,293.0,,1,0.0,6.429057968967668
16591,1,213.50000000000003,1,1,1,213.50000000000003,0.0,10,1,0,0.0,69,69,213.50000000000003,41.0,,1,0.0,5.368309738368072
15963,2,470.76,2,2,2,470.76,0.0,26,1,0,0.0,20,46,235.38,149.0,26.0,0,0.0,6.156470381692249
13310,5,1541.2,5,4,1,314.38,0.0,80,1,3,48.400000000000006,29,403,308.24,163.2,93.5,0,0.030447911424257675,5.753778260977441
14362,1,151.5,1,1,1,151.5,0.0,37,1,0,0.0,23,23,151.5,96.0,,1,0.0,5.0271645960474665
12992,1,93.35,1,1,0,0.0,0.0,6,1,0,0.0,726,726,93.35,21.0,,1,0.0,0.0
16792,5,623.46,4,4,0,0.0,0.0,90,1,0,0.0,283,705,124.69200000000001,64.8,140.66666666666666,0,0.0,0.0
14172,3,369.02,3,2,0,0.0,0.0,38,1,1,12.75,606,643,123.00666666666666,26.0,18.5,0,0.033397071535217544,0.0
15590,5,1496.6,4,4,0,0.0,0.0,75,1,0,0.0,383,607,299.32,166.4,74.66666666666667,0,0.0,0.0
13371,2,2297.66,2,2,0,0.0,0.0,75,1,2,26.2,506,633,1148.83,509.5,127.0,0,0.011274345270369128,0.0
18048,3,394.93,2,2,0,0.0,0.0,56,1,0,0.0,204,494,131.64333333333335,85.33333333333333,290.0,0,0.0,0.0
13084,1,122.39999999999999,1,1,0,0.0,0.0,2,1,1,5.949999999999999,492,492,122.39999999999999,144.0,,1,0.04635761589403973,0.0
14736,2,374.04999999999995,1,1,0,0.0,0.0,70,1,0,0.0,486,486,187.02499999999998,74.0,,1,0.0,0.0
12451,8,12629.880000000001,7,6,3,3687.7000000000007,0.0,351,0,2,123.35,11,530,1578.7350000000001,1169.75,86.5,0,0.009672059548835862,8.213029371438072
15961,1,451.29,1,1,0,0.0,0.0,42,1,0,0.0,380,380,451.29,154.0,,1,0.0,0.0
18159,1,530.15,1,1,0,0.0,0.0,23,1,0,0.0,302,302,530.15,139.0,,1,0.0,0.0
13572,1,1384.25,1,1,0,0.0,0.0,32,1,0,0.0,206,206,1384.25,534.0,,1,0.0,0.0
14846,1,437.4,1,1,0,0.0,0.0,12,1,1,30.599999999999998,428,428,437.4,193.0,,1,0.06538461538461537,0.0
13925,4,678.25,3,3,0,0.0,678.25,28,1,2,61.599999999999994,93,135,169.5625,82.75,21.0,0,0.08326012029465431,-6.520989248306457
15360,1,427.93,1,1,1,427.93,0.0,13,1,0,0.0,40,40,427.93,223.0,,1,0.0,6.061293735451147
17985,1,631.35,1,1,1,631.35,0.0,20,1,0,0.0,23,23,631.35,171.0,,1,0.0,6.4494430383259855
17885,1,156.34,1,1,1,156.34,0.0,50,1,0,0.0,13,13,156.34,110.0,,1,0.0,5.0584090689010965
17907,1,291.76,1,1,0,0.0,0.0,13,1,0,0.0,641,641,291.76,1046.0,,1,0.0,0.0
15698,1,46.2,1,1,0,0.0,0.0,2,1,0,0.0,625,625,46.2,60.0,,1,0.0,0.0
15396,2,796.3800000000001,2,2,0,0.0,288.18,16,1,0,0.0,113,584,398.19000000000005,139.0,471.0,0,0.0,-5.66704933159998
12905,2,1018.42,2,2,0,0.0,0.0,52,1,1,6.6,577,683,509.21,266.0,106.0,0,0.0064388987531950595,0.0
12913,13,6283.24,13,11,2,1617.2399999999998,0.0,52,1,0,0.0,5,739,483.32615384615383,237.3846153846154,61.166666666666664,0,0.0,7.389094417891618
15106,5,1422.52,5,5,2,389.69,254.38,90,1,2,14.79,18,270,284.504,236.2,63.0,0,0.010290055729105064,0.425161774651186
14821,7,1230.15,5,4,0,0.0,0.0,65,1,0,0.0,367,677,175.7357142857143,65.57142857142857,77.5,0,0.0,0.0
17317,3,2600.34,3,2,3,2600.34,0.0,8,1,2,76.32000000000001,47,90,866.7800000000001,382.0,21.5,0,0.02851314698168613,7.863781975859922
16489,2,303.7,2,2,0,0.0,0.0,4,1,0,0.0,381,437,151.85,19.0,56.0,0,0.0,0.0
14473,2,234.34,2,2,1,149.34,0.0,7,1,0,0.0,75,283,117.17,44.0,208.0,0,0.0,5.012899395749323
13535,1,89.5,1,1,0,0.0,0.0,1,1,0,0.0,403,403,89.5,10.0,,1,0.0,0.0
15657,1,30.0,1,1,1,30.0,0.0,1,1,0,0.0,23,23,30.0,24.0,,1,0.0,3.4339872044851463
17892,3,244.09999999999997,3,2,2,102.0,142.1,27,1,0,0.0,57,156,81.36666666666666,36.333333333333336,49.5,0,0.0,-0.3288146983327689
13452,3,729.8,3,2,0,0.0,0.0,2,1,0,0.0,260,473,243.26666666666665,2.0,106.5,0,0.0,0.0
14123,1,436.18000000000006,1,1,0,0.0,0.0,24,1,0,0.0,734,734,436.18000000000006,234.0,,1,0.0,0.0
14695,3,1534.2199999999998,2,2,0,0.0,0.0,76,1,1,67.5,520,733,511.4066666666666,220.33333333333334,213.0,0,0.04214219713807657,0.0
16704,2,664.16,2,2,0,0.0,0.0,50,1,0,0.0,619,673,332.08,216.5,54.0,0,0.0,0.0
13778,4,1124.49,4,4,0,0.0,178.70000000000002,33,1,1,7.95,104,566,281.1225,127.75,154.0,0,0.0070202394828865105,-5.191288793789513
16739,2,786.43,2,2,0,0.0,323.0,33,1,2,14.2,177,537,393.215,195.5,360.0,0,0.017736032874111636,-5.780743515792329
14153,1,233.4,1,1,0,0.0,0.0,17,1,0,0.0,484,484,233.4,312.0,,1,0.0,0.0
14657,6,1450.19,6,6,1,209.27999999999997,114.54,143,1,1,9.95,18,436,241.69833333333335,146.5,83.6,0,0.006814415056090511,0.5988231855981274
13406,2,568.9200000000001,2,2,0,0.0,0.0,7,1,1,11.7,428,632,284.46000000000004,146.0,204.0,0,0.020150873204505523,0.0
16810,2,842.04,2,2,0,0.0,0.0,34,1,2,55.9,193,421,421.02,186.0,228.0,0,0.06225360269060294,0.0
17983,1,171.70999999999998,1,1,0,0.0,0.0,23,1,0,0.0,396,396,171.70999999999998,108.0,,1,0.0,0.0
16001,1,583.39,1,1,0,0.0,0.0,29,1,1,64.33000000000001,382,382,583.39,337.0,,1,0.0993176063731242,0.0
17889,7,746.4200000000001,5,4,0,0.0,0.0,97,1,0,0.0,213,619,106.63142857142859,57.57142857142857,101.5,0,0.0,0.0
13707,5,3365.86,4,4,0,0.0,0.0,142,1,0,0.0,268,537,673.172,442.0,89.66666666666667,0,0.0,0.0
14077,6,615.0799999999999,6,6,2,189.01999999999998,0.0,43,1,0,0.0,41,396,102.51333333333332,62.666666666666664,71.0,0,0.0,5.247129329778604
17527,4,939.3699999999999,4,4,2,332.75,314.51000000000005,45,1,2,50.510000000000005,54,219,234.84249999999997,122.0,55.0,0,0.05102638703681255,0.056201832514412686
13244,1,121.73999999999998,1,1,0,0.0,121.73999999999998,27,1,0,0.0,93,93,121.73999999999998,38.0,,1,0.0,-4.810068296960951
12397,2,2214.8999999999996,2,2,1,1105.09,1109.81,109,0,0,0.0,36,136,1107.4499999999998,625.0,100.0,0,0.0,-0.0042582048193775535
17979,4,729.01,3,3,1,234.46999999999997,262.87,115,1,1,19.9,36,260,182.2525,94.75,112.0,0,0.02657195123579602,-0.11387304081642657
13025,1,323.39,1,1,0,0.0,0.0,13,1,0,0.0,732,732,323.39,241.0,,1,0.0,0.0
14320,5,1346.75,5,5,0,0.0,0.0,68,1,2,142.63,207,688,269.35,142.6,120.25,0,0.09576468060535255,0.0
12874,2,873.42,2,2,0,0.0,0.0,43,0,1,15.0,386,555,436.71,309.0,169.0,0,0.01688390626055244,0.0
16340,3,1496.2399999999998,3,3,0,0.0,534.31,277,1,0,0.0,108,552,498.7466666666666,439.6666666666667,222.0,0,0.0,-6.28284601833824
14128,3,924.21,3,3,1,331.96,0.0,50,1,1,14.850000000000001,61,552,308.07,271.3333333333333,245.5,0,0.015813686026451983,5.808022362645325
17261,1,221.59000000000003,1,1,0,0.0,0.0,43,1,0,0.0,510,510,221.59000000000003,95.0,,1,0.0,0.0
15837,2,777.01,2,2,1,391.97999999999996,0.0,52,1,0,0.0,65,486,388.505,202.5,421.0,0,0.0,5.97375871998905
16472,2,789.6,2,2,0,0.0,0.0,39,1,0,0.0,435,598,394.8,126.0,163.0,0,0.0,0.0
13369,1,258.28,1,1,0,0.0,0.0,13,1,1,44.53,366,366,258.28,148.0,,1,0.1470559096463129,0.0
15733,1,162.3,1,1,0,0.0,0.0,10,1,0,0.0,283,283,162.3,62.0,,1,0.0,0.0
13441,2,720.9,2,2,0,0.0,296.64,33,1,0,0.0,92,432,360.45,260.0,340.0,0,0.0,-5.69588470252906
12612,1,668.0400000000001,1,1,1,668.0400000000001,0.0,18,0,1,60.45,75,75,668.0400000000001,260.0,,1,0.08297986245521558,6.505843849073271
15009,3,1259.4299999999998,3,1,3,1259.4299999999998,0.0,148,1,0,0.0,13,26,419.80999999999995,213.0,6.5,0,0.0,7.139208211567486
17010,1,195.35999999999999,1,1,1,195.35999999999999,0.0,11,1,1,9.9,19,19,195.35999999999999,118.0,,1,0.048231511254019296,5.279949709189852
12985,2,1239.38,2,2,2,1239.38,0.0,73,1,1,23.759999999999998,1,29,619.69,766.5,28.0,0,0.018810266478775112,7.123173063265281
16082,1,106.75,1,1,0,0.0,0.0,16,1,0,0.0,671,671,106.75,39.0,,1,0.0,0.0
14502,11,2426.79,9,7,4,1263.5700000000002,103.28,367,1,3,119.64999999999999,20,314,220.61727272727273,133.0909090909091,36.75,0,0.04698716639700915,2.495407833361482
12366,1,500.24,1,1,0,0.0,0.0,3,0,0,0.0,634,634,500.24,296.0,,1,0.0,0.0
16597,1,90.04,1,1,1,90.04,0.0,7,1,0,0.0,5,5,90.04,184.0,,1,0.0,4.511298970378021
14949,4,515.0,4,4,0,0.0,0.0,16,1,2,16.45,470,722,128.75,62.5,84.0,0,0.030953052968294287,0.0
15670,2,325.2,2,2,0,0.0,0.0,19,1,1,10.0,297,557,162.6,66.0,260.0,0,0.02983293556085919,0.0
12815,2,863.46,2,2,0,0.0,368.09999999999997,37,0,0,0.0,148,199,431.73,187.0,51.0,0,0.0,-5.9110676100359525
13713,3,740.76,3,3,0,0.0,0.0,70,1,0,0.0,409,584,246.92,94.66666666666667,87.5,0,0.0,0.0
14170,3,570.18,3,1,0,0.0,0.0,123,1,0,0.0,376,396,190.05999999999997,90.0,10.0,0,0.0,0.0
15237,4,1412.32,4,4,2,318.67,0.0,94,1,0,0.0,2,228,353.08,267.75,75.33333333333333,0,0.0,5.767289213689638
17895,1,95.45,1,1,1,95.45,0.0,15,1,0,0.0,45,45,95.45,127.0,,1,0.0,4.569024739351738
14856,3,1290.53,2,2,3,1290.53,0.0,65,1,0,0.0,37,57,430.1766666666667,237.0,20.0,0,0.0,7.163582841069827
13914,2,626.45,2,1,2,626.45,0.0,28,1,1,12.5,12,37,313.225,190.0,25.0,0,0.019563346114719462,6.441663986556317
14325,1,245.48000000000002,1,1,0,0.0,0.0,18,1,0,0.0,570,570,245.48000000000002,320.0,,1,0.0,0.0
15137,2,823.4,2,2,0,0.0,0.0,34,1,3,75.85,521,681,411.7,298.0,160.0,0,0.08434806783430636,0.0
13548,3,901.44,3,3,0,0.0,397.15,169,1,0,0.0,97,472,300.48,186.0,187.5,0,0.0,-5.9868288187034535
17316,1,124.45,1,1,0,0.0,0.0,35,1,0,0.0,421,421,124.45,44.0,,1,0.0,0.0
15481,1,1993.34,1,1,0,0.0,0.0,38,0,0,0.0,402,402,1993.34,1450.0,,1,0.0,0.0
12559,2,525.7099999999999,2,2,0,0.0,0.0,20,0,1,25.5,311,320,262.85499999999996,140.5,9.0,0,0.04626186027104008,0.0
17344,2,457.36,2,2,1,157.62,0.0,64,1,1,13.5,47,729,228.68,100.0,682.0,0,0.028670942530688526,5.066511404655174
15833,1,80.4,1,1,0,0.0,0.0,5,1,0,0.0,738,738,80.4,24.0,,1,0.0,0.0
17605,1,160.75,1,1,0,0.0,0.0,13,1,0,0.0,591,591,160.75,71.0,,1,0.0,0.0
13582,2,241.68,2,2,0,0.0,0.0,10,1,0,0.0,390,618,120.84,53.0,228.0,0,0.0,0.0
17617,1,385.18999999999994,1,1,0,0.0,0.0,18,1,1,158.05,559,559,385.18999999999994,249.0,,1,0.2909395478977984,0.0
12485,1,708.0999999999999,1,1,0,0.0,0.0,34,0,0,0.0,530,530,708.0999999999999,414.0,,1,0.0,0.0
15825,1,532.94,1,1,0,0.0,532.94,20,1,0,0.0,173,173,532.94,220.0,,1,0.0,-6.2802834730968256
16211,3,1090.5900000000001,3,3,1,547.0200000000001,0.0,35,1,1,4.25,89,439,363.53000000000003,173.0,175.0,0,0.0038818457491505602,6.306311782632405
16378,3,362.95,3,2,0,0.0,0.0,22,1,0,0.0,248,311,120.98333333333333,89.0,31.5,0,0.0,0.0
17056,1,128.60000000000002,1,1,0,0.0,0.0,8,1,0,0.0,739,739,128.60000000000002,26.0,,1,0.0,0.0
15794,2,777.0,2,1,0,0.0,0.0,15,1,0,0.0,737,738,388.5,144.0,1.0,0,0.0,0.0
18286,2,1246.43,2,2,0,0.0,0.0,66,1,1,108.0,477,724,623.215,303.5,247.0,0,0.0797383401135533,0.0
17875,1,167.10000000000002,1,1,0,0.0,0.0,25,1,0,0.0,689,689,167.10000000000002,98.0,,1,0.0,0.0
18253,1,317.88,1,1,0,0.0,0.0,7,1,0,0.0,643,643,317.88,128.0,,1,0.0,0.0
13825,2,255.58999999999997,2,2,0,0.0,0.0,38,1,0,0.0,622,731,127.79499999999999,91.0,109.0,0,0.0,0.0
13101,4,695.4,4,4,0,0.0,0.0,48,1,0,0.0,235,682,173.85,119.5,149.0,0,0.0,0.0
14945,1,179.4,1,1,0,0.0,0.0,11,1,0,0.0,414,414,179.4,156.0,,1,0.0,0.0
16223,2,1087.0500000000002,2,1,0,0.0,0.0,101,1,0,0.0,375,396,543.5250000000001,321.5,21.0,0,0.0,0.0
14889,1,135.9,1,1,0,0.0,0.0,10,1,0,0.0,337,337,135.9,90.0,,1,0.0,0.0
13328,1,1308.48,1,1,0,0.0,0.0,17,1,0,0.0,317,317,1308.48,680.0,,1,0.0,0.0
12707,1,603.4200000000001,1,1,0,0.0,0.0,33,0,0,0.0,292,292,603.4200000000001,256.0,,1,0.0,0.0
13841,1,85.0,1,1,0,0.0,0.0,1,1,0,0.0,253,253,85.0,100.0,,1,0.0,0.0
15036,3,429.55999999999995,3,2,1,217.07,212.49,107,1,0,0.0,73,180,143.18666666666664,105.33333333333333,53.5,0,0.0,0.021226119000420596
13568,1,187.04999999999998,1,1,0,0.0,187.04999999999998,41,1,0,0.0,174,174,187.04999999999998,66.0,,1,0.0,-5.2367078849163455
16641,2,554.5,2,2,0,0.0,231.09999999999997,36,1,0,0.0,106,702,277.25,227.0,596.0,0,0.0,-5.447168313280391
15088,2,1160.0700000000002,2,2,2,1160.0700000000002,0.0,53,1,1,19.8,22,68,580.0350000000001,230.0,46.0,0,0.01678150982735386,7.057097272731341
15610,1,112.46,1,1,1,112.46,0.0,6,1,0,0.0,52,52,112.46,66.0,,1,0.0,4.731450351898421
17434,7,2373.82,7,4,7,2373.82,0.0,100,1,2,40.400000000000006,3,86,339.1171428571429,241.85714285714286,13.833333333333334,0,0.01673418329729685,7.77267692412289
13460,2,183.44,2,2,2,183.44,0.0,16,1,0,0.0,30,50,91.72,143.0,20.0,0,0.0,5.217324207338505
13522,1,125.80000000000001,1,1,1,125.80000000000001,0.0,5,1,0,0.0,31,31,125.80000000000001,44.0,,1,0.0,4.842611042003125
14789,1,197.64,1,1,1,197.64,0.0,6,1,0,0.0,29,29,197.64,116.0,,1,0.0,5.2914941411999115
12941,1,377.49000000000007,1,1,0,0.0,0.0,27,1,0,0.0,725,725,377.49000000000007,381.0,,1,0.0,0.0
16585,2,341.59,2,2,0,0.0,0.0,16,1,0,0.0,594,696,170.795,75.5,102.0,0,0.0,0.0
15064,4,1154.4099999999999,4,4,0,0.0,0.0,74,1,0,0.0,411,718,288.60249999999996,202.0,102.33333333333333,0,0.0,0.0
17145,4,3120.91,3,2,0,0.0,0.0,168,1,3,106.27,513,659,780.2275,647.75,73.0,0,0.03292967854287644,0.0
15614,4,3147.3600000000006,3,3,0,0.0,0.0,73,1,3,138.5,438,627,786.8400000000001,408.0,94.5,0,0.042150304638663844,0.0
14509,1,110.94999999999999,1,1,0,0.0,0.0,25,1,0,0.0,535,535,110.94999999999999,38.0,,1,0.0,0.0
15401,2,216.95,2,2,0,0.0,0.0,14,1,0,0.0,453,569,108.475,46.5,116.0,0,0.0,0.0
14746,4,593.5,3,1,0,0.0,0.0,7,1,0,0.0,407,424,148.375,99.5,8.5,0,0.0,0.0
16876,1,136.01,1,1,0,0.0,0.0,32,1,0,0.0,404,404,136.01,181.0,,1,0.0,0.0
13721,2,741.54,2,2,1,524.14,0.0,41,1,0,0.0,37,396,370.77,256.0,359.0,0,0.0,6.263664893709055
14119,2,183.37,2,2,0,0.0,0.0,11,1,1,19.9,376,719,91.685,88.5,343.0,0,0.0978993456978403,0.0
17569,1,344.14,1,1,0,0.0,0.0,29,1,0,0.0,333,333,344.14,159.0,,1,0.0,0.0
18125,4,1131.75,4,4,1,197.85000000000002,0.0,164,1,1,1.65,30,317,282.9375,200.0,95.66666666666667,0,0.0014557967178401268,5.2925507716536995
15437,2,393.45000000000005,2,2,0,0.0,0.0,56,1,0,0.0,263,641,196.72500000000002,88.5,378.0,0,0.0,0.0
18142,2,1019.5200000000001,2,2,0,0.0,737.0400000000001,9,1,2,4.62,158,216,509.76000000000005,638.0,58.0,0,0.004511101997773741,-6.6039980236736815
12556,2,599.56,2,2,1,290.81,308.75,100,0,0,0.0,51,152,299.78,177.5,101.0,0,0.0,-0.05966261495979275
13108,2,748.46,2,2,0,0.0,0.0,27,1,0,0.0,373,436,374.23,372.5,63.0,0,0.0,0.0
15866,1,211.89000000000001,1,1,0,0.0,211.89000000000001,43,1,0,0.0,102,102,211.89000000000001,124.0,,1,0.0,-5.360775600387647
17333,1,494.24999999999994,1,1,1,494.24999999999994,0.0,28,1,0,0.0,86,86,494.24999999999994,375.0,,1,0.0,6.20506268557866
13518,1,627.16,1,1,1,627.16,0.0,36,1,0,0.0,86,86,627.16,382.0,,1,0.0,6.442794911088096
17415,1,507.84,1,1,1,507.84,0.0,14,1,0,0.0,80,80,507.84,114.0,,1,0.0,6.23213362528801
14554,4,2279.4900000000002,4,2,4,2279.4900000000002,0.0,147,1,0,0.0,11,53,569.8725000000001,360.75,14.0,0,0.0,7.7321456111388525
13028,2,661.3199999999999,2,2,2,661.3199999999999,0.0,40,1,1,1.6400000000000001,23,46,330.65999999999997,399.0,23.0,0,0.0024737540726439008,6.49574882283055
15557,1,468.91,1,1,1,468.91,0.0,16,1,0,0.0,29,29,468.91,213.0,,1,0.0,6.152541187005974
16482,1,220.62,1,1,1,220.62,0.0,18,1,0,0.0,16,16,220.62,346.0,,1,0.0,5.400964203508179
17398,3,653.3800000000001,3,3,0,0.0,124.93,30,1,0,0.0,115,256,217.79333333333338,103.33333333333333,70.5,0,0.0,-4.835726197017755
12568,1,52.0,1,1,0,0.0,0.0,4,0,0,0.0,645,645,52.0,47.0,,1,0.0,0.0
15616,1,317.11,1,1,0,0.0,0.0,13,1,0,0.0,439,439,317.11,137.0,,1,0.0,0.0
15663,1,138.14,1,1,0,0.0,138.14,9,1,0,0.0,107,107,138.14,106.0,,1,0.0,-4.935480620495495
13818,1,61.279999999999994,1,1,0,0.0,0.0,5,1,0,0.0,430,430,61.279999999999994,60.0,,1,0.0,0.0
15040,1,7.49,1,1,0,0.0,0.0,1,1,0,0.0,542,542,7.49,1.0,,1,0.0,0.0
13215,1,81.6,1,1,0,0.0,0.0,1,1,0,0.0,403,403,81.6,96.0,,1,0.0,0.0
13228,1,358.0,1,1,1,358.0,0.0,2,1,0,0.0,82,82,358.0,200.0,,1,0.0,5.883322388488279
14347,1,82.6,1,1,0,0.0,0.0,6,1,0,0.0,737,737,82.6,48.0,,1,0.0,0.0
15196,2,313.70000000000005,2,2,0,0.0,0.0,34,1,0,0.0,433,727,156.85000000000002,65.0,294.0,0,0.0,0.0
12869,1,337.67,1,1,0,0.0,0.0,35,1,0,0.0,682,682,337.67,144.0,,1,0.0,0.0
17479,1,389.26,1,1,0,0.0,0.0,18,1,0,0.0,633,633,389.26,266.0,,1,0.0,0.0
13352,1,347.97999999999996,1,1,1,347.97999999999996,0.0,23,1,1,8.7,61,61,347.97999999999996,320.0,,1,0.02439161152854099,5.855014613970084
13142,1,307.09000000000003,1,1,1,307.09000000000003,0.0,23,1,0,0.0,20,20,307.09000000000003,258.0,,1,0.0,5.7303919480814
13986,1,320.46,1,1,1,320.46,0.0,12,1,0,0.0,18,18,320.46,430.0,,1,0.0,5.7728731191409945
15239,2,780.59,2,2,2,780.59,0.0,48,1,1,16.25,11,79,390.295,297.0,68.0,0,0.02039305255760253,6.661330306378558
17603,4,1788.38,4,4,1,394.71999999999997,0.0,104,1,4,117.20000000000002,79,730,447.095,159.5,217.0,0,0.06150358421058156,5.980706890455021
15697,1,246.75,1,1,0,0.0,0.0,14,1,0,0.0,690,690,246.75,127.0,,1,0.0,0.0
16937,1,196.24999999999997,1,1,0,0.0,0.0,49,1,0,0.0,500,500,196.24999999999997,123.0,,1,0.0,0.0
14213,1,1192.2,1,1,0,0.0,0.0,5,1,1,1192.2000000000003,405,405,1192.2,244.0,,1,0.5,0.0
13686,3,409.03999999999996,3,2,0,0.0,0.0,27,1,0,0.0,183,402,136.34666666666666,126.0,109.5,0,0.0,0.0
13904,2,332.64,2,2,1,131.52,0.0,24,1,0,0.0,38,295,166.32,166.0,257.0,0,0.0,4.886733577431695
12614,1,315.59999999999997,1,1,0,0.0,0.0,20,0,0,0.0,278,278,315.59999999999997,76.0,,1,0.0,0.0
13248,2,465.68,2,2,0,0.0,78.21,25,1,0,0.0,125,190,232.84,152.5,65.0,0,0.0,-4.372102553476188
13574,1,404.45,1,1,0,0.0,0.0,84,1,0,0.0,412,412,404.45,304.0,,1,0.0,0.0
15929,1,594.0,1,1,0,0.0,0.0,1,1,0,0.0,645,645,594.0,120.0,,1,0.0,0.0
13672,3,419.92,3,3,0,0.0,0.0,13,1,3,186.39000000000001,302,731,139.97333333333333,46.0,214.5,0,0.3074169979053619,0.0
17715,2,489.59999999999997,2,2,0,0.0,0.0,1,1,0,0.0,201,593,244.79999999999998,288.0,392.0,0,0.0,0.0
17174,1,59.9,1,1,0,0.0,0.0,4,1,0,0.0,218,218,59.9,41.0,,1,0.0,0.0
14580,1,14.850000000000001,1,1,0,0.0,0.0,1,1,0,0.0,519,519,14.850000000000001,3.0,,1,0.0,0.0
16720,3,566.7399999999999,3,3,1,152.95,0.0,129,1,1,10.05,27,723,188.9133333333333,151.33333333333334,348.0,0,0.01742401914041506,5.0366278743705095
15256,2,170.4,2,2,0,0.0,98.45,6,1,0,0.0,149,562,85.2,46.0,413.0,0,0.0,-4.599655005299981
15305,1,93.6,1,1,0,0.0,0.0,5,1,0,0.0,556,556,93.6,40.0,,1,0.0,0.0
12666,1,1248.4200000000003,1,1,0,0.0,0.0,31,0,1,227.44,395,395,1248.4200000000003,370.0,,1,0.15410675809358607,0.0
12413,4,871.4499999999999,4,4,1,176.2,0.0,40,0,1,9.95,67,403,217.86249999999998,78.25,112.0,0,0.011288858633991377,5.177279038170981
14339,2,620.27,2,2,0,0.0,0.0,21,1,3,15.79,243,429,310.135,228.0,186.0,0,0.02482470207213156,0.0
14542,1,103.25,1,1,0,0.0,0.0,5,1,0,0.0,186,186,103.25,19.0,,1,0.0,0.0
16850,1,332.41,1,1,0,0.0,0.0,19,1,0,0.0,334,334,332.41,249.0,,1,0.0,0.0
17729,1,438.6500000000001,1,1,0,0.0,0.0,23,1,0,0.0,597,597,438.6500000000001,247.0,,1,0.0,0.0
14874,1,116.18,1,1,0,0.0,0.0,6,1,0,0.0,536,536,116.18,148.0,,1,0.0,0.0
15157,5,2654.11,5,5,1,430.70000000000005,419.91,152,1,2,56.23,4,730,530.822,693.2,181.5,0,0.02074647461204129,0.02531186845464095
14888,1,369.2,1,1,0,0.0,0.0,20,1,0,0.0,208,208,369.2,184.0,,1,0.0,0.0
18099,1,168.31,1,1,0,0.0,168.31,19,1,0,0.0,128,128,168.31,149.0,,1,0.0,-5.131731354140141
13886,1,243.56,1,1,1,243.56,0.0,16,1,0,0.0,72,72,243.56,126.0,,1,0.0,5.499460677582579
15692,1,191.04000000000002,1,1,1,191.04000000000002,0.0,12,1,0,0.0,29,29,191.04000000000002,138.0,,1,0.0,5.25770368366274
14675,2,1015.5799999999999,2,2,1,596.3599999999999,0.0,196,1,0,0.0,17,389,507.78999999999996,330.0,372.0,0,0.0,6.392519946727446
15323,3,434.6,3,3,0,0.0,0.0,29,1,1,113.70000000000002,563,662,144.86666666666667,62.666666666666664,49.5,0,0.2073682290716761,0.0
17844,1,51.56,1,1,0,0.0,51.56,5,0,0,0.0,107,107,51.56,52.0,,1,0.0,-3.9619553741763553
17102,1,25.5,1,1,0,0.0,0.0,1,1,0,0.0,262,262,25.5,2.0,,1,0.0,0.0
17500,3,1138.0,3,1,3,1138.0,0.0,3,1,0,0.0,18,30,379.3333333333333,5.666666666666667,6.0,0,0.0,7.037905963447182
17627,1,296.36,1,1,0,0.0,0.0,10,1,1,11.25,479,479,296.36,676.0,,1,0.03657228308572543,0.0
13934,1,922.0999999999998,1,1,0,0.0,0.0,31,1,0,0.0,264,264,922.0999999999998,390.0,,1,0.0,0.0
15342,1,406.09000000000003,1,1,0,0.0,406.09000000000003,24,1,1,14.33,130,130,406.09000000000003,283.0,,1,0.03408496265639123,-6.0090342912180414
15398,2,1345.53,2,2,2,1345.53,0.0,60,1,1,5.9,17,79,672.765,384.5,62.0,0,0.004365745913587829,7.2052861919886055
14317,1,508.58,1,1,1,508.58,0.0,24,1,0,0.0,65,65,508.58,255.0,,1,0.0,6.233586857019973
14558,3,655.5,3,3,0,0.0,0.0,13,1,2,41.4,655,732,218.5,54.0,38.5,0,0.0594059405940594,0.0
16671,3,1692.2700000000002,3,2,2,309.39,1382.88,3,1,0,0.0,29,165,564.09,291.6666666666667,68.0,0,0.0,-1.4948168559209334
14783,1,307.3,1,1,0,0.0,0.0,17,1,1,1.95,660,660,307.3,262.0,,1,0.006305578011317704,0.0
15927,1,106.53999999999999,1,1,0,0.0,0.0,13,1,0,0.0,648,648,106.53999999999999,66.0,,1,0.0,0.0
16068,1,115.72999999999999,1,1,0,0.0,0.0,34,1,0,0.0,594,594,115.72999999999999,48.0,,1,0.0,0.0
17565,1,131.83,1,1,0,0.0,0.0,30,1,0,0.0,587,587,131.83,67.0,,1,0.0,0.0
12580,2,962.9,2,2,0,0.0,0.0,51,0,0,0.0,247,577,481.45,282.0,330.0,0,0.0,0.0
12894,1,157.35,1,1,0,0.0,0.0,21,1,0,0.0,576,576,157.35,33.0,,1,0.0,0.0
14017,1,229.75,1,1,0,0.0,0.0,14,1,0,0.0,572,572,229.75,73.0,,1,0.0,0.0
12850,1,330.0,1,1,0,0.0,0.0,2,1,0,0.0,446,446,330.0,200.0,,1,0.0,0.0
14392,1,266.4,1,1,0,0.0,0.0,14,1,0,0.0,433,433,266.4,114.0,,1,0.0,0.0
13387,1,181.84,1,1,0,0.0,0.0,70,1,0,0.0,418,418,181.84,117.0,,1,0.0,0.0
14927,1,308.2,1,1,0,0.0,0.0,20,1,0,0.0,397,397,308.2,196.0,,1,0.0,0.0
15828,1,1108.82,1,1,0,0.0,0.0,74,1,0,0.0,376,376,1108.82,367.0,,1,0.0,0.0
14412,3,1426.19,3,3,2,770.03,0.0,75,1,1,8.7,43,425,475.3966666666667,476.0,191.0,0,0.006063182543609613,6.647727283312172
15830,1,576.0,1,1,1,576.0,0.0,39,1,1,28.3,38,38,576.0,415.0,,1,0.04683104418335264,6.3578422665081
12780,1,322.4,1,1,0,0.0,0.0,19,0,0,0.0,599,599,322.4,284.0,,1,0.0,0.0
17009,1,242.06,1,1,0,0.0,0.0,10,1,0,0.0,552,552,242.06,336.0,,1,0.0,0.0
16263,1,348.15999999999997,1,1,0,0.0,0.0,19,1,0,0.0,424,424,348.15999999999997,197.0,,1,0.0,0.0
17431,1,403.3,1,1,0,0.0,0.0,41,1,0,0.0,314,314,403.3,292.0,,1,0.0,0.0
14046,1,151.58999999999997,1,1,0,0.0,0.0,13,1,0,0.0,285,285,151.58999999999997,443.0,,1,0.0,0.0
15234,1,197.0,1,1,0,0.0,0.0,14,1,0,0.0,277,277,197.0,196.0,,1,0.0,0.0
13570,1,239.48999999999998,1,1,0,0.0,0.0,27,1,0,0.0,244,244,239.48999999999998,161.0,,1,0.0,0.0
15763,2,1086.92,2,2,2,1086.92,0.0,58,1,1,38.25,32,78,543.46,135.5,46.0,0,0.03399486299848023,6.992022895300703
12772,1,752.4700000000001,1,1,1,752.4700000000001,0.0,54,0,0,0.0,60,60,752.4700000000001,551.0,,1,0.0,6.624689203073546
14288,1,426.6,1,1,0,0.0,0.0,16,1,1,12.75,214,214,426.6,188.0,,1,0.02902014339364971,0.0
16963,1,110.55,1,1,0,0.0,0.0,7,1,0,0.0,188,188,110.55,35.0,,1,0.0,0.0
13638,1,122.64000000000001,1,1,1,122.64000000000001,0.0,8,1,0,0.0,16,16,122.64000000000001,93.0,,1,0.0,4.817374117263916
12814,1,85.92,1,1,0,0.0,85.92,1,0,0,0.0,102,102,85.92,48.0,,1,0.0,-4.4649881553882285
13105,1,72.0,1,1,0,0.0,0.0,1,1,0,0.0,437,437,72.0,100.0,,1,0.0,0.0
17378,1,10.95,1,1,0,0.0,0.0,1,1,1,10.95,375,375,10.95,1.0,,1,0.5,0.0
16388,1,186.05,1,1,0,0.0,0.0,13,1,0,0.0,654,654,186.05,83.0,,1,0.0,0.0
13724,1,213.01,1,1,0,0.0,0.0,39,1,0,0.0,638,638,213.01,130.0,,1,0.0,0.0
14873,2,854.1299999999999,2,2,0,0.0,0.0,48,1,0,0.0,211,634,427.06499999999994,155.5,423.0,0,0.0,0.0
17971,1,161.94,1,1,0,0.0,0.0,21,1,0,0.0,549,549,161.94,62.0,,1,0.0,0.0
18244,2,568.64,2,2,0,0.0,0.0,19,1,0,0.0,431,503,284.32,428.0,72.0,0,0.0,0.0
14749,1,310.15,1,1,0,0.0,0.0,18,1,0,0.0,480,480,310.15,403.0,,1,0.0,0.0
14975,2,472.39,2,2,1,279.94,0.0,25,1,0,0.0,58,422,236.195,253.5,364.0,0,0.0,5.638141123402764
16501,1,1191.23,1,1,0,0.0,0.0,181,1,0,0.0,384,384,1191.23,628.0,,1,0.0,0.0
12961,1,211.98999999999998,1,1,0,0.0,0.0,37,1,0,0.0,380,380,211.98999999999998,180.0,,1,0.0,0.0
13859,2,515.8600000000001,2,2,0,0.0,0.0,34,1,0,0.0,327,530,257.93000000000006,83.5,203.0,0,0.0,0.0
17176,3,902.3199999999999,3,3,0,0.0,0.0,37,1,0,0.0,202,678,300.7733333333333,192.0,238.0,0,0.0,0.0
14274,1,256.6,1,1,0,0.0,0.0,15,1,0,0.0,687,687,256.6,178.0,,1,0.0,0.0
16530,1,48.349999999999994,1,1,0,0.0,0.0,3,1,0,0.0,669,669,48.349999999999994,17.0,,1,0.0,0.0
18163,1,728.84,1,1,0,0.0,0.0,33,1,1,89.5,585,585,728.84,452.0,,1,0.10936774445829361,0.0
16896,1,103.94999999999999,1,1,0,0.0,0.0,18,1,0,0.0,556,556,103.94999999999999,18.0,,1,0.0,0.0
12751,1,268.27,1,1,0,0.0,0.0,61,0,0,0.0,445,445,268.27,189.0,,1,0.0,0.0
16874,1,209.89000000000001,1,1,0,0.0,0.0,31,1,0,0.0,380,380,209.89000000000001,78.0,,1,0.0,0.0
14117,1,90.0,1,1,0,0.0,90.0,3,1,0,0.0,144,144,90.0,72.0,,1,0.0,-4.51085950651685
15205,2,653.24,2,2,1,176.94,476.3,37,1,0,0.0,86,128,326.62,189.0,42.0,0,0.0,-0.9866988091952296
13177,2,512.2,2,2,1,282.45000000000005,0.0,23,1,0,0.0,65,431,256.1,90.0,366.0,0,0.0,5.6470357407703125
12807,1,250.34999999999997,1,1,0,0.0,0.0,15,0,1,20.4,384,384,250.34999999999997,143.0,,1,0.07534626038781164,0.0
14760,1,89.2,1,1,0,0.0,0.0,5,1,1,35.400000000000006,298,298,89.2,40.0,,1,0.28410914927768866,0.0
14366,1,136.0,1,1,0,0.0,0.0,1,1,0,0.0,526,526,136.0,16.0,,1,0.0,0.0
15668,1,76.32000000000001,1,1,0,0.0,0.0,1,1,0,0.0,218,218,76.32000000000001,72.0,,1,0.0,0.0
16908,1,252.59,1,1,0,0.0,0.0,20,1,1,99.0,723,723,252.59,61.0,,1,0.2815779743451179,0.0
14486,2,175.5,2,2,0,0.0,0.0,4,1,0,0.0,512,554,87.75,45.0,42.0,0,0.0,0.0
13674,1,240.67999999999995,1,1,0,0.0,0.0,14,1,1,24.8,433,433,240.67999999999995,102.0,,1,0.09341569986439659,0.0
18083,1,463.53000000000003,1,1,0,0.0,0.0,36,1,0,0.0,398,398,463.53000000000003,268.0,,1,0.0,0.0
13530,1,402.98,1,1,0,0.0,0.0,18,1,0,0.0,635,635,402.98,272.0,,1,0.0,0.0
12824,1,397.12000000000006,1,1,1,397.12000000000006,0.0,25,1,0,0.0,60,60,397.12000000000006,232.0,,1,0.0,5.986753467377863
12966,1,160.18,1,1,1,160.18,0.0,10,1,0,0.0,10,10,160.18,75.0,,1,0.0,5.0825217528963655
17273,1,141.12,1,1,0,0.0,0.0,12,1,0,0.0,425,425,141.12,133.0,,1,0.0,0.0
14705,1,179.0,1,1,0,0.0,0.0,1,1,0,0.0,199,199,179.0,100.0,,1,0.0,0.0
14661,1,107.95000000000002,1,1,1,107.95000000000002,0.0,4,1,0,0.0,27,27,107.95000000000002,35.0,,1,0.0,4.690889061390629
17216,1,63.6,1,1,0,0.0,0.0,13,1,0,0.0,555,555,63.6,21.0,,1,0.0,0.0
16259,3,340.94,2,2,0,0.0,0.0,75,1,0,0.0,411,606,113.64666666666666,47.666666666666664,195.0,0,0.0,0.0
15541,1,85.13000000000001,1,1,0,0.0,85.13000000000001,29,1,0,0.0,115,115,85.13000000000001,49.0,,1,0.0,-4.455857782801083
13380,1,62.4,1,1,0,0.0,0.0,3,1,0,0.0,433,433,62.4,48.0,,1,0.0,0.0
15412,1,190.53000000000003,1,1,0,0.0,190.53000000000003,10,1,0,0.0,172,172,190.53000000000003,108.0,,1,0.0,-5.25504445431457
14440,13,5982.030000000001,12,11,3,1171.97,0.0,63,1,2,111.89999999999999,9,738,460.15615384615387,123.46153846153847,66.27272727272727,0,0.018362534522057192,7.067294272878848
16558,38,13304.11,36,22,6,3653.32,1234.5900000000001,383,1,9,154.55,1,737,350.10815789473685,205.60526315789474,21.02857142857143,0,0.01148331260318635,1.0843614405858313
14087,3,829.47,3,3,1,191.47,0.0,175,1,2,42.75,3,736,276.49,239.33333333333334,366.5,0,0.04901286372704134,5.259940297427033
18077,18,4078.7899999999995,18,13,4,962.0699999999999,742.9599999999999,141,1,0,0.0,9,733,226.59944444444443,167.77777777777777,42.588235294117645,0,0.0,0.2581388287213864
15311,207,114671.42,196,25,26,14612.0,12410.419999999998,863,1,62,3227.06,1,739,553.9682125603865,337.719806763285,3.7846153846153845,0,0.027371514882973895,0.1632945269701782
16280,1,238.04999999999998,1,1,0,0.0,0.0,16,1,0,0.0,726,726,238.04999999999998,101.0,,1,0.0,0.0
15055,3,549.1199999999999,3,3,0,0.0,0.0,77,1,0,0.0,475,724,183.03999999999996,75.0,124.5,0,0.0,0.0
12681,44,26936.760000000002,42,21,7,3416.96,967.74,458,0,9,257.52,15,727,612.199090909091,382.90909090909093,17.365853658536587,0,0.009469638468089611,1.2608029028232783
15413,5,6798.72,5,2,0,0.0,0.0,20,1,0,0.0,692,739,1359.7440000000001,538.8,11.75,0,0.0,0.0
16867,1,76.74000000000001,1,1,0,0.0,0.0,6,1,0,0.0,690,690,76.74000000000001,58.0,,1,0.0,0.0
13462,5,1153.85,5,5,0,0.0,0.0,64,1,1,8.25,253,726,230.76999999999998,139.4,118.25,0,0.007099216934859307,0.0
12800,2,500.25,2,2,0,0.0,0.0,30,0,0,0.0,471,677,250.125,140.5,206.0,0,0.0,0.0
13628,1,310.14,1,1,0,0.0,0.0,16,1,0,0.0,677,677,310.14,106.0,,1,0.0,0.0
15867,31,8869.87,30,22,3,862.73,887.1000000000001,546,1,4,89.1,6,726,286.1248387096774,160.29032258064515,24.82758620689655,0,0.009945339698648392,-0.02782412929870226
15013,10,1610.82,10,8,0,0.0,0.0,177,1,0,0.0,488,678,161.082,171.5,21.11111111111111,0,0.0,0.0
16860,3,1610.62,3,3,0,0.0,0.0,35,1,1,16.95,453,663,536.8733333333333,208.33333333333334,105.0,0,0.010414298616956566,0.0
13995,14,3902.01,14,13,2,521.79,561.4499999999999,146,1,4,65.75,16,722,278.71500000000003,168.5,54.30769230769231,0,0.016571062765893096,-0.07312238744523292
13544,6,790.1999999999998,5,5,1,163.05,0.0,219,1,1,8.5,40,645,131.69999999999996,55.166666666666664,151.25,0,0.010642293727306877,5.1001712594071105
13426,22,8167.379999999999,21,18,5,2082.64,0.0,162,1,1,83.0,1,731,371.2445454545454,221.27272727272728,36.5,0,0.010060142684336965,7.64187164322948
13413,6,429.44,4,3,0,0.0,0.0,38,1,1,76.32000000000001,640,688,71.57333333333334,75.83333333333333,16.0,0,0.15090161341347677,0.0
17220,21,4451.41,14,13,4,899.47,825.25,407,1,0,0.0,25,689,211.97190476190477,126.71428571428571,51.07692307692308,0,0.0,0.08601945807006572
13883,14,6535.37,11,10,1,931.6999999999999,0.0,199,1,11,213.77999999999997,11,650,466.8121428571429,255.85714285714286,63.9,0,0.031675099827385665,6.838083605732818
14958,6,941.99,6,6,0,0.0,107.4,52,1,0,0.0,148,737,156.99833333333333,41.333333333333336,117.8,0,0.0,-4.685828089005546
18102,145,580987.04,67,23,33,124206.55,43321.12000000001,382,1,2,2578.4,1,739,4006.8071724137935,1252.7241379310344,11.181818181818182,0,0.004418356234392496,1.05329059763155
13712,2,766.4200000000001,2,2,0,0.0,0.0,32,1,0,0.0,247,611,383.21000000000004,564.0,364.0,0,0.0,0.0
18271,2,680.85,2,2,0,0.0,0.0,19,1,0,0.0,610,732,340.425,159.5,122.0,0,0.0,0.0
16098,14,4010.7,14,13,1,293.14,490.27,83,1,0,0.0,88,725,286.4785714285714,143.42857142857142,49.0,0,0.0,-0.5129380303507665
17346,26,4991.41,25,16,7,1394.1,298.94,516,1,1,64.97999999999999,4,601,191.97730769230768,132.19230769230768,24.875,0,0.012851065681246897,1.537138921620528
16619,4,1938.3300000000002,4,4,0,0.0,0.0,103,1,1,21.8,264,656,484.58250000000004,263.75,130.66666666666666,0,0.011121711315065837,0.0
17351,12,1964.38,11,10,1,159.85,228.7,44,1,0,0.0,37,730,163.69833333333335,31.666666666666668,69.3,0,0.0,-0.35630185601001774
16607,25,5706.87,24,17,4,1080.13,550.52,212,1,4,331.69,18,590,228.2748,177.44,24.869565217391305,0,0.05492865848811638,0.6730839666595436
12813,3,1621.8,3,3,0,0.0,0.0,36,0,0,0.0,502,694,540.6,378.0,96.0,0,0.0,0.0
15078,52,17276.73,35,23,10,3040.5200000000004,2518.43,117,1,11,185.35999999999999,8,736,332.2448076923077,168.76923076923077,21.41176470588235,0,0.01061499511226892,0.18832470499756315
15805,30,10148.93,22,16,6,1939.6800000000003,844.0800000000002,337,1,10,480.31,24,730,338.29766666666666,206.83333333333334,33.61904761904762,0,0.04518761454252609,0.8313624086730629
12695,7,1371.12,7,7,2,248.2,244.65,45,0,0,0.0,8,666,195.8742857142857,64.57142857142857,109.66666666666667,0,0.0,0.014348028298640791
15856,52,32274.690000000002,44,23,10,4895.71,3696.03,383,1,6,402.9,5,737,620.6671153846154,375.90384615384613,17.023255813953487,0,0.012329550618634971,0.2810337564268863
14859,5,1705.6399999999999,4,4,3,1056.8799999999999,0.0,51,1,1,1.7,13,555,341.128,177.6,180.66666666666666,0,0.000995700914873429,6.964022184435439
16798,3,841.1600000000001,3,3,0,0.0,0.0,141,1,1,8.95,555,730,280.3866666666667,68.33333333333333,87.5,0,0.010528049311265598,0.0
14515,12,3724.06,10,7,4,1311.2400000000002,0.0,109,1,3,30.36,18,551,310.3383333333333,157.75,59.22222222222222,0,0.008086468748834707,7.179490879604231
18247,3,839.73,3,3,0,0.0,0.0,28,1,3,118.3,415,632,279.91,111.66666666666667,108.5,0,0.12348256317651848,0.0
16710,22,5921.35,21,14,3,632.91,206.25,541,1,1,12.75,20,736,269.15227272727276,189.72727272727272,35.8,0,0.002148598776562579,1.1179811945091762
15264,2,848.4000000000001,2,2,1,393.74,0.0,52,1,1,4.2,65,531,424.20000000000005,221.5,466.0,0,0.004926108374384236,5.978227320325962
14217,23,3298.5899999999997,22,16,7,793.48,222.25,122,1,10,193.06999999999996,2,528,143.4169565217391,53.47826086956522,25.047619047619047,0,0.05529461631430322,1.2693955928384941
15885,13,1921.82,13,10,0,0.0,349.34999999999997,81,1,5,214.25,94,688,147.8323076923077,47.69230769230769,49.5,0,0.10030102009765599,-5.858932654816543
15076,3,1447.74,3,3,0,0.0,880.85,68,1,2,21.9,173,523,482.58,288.6666666666667,175.0,0,0.014901608557197679,-6.782021973516374
14656,5,790.0000000000001,5,5,0,0.0,157.94000000000003,148,1,0,0.0,170,604,158.00000000000003,61.8,108.5,0,0.0,-5.068526772512033
17188,13,4592.93,12,10,2,659.1400000000001,390.65,136,1,4,231.10000000000002,12,732,353.3023076923077,197.6153846153846,65.45454545454545,0,0.04790600390130244,0.5220833499248219
12480,7,4834.85,7,7,1,992.68,503.68,176,0,1,29.75,29,508,690.6928571428572,416.7142857142857,79.83333333333333,0,0.00611561073880689,0.6774906581763975
17696,27,7679.589999999999,24,16,1,370.12,1077.9999999999998,191,1,21,298.69999999999993,39,730,284.42925925925925,218.1851851851852,30.043478260869566,0,0.03743910035859814,-1.0672645048146467
18277,5,1180.05,4,4,1,110.38,0.0,53,1,2,20.7,59,495,236.01,89.8,145.33333333333334,0,0.017239225484072453,4.7129477781615225
18178,11,6103.74,11,11,0,0.0,490.87,204,1,4,49.25,129,660,554.8854545454545,350.0,53.1,0,0.00800423858969379,-6.1982144539357575
16180,13,16249.869999999999,11,8,0,0.0,7508.75,171,1,3,79.6,101,535,1249.99,754.8461538461538,43.4,0,0.004874622385172329,-8.923957455256021
13802,19,26259.109999999997,18,13,0,0.0,1468.36,212,1,5,767.55,139,662,1382.0584210526315,743.6315789473684,30.764705882352942,0,0.028399735668410378,-7.29258221082028
16369,7,2654.48,7,7,2,1188.88,0.0,114,1,0,0.0,19,612,379.2114285714286,226.42857142857142,98.83333333333333,0,0.0,7.081607740684712
14911,373,272252.79,247,25,89,60057.380000000005,37694.15,2546,0,93,13730.360000000008,2,739,729.9002412868632,396.2573726541555,2.9959349593495936,0,0.048011080373091944,0.4657856502010844
15339,7,1821.02,6,6,1,316.17,0.0,162,1,4,193.75,67,670,260.1457142857143,162.57142857142858,120.6,0,0.09616482278374207,5.75943790773436
16095,1,447.05,1,1,0,0.0,0.0,30,1,0,0.0,457,457,447.05,265.0,,1,0.0,0.0
17811,47,9513.099999999999,45,14,15,2927.51,798.63,537,1,13,161.26999999999995,5,446,202.40638297872337,112.27659574468085,10.022727272727273,0,0.01666981932673652,1.2980999195596254
12993,8,1259.63,7,7,1,42.36000000000001,197.1,57,1,2,68.37,24,660,157.45375,93.875,106.0,0,0.051483433734939764,-1.5192345965731144
13969,35,12973.46,33,20,7,5140.9400000000005,1890.7500000000002,472,1,4,153.1,8,625,370.6702857142857,189.71428571428572,19.28125,0,0.011663375629258541,0.9999281135716904
15502,12,9542.92,9,7,5,968.4499999999998,3315.0700000000006,230,1,11,1466.4700000000003,16,555,795.2433333333333,462.9166666666667,67.375,0,0.13320174868907364,-1.2298067254261724
15024,16,3559.3900000000003,12,7,5,805.8100000000001,150.03,168,1,0,0.0,10,425,222.46187500000002,120.25,37.72727272727273,0,0.0,1.6756097080705068
13299,3,1218.7,3,3,0,0.0,0.0,56,1,2,45.400000000000006,269,529,406.23333333333335,138.66666666666666,130.0,0,0.03591488015188672,0.0
16372,5,1290.3100000000002,4,3,2,355.72999999999996,0.0,271,1,1,30.0,34,608,258.062,144.4,191.33333333333334,0,0.022721936514909374,5.876979193117597
17083,9,4049.79,9,8,0,0.0,409.76,30,1,2,14.71,110,669,449.9766666666667,217.22222222222223,69.875,0,0.0036191413457989916,-6.018009102330094
15093,23,13702.380000000001,20,17,1,569.9200000000001,630.4200000000001,104,1,11,668.23,19,732,595.7556521739131,468.60869565217394,37.526315789473685,0,0.046499765841533515,-0.10072215650209237
17478,2,1272.8000000000002,2,2,0,0.0,0.0,40,1,0,0.0,409,634,636.4000000000001,258.0,225.0,0,0.0,0.0
16539,10,3289.6600000000003,10,7,1,335.2,0.0,83,1,0,0.0,3,533,328.966,101.4,58.888888888888886,0,0.0,5.817706220974515
15921,4,765.6099999999999,4,4,0,0.0,323.03,68,1,0,0.0,173,641,191.40249999999997,83.25,156.0,0,0.0,-5.780836104098492
17521,5,1278.06,5,5,2,563.65,0.0,65,1,1,1.25,30,435,255.612,161.2,101.25,0,0.0009770892121534265,6.33620607016968
15215,7,2422.4300000000003,6,6,2,434.90000000000003,300.03999999999996,85,1,4,925.9700000000001,47,613,346.0614285714286,110.85714285714286,113.2,0,0.27654103452395173,0.37016971295916523
18007,1,215.22000000000003,1,1,0,0.0,0.0,46,1,0,0.0,393,393,215.22000000000003,246.0,,1,0.0,0.0
12576,8,2062.72,8,8,1,379.28000000000003,514.9,113,0,3,58.85,36,527,257.84,186.5,70.14285714285714,0,0.027738891481308658,-0.3050051247597745
12967,3,2938.5199999999995,3,2,0,0.0,0.0,47,1,2,466.15000000000003,359,384,979.5066666666665,304.0,12.5,0,0.1369148845556251,0.0
15235,16,2772.7599999999998,12,6,0,0.0,0.0,161,1,0,0.0,218,389,173.29749999999999,104.75,15.545454545454545,0,0.0,0.0
16134,5,2145.34,5,5,1,334.56,0.0,85,1,2,25.349999999999998,22,541,429.06800000000004,327.4,129.75,0,0.011678314268734825,5.815800777978094
16306,7,1124.7199999999998,7,5,0,0.0,0.0,55,1,3,29.999999999999996,214,435,160.67428571428567,101.71428571428571,36.833333333333336,0,0.025980324234446447,0.0
17284,7,2558.6000000000004,7,6,1,158.44,565.69,284,1,1,10.9,61,390,365.5142857142858,295.42857142857144,54.833333333333336,0,0.004242070441720178,-1.2681447410945195
14976,6,774.8600000000001,5,5,2,214.9,109.70000000000002,45,1,1,25.0,58,327,129.14333333333335,38.666666666666664,67.25,0,0.03125546970719875,0.6679914978061703
15497,9,8657.390000000001,9,9,1,291.6,0.0,66,1,2,13.93,18,722,961.9322222222223,326.3333333333333,88.0,0,0.0016064451548322514,5.678806488586024
16496,6,2330.7700000000004,5,5,1,414.4800000000001,0.0,120,1,1,37.3,9,510,388.46166666666676,294.0,125.25,0,0.015751223570249186,6.029434478359611
15415,1,559.6099999999999,1,1,0,0.0,0.0,46,1,0,0.0,314,314,559.6099999999999,551.0,,1,0.0,0.0
15881,5,501.39000000000004,3,2,0,0.0,0.0,26,1,3,63.15,313,365,100.278,52.0,26.0,0,0.11186098416409819,0.0
13151,3,2454.71,3,2,0,0.0,0.0,130,1,2,69.05,296,628,818.2366666666667,262.6666666666667,166.0,0,0.027359970837163593,0.0
14952,32,17629.35,23,15,4,4564.88,0.0,240,1,11,282.09999999999997,60,737,550.9171875,218.03125,30.772727272727273,0,0.015749702006258567,8.426366545535448
15304,9,796.4000000000001,9,8,2,202.5,110.30000000000001,8,1,2,14.100000000000001,61,422,88.4888888888889,12.444444444444445,45.125,0,0.017396668723010485,0.603436746601151
14410,11,2630.9,9,8,0,0.0,326.27,306,1,6,511.82,93,438,239.1727272727273,124.27272727272727,43.125,0,0.16285892475308011,-5.790785518277775
15939,15,9004.84,14,10,1,254.76,640.3800000000001,50,1,1,12.75,90,375,600.3226666666667,415.1333333333333,21.923076923076923,0,0.001413903271273145,-0.9193826002314722
16523,28,11916.33,24,16,8,4172.52,2410.3500000000004,180,1,11,155.79,2,685,425.5832142857143,177.82142857142858,29.695652173913043,0,0.012904941302770348,0.5485730477947861
15656,4,748.5000000000001,4,4,1,184.87,256.77000000000004,46,1,0,0.0,46,285,187.12500000000003,85.75,79.66666666666667,0,0.0,-0.32702020983488467
17049,19,9942.529999999999,16,12,4,3048.38,1024.8500000000001,316,1,6,353.7,3,646,523.2910526315789,224.89473684210526,42.86666666666667,0,0.03435237946316273,1.0894167540368054
14475,4,1151.15,4,4,1,303.68,0.0,40,1,3,126.03,72,409,287.7875,135.25,112.33333333333333,0,0.09867833821387745,5.719262045504587
18248,2,804.02,2,2,0,0.0,307.55999999999995,39,1,2,21.0,123,187,402.01,255.5,64.0,0,0.0254539283896148,-5.731916313899972
15058,16,3387.58,13,12,4,867.78,234.35000000000002,232,1,1,32.849999999999994,26,654,211.72375,102.8125,52.333333333333336,0,0.00960405563043243,1.3060161608097225
12830,6,6814.639999999999,5,4,1,400.32000000000005,6414.32,13,1,0,0.0,38,172,1135.7733333333333,1641.3333333333333,33.5,0,0.0,-2.7716850448347206
15159,34,22116.729999999996,23,14,12,9671.039999999999,3294.1000000000004,413,1,4,67.33,2,432,650.4920588235293,397.4117647058824,19.545454545454547,0,0.0030350621121652214,1.076802732445632
14110,33,12987.95,32,18,7,2423.5299999999997,1558.1000000000001,177,1,2,28.35,4,739,393.57424242424247,176.5151515151515,23.70967741935484,0,0.002178038305816553,0.4415289594716434
17105,2,665.78,2,2,0,0.0,346.38,80,1,0,0.0,160,307,332.89,346.5,147.0,0,0.0,-5.850419281625866
15555,36,11233.78,32,19,6,1983.4900000000002,1035.19,666,1,10,367.4200000000001,13,734,312.0494444444445,234.83333333333334,23.258064516129032,0,0.03167086163500328,0.6498114294702395
15646,5,784.8100000000001,5,5,0,0.0,107.6,65,1,1,22.5,158,411,156.96200000000002,164.2,63.25,0,0.02787033481562225,-4.687671407499835
17315,41,9559.5,40,15,8,1913.1399999999999,1436.6399999999999,383,1,6,92.05000000000001,2,439,233.15853658536585,123.46341463414635,11.205128205128204,0,0.009537328201169763,0.2862655553498472
15298,23,9061.77,22,19,5,1441.68,1581.02,199,1,6,1103.34,3,732,393.99,260.8695652173913,34.714285714285715,0,0.1085418652626484,-0.09220001651304166
15290,26,10496.279999999999,24,19,6,4550.63,1360.02,106,1,4,140.7,5,654,403.7030769230769,252.57692307692307,28.217391304347824,0,0.013227438615095637,1.2072509919293362
15572,10,3965.2,8,8,3,980.6300000000001,679.25,259,1,0,0.0,5,605,396.52,208.9,85.71428571428571,0,0.0,0.36675407761351586
15356,13,3239.57,13,11,2,486.86,1069.51,290,1,0,0.0,32,423,249.1976923076923,145.53846153846155,32.583333333333336,0,0.0,-0.7858619699675442
14360,4,2118.0299999999997,3,3,3,993.5399999999998,1124.49,104,1,0,0.0,32,95,529.5074999999999,284.75,31.5,0,0.0,-0.1236934566654222
13431,8,3316.2400000000002,7,7,2,1269.1000000000001,0.0,113,1,1,27.0,68,660,414.53000000000003,196.25,98.66666666666667,0,0.008075998133547098,7.146850916510274
15529,12,4781.110000000001,12,10,3,1575.37,456.6700000000001,450,1,1,27.450000000000003,23,395,398.4258333333334,355.8333333333333,33.81818181818182,0,0.005708569717337415,1.2367316140423625
12895,2,372.8,2,2,2,372.8,0.0,22,1,1,25.5,43,87,186.4,105.0,44.0,0,0.06402209389907106,5.923720895021463
12569,32,3152.6900000000005,26,9,17,1507.0100000000002,681.22,91,0,1,23.700000000000003,3,253,98.52156250000002,54.59375,10.0,0,0.007461300407065883,0.7931939933749756
13979,7,3373.6300000000006,6,5,1,869.8700000000001,0.0,355,1,4,89.39999999999999,74,737,481.9471428571429,320.14285714285717,132.6,0,0.025815543036011808,6.769492711981713
13972,2,190.25,2,2,1,44.35,0.0,15,1,0,0.0,71,202,95.125,93.5,131.0,0,0.0,3.814410176561146
13347,1,291.36,1,1,1,291.36,0.0,7,1,0,0.0,71,71,291.36,204.0,,1,0.0,5.677985919612191
15903,12,8939.84,12,8,5,4485.12,0.0,58,1,3,80.02,10,695,744.9866666666667,327.1666666666667,62.27272727272727,0,0.008871534591445986,8.408743464610923
16592,28,7807.91,18,16,6,1899.3500000000001,693.35,221,1,6,183.45,5,722,278.8539285714286,196.57142857142858,42.1764705882353,0,0.022956042525928002,1.0068172025707822
16813,10,1652.18,10,7,3,505.34,845.1800000000001,248,1,0,0.0,9,205,165.21800000000002,150.1,21.77777777777778,0,0.0,-0.5135237225342735
15786,5,8501.619999999999,4,4,2,1771.3600000000001,3147.64,358,1,4,121.97000000000001,47,537,1700.3239999999998,1191.4,163.33333333333334,0,0.014143761472890065,-0.574658621757127
17459,2,657.3000000000001,2,1,2,657.3000000000001,0.0,88,1,0,0.0,44,61,328.65000000000003,268.5,17.0,0,0.0,6.489660754473831
13651,2,211.84999999999997,2,2,1,79.2,0.0,13,1,1,17.9,40,382,105.92499999999998,30.5,342.0,0,0.0779107725788901,4.384523514872469
13643,10,2156.7700000000004,10,9,1,260.04,171.50000000000003,71,1,5,44.6,32,732,215.67700000000005,90.2,77.77777777777777,0,0.02026011074921526,0.41427641581365027
12757,9,4176.749999999999,8,5,6,2495.07,835.6499999999999,235,0,1,15.0,16,212,464.08333333333326,265.22222222222223,28.0,0,0.0035784576847378785,1.0930669510272812
16912,15,4460.51,10,10,4,1017.0,392.72,130,1,3,39.65,29,731,297.36733333333336,112.6,78.0,0,0.008810797838299083,0.9499552003494571
17314,17,4904.43,17,14,3,1021.0000000000001,719.92,200,1,5,389.72999999999996,25,737,288.4958823529412,215.47058823529412,44.5,0,0.0736150777460447,0.34898859663904513
15419,1,135.85999999999999,1,1,1,135.85999999999999,0.0,8,1,0,0.0,25,25,135.85999999999999,230.0,,1,0.0,4.918958505524351
14714,4,906.24,4,4,1,160.19,0.0,64,1,3,9.84,25,688,226.56,160.5,221.0,0,0.01074141996332198,5.08258379340884
14866,17,20700.04,15,8,8,13226.0,1023.72,38,1,1,192.45000000000002,11,445,1217.649411764706,534.5294117647059,31.0,0,0.00921144392075813,2.5578407905031657
15790,1,218.75,1,1,1,218.75,0.0,34,1,0,0.0,11,11,218.75,113.0,,1,0.0,5.392490536565286
15782,4,4014.1000000000004,4,4,3,2614.7400000000002,0.0,51,1,2,28.450000000000003,10,431,1003.5250000000001,461.0,140.33333333333334,0,0.007037637134976686,7.869302319258532
17404,21,47638.119999999995,21,16,4,10887.52,7040.68,124,0,5,1774.3,5,702,2268.4819047619044,2413.0476190476193,34.85,0,0.035907976172792185,0.4358622451450138
13583,2,1445.03,2,2,0,0.0,781.03,92,1,0,0.0,156,680,722.515,548.0,524.0,0,0.0,-6.661893102980819
17873,18,6135.950000000001,15,14,1,272.04,0.0,64,1,2,286.32000000000005,81,724,340.8861111111112,231.0,45.92857142857143,0,0.04458236729380734,5.609618304598452
15002,9,4138.08,9,8,0,0.0,494.1700000000001,220,1,0,0.0,116,697,459.78666666666663,246.0,72.625,0,0.0,-6.204901137952049
13191,1,159.20999999999998,1,1,0,0.0,0.0,57,1,0,0.0,659,659,159.20999999999998,111.0,,1,0.0,0.0
16303,7,7928.27,7,7,1,1324.3,3209.15,156,1,2,104.55,26,632,1132.6100000000001,551.2857142857143,101.0,0,0.013015354508130393,-0.8846788161176278
16668,13,862.4200000000001,12,12,1,40.2,69.78,28,1,0,0.0,16,632,66.34,59.46153846153846,56.0,0,0.0,-0.5411382185618363
15633,13,4335.960000000001,13,8,0,0.0,0.0,77,1,5,179.05,510,732,333.5353846153847,157.53846153846155,18.5,0,0.03965661205623021,0.0
17340,18,19617.95,15,14,4,4759.64,1790.84,322,1,11,458.94000000000005,30,664,1089.8861111111112,527.6111111111111,45.285714285714285,0,0.022859118120386178,0.9771390881344955
16441,5,1013.1800000000001,5,5,1,170.2,0.0,66,1,1,10.95,68,628,202.63600000000002,95.4,140.0,0,0.010692001991934616,5.1428324637076415
16578,1,156.60000000000002,1,1,0,0.0,0.0,9,1,0,0.0,627,627,156.60000000000002,108.0,,1,0.0,0.0
16615,1,291.5,1,1,0,0.0,0.0,19,1,1,27.0,627,627,291.5,211.0,,1,0.0847723704866562,0.0
14809,2,686.76,1,1,0,0.0,0.0,18,1,0,0.0,622,622,343.38,116.0,,1,0.0,0.0
16655,13,6423.26,13,12,3,1922.3300000000002,636.49,408,1,0,0.0,18,678,494.0969230769231,302.9230769230769,55.0,0,0.0,1.10427474709524
13831,18,6585.54,18,12,2,747.5999999999999,357.4,121,1,2,14.4,17,730,365.86333333333334,132.94444444444446,41.94117647058823,0,0.002181838016709243,0.736555114369553
14947,6,1049.79,6,6,1,112.32,178.5,47,1,0,0.0,73,625,174.965,69.33333333333333,110.4,0,0.0,-0.45995953296601755
17969,20,2354.29,20,10,0,0.0,103.00000000000001,113,1,7,118.74999999999999,167,734,117.7145,50.7,29.842105263157894,0,0.048017824216349106,-4.6443908991413725
15889,8,1407.05,8,6,0,0.0,132.1,255,1,1,10.45,157,730,175.88125,99.125,81.85714285714286,0,0.007372134038800705,-4.891100725401066
15199,10,3122.4,10,10,1,300.95,310.6,17,1,0,0.0,60,576,312.24,89.4,57.333333333333336,0,0.0,-0.03145887324268326
13308,4,1670.37,4,4,2,570.56,0.0,65,1,1,17.9,23,597,417.5925,268.25,191.33333333333334,0,0.010602569494215971,6.348369464600769
12409,7,23419.289999999997,7,6,2,4865.589999999999,0.0,177,0,6,328.81999999999994,79,566,3345.6128571428567,1877.5714285714287,81.16666666666667,0,0.013846154493978679,8.490148765479574
14710,13,1899.79,13,9,4,599.48,0.0,310,1,0,0.0,15,737,146.1376923076923,87.3076923076923,60.166666666666664,0,0.0,6.39772933538671
13989,5,2026.06,5,5,1,369.40999999999997,0.0,61,1,0,0.0,66,564,405.212,441.4,124.5,0,0.0,5.914610500247762
16986,11,4888.75,6,5,2,1873.2,0.0,65,1,0,0.0,30,674,444.4318181818182,230.8181818181818,128.8,0,0.0,7.535937180689723
13081,28,56838.37,25,17,3,9467.26,4406.610000000001,738,1,15,869.4000000000001,12,732,2029.9417857142857,1431.3214285714287,30.0,0,0.015065562228448614,0.7646125597583566
12469,2,3070.54,2,2,0,0.0,0.0,76,0,0,0.0,523,537,1535.27,1276.0,14.0,0,0.0,0.0
16503,11,3614.34,10,9,0,0.0,338.54,161,1,2,16.45,107,537,328.5763636363636,139.54545454545453,47.77777777777778,0,0.004530694421875129,-5.827591760382488
13510,11,4558.290000000001,10,10,2,893.75,312.49,176,1,6,69.89999999999999,2,719,414.3900000000001,276.72727272727275,79.66666666666667,0,0.015103096458874848,1.0487768880085442
17380,3,645.0,3,3,0,0.0,0.0,5,1,1,1.25,435,535,215.0,84.0,50.0,0,0.0019342359767891683,0.0
15141,7,1388.4699999999998,6,5,0,0.0,0.0,44,1,2,10.16,458,622,198.35285714285712,171.0,32.8,0,0.007264251446057929,0.0
12779,14,6474.110000000001,14,14,1,981.95,0.0,142,0,7,315.50999999999993,38,737,462.4364285714286,250.07142857142858,53.76923076923077,0,0.046469463681325304,6.890558254153616
13963,17,2860.57,17,11,0,0.0,0.0,129,1,1,112.25,309,598,168.26882352941178,118.05882352941177,18.0625,0,0.03775876104170451,0.0
16126,15,14644.599999999999,15,14,1,2581.0699999999997,1862.7000000000003,144,1,0,0.0,30,738,976.3066666666666,409.3333333333333,50.57142857142857,0,0.0,0.3260276437193257
16469,5,803.8999999999999,4,4,2,357.12,0.0,167,1,0,0.0,24,515,160.77999999999997,66.4,163.66666666666666,0,0.0,5.880868125765955
14615,5,951.76,5,4,0,0.0,0.0,40,1,1,17.5,395,549,190.352,99.0,38.5,0,0.018055011039349606,0.0
17092,11,5511.410000000001,10,10,2,1144.71,494.42,273,1,3,31.650000000000002,51,676,501.0372727272728,342.54545454545456,69.44444444444444,0,0.005709842577926272,0.8383739234924796
12838,10,2975.91,10,8,1,281.15999999999997,0.0,230,1,2,22.450000000000003,34,593,297.591,160.6,62.111111111111114,0,0.0074874264597980245,5.642474285927796
14264,6,1517.3600000000001,6,6,0,0.0,218.26999999999998,59,1,2,41.5,155,612,252.89333333333335,92.16666666666667,91.4,0,0.026622018654657888,-5.39030384716041
13126,13,3774.8100000000004,12,11,3,1022.22,0.0,183,1,6,95.78,5,648,290.37,253.0,58.45454545454545,0,0.02474558142298719,6.930709796594321
13465,2,931.12,2,2,0,0.0,0.0,34,1,0,0.0,447,587,465.56,292.0,140.0,0,0.0,0.0
17001,19,6640.8,18,17,3,1196.0800000000002,991.55,108,1,0,0.0,1,625,349.5157894736842,199.05263157894737,36.705882352941174,0,0.0,0.1873631479495632
16636,4,3802.04,4,3,0,0.0,0.0,62,1,0,0.0,439,647,950.51,546.5,69.33333333333333,0,0.0,0.0
13103,3,709.6400000000001,3,3,1,243.94000000000003,0.0,27,1,0,0.0,40,578,236.5466666666667,142.0,269.0,0,0.0,5.501013282593141
13002,3,414.13,3,2,0,0.0,0.0,19,1,0,0.0,319,435,138.04333333333332,67.0,58.0,0,0.0,0.0
16920,1,355.45000000000005,1,1,0,0.0,0.0,23,1,0,0.0,412,412,355.45000000000005,81.0,,1,0.0,0.0
16780,3,596.3999999999999,3,3,0,0.0,260.34999999999997,73,1,0,0.0,101,408,198.79999999999995,117.33333333333333,153.5,0,0.0,-5.5658605051589305
15034,14,8231.2,13,11,3,1633.78,0.0,416,1,3,30.95,16,578,587.9428571428572,339.14285714285717,46.833333333333336,0,0.0037459983176291877,7.399263517702882
16904,20,4656.56,18,12,2,705.2,1698.3999999999999,482,1,0,0.0,5,412,232.82800000000003,129.8,23.941176470588236,0,0.0,-0.8781320430751549
16229,6,2867.86,6,6,1,652.4000000000001,0.0,144,1,1,32.5,88,565,477.9766666666667,215.33333333333334,95.4,0,0.01120550552345226,6.48218949916697
17890,2,586.8899999999999,2,2,0,0.0,0.0,88,1,0,0.0,323,362,293.44499999999994,201.0,39.0,0,0.0,0.0
12929,1,117.85000000000001,1,1,0,0.0,0.0,8,1,1,12.75,312,312,117.85000000000001,37.0,,1,0.09762633996937212,0.0
16807,6,2123.88,6,6,0,0.0,469.76,107,1,2,59.00000000000001,143,624,353.98,238.83333333333334,96.2,0,0.027028512790441987,-6.154348410009462
18225,26,13014.8,25,20,5,2774.1800000000003,1062.71,266,1,8,371.55,4,736,500.5692307692307,280.0769230769231,30.5,0,0.027755885659645835,0.9589528125813969
13803,3,1338.9099999999999,3,3,0,0.0,0.0,73,1,1,19.799999999999997,256,619,446.3033333333333,277.0,181.5,0,0.014572646112857048,0.0
14193,3,1210.19,3,3,1,430.84999999999997,0.0,49,1,0,0.0,68,397,403.3966666666667,217.66666666666666,164.5,0,0.0,6.068078305726295
16996,9,2123.61,8,7,1,415.18,340.9,32,1,4,79.45000000000002,31,418,235.95666666666668,102.11111111111111,55.285714285714285,0,0.036063475347925165,0.1965995623393786
13376,3,869.76,3,3,0,0.0,199.76,44,1,0,0.0,100,235,289.92,163.33333333333334,67.5,0,0.0,-5.302110164786733
17898,4,299.18,4,4,1,52.22,0.0,48,1,0,0.0,86,568,74.795,62.75,160.66666666666666,0,0.0,3.9744342655495433
14565,5,3709.2200000000003,5,5,0,0.0,1121.5700000000002,138,1,2,25.35,96,474,741.844,387.4,94.5,0,0.006787930069593019,-7.023375978473838
16763,2,964.7,2,2,0,0.0,0.0,44,1,1,16.95,199,739,482.35,246.0,540.0,0,0.01726684663576631,0.0
17312,3,644.3,3,1,0,0.0,644.3,11,1,0,0.0,139,160,214.76666666666665,124.0,10.5,0,0.0,-6.469715324941794
15142,6,2619.92,5,4,1,498.73999999999995,0.0,115,1,1,10.95,47,501,436.65333333333336,359.1666666666667,113.5,0,0.004162121275471612,6.214087963175304
16618,5,2647.5899999999997,4,4,1,1206.3,0.0,79,1,1,16.95,32,323,529.5179999999999,272.6,97.0,0,0.0063613231552162855,7.096141740338342
18008,23,19759.08,21,13,2,50.78,0.0,77,1,0,0.0,71,703,859.0904347826088,340.2173913043478,31.6,0,0.0,3.947003974323392
14453,1,119.92999999999999,1,1,0,0.0,0.0,22,1,0,0.0,191,191,119.92999999999999,49.0,,1,0.0,0.0
17428,45,31466.760000000002,33,20,8,6595.76,3372.2700000000004,422,1,6,581.7,1,739,699.2613333333334,385.68888888888887,23.0625,0,0.01815063812738584,0.6706960190947466
15150,13,8977.94,12,8,5,1721.71,2251.55,495,1,1,10.5,18,544,690.6107692307693,474.38461538461536,47.81818181818182,0,0.0011681671124244028,-0.2681642755176865
15975,1,371.01000000000005,1,1,1,371.01000000000005,0.0,24,1,0,0.0,85,85,371.01000000000005,243.0,,1,0.0,5.91892073563227
13994,6,2274.1400000000003,6,5,4,1854.5800000000002,419.56,122,1,0,0.0,4,149,379.02333333333337,155.33333333333334,29.0,0,0.0,1.4843654381233575
17370,4,446.18,4,2,2,218.12,228.06,31,1,0,0.0,73,170,111.545,135.0,32.333333333333336,0,0.0,-0.04436445301474734
17405,3,1031.4099999999999,3,3,2,638.0999999999999,393.31,77,1,2,64.19,2,151,343.8033333333333,242.0,74.5,0,0.058588901058780576,0.48292353469429994
17950,7,1166.29,6,6,1,219.03,0.0,133,1,1,10.08,73,705,166.61285714285714,94.14285714285714,126.4,0,0.008568732626639578,5.39376390069205
15370,8,3739.01,8,7,3,872.5899999999999,385.52,90,1,1,25.5,41,411,467.37625,174.625,52.857142857142854,0,0.006773789948758271,0.8154275449075703
15949,2,364.72,2,2,2,364.72,0.0,12,1,0,0.0,17,72,182.36,142.0,55.0,0,0.0,5.901868013296226
17295,3,547.0,2,2,3,547.0,0.0,53,1,0,0.0,29,65,182.33333333333334,97.66666666666667,36.0,0,0.0,6.306275286948016
18126,1,198.58,1,1,1,198.58,0.0,51,1,0,0.0,61,61,198.58,129.0,,1,0.0,5.2962151584561665
16232,7,2712.9700000000003,6,6,1,265.84000000000003,358.57,60,1,3,20.95,44,551,387.56714285714287,264.14285714285717,101.4,0,0.007662989407151636,-0.29825964524708404
15358,42,16425.86,30,24,7,2707.39,1276.74,359,1,13,212.21000000000004,5,733,391.0919047619048,354.8095238095238,25.103448275862068,0,0.012754484143894096,0.7512614700271962
17302,5,1135.63,5,4,2,474.02,358.49,68,1,1,15.7,15,306,227.12600000000003,115.0,72.75,0,0.013636403116395818,0.27867054804886227
15414,3,774.9000000000001,3,2,2,738.7,0.0,37,1,0,0.0,10,243,258.3,147.66666666666666,116.5,0,0.0,6.606244698593822
13091,2,1108.8,2,2,1,345.82,0.0,40,1,3,2452.04,29,730,554.4,669.0,701.0,0,0.6886127992271486,5.848805913370403
13170,1,108.80999999999999,1,1,1,108.80999999999999,0.0,29,1,0,0.0,27,27,108.80999999999999,141.0,,1,0.0,4.698751599609622
17297,1,128.18,1,1,1,128.18,0.0,49,1,0,0.0,18,18,128.18,65.0,,1,0.0,4.861206780604327
16376,2,974.9599999999999,2,2,2,974.9599999999999,0.0,104,1,1,9.489999999999998,9,18,487.47999999999996,345.5,9.0,0,0.009639900452029051,6.883421601966684
14572,11,5520.98,10,9,2,741.3,989.9099999999999,335,1,4,41.9,4,622,501.9072727272727,261.45454545454544,68.66666666666667,0,0.007532069719282099,-0.28887023872613504
16368,3,621.44,3,3,2,479.90999999999997,0.0,74,1,0,0.0,3,436,207.14666666666668,102.33333333333333,216.5,0,0.0,6.175680142411356
16794,15,2050.6800000000003,14,11,6,589.45,351.74,244,1,2,21.2,2,625,136.71200000000002,105.0,47.92307692307692,0,0.010232252833175666,0.5151537164050719
13716,1,138.28,1,1,0,0.0,0.0,21,1,0,0.0,270,270,138.28,138.0,,1,0.0,0.0
13587,4,1673.4999999999998,3,3,1,712.3999999999999,0.0,27,1,2,365.4,64,664,418.37499999999994,166.0,300.0,0,0.17921428221099614,6.570042272924791
17110,3,499.9,3,3,0,0.0,163.3,38,1,0,0.0,166,611,166.63333333333333,45.333333333333336,222.5,0,0.0,-5.101694025043223
13346,6,299.40000000000003,5,5,0,0.0,0.0,4,1,0,0.0,463,597,49.900000000000006,30.0,33.5,0,0.0,0.0
13129,2,233.25,2,2,0,0.0,0.0,10,1,0,0.0,453,530,116.625,148.0,77.0,0,0.0,0.0
16984,9,10350.529999999999,9,8,1,1246.3300000000002,3213.1899999999996,669,1,9,144.13,89,643,1150.0588888888888,569.6666666666666,69.25,0,0.013733651209281675,-0.9465701151214168
15824,2,890.94,2,2,0,0.0,0.0,24,1,0,0.0,454,533,445.47,239.0,79.0,0,0.0,0.0
17142,4,1275.25,4,4,0,0.0,0.0,78,1,0,0.0,240,685,318.8125,80.5,148.33333333333334,0,0.0,0.0
17592,1,148.3,1,1,0,0.0,0.0,13,1,1,148.3,739,739,148.3,38.0,,1,0.5,0.0
16039,2,456.40000000000003,2,2,0,0.0,0.0,27,1,1,6.75,424,629,228.20000000000002,204.5,205.0,0,0.014574112058728272,0.0
14198,9,1569.73,9,9,2,344.45000000000005,173.64999999999998,58,1,4,42.150000000000006,19,704,174.41444444444446,69.22222222222223,85.625,0,0.026149589299451576,0.6820639436819631
13970,2,846.55,2,2,0,0.0,0.0,10,1,0,0.0,387,438,423.275,234.5,51.0,0,0.0,0.0
14538,5,1370.84,5,4,1,281.74999999999994,0.0,45,1,0,0.0,65,684,274.168,56.8,154.75,0,0.0,5.644563114996229
13631,11,3070.42,7,5,0,0.0,1740.42,6,1,1,48.65,100,268,279.1290909090909,42.45454545454545,28.0,0,0.015597598001968534,-7.462456151340622
16184,6,1158.79,6,5,1,172.98999999999998,537.9100000000001,26,1,1,3.25,65,212,193.13166666666666,93.5,29.4,0,0.0027968056177067914,-1.1305507547870866
15606,17,5230.99,17,13,1,480.78,613.03,84,1,2,497.52000000000004,62,648,307.70529411764704,95.0,36.625,0,0.08684980911266629,-0.24255620856963755
13980,5,768.8199999999999,5,5,1,200.14,0.0,57,1,4,46.800000000000004,61,657,153.76399999999998,92.6,149.0,0,0.05737966209754544,5.304001183016334
14112,13,5834.59,10,9,3,1014.3299999999999,748.3199999999999,199,1,14,310.0799999999999,23,655,448.8146153846154,272.2307692307692,70.22222222222223,0,0.05046324700919658,0.30380283319466006
16350,9,2253.8900000000003,8,6,3,739.77,0.0,72,1,3,31.4,22,429,250.43222222222226,119.66666666666667,58.142857142857146,0,0.013740050496873478,6.607690185751695
15105,9,3094.91,7,6,6,1765.95,532.98,129,1,0,0.0,19,627,343.87888888888887,194.11111111111111,101.33333333333333,0,0.0,1.1966517902962348
15124,4,450.82000000000005,4,4,1,93.44,0.0,30,1,0,0.0,23,652,112.70500000000001,115.5,209.66666666666666,0,0.0,4.547964712217312
14370,6,1175.78,5,5,0,0.0,0.0,37,1,3,83.65,451,677,195.96333333333334,44.333333333333336,56.5,0,0.06641893555020922,0.0
15803,4,1929.66,4,3,1,415.82,0.0,48,1,0,0.0,52,677,482.415,257.5,208.33333333333334,0,0.0,6.032654473932845
17363,3,920.46,2,1,0,0.0,0.0,34,1,0,0.0,396,403,306.82,166.33333333333334,7.0,0,0.0,0.0
17170,2,178.68,2,1,0,0.0,0.0,8,1,1,59.699999999999996,375,390,89.34,76.0,15.0,0,0.2504404731940599,0.0
14424,1,322.08,1,1,1,322.08,0.0,1,1,0,0.0,18,18,322.08,48.0,,1,0.0,5.777899970574095
15299,9,5556.530000000001,6,6,2,1472.0,0.0,8,1,1,6.01,68,697,617.3922222222222,372.77777777777777,125.8,0,0.0010804416687340674,7.29505641646263
15649,4,1660.35,4,3,0,0.0,0.0,8,1,0,0.0,337,388,415.0875,91.25,17.0,0,0.0,0.0
17381,38,36398.65,28,19,5,2013.96,4443.52,50,1,1,3.18,9,549,957.8592105263158,1128.3947368421052,20.0,0,8.735824545084683e-05,-0.7910725325482346
16712,13,4225.22,10,7,3,1113.85,1291.5900000000001,300,1,0,0.0,10,402,325.0169230769231,159.30769230769232,43.55555555555556,0,0.0,-0.14792809075713986
13457,2,148.21999999999997,2,2,0,0.0,0.0,9,1,2,4.949999999999999,689,738,74.10999999999999,48.0,49.0,0,0.032317033361624344,0.0
13417,6,1669.49,5,5,1,404.83,0.0,57,1,1,75.6,5,670,278.24833333333333,88.66666666666667,166.25,0,0.043321547885782394,6.005934352702543
15031,14,3102.9399999999996,12,11,2,391.4,110.96000000000001,237,1,2,289.21,5,732,221.6385714285714,112.57142857142857,66.0909090909091,0,0.08525861179487935,1.2541400630439554
15879,4,1137.8,4,4,0,0.0,0.0,171,1,0,0.0,405,723,284.45,159.75,106.0,0,0.0,0.0
12883,4,703.4699999999999,2,2,4,703.4699999999999,0.0,39,1,0,0.0,25,90,175.86749999999998,49.0,65.0,0,0.0,6.5574457470395595
17079,1,118.80000000000001,1,1,1,118.80000000000001,0.0,2,1,0,0.0,79,79,118.80000000000001,24.0,,1,0.0,4.785823685681349
17739,18,7730.590000000002,18,15,4,1720.58,0.0,56,1,2,12.450000000000001,12,733,429.47722222222234,129.72222222222223,42.411764705882355,0,0.0016078956068934164,7.450997752799615
16918,16,3206.54,14,12,3,246.12000000000003,546.9200000000001,280,1,3,75.22999999999999,50,737,200.40875,129.125,52.84615384615385,0,0.022923605249606155,-0.7962552422793232
17734,6,1442.3200000000002,6,6,1,160.42000000000002,427.23,76,1,0,0.0,54,643,240.38666666666668,123.5,117.8,0,0.0,-0.975650770524509
16823,7,2243.09,7,6,0,0.0,0.0,149,1,1,6.95,228,738,320.4414285714286,166.57142857142858,85.0,0,0.0030888339762848663,0.0
17518,2,329.4200000000001,2,2,0,0.0,0.0,71,1,0,0.0,426,622,164.71000000000004,133.5,196.0,0,0.0,0.0
14648,15,4463.389999999999,13,9,0,0.0,0.0,285,1,4,88.65,417,730,297.5593333333333,217.26666666666668,26.083333333333332,0,0.019474784931591115,0.0
15570,25,8736.49,23,15,3,1338.84,301.26,442,1,2,64.05,8,622,349.45959999999997,163.16,27.90909090909091,0,0.007277962488665469,1.4890179086888038
16335,7,2753.5200000000004,7,6,0,0.0,0.0,193,1,1,27.0,552,736,393.36000000000007,143.42857142857142,30.666666666666668,0,0.009710413879418237,0.0
14938,2,2322.43,1,1,0,0.0,0.0,71,0,2,33.0,563,563,1161.215,684.5,,1,0.014010180731331435,0.0
17915,1,225.77999999999997,1,1,0,0.0,0.0,27,1,0,0.0,552,552,225.77999999999997,184.0,,1,0.0,0.0
15717,5,607.0,5,5,0,0.0,0.0,17,1,0,0.0,235,593,121.4,44.8,89.5,0,0.0,0.0
17680,3,497.44999999999993,3,3,1,184.39999999999998,0.0,20,1,1,34.95,24,512,165.81666666666663,51.666666666666664,244.0,0,0.06564613072877537,5.2225156531317545
13658,9,6025.5,7,7,4,1705.8699999999997,0.0,164,1,4,253.43,10,673,669.5,241.22222222222223,110.5,0,0.040361972501684204,7.442416562893763
13920,4,1774.68,4,4,0,0.0,0.0,81,1,1,39.8,432,563,443.67,443.0,43.666666666666664,0,0.02193465896565407,0.0
12519,2,626.54,2,2,1,276.84,0.0,33,0,1,31.35,64,477,313.27,191.0,413.0,0,0.0476523430968703,5.627045408435818
13815,8,6737.74,8,7,2,977.61,1767.74,202,0,2,189.95,23,666,842.2175,667.5,91.85714285714286,0,0.027418952060499244,-0.5918895101827593
15860,17,2358.8,17,11,2,198.01999999999998,346.88,248,1,0,0.0,41,734,138.75294117647059,74.0,43.3125,0,0.0,-0.5584522705345485
14631,6,2025.69,6,6,1,376.90000000000003,0.0,65,1,1,2.52,51,488,337.615,234.5,87.4,0,0.0012424748916532312,5.934629610355444
15294,1,233.35000000000002,1,1,0,0.0,0.0,15,1,1,11.049999999999999,411,411,233.35000000000002,97.0,,1,0.0452127659574468,0.0
13733,2,487.03000000000003,2,2,0,0.0,0.0,28,1,1,2.5,411,736,243.51500000000001,167.5,325.0,0,0.00510693930913325,0.0
17203,10,5564.09,4,3,6,3560.08,0.0,195,1,0,0.0,36,389,556.409,459.7,117.66666666666667,0,0.0,8.17781914862498
16599,1,172.79999999999998,1,1,0,0.0,0.0,12,1,0,0.0,386,386,172.79999999999998,159.0,,1,0.0,0.0
15658,8,2117.27,8,8,0,0.0,0.0,79,1,5,153.13,191,737,264.65875,78.375,78.0,0,0.06744626497533474,0.0
13240,8,1455.39,7,7,0,0.0,221.24,159,1,1,77.35000000000001,97,653,181.92375,88.375,92.66666666666667,0,0.050465180004436505,-5.403757879006034
16057,10,3854.85,7,7,1,718.89,484.6900000000001,175,1,7,652.7800000000001,17,702,385.485,169.1,114.16666666666667,0,0.14481667750014976,0.39352786226171155
16217,2,304.25,2,2,0,0.0,0.0,13,1,1,37.8,236,283,152.125,45.5,47.0,0,0.11051015933343078,0.0
15442,1,594.0,1,1,0,0.0,0.0,2,1,0,0.0,249,249,594.0,120.0,,1,0.0,0.0
14697,2,188.61,1,1,0,0.0,0.0,22,1,0,0.0,219,219,94.305,90.5,,1,0.0,0.0
15051,9,3926.91,9,9,2,1005.6200000000001,377.74,226,1,1,15.0,24,739,436.3233333333333,339.1111111111111,89.375,0,0.0038052619161776905,0.9775035091756052
12613,9,6277.37,8,8,1,1755.8599999999997,0.0,217,0,3,243.54999999999998,58,726,697.4855555555555,458.55555555555554,95.42857142857143,0,0.0373490243707943,7.471283403737475
13725,8,1980.56,8,5,1,114.86000000000001,114.1,95,1,3,170.75,50,309,247.57,100.75,37.0,0,0.0793702441768039,0.006581249940641243
13860,5,1245.9,4,4,5,1245.9,0.0,58,1,1,5.9,2,87,249.18,118.2,28.333333333333332,0,0.004713212973318421,7.1284157500025405
13602,4,1025.17,4,4,1,428.89000000000004,0.0,49,1,0,0.0,65,561,256.2925,134.5,165.33333333333334,0,0.0,6.063529362008149
13314,3,775.94,3,3,3,775.94,0.0,55,1,1,182.42999999999998,2,74,258.6466666666667,186.66666666666666,36.0,0,0.19035445600342246,6.655363127308804
12940,2,899.6899999999999,2,2,2,899.6899999999999,0.0,87,1,2,37.25,55,88,449.84499999999997,202.0,33.0,0,0.0397570815633872,6.803161136252212
14544,3,2938.5299999999997,3,3,1,902.53,0.0,148,1,0,0.0,25,471,979.5099999999999,804.0,223.0,0,0.0,6.806309313686902
16532,5,8756.64,5,5,1,2232.0,2606.4,2,1,0,0.0,18,621,1751.328,508.8,150.75,0,0.0,-0.15500758338852094
13681,4,827.8300000000002,4,3,3,624.3700000000001,203.46000000000004,37,1,0,0.0,18,156,206.95750000000004,90.0,46.0,0,0.0,1.117971117244661
12421,6,874.6000000000001,6,6,1,150.48000000000002,359.11,43,0,1,5.0,16,506,145.76666666666668,107.33333333333333,98.0,0,0.005684402000909503,-0.8659559372995256
13623,10,2533.06,10,10,1,188.57000000000002,0.0,211,1,5,76.33,31,738,253.30599999999998,101.0,78.55555555555556,0,0.02925204741338014,5.244758349453473
14519,2,203.14,2,2,0,0.0,0.0,38,1,0,0.0,684,729,101.57,40.5,45.0,0,0.0,0.0
13206,13,8308.189999999999,12,7,0,0.0,0.0,393,1,0,0.0,401,733,639.0915384615383,545.0769230769231,30.181818181818183,0,0.0,0.0
17258,2,417.30000000000007,2,2,0,0.0,0.0,46,1,0,0.0,397,666,208.65000000000003,94.0,269.0,0,0.0,0.0
18179,8,2547.55,8,7,2,690.01,0.0,101,1,0,0.0,10,664,318.44375,226.375,93.42857142857143,0,0.0,6.538154295442983
15970,2,1017.32,2,2,0,0.0,0.0,19,1,0,0.0,304,599,508.66,249.0,295.0,0,0.0,0.0
17908,5,1142.47,5,5,0,0.0,0.0,178,1,2,53.650000000000006,374,726,228.494,134.0,88.0,0,0.044853359194729624,0.0
13855,4,1310.3400000000001,4,3,0,0.0,0.0,64,1,1,56.400000000000006,501,732,327.58500000000004,143.75,77.0,0,0.04126607840554897,0.0
14247,5,753.56,5,5,0,0.0,0.0,82,1,1,2.95,279,552,150.712,75.6,68.25,0,0.0038994857966186836,0.0
15580,8,1375.3899999999999,8,7,0,0.0,0.0,150,1,6,159.24,377,671,171.92374999999998,119.375,42.0,0,0.10376442530121269,0.0
13439,3,986.61,3,3,0,0.0,0.0,132,1,0,0.0,256,527,328.87,317.3333333333333,135.5,0,0.0,0.0
13740,5,1582.77,5,5,0,0.0,0.0,83,1,0,0.0,241,738,316.554,197.4,124.25,0,0.0,0.0
17665,1,563.0999999999999,1,1,0,0.0,0.0,19,1,0,0.0,494,494,563.0999999999999,690.0,,1,0.0,0.0
17259,6,1452.3899999999999,5,5,0,0.0,213.28,179,1,0,0.0,149,656,242.06499999999997,140.66666666666666,126.75,0,0.0,-5.367283571012759
17134,3,625.3,3,3,0,0.0,94.5,31,1,0,0.0,107,443,208.4333333333333,48.0,168.0,0,0.0,-4.5591262474866845
16848,4,1411.6200000000001,3,3,1,281.42,0.0,75,1,0,0.0,53,433,352.90500000000003,195.0,190.0,0,0.0,5.643395324641106
17276,1,501.23999999999995,1,1,0,0.0,0.0,49,1,1,57.05,403,403,501.23999999999995,186.0,,1,0.1021870354117036,0.0
16430,6,1102.94,6,4,1,300.85,0.0,18,1,0,0.0,58,682,183.82333333333335,51.0,124.8,0,0.0,5.709930205242435
14508,5,822.9200000000001,4,4,2,268.05,0.0,142,1,1,18.849999999999998,23,541,164.584,69.4,172.66666666666666,0,0.022393290328712113,5.594897235935429
16893,2,249.47000000000003,2,2,0,0.0,0.0,79,1,0,0.0,367,377,124.73500000000001,58.0,10.0,0,0.0,0.0
14525,17,8018.59,17,16,2,1395.6100000000001,888.2499999999999,339,1,4,65.83,20,727,471.68176470588236,300.29411764705884,44.1875,0,0.008142822861751369,0.4514247398040485
16122,6,895.62,6,6,1,134.16000000000003,300.42,28,1,0,0.0,74,426,149.27,213.33333333333334,70.4,0,0.0,-0.8020453791454409
18171,9,2437.31,9,9,1,237.00000000000003,529.72,76,1,2,22.8,59,704,270.8122222222222,110.11111111111111,80.625,0,0.00926787826560601,-0.8019639015272677
17446,2,120.9,2,2,0,0.0,52.800000000000004,6,1,0,0.0,177,311,60.45,99.0,134.0,0,0.0,-3.985273467167739
14754,6,1547.93,6,6,1,409.78,0.0,110,1,1,4.2,45,691,257.98833333333334,168.33333333333334,129.2,0,0.002705958908081153,6.018057791377503
12528,6,1645.48,6,6,2,556.1099999999999,407.71000000000004,49,0,2,11.2,10,313,274.24666666666667,123.33333333333333,60.6,0,0.0067605089697467214,0.30975684886868393
13043,1,516.4200000000001,1,1,0,0.0,0.0,13,1,1,44.849999999999994,274,274,516.4200000000001,254.0,,1,0.07990806563685925,0.0
16216,1,914.9300000000001,1,1,0,0.0,0.0,37,1,0,0.0,268,268,914.9300000000001,254.0,,1,0.0,0.0
13235,1,1031.0700000000002,1,1,0,0.0,0.0,53,1,0,0.0,213,213,1031.0700000000002,441.0,,1,0.0,0.0
12360,6,3612.8900000000003,6,6,1,923.78,454.7,159,0,0,0.0,53,656,602.1483333333334,407.1666666666667,120.6,0,0.0,0.7077211731168473
18265,2,801.51,2,2,1,312.96000000000004,488.54999999999995,44,1,0,0.0,73,159,400.755,155.5,86.0,0,0.0,-0.4442210125414672
14259,1,120.0,1,1,0,0.0,120.0,5,1,0,0.0,142,142,120.0,68.0,,1,0.0,-4.795790545596741
13136,13,6274.5599999999995,9,9,2,1380.93,652.22,204,1,10,154.81000000000003,57,732,482.6584615384615,239.15384615384616,84.375,0,0.024078564462770076,0.7493223726935536
16066,5,1521.04,5,3,4,1204.6599999999999,316.38,77,1,0,0.0,17,125,304.20799999999997,187.0,27.0,0,0.0,1.3346826196897137
12991,3,764.82,3,3,1,200.2,303.56000000000006,45,1,0,0.0,24,390,254.94000000000003,161.0,183.0,0,0.0,-0.4145686738486578
16379,4,2157.4,4,3,4,2157.4,0.0,87,1,1,25.5,5,79,539.35,352.5,24.666666666666668,0,0.011681707819872647,7.677122485453491
16198,2,1030.04,2,2,1,400.68000000000006,0.0,30,1,0,0.0,76,438,515.02,191.5,362.0,0,0.0,5.99565575172645
12885,3,1175.22,2,2,2,529.87,645.35,66,1,1,16.95,64,124,391.74,218.33333333333334,60.0,0,0.014217770955484535,-0.19682398255387223
13271,1,211.49,1,1,1,211.49,0.0,79,1,1,39.12,38,38,211.49,240.0,,1,0.15609911815170982,5.358894928433641
17634,9,2358.59,9,8,2,281.52,265.78,209,1,0,0.0,37,338,262.0655555555556,93.11111111111111,37.625,0,0.0,0.05732499582782413
17564,3,454.01,3,3,3,454.01,0.0,38,1,0,0.0,25,81,151.33666666666667,48.666666666666664,28.0,0,0.0,6.120319396731415
15318,1,312.62,1,1,1,312.62,0.0,33,1,0,0.0,4,4,312.62,642.0,,1,0.0,5.748182061952885
12904,2,496.05999999999995,2,2,1,251.36999999999998,244.69,59,1,0,0.0,19,173,248.02999999999997,147.0,154.0,0,0.0,0.026825685990567116
13853,1,1090.14,1,1,1,1090.14,0.0,23,1,1,33.2,58,58,1090.14,312.0,,1,0.02955472074349707,6.994978300240205
15711,2,420.25,2,2,0,0.0,0.0,25,1,0,0.0,557,685,210.125,99.5,128.0,0,0.0,0.0
15479,1,147.4,1,1,0,0.0,0.0,9,1,0,0.0,734,734,147.4,38.0,,1,0.0,0.0
13545,2,364.93,2,2,0,0.0,0.0,54,1,1,27.29,391,545,182.465,126.0,154.0,0,0.06957829789403905,0.0
16312,1,171.15,1,1,0,0.0,0.0,10,1,0,0.0,433,433,171.15,53.0,,1,0.0,0.0
15728,2,544.6,2,2,0,0.0,0.0,10,1,1,134.8,380,445,272.3,66.0,65.0,0,0.19841036208419194,0.0
18086,1,101.34,1,1,0,0.0,0.0,7,1,0,0.0,275,275,101.34,106.0,,1,0.0,0.0
14665,7,2749.65,6,5,2,1104.04,0.0,94,1,2,577.3199999999999,61,593,392.8071428571429,163.42857142857142,106.4,0,0.17352726354610948,7.007636812391705
12943,2,496.49999999999994,2,2,0,0.0,0.0,22,1,2,7.5,559,606,248.24999999999997,111.0,47.0,0,0.014880952380952382,0.0
14029,2,467.6600000000001,2,2,1,302.46000000000004,165.20000000000002,15,1,0,0.0,64,145,233.83000000000004,99.0,81.0,0,0.0,0.6020579236757468
12457,7,2555.91,7,4,3,1135.98,0.0,62,0,6,523.6,67,436,365.13,154.71428571428572,61.5,0,0.17002704975791605,7.0361309034463115
16790,6,1545.62,6,2,6,1545.62,0.0,88,1,2,25.5,4,38,257.6033333333333,149.66666666666666,6.8,0,0.016230459799378788,7.343827183683201
14233,7,2904.27,7,7,1,503.62000000000006,0.0,42,1,3,137.31000000000003,50,645,414.8957142857143,180.14285714285714,99.16666666666667,0,0.04514430000197267,6.223805670776234
16182,9,9971.65,9,9,1,1773.65,2327.0,20,1,0,0.0,73,641,1107.961111111111,654.1111111111111,71.0,0,0.0,-0.27140630948354616
15587,7,1522.08,7,7,2,456.84,111.96,3,1,0,0.0,51,492,217.44,75.42857142857143,73.5,0,0.0,1.3994860043559152
14593,12,3658.03,8,7,1,277.55999999999995,0.0,435,1,5,55.720000000000006,22,731,304.83583333333337,153.83333333333334,101.28571428571429,0,0.015003702457085159,5.629633476019879
13334,5,6201.8,5,5,1,793.73,0.0,307,1,1,6.75,83,653,1240.3600000000001,639.6,142.5,0,0.001087210379235087,6.6780024343279925
15025,2,971.8400000000001,2,2,1,361.96,0.0,131,1,0,0.0,34,569,485.9200000000001,251.0,535.0,0,0.0,5.894292635355709
14227,15,6366.16,10,9,3,951.44,0.0,245,1,7,41.4,27,670,424.41066666666666,269.6666666666667,71.44444444444444,0,0.006461117804593325,6.859027112890785
13785,4,542.49,3,2,0,0.0,0.0,26,1,0,0.0,429,461,135.6225,37.75,16.0,0,0.0,0.0
17468,3,194.8,3,2,2,137.0,0.0,8,1,0,0.0,11,376,64.93333333333334,61.333333333333336,182.5,0,0.0,4.927253685157205
13358,1,389.03,1,1,0,0.0,0.0,28,1,0,0.0,269,269,389.03,284.0,,1,0.0,0.0
15691,4,571.3,4,4,0,0.0,0.0,12,1,1,59.5,253,734,142.825,53.0,160.33333333333334,0,0.09432466708941029,0.0
15906,10,2530.19,8,8,3,769.98,114.55000000000001,143,1,2,87.75,20,451,253.019,74.9,61.57142857142857,0,0.03351872082629854,1.8979590961692594
14013,5,1084.5700000000002,5,5,0,0.0,354.52,56,1,1,78.35,111,624,216.91400000000004,155.0,128.25,0,0.06737350806590306,-5.873581506451265
15845,11,4426.280000000001,11,10,3,1185.01,989.5999999999999,129,1,3,152.63,18,683,402.38909090909095,193.45454545454547,66.5,0,0.03333326053580436,0.1800391910711916
13265,5,2092.66,5,5,2,642.0,0.0,66,1,0,0.0,54,274,418.532,348.0,55.0,0,0.0,6.466144724237619
13588,9,2478.95,9,6,5,1058.23,1307.42,131,1,3,29.42,16,256,275.43888888888887,289.55555555555554,30.0,0,0.011728732204579071,-0.2112780733482209
16836,4,782.3699999999999,4,4,1,160.55,91.32000000000001,42,1,0,0.0,40,575,195.59249999999997,134.75,178.33333333333334,0,0.0,0.5595538895107177
17011,3,671.7,3,3,1,270.90000000000003,0.0,27,1,1,135.0,31,652,223.9,264.0,310.5,0,0.16734845667534398,5.605434351638425
17254,3,469.4799999999999,3,3,2,271.18999999999994,0.0,129,1,0,0.0,5,402,156.4933333333333,132.33333333333334,198.5,0,0.0,5.606500351849647
16358,5,2919.65,5,5,3,1565.3500000000001,0.0,118,1,1,2.55,2,395,583.9300000000001,413.0,98.25,0,0.0008726302101156662,7.356503350939917
15393,5,891.34,5,5,1,107.76,0.0,37,1,0,0.0,17,725,178.268,75.6,177.0,0,0.0,4.68914361976427
14151,2,679.45,2,2,0,0.0,0.0,44,1,1,12.75,674,717,339.725,202.5,43.0,0,0.018419531927188672,0.0
17731,6,1708.99,5,5,1,276.37,301.17,82,1,1,361.91,80,669,284.83166666666665,117.83333333333333,147.25,0,0.17475976628519002,-0.08563741795316826
13393,4,1131.45,4,3,0,0.0,0.0,53,1,2,25.6,584,733,282.8625,165.5,49.666666666666664,0,0.022125232271725512,0.0
13793,1,96.0,1,1,0,0.0,0.0,7,1,0,0.0,647,647,96.0,52.0,,1,0.0,0.0
15994,3,1175.68,3,3,1,414.27,0.0,93,1,2,3.34,55,636,391.8933333333334,154.0,290.5,0,0.0028328611898017,6.028928911090341
18020,1,190.47999999999996,1,1,0,0.0,0.0,12,1,1,61.199999999999996,544,544,190.47999999999996,67.0,,1,0.24316592498410683,0.0
13626,2,707.04,2,2,0,0.0,0.0,44,1,1,17.55,253,380,353.52,199.0,127.0,0,0.024220593715066456,0.0
16583,2,297.95000000000005,2,2,0,0.0,0.0,18,1,0,0.0,374,674,148.97500000000002,76.5,300.0,0,0.0,0.0
14162,2,289.36,2,2,0,0.0,111.68,25,1,0,0.0,174,293,144.68,71.0,119.0,0,0.0,-4.724551943008172
13453,3,781.69,3,3,0,0.0,171.98,33,1,2,22.7,166,403,260.56333333333333,113.66666666666667,118.5,0,0.028220141970934493,-5.153175980878366
12982,8,2744.8100000000004,8,7,0,0.0,0.0,139,1,9,182.69,243,607,343.10125000000005,216.125,52.0,0,0.062404782237403915,0.0
15574,6,1101.44,5,4,0,0.0,112.10000000000001,191,1,1,42.0,178,465,183.57333333333335,125.0,71.75,0,0.03673126705380256,-4.728272383122075
15221,4,2062.2,4,4,0,0.0,0.0,21,1,3,360.19999999999993,367,638,515.55,61.0,90.33333333333333,0,0.14869550858652575,0.0
13373,6,7587.19,6,6,1,1256.67,1067.8799999999999,292,1,0,0.0,61,734,1264.5316666666665,710.5,134.6,0,0.0,0.1626494314228637
18240,1,422.58000000000004,1,1,1,422.58000000000004,0.0,6,1,0,0.0,47,47,422.58000000000004,126.0,,1,0.0,6.0487423982594555
12364,4,1208.1,4,4,3,629.1799999999998,578.9200000000001,69,0,0,0.0,8,113,302.025,374.75,35.0,0,0.0,0.08311532987011638
14805,7,1082.55,7,6,3,437.15,0.0,88,1,0,0.0,16,622,154.65,59.42857142857143,101.0,0,0.0,6.08256131750186
14279,2,191.86,2,2,0,0.0,0.0,3,1,0,0.0,521,682,95.93,23.0,161.0,0,0.0,0.0
15759,7,830.9300000000001,7,7,0,0.0,0.0,10,1,3,19.95,219,738,118.70428571428572,74.71428571428571,86.5,0,0.02344631440391124,0.0
16055,1,134.8,1,1,0,0.0,0.0,8,1,0,0.0,221,221,134.8,22.0,,1,0.0,0.0
16446,2,168472.5,2,2,1,168469.6,0.0,3,1,1,168469.6,1,206,84236.25,40498.5,205.0,0,0.49999569659000764,12.034516532838857
12353,2,406.76,2,2,0,0.0,0.0,23,0,0,0.0,205,409,203.38,106.0,204.0,0,0.0,0.0
15224,5,871.3599999999999,5,4,0,0.0,0.0,24,1,3,34.1,359,694,174.272,88.6,83.75,0,0.03766041570030703,0.0
12679,4,951.0200000000001,4,4,2,152.64000000000001,0.0,42,0,5,54.35000000000001,59,284,237.75500000000002,136.25,75.0,0,0.05405969941414604,5.034612203477704
16560,8,3048.38,8,7,1,509.2300000000001,0.0,140,1,2,37.650000000000006,27,732,381.0475,200.375,100.71428571428571,0,0.012200140633759233,6.234861604449435
16717,14,6663.68,12,9,2,2283.42,1252.41,274,1,6,676.2700000000001,24,733,475.9771428571429,224.64285714285714,64.45454545454545,0,0.09213550501025211,0.6002443257287524
18207,1,544.47,1,1,0,0.0,0.0,31,1,2,39.349999999999994,500,500,544.47,325.0,,1,0.06740091123976566,0.0
14327,6,1894.9300000000003,6,6,0,0.0,311.65000000000003,99,1,0,0.0,164,701,315.8216666666667,216.0,107.4,0,0.0,-5.745084354013307
12551,1,168.0,1,1,0,0.0,0.0,10,0,0,0.0,358,358,168.0,100.0,,1,0.0,0.0
13492,3,1269.8400000000001,3,2,0,0.0,954.54,38,0,0,0.0,137,215,423.28000000000003,136.0,39.0,0,0.0,-6.862276625703107
15839,3,1048.49,3,3,2,749.31,299.18,56,1,2,27.75,34,149,349.49666666666667,225.0,57.5,0,0.025784211699992565,0.9161041597368298
15094,2,83.0,2,2,0,0.0,0.0,4,1,0,0.0,464,645,41.5,14.0,181.0,0,0.0,0.0
14321,7,2218.06,7,7,2,630.1,573.83,162,1,1,19.48,11,474,316.86571428571426,467.85714285714283,77.16666666666667,0,0.0087059896135935,0.0933899836804768
14341,18,4452.0199999999995,12,11,2,1027.46,436.37,185,1,2,23.85,46,739,247.33444444444442,156.27777777777777,63.0,0,0.005328572992513188,0.8550382979621798
12646,2,1346.97,2,2,2,1346.97,0.0,43,0,0,0.0,5,50,673.485,448.5,45.0,0,0.0,7.206355036031724
14999,1,129.48000000000002,1,1,0,0.0,0.0,9,1,0,0.0,593,593,129.48000000000002,88.0,,1,0.0,0.0
15791,5,3608.3399999999992,5,5,1,389.45000000000005,0.0,121,1,4,66.55,44,642,721.6679999999999,394.0,149.5,0,0.018109385587051587,5.967299920108684
12349,3,3678.6899999999996,3,3,1,1457.55,0.0,137,0,1,24.15,19,590,1226.2299999999998,540.3333333333334,285.5,0,0.006522020935282108,7.285198070516535
12356,6,5611.7300000000005,6,5,1,58.349999999999994,0.0,103,0,0,0.0,23,425,935.2883333333334,562.6666666666666,80.4,0,0.0,4.083452121055677
12386,2,401.9,2,2,0,0.0,0.0,10,0,0,0.0,338,367,200.95,177.0,29.0,0,0.0,0.0
12616,3,1023.0999999999999,3,3,0,0.0,421.7,31,0,4,85.75,96,389,341.0333333333333,164.0,146.5,0,0.07733237137574965,-6.046662707572744
12787,4,799.1800000000001,4,4,1,104.0,171.56,29,0,0,0.0,10,414,199.79500000000002,126.5,134.66666666666666,0,0.0,-0.4967846519233783
14109,1,144.2,1,1,1,144.2,0.0,9,1,1,64.0,73,73,144.2,88.0,,1,0.30739673390970224,4.978112102390695
15018,3,496.21000000000004,3,3,1,204.87000000000003,0.0,30,1,1,39.95,39,368,165.40333333333334,63.0,164.5,0,0.07451133989853774,5.327244901621217
15645,3,1054.7500000000002,3,2,1,611.5900000000001,0.0,58,1,1,12.600000000000001,19,426,351.5833333333334,131.66666666666666,203.5,0,0.011804937461938446,6.417695870399948
15834,7,3761.8900000000003,5,5,1,441.93000000000006,510.45,332,1,2,148.85,71,425,537.4128571428572,259.0,88.5,0,0.03806185018692114,-0.1438380848873546
14549,4,913.6,4,4,0,0.0,0.0,117,1,0,0.0,312,738,228.4,98.5,142.0,0,0.0,0.0
13490,1,154.25,1,1,0,0.0,0.0,8,1,0,0.0,655,655,154.25,25.0,,1,0.0,0.0
13219,1,76.23,1,1,0,0.0,0.0,11,1,0,0.0,619,619,76.23,11.0,,1,0.0,0.0
15418,2,449.42,2,2,0,0.0,0.0,64,1,0,0.0,426,587,224.71,132.0,161.0,0,0.0,0.0
17963,4,643.1600000000001,4,4,0,0.0,0.0,98,1,0,0.0,472,690,160.79000000000002,85.25,72.66666666666667,0,0.0,0.0
17471,1,321.65000000000003,1,1,0,0.0,0.0,19,1,0,0.0,475,475,321.65000000000003,153.0,,1,0.0,0.0
15966,1,426.53,1,1,0,0.0,0.0,27,1,1,26.950000000000003,451,451,426.53,275.0,,1,0.05942930228455501,0.0
14203,1,339.34,1,1,0,0.0,0.0,16,1,0,0.0,398,398,339.34,80.0,,1,0.0,0.0
13809,3,679.7,3,3,0,0.0,0.0,23,0,0,0.0,306,461,226.5666666666667,93.66666666666667,77.5,0,0.0,0.0
15986,2,354.42,2,2,1,168.12,0.0,25,1,0,0.0,31,382,177.21,184.0,351.0,0,0.0,5.1306085221219275
15212,2,208.27999999999997,2,2,0,0.0,0.0,7,1,1,12.85,242,377,104.13999999999999,42.0,135.0,0,0.05811061366616923,0.0
17787,4,1817.54,4,4,0,0.0,149.02,94,1,0,0.0,153,372,454.385,224.0,73.0,0,0.0,-5.010768618541491
17691,4,637.55,4,3,0,0.0,0.0,37,1,1,10.2,359,547,159.3875,78.75,62.666666666666664,0,0.015746815901196448,0.0
15236,1,321.05,1,1,0,0.0,0.0,15,1,0,0.0,299,299,321.05,269.0,,1,0.0,0.0
16317,5,2192.51,5,5,0,0.0,770.89,103,1,1,12.75,120,585,438.50200000000007,247.2,116.25,0,0.005781631190879986,-6.6488420528259
14524,13,2909.8599999999997,8,7,4,814.96,275.14,250,1,0,0.0,32,417,223.83538461538458,89.92307692307692,55.0,0,0.0,1.083457350666757
14632,1,114.56,1,1,0,0.0,0.0,8,1,0,0.0,263,263,114.56,96.0,,1,0.0,0.0
12833,1,417.38,1,1,0,0.0,417.38,24,1,0,0.0,146,146,417.38,156.0,,1,0.0,-6.0363901104609745
18211,5,600.0699999999999,5,5,3,331.37,130.8,37,1,0,0.0,26,279,120.01399999999998,71.8,63.25,0,0.0,0.9249631841322845
12936,4,1063.9,3,2,4,1063.9,0.0,56,1,1,51.0,18,79,265.975,139.75,30.5,0,0.04574401291595658,6.970636177021338
13759,2,659.4100000000001,2,2,2,659.4100000000001,0.0,24,1,0,0.0,34,72,329.70500000000004,143.5,38.0,0,0.0,6.492860854269306
13923,1,351.13,1,1,1,351.13,0.0,20,1,0,0.0,54,54,351.13,185.0,,1,0.0,5.864000425598742
16204,3,918.71,3,3,1,384.18000000000006,0.0,86,1,1,5.0,24,732,306.2366666666667,223.66666666666666,354.0,0,0.0054129542821881324,5.953710757496066
17595,2,386.69,2,1,2,386.69,0.0,68,1,0,0.0,13,38,193.345,114.0,25.0,0,0.0,5.960206051205209
13345,1,339.50000000000006,1,1,0,0.0,0.0,19,1,1,11.899999999999999,288,288,339.50000000000006,140.0,,1,0.03386454183266931,0.0
13928,4,464.57000000000005,4,3,2,239.12,225.45,23,1,0,0.0,11,134,116.14250000000001,32.25,41.0,0,0.0,0.05861462838141929
17028,3,1593.83,3,3,0,0.0,0.0,85,1,0,0.0,582,722,531.2766666666666,285.3333333333333,70.0,0,0.0,0.0
16254,3,967.44,3,3,0,0.0,0.0,65,1,0,0.0,379,633,322.48,181.0,127.0,0,0.0,0.0
16108,4,2235.92,4,4,1,842.5,0.0,124,1,4,63.989999999999995,85,632,558.98,368.25,182.33333333333334,0,0.027822827849785427,6.737559901986023
14355,3,840.05,3,3,0,0.0,0.0,57,1,0,0.0,366,628,280.01666666666665,205.66666666666666,131.0,0,0.0,0.0
14890,3,817.2499999999999,3,3,0,0.0,0.0,55,1,0,0.0,254,660,272.41666666666663,212.0,203.0,0,0.0,0.0
14237,2,471.14,2,2,0,0.0,0.0,26,1,1,5.1,374,591,235.57,119.0,217.0,0,0.010708886275827313,0.0
18111,1,405.85,1,1,0,0.0,0.0,27,1,1,6.95,590,590,405.85,232.0,,1,0.016836240310077518,0.0
15443,14,5114.23,14,11,5,2528.79,247.08999999999997,408,1,2,59.79,2,643,365.3021428571428,192.78571428571428,49.30769230769231,0,0.011555811535324565,2.322099990766638
14452,4,658.95,4,4,1,131.68,127.37,108,1,0,0.0,11,522,164.7375,71.25,170.33333333333334,0,0.0,0.033023494982017176
12959,1,150.95,1,1,0,0.0,0.0,8,1,0,0.0,485,485,150.95,109.0,,1,0.0,0.0
15859,1,438.46,1,1,0,0.0,0.0,22,1,0,0.0,433,433,438.46,174.0,,1,0.0,0.0
15080,2,546.25,2,2,0,0.0,0.0,31,1,0,0.0,428,502,273.125,143.5,74.0,0,0.0,0.0
15177,1,948.9300000000001,1,1,0,0.0,0.0,26,1,0,0.0,426,426,948.9300000000001,485.0,,1,0.0,0.0
18112,4,773.3599999999999,4,4,1,156.04999999999998,196.64,59,1,0,0.0,13,552,193.33999999999997,110.75,179.66666666666666,0,0.0,-0.22988296799289376
16521,3,1136.3600000000001,2,2,0,0.0,0.0,211,1,0,0.0,416,649,378.7866666666667,337.6666666666667,233.0,0,0.0,0.0
13086,1,439.33,1,1,0,0.0,0.0,47,1,0,0.0,383,383,439.33,155.0,,1,0.0,0.0
13649,6,1453.68,6,6,0,0.0,0.0,97,1,0,0.0,257,528,242.28,130.33333333333334,54.2,0,0.0,0.0
13033,2,220.55,2,2,0,0.0,0.0,12,1,0,0.0,358,430,110.275,49.0,72.0,0,0.0,0.0
18202,3,1396.99,2,2,0,0.0,0.0,55,1,0,0.0,200,312,465.66333333333336,193.66666666666666,112.0,0,0.0,0.0
14570,3,512.4,2,2,0,0.0,0.0,63,1,0,0.0,281,444,170.79999999999998,121.0,163.0,0,0.0,0.0
14920,3,1607.1699999999998,2,2,0,0.0,0.0,90,1,0,0.0,213,566,535.7233333333332,295.3333333333333,353.0,0,0.0,0.0
16849,1,124.57,1,1,0,0.0,0.0,8,1,0,0.0,187,187,124.57,33.0,,1,0.0,0.0
12565,1,145.92,1,1,0,0.0,0.0,9,0,1,14.75,289,289,145.92,80.0,,1,0.0918030746250078,0.0
14720,3,663.81,3,3,2,508.01,155.79999999999998,34,1,0,0.0,6,127,221.26999999999998,73.0,60.5,0,0.0,1.177496554806651
15522,2,397.98999999999995,2,2,2,397.98999999999995,0.0,47,1,0,0.0,33,88,198.99499999999998,286.0,55.0,0,0.0,5.988936353919148
16215,1,242.34999999999997,1,1,1,242.34999999999997,0.0,14,1,0,0.0,81,81,242.34999999999997,104.0,,1,0.0,5.494500736279464
16778,2,245.94000000000003,2,2,1,152.76000000000002,0.0,16,1,0,0.0,75,275,122.97000000000001,97.0,200.0,0,0.0,5.035392945221982
14592,3,557.94,3,2,3,557.94,0.0,132,1,0,0.0,36,65,185.98000000000002,135.66666666666666,14.5,0,0.0,6.326042132868397
15576,1,921.37,1,1,1,921.37,0.0,43,1,0,0.0,38,38,921.37,394.0,,1,0.0,6.826946444575113
12642,3,905.26,3,3,2,574.8100000000001,330.45,38,0,0,0.0,26,108,301.75333333333333,182.0,41.0,0,0.0,0.5523007764812364
17458,2,529.5799999999999,2,2,1,316.5,0.0,81,1,0,0.0,16,382,264.78999999999996,141.0,366.0,0,0.0,5.760477818332746
12952,4,1387.79,3,3,4,1387.79,0.0,64,1,1,4.95,6,79,346.9475,163.25,36.5,0,0.003554145066559444,7.236188143419333
16648,3,672.8,3,3,1,290.65999999999997,0.0,37,1,1,19.8,43,591,224.26666666666665,167.66666666666666,274.0,0,0.02858792954086053,5.675588740285419
14287,3,176.63,2,2,1,93.35,0.0,9,1,1,20.4,9,199,58.876666666666665,87.0,190.0,0,0.10353753235547886,4.547011271814559
17331,1,175.2,1,1,0,0.0,175.2,1,1,0,0.0,124,124,175.2,16.0,,1,0.0,-5.171619713502079
17557,4,575.46,4,4,3,541.46,0.0,28,1,0,0.0,15,733,143.865,77.5,239.33333333333334,0,0.0,6.29611434997733
14297,4,1305.3300000000002,4,3,3,1072.73,0.0,48,1,1,14.850000000000001,18,275,326.33250000000004,216.25,85.66666666666667,0,0.011248466118256601,6.978893846815331
16352,2,494.43999999999994,2,1,2,494.43999999999994,0.0,28,1,0,0.0,18,38,247.21999999999997,150.0,20.0,0,0.0,6.205446256629806
14804,1,353.27,1,1,1,353.27,0.0,12,1,0,0.0,9,9,353.27,121.0,,1,0.0,5.8700593342813
17606,1,87.30000000000001,1,1,0,0.0,0.0,6,1,0,0.0,738,738,87.30000000000001,42.0,,1,0.0,0.0
13403,3,229.5,3,3,1,75.0,0.0,9,1,0,0.0,18,724,76.5,38.0,353.0,0,0.0,4.330733340286331
17494,1,54.699999999999996,1,1,0,0.0,0.0,3,1,0,0.0,502,502,54.699999999999996,26.0,,1,0.0,0.0
17089,1,128.45,1,1,0,0.0,0.0,4,1,0,0.0,387,387,128.45,35.0,,1,0.0,0.0
16041,3,3166.4,2,2,1,426.6,2739.8,6,1,0,0.0,31,142,1055.4666666666667,528.0,111.0,0,0.0,-1.8578169484189653
13223,6,969.1200000000001,6,6,0,0.0,0.0,8,1,0,0.0,201,666,161.52,94.66666666666667,93.0,0,0.0,0.0
14280,1,134.04,1,1,0,0.0,0.0,8,1,0,0.0,197,197,134.04,52.0,,1,0.0,0.0
12609,9,3021.8599999999997,9,9,1,290.12,0.0,128,0,0,0.0,79,720,335.7622222222222,170.0,80.125,0,0.0,5.673735553303905
15890,5,535.65,3,2,0,0.0,0.0,10,1,0,0.0,395,605,107.13,23.8,105.0,0,0.0,0.0
13017,1,204.0,1,1,1,204.0,0.0,1,1,0,0.0,8,8,204.0,48.0,,1,0.0,5.3230099791384085
14069,2,225.81,2,2,0,0.0,0.0,37,1,0,0.0,515,562,112.905,29.0,47.0,0,0.0,0.0
13608,1,232.04999999999995,1,1,0,0.0,0.0,31,1,0,0.0,541,541,232.04999999999995,110.0,,1,0.0,0.0
13415,4,784.1700000000001,3,3,0,0.0,0.0,85,1,1,118.74999999999999,473,729,196.04250000000002,124.0,128.0,0,0.1315177424356532,0.0
14381,2,625.94,2,2,1,202.68,0.0,104,1,0,0.0,53,452,312.97,224.5,399.0,0,0.0,5.316550134809097
16355,1,416.34999999999997,1,1,0,0.0,0.0,47,1,1,67.15,376,376,416.34999999999997,179.0,,1,0.13888314374353672,0.0
14176,5,756.46,4,4,0,0.0,0.0,33,1,1,2.9,298,382,151.292,53.0,28.0,0,0.0038190054782975135,0.0
17893,1,107.21,1,1,0,0.0,0.0,15,1,0,0.0,226,226,107.21,149.0,,1,0.0,0.0
17375,4,660.5500000000001,4,4,0,0.0,0.0,77,1,1,27.6,200,432,165.13750000000002,120.0,77.33333333333333,0,0.040107534694470676,0.0
14567,2,1530.3600000000001,2,2,1,729.6,800.76,33,1,1,5.9,57,131,765.1800000000001,206.0,74.0,0,0.003840495749417416,-0.09294319685023211
15275,1,615.1400000000001,1,1,1,615.1400000000001,0.0,41,1,1,5.95,38,38,615.1400000000001,498.0,,1,0.009579932054935675,6.4234742104382585
17153,1,213.78000000000003,1,1,1,213.78000000000003,0.0,14,1,0,0.0,25,25,213.78000000000003,104.0,,1,0.0,5.369614248430071
17727,1,1060.25,1,1,1,1060.25,0.0,66,1,1,17.700000000000003,16,16,1060.25,645.0,,1,0.01642005658889559,6.967202737625557
18268,6,1490.23,6,5,0,0.0,25.5,36,1,2,39.010000000000005,135,729,248.37166666666667,118.5,118.8,0,0.025509403363762395,-3.2771447329921766
16562,1,223.85999999999999,1,1,0,0.0,0.0,34,1,0,0.0,477,477,223.85999999999999,264.0,,1,0.0,0.0
13367,1,460.20000000000005,1,1,0,0.0,0.0,19,1,0,0.0,432,432,460.20000000000005,252.0,,1,0.0,0.0
14423,3,916.6099999999999,3,3,0,0.0,0.0,12,1,1,1.65,219,695,305.53666666666663,139.66666666666666,238.0,0,0.0017968767015877857,0.0
15922,1,369.5,1,1,0,0.0,0.0,11,1,1,5.9,374,374,369.5,138.0,,1,0.015716568993074057,0.0
16418,5,1028.74,5,4,1,262.76,222.45,121,1,0,0.0,45,423,205.748,112.8,94.5,0,0.0,0.16585192338401544
12560,2,1918.0100000000002,2,2,1,625.7,1292.3100000000002,90,0,1,32.62,6,144,959.0050000000001,549.0,138.0,0,0.01672280237666805,-0.7244921453187212
16278,3,1117.84,3,3,0,0.0,566.38,50,1,4,61.25,101,500,372.6133333333333,114.0,199.5,0,0.0519468403599386,-6.34102927325157
13821,6,1379.08,6,4,0,0.0,115.49000000000001,158,1,1,23.700000000000003,145,705,229.84666666666666,79.5,112.0,0,0.016895022740558038,-4.757805432411685
13325,1,675.3,1,1,1,675.3,0.0,12,1,0,0.0,82,82,675.3,240.0,,1,0.0,6.516636764580894
15758,1,205.25,1,1,1,205.25,0.0,9,1,0,0.0,25,25,205.25,47.0,,1,0.0,5.32908902521479
17806,1,546.04,1,1,1,546.04,0.0,43,1,0,0.0,12,12,546.04,727.0,,1,0.0,6.304521925890991
13416,3,940.8000000000001,3,3,2,712.5,0.0,16,1,0,0.0,44,737,313.6,69.33333333333333,346.5,0,0.0,6.570182436916891
17025,5,1349.67,4,4,1,196.8,0.0,31,1,0,0.0,61,642,269.934,177.0,193.66666666666666,0,0.0,5.287256419188612
16443,1,162.24,1,1,0,0.0,0.0,1,1,0,0.0,521,521,162.24,96.0,,1,0.0,0.0
16990,2,344.0,2,2,0,0.0,0.0,1,1,0,0.0,219,423,172.0,100.0,204.0,0,0.0,0.0
16702,4,1109.53,4,4,0,0.0,0.0,83,1,1,9.95,416,733,277.3825,172.5,105.66666666666667,0,0.008888055168471075,0.0
13676,2,243.90000000000003,2,2,0,0.0,0.0,13,1,1,90.75,540,620,121.95000000000002,52.0,80.0,0,0.2711788435679067,0.0
17384,3,507.55,3,3,1,108.75,0.0,15,1,0,0.0,20,468,169.18333333333334,40.333333333333336,224.0,0,0.0,4.698205051955281
15509,1,152.40999999999997,1,1,0,0.0,0.0,26,1,0,0.0,381,381,152.40999999999997,58.0,,1,0.0,0.0
13034,3,756.8199999999999,3,3,1,476.91,0.0,42,1,0,0.0,55,402,252.2733333333333,135.33333333333334,173.5,0,0.0,6.169422430244873
13751,1,296.25,1,1,0,0.0,0.0,9,1,0,0.0,289,289,296.25,152.0,,1,0.0,0.0
17204,9,5504.6900000000005,7,7,0,0.0,314.4,110,1,6,241.0,176,548,611.6322222222223,294.55555555555554,62.0,0,0.04194448360423204,-5.753841674528938
17836,1,109.83000000000001,1,1,1,109.83000000000001,0.0,22,1,0,0.0,48,48,109.83000000000001,87.0,,1,0.0,4.707997495787562
12558,1,269.96,1,1,1,269.96,0.0,11,0,1,269.96000000000004,8,8,269.96,196.0,,1,0.5,5.601971208509516
12586,4,2062.67,4,4,1,196.94000000000003,0.0,82,0,1,17.0,18,724,515.6675,171.75,235.33333333333334,0,0.008174373818923194,5.2879639544685455
13432,2,436.55000000000007,2,2,0,0.0,0.0,97,1,0,0.0,572,613,218.27500000000003,107.0,41.0,0,0.0,0.0
13278,4,1425.35,4,4,1,542.7299999999999,0.0,79,1,0,0.0,41,611,356.3375,333.25,190.0,0,0.0,6.298452800117238
17784,1,112.85999999999999,1,1,0,0.0,0.0,19,1,0,0.0,551,551,112.85999999999999,72.0,,1,0.0,0.0
14445,1,221.64999999999998,1,1,0,0.0,0.0,32,1,0,0.0,456,456,221.64999999999998,83.0,,1,0.0,0.0
13067,3,508.51,3,3,1,115.46000000000001,0.0,24,1,0,0.0,83,447,169.50333333333333,43.666666666666664,182.0,0,0.0,4.757547866408974
14777,1,307.56,1,1,0,0.0,0.0,16,1,3,68.3,404,404,307.56,212.0,,1,0.1817165966051189,0.0
16021,2,487.03000000000003,2,2,0,0.0,0.0,117,1,0,0.0,396,545,243.51500000000001,138.0,149.0,0,0.0,0.0
16141,2,955.94,2,2,1,620.4,0.0,47,1,0,0.0,89,418,477.97,205.0,329.0,0,0.0,6.431974996958947
16932,3,412.54999999999995,3,3,1,150.23,0.0,116,1,0,0.0,54,572,137.51666666666665,72.33333333333333,259.0,0,0.0,5.018801856762649
13607,2,1075.81,2,2,1,675.51,0.0,110,1,1,17.700000000000003,41,403,537.905,233.0,362.0,0,0.016186408903439385,6.516947229467592
16783,1,391.95,1,1,0,0.0,0.0,25,1,0,0.0,437,437,391.95,163.0,,1,0.0,0.0
12509,1,158.5,1,1,0,0.0,0.0,6,0,0,0.0,285,285,158.5,54.0,,1,0.0,0.0
16861,5,946.59,5,4,1,102.96,70.80000000000001,39,1,1,17.700000000000003,60,509,189.318,123.2,112.25,0,0.01835547397567122,0.3701217337191105
17447,2,541.53,2,2,2,541.53,0.0,33,1,0,0.0,41,72,270.765,221.5,31.0,0,0.0,6.296243383424822
12531,2,1771.2,2,2,1,125.22,0.0,125,0,1,34.15,15,687,885.6,555.0,672.0,0,0.01891599966765447,4.838026416156094
12396,1,931.4300000000001,1,1,0,0.0,0.0,65,0,0,0.0,675,675,931.4300000000001,591.0,,1,0.0,0.0
12350,1,294.4,1,1,0,0.0,0.0,16,0,0,0.0,311,311,294.4,196.0,,1,0.0,0.0
18282,2,178.05,2,2,1,77.84,100.21,12,1,1,1.45,8,127,89.025,51.5,119.0,0,0.00807799442896936,-0.24977708391629072
17748,1,358.15000000000003,1,1,0,0.0,0.0,17,1,0,0.0,528,528,358.15000000000003,111.0,,1,0.0,0.0
13580,1,107.75,1,1,0,0.0,0.0,5,1,0,0.0,407,407,107.75,45.0,,1,0.0,0.0
16374,5,1709.55,5,5,1,304.58000000000004,0.0,275,1,0,0.0,67,589,341.90999999999997,153.6,130.5,0,0.0,5.722211610124568
15269,3,1225.36,3,2,1,408.8,0.0,33,1,0,0.0,24,391,408.4533333333333,124.0,183.5,0,0.0,6.0156692358048
13600,2,518.4200000000001,2,2,0,0.0,0.0,35,1,0,0.0,313,635,259.21000000000004,299.5,322.0,0,0.0,0.0
12405,1,1390.39,1,1,0,0.0,1390.39,53,0,0,0.0,149,149,1390.39,849.0,,1,0.0,-7.238058526457821
15843,1,118.95,1,1,0,0.0,0.0,8,1,0,0.0,304,304,118.95,27.0,,1,0.0,0.0
16890,3,277.90999999999997,3,2,0,0.0,0.0,16,1,0,0.0,477,583,92.63666666666666,80.33333333333333,53.0,0,0.0,0.0
12786,1,668.5000000000001,1,1,0,0.0,0.0,17,0,0,0.0,610,610,668.5000000000001,320.0,,1,0.0,0.0
18038,1,141.48,1,1,0,0.0,0.0,25,1,0,0.0,557,557,141.48,80.0,,1,0.0,0.0
15685,1,55.97999999999999,1,1,0,0.0,0.0,17,1,0,0.0,451,451,55.97999999999999,36.0,,1,0.0,0.0
13274,1,360.85,1,1,0,0.0,0.0,19,1,0,0.0,410,410,360.85,199.0,,1,0.0,0.0
17208,1,111.14999999999999,1,1,0,0.0,0.0,21,1,0,0.0,396,396,111.14999999999999,101.0,,1,0.0,0.0
17418,3,670.0600000000001,3,3,1,296.07000000000005,0.0,40,1,0,0.0,43,388,223.35333333333335,173.66666666666666,172.5,0,0.0,5.69396780126781
15037,2,397.75999999999993,1,1,0,0.0,0.0,40,1,0,0.0,377,377,198.87999999999997,149.0,,1,0.0,0.0
12785,3,904.3999999999999,3,3,0,0.0,0.0,41,0,2,21.090000000000003,365,732,301.46666666666664,148.66666666666666,183.5,0,0.02278792855676453,0.0
14413,3,421.72,3,3,0,0.0,0.0,92,1,0,0.0,363,690,140.57333333333335,92.0,163.5,0,0.0,0.0
12764,1,1693.8799999999999,1,1,0,0.0,0.0,45,0,0,0.0,317,317,1693.8799999999999,386.0,,1,0.0,0.0
17117,1,116.2,1,1,0,0.0,0.0,9,1,0,0.0,289,289,116.2,68.0,,1,0.0,0.0
15083,1,88.19999999999999,1,1,0,0.0,0.0,5,1,0,0.0,257,257,88.19999999999999,38.0,,1,0.0,0.0
15146,2,1327.16,2,2,0,0.0,492.94000000000005,90,1,1,13.5,165,292,663.58,736.5,127.0,0,0.010069667178852207,-6.202414052321486
17939,1,99.14000000000001,1,1,0,0.0,99.14000000000001,12,1,0,0.0,160,160,99.14000000000001,40.0,,1,0.0,-4.606569206901799
14223,3,991.1300000000001,3,3,0,0.0,686.23,50,1,1,15.9,93,265,330.3766666666667,195.0,86.0,0,0.01578900330675352,-6.532669025130447
13917,2,272.03999999999996,2,2,1,206.66,0.0,16,1,0,0.0,50,192,136.01999999999998,114.0,142.0,0,0.0,5.3359021268753075
16504,1,465.88,1,1,1,465.88,0.0,76,1,0,0.0,26,26,465.88,510.0,,1,0.0,6.14607226533442
16513,4,874.59,4,3,4,874.59,0.0,33,1,0,0.0,5,44,218.6475,101.75,13.0,0,0.0,6.774897944843427
16800,1,1162.65,1,1,1,1162.65,0.0,148,1,0,0.0,12,12,1162.65,524.0,,1,0.0,7.0593168957906745
17818,1,124.78,1,1,0,0.0,0.0,42,1,0,0.0,738,738,124.78,86.0,,1,0.0,0.0
13622,1,658.95,1,1,0,0.0,0.0,32,1,1,7.5,697,697,658.95,379.0,,1,0.011253657438667566,0.0
12373,3,927.65,3,3,0,0.0,0.0,35,0,0,0.0,312,674,309.21666666666664,170.33333333333334,181.0,0,0.0,0.0
17745,2,600.34,2,2,0,0.0,0.0,27,1,0,0.0,478,556,300.17,82.0,78.0,0,0.0,0.0
12677,2,359.1,2,2,0,0.0,0.0,12,0,1,5.8,556,667,179.55,87.0,111.0,0,0.015894765689229925,0.0
14326,3,940.98,3,3,0,0.0,0.0,54,1,1,17.0,243,533,313.66,190.66666666666666,145.0,0,0.017745673187331678,0.0
13714,1,161.35,1,1,0,0.0,0.0,30,1,0,0.0,466,466,161.35,50.0,,1,0.0,0.0
13773,2,301.53999999999996,2,2,0,0.0,0.0,19,1,0,0.0,397,660,150.76999999999998,87.0,263.0,0,0.0,0.0
17140,1,454.12,1,1,0,0.0,0.0,16,1,0,0.0,248,248,454.12,296.0,,1,0.0,0.0
13513,3,824.5899999999999,3,3,0,0.0,205.09999999999997,32,1,1,27.6,127,656,274.8633333333333,121.33333333333333,264.5,0,0.03238714371208299,-5.328361487896413
12602,1,153.12,1,1,1,153.12,0.0,12,0,0,0.0,59,59,153.12,162.0,,1,0.0,5.037731519757957
13111,1,321.88,1,1,0,0.0,0.0,12,1,0,0.0,719,719,321.88,180.0,,1,0.0,0.0
14405,1,195.0,1,1,0,0.0,0.0,2,1,0,0.0,387,387,195.0,100.0,,1,0.0,0.0
18269,1,168.6,1,1,0,0.0,0.0,7,1,1,29.700000000000003,367,367,168.6,76.0,,1,0.14977307110438728,0.0
14977,1,31.929999999999996,1,1,0,0.0,0.0,4,1,0,0.0,726,726,31.929999999999996,17.0,,1,0.0,0.0
17805,2,927.03,2,2,1,512.31,0.0,10,1,0,0.0,74,611,463.515,563.0,537.0,0,0.0,6.240879951161022
18026,2,2074.07,2,1,0,0.0,0.0,12,1,0,0.0,501,506,1037.035,265.0,5.0,0,0.0,0.0
17292,2,271.75,2,2,0,0.0,0.0,14,1,0,0.0,473,580,135.875,65.5,107.0,0,0.0,0.0
15226,1,154.41,1,1,0,0.0,0.0,8,1,0,0.0,311,311,154.41,71.0,,1,0.0,0.0
14981,2,372.92,2,2,0,0.0,0.0,20,1,1,59.400000000000006,247,424,186.46,120.5,177.0,0,0.1373982235381199,0.0
15624,4,588.13,4,4,0,0.0,276.73,26,1,0,0.0,117,257,147.0325,89.25,46.666666666666664,0,0.0,-5.626649418726377
15761,1,143.05,1,1,0,0.0,0.0,5,1,0,0.0,443,443,143.05,31.0,,1,0.0,0.0
17923,3,497.0,3,2,0,0.0,0.0,2,1,0,0.0,283,545,165.66666666666666,46.666666666666664,131.0,0,0.0,0.0
14784,3,449.93,3,3,1,175.31,0.0,25,1,0,0.0,27,390,149.97666666666666,121.0,181.5,0,0.0,5.172243809292668
17876,3,3424.02,3,3,0,0.0,0.0,3,1,0,0.0,400,676,1141.34,652.6666666666666,138.0,0,0.0,0.0
14724,1,341.9,1,1,0,0.0,0.0,40,1,0,0.0,591,591,341.9,184.0,,1,0.0,0.0
12698,1,285.75,1,1,0,0.0,0.0,15,0,0,0.0,591,591,285.75,108.0,,1,0.0,0.0
16691,2,178.82999999999998,2,2,0,0.0,0.0,11,1,0,0.0,419,562,89.41499999999999,46.0,143.0,0,0.0,0.0
17866,3,1134.95,3,3,0,0.0,329.65000000000003,20,1,1,3.95,143,726,378.31666666666666,178.33333333333334,291.5,0,0.0034682588462551585,-5.801060414120672
13546,5,1086.24,5,5,2,438.83000000000004,0.0,95,1,0,0.0,13,425,217.248,117.4,103.0,0,0.0,6.0863882886182825
15735,1,327.67999999999995,1,1,0,0.0,0.0,19,1,0,0.0,422,422,327.67999999999995,206.0,,1,0.0,0.0
15020,1,198.47,1,1,0,0.0,0.0,27,1,0,0.0,380,380,198.47,111.0,,1,0.0,0.0
12750,1,275.88,1,1,0,0.0,275.88,15,0,0,0.0,129,129,275.88,137.0,,1,0.0,-5.623584199327089
14951,1,311.69,1,1,1,311.69,0.0,20,1,0,0.0,80,80,311.69,311.0,,1,0.0,5.745212284419341
12794,2,860.4100000000001,2,2,1,543.4100000000001,317.00000000000006,43,0,0,0.0,54,99,430.20500000000004,296.0,45.0,0,0.0,0.5376512566748657
12448,1,365.44999999999993,1,1,1,365.44999999999993,0.0,21,0,0,0.0,45,45,365.44999999999993,240.0,,1,0.0,5.903862086371859
14428,5,1224.0599999999997,5,5,3,893.4399999999999,0.0,108,1,2,14.69,8,326,244.81199999999995,85.6,79.5,0,0.01185872855701312,6.796197824119945
14171,2,498.78999999999996,2,2,0,0.0,363.78999999999996,61,1,0,0.0,99,731,249.39499999999998,105.5,632.0,0,0.0,-5.899321845543751
14531,1,376.34000000000003,1,1,0,0.0,0.0,29,1,0,0.0,480,480,376.34000000000003,260.0,,1,0.0,0.0
12608,1,415.79,1,1,0,0.0,0.0,16,1,0,0.0,405,405,415.79,323.0,,1,0.0,0.0
17547,2,727.85,2,2,0,0.0,0.0,22,1,2,35.5,376,666,363.925,111.5,290.0,0,0.04650553481365036,0.0
13817,2,328.98,2,2,1,218.27999999999997,0.0,19,0,0,0.0,30,352,164.49,104.0,322.0,0,0.0,5.39034945199453
13504,1,295.92999999999995,1,1,1,295.92999999999995,0.0,22,1,0,0.0,65,65,295.92999999999995,178.0,,1,0.0,5.6934964207877
13679,3,281.26,3,3,0,0.0,0.0,44,1,0,0.0,494,736,93.75333333333333,34.0,121.0,0,0.0,0.0
15404,1,257.06,1,1,0,0.0,0.0,16,1,0,0.0,376,376,257.06,334.0,,1,0.0,0.0
15619,1,336.40000000000003,1,1,1,336.40000000000003,0.0,3,1,0,0.0,11,11,336.40000000000003,136.0,,1,0.0,5.821269170111868
17821,1,334.62,1,1,0,0.0,0.0,6,1,0,0.0,407,407,334.62,162.0,,1,0.0,0.0
16373,2,309.49,2,2,0,0.0,0.0,25,1,0,0.0,383,412,154.745,59.5,29.0,0,0.0,0.0
14218,1,169.48,1,1,1,169.48,0.0,12,1,0,0.0,43,43,169.48,160.0,,1,0.0,5.1386179877903615
14074,1,219.39999999999998,1,1,0,0.0,0.0,6,1,0,0.0,624,624,219.39999999999998,228.0,,1,0.0,0.0
13222,1,88.5,1,1,0,0.0,0.0,1,1,0,0.0,578,578,88.5,30.0,,1,0.0,0.0
14956,1,1325.0,1,1,0,0.0,0.0,4,1,0,0.0,422,422,1325.0,2500.0,,1,0.0,0.0
13185,1,71.4,1,1,0,0.0,0.0,1,1,0,0.0,268,268,71.4,12.0,,1,0.0,0.0
16781,2,623.0,2,2,0,0.0,0.0,36,1,1,16.599999999999998,373,670,311.5,96.0,297.0,0,0.02595372107567229,0.0
13469,1,82.4,1,1,0,0.0,0.0,6,1,0,0.0,654,654,82.4,52.0,,1,0.0,0.0
15798,3,1535.3700000000001,3,3,0,0.0,0.0,73,1,0,0.0,493,682,511.79,305.0,94.5,0,0.0,0.0
14361,1,214.70999999999998,1,1,0,0.0,0.0,14,1,0,0.0,579,579,214.70999999999998,251.0,,1,0.0,0.0
15495,1,246.50000000000003,1,1,0,0.0,0.0,20,1,0,0.0,380,380,246.50000000000003,194.0,,1,0.0,0.0
15840,2,355.56,2,2,1,113.82,241.74,26,1,1,9.9,59,173,177.78,198.0,114.0,0,0.02708914792316533,-0.7486252269387244
12639,3,1072.37,3,3,0,0.0,0.0,57,0,0,0.0,239,628,357.45666666666665,208.33333333333334,194.5,0,0.0,0.0
12486,1,917.28,1,1,0,0.0,0.0,48,0,0,0.0,432,432,917.28,520.0,,1,0.0,0.0
15726,1,321.90999999999997,1,1,0,0.0,0.0,23,1,0,0.0,391,391,321.90999999999997,123.0,,1,0.0,0.0
14165,1,120.44,1,1,0,0.0,0.0,23,1,0,0.0,276,276,120.44,53.0,,1,0.0,0.0
17859,1,141.92000000000002,1,1,0,0.0,0.0,23,1,0,0.0,305,305,141.92000000000002,102.0,,1,0.0,0.0
17014,3,583.43,3,3,3,583.43,0.0,63,1,1,20.75,9,67,194.47666666666666,81.0,29.0,0,0.03434406964811811,6.370637013261223
12498,3,349.70000000000005,2,2,3,349.70000000000005,0.0,20,0,0,0.0,22,58,116.56666666666668,52.0,36.0,0,0.0,5.859931157146132
17093,1,235.88,1,1,0,0.0,0.0,13,1,0,0.0,593,593,235.88,114.0,,1,0.0,0.0
16058,1,62.7,1,1,0,0.0,0.0,2,1,0,0.0,407,407,62.7,18.0,,1,0.0,0.0
13788,1,3.75,1,1,0,0.0,0.0,1,1,0,0.0,506,506,3.75,1.0,,1,0.0,0.0
18113,1,76.32000000000001,1,1,0,0.0,0.0,1,1,0,0.0,369,369,76.32000000000001,72.0,,1,0.0,0.0
12516,4,2288.6200000000003,4,4,1,656.86,0.0,48,0,0,0.0,78,600,572.1550000000001,483.0,174.0,0,0.0,6.488992142729983
16967,1,319.02,1,1,0,0.0,0.0,21,1,0,0.0,190,190,319.02,333.0,,1,0.0,0.0
12581,1,179.71,1,1,1,179.71,0.0,14,0,0,0.0,40,40,179.71,160.0,,1,0.0,5.196893536410073
17462,2,675.69,2,2,1,212.28,0.0,25,1,1,12.75,61,285,337.845,113.5,224.0,0,0.01852013247341816,5.362605856430399
15778,1,307.95000000000005,1,1,0,0.0,0.0,17,1,0,0.0,432,432,307.95000000000005,101.0,,1,0.0,0.0
16533,3,1082.8100000000002,3,2,3,1082.8100000000002,0.0,112,1,2,68.62,20,69,360.9366666666667,203.66666666666666,24.5,0,0.05959545955898317,6.988237889884059
16844,2,614.3399999999999,2,1,0,0.0,0.0,26,1,0,0.0,563,583,307.16999999999996,140.5,20.0,0,0.0,0.0
15765,1,370.63000000000005,1,1,0,0.0,0.0,25,1,0,0.0,667,667,370.63000000000005,335.0,,1,0.0,0.0
12972,4,1161.2,4,4,0,0.0,0.0,69,1,2,45.25,414,662,290.3,211.0,82.66666666666667,0,0.03750673463467197,0.0
15878,2,330.77,2,2,0,0.0,0.0,47,1,0,0.0,562,734,165.385,121.5,172.0,0,0.0,0.0
13056,1,209.48000000000002,1,1,0,0.0,0.0,18,1,0,0.0,552,552,209.48000000000002,158.0,,1,0.0,0.0
13586,1,127.28,1,1,0,0.0,0.0,20,1,0,0.0,542,542,127.28,38.0,,1,0.0,0.0
14516,1,151.17000000000002,1,1,0,0.0,0.0,35,1,0,0.0,517,517,151.17000000000002,63.0,,1,0.0,0.0
13913,1,42.22,1,1,0,0.0,0.0,3,1,0,0.0,507,507,42.22,10.0,,1,0.0,0.0
18060,2,1185.4599999999998,2,2,0,0.0,0.0,74,1,0,0.0,409,565,592.7299999999999,451.0,156.0,0,0.0,0.0
16936,2,548.29,2,2,1,261.9,0.0,122,1,0,0.0,26,386,274.145,169.5,360.0,0,0.0,5.571773731735836
12763,2,494.08000000000004,2,2,0,0.0,174.0,16,0,0,0.0,139,370,247.04000000000002,158.0,231.0,0,0.0,-5.1647859739235145
12561,1,238.85,1,1,0,0.0,0.0,16,0,0,0.0,303,303,238.85,177.0,,1,0.0,0.0
12690,1,335.01,1,1,0,0.0,0.0,15,0,0,0.0,206,206,335.01,103.0,,1,0.0,0.0
13075,1,919.6099999999999,1,1,0,0.0,919.6099999999999,22,1,0,0.0,130,130,919.6099999999999,485.0,,1,0.0,-6.825036493805135
15010,1,308.94,1,1,1,308.94,0.0,20,1,0,0.0,36,36,308.94,184.0,,1,0.0,5.736378730359188
15082,1,93.35000000000001,1,1,0,0.0,0.0,6,1,0,0.0,669,669,93.35000000000001,43.0,,1,0.0,0.0
14743,1,50.48,1,1,0,0.0,0.0,3,1,0,0.0,593,593,50.48,40.0,,1,0.0,0.0
13400,1,310.83000000000004,1,1,0,0.0,0.0,23,1,1,9.9,583,583,310.83000000000004,284.0,,1,0.030867084463567486,0.0
17055,1,232.85,1,1,0,0.0,0.0,24,1,0,0.0,446,446,232.85,83.0,,1,0.0,0.0
18266,1,251.09999999999997,1,1,0,0.0,0.0,14,1,0,0.0,435,435,251.09999999999997,138.0,,1,0.0,0.0
17407,1,552.9,1,1,0,0.0,0.0,23,1,0,0.0,412,412,552.9,426.0,,1,0.0,0.0
17283,1,188.46,1,1,0,0.0,0.0,15,1,0,0.0,379,379,188.46,179.0,,1,0.0,0.0
15540,2,460.67999999999995,2,2,1,213.29999999999998,0.0,31,1,0,0.0,12,376,230.33999999999997,222.0,364.0,0,0.0,5.367376902479531
17619,1,214.37,1,1,0,0.0,0.0,71,1,0,0.0,313,313,214.37,124.0,,1,0.0,0.0
15349,2,463.9099999999999,2,2,0,0.0,107.7,65,1,0,0.0,159,188,231.95499999999996,160.5,29.0,0,0.0,-4.688591794127164
15776,1,241.61999999999998,1,1,0,0.0,241.61999999999998,18,1,0,0.0,134,134,241.61999999999998,138.0,,1,0.0,-5.491496433342773
13210,1,353.47999999999996,1,1,0,0.0,353.47999999999996,22,1,0,0.0,94,94,353.47999999999996,316.0,,1,0.0,-5.870651926891234
14382,2,1193.63,2,2,1,615.4900000000001,0.0,227,1,1,5.95,27,391,596.815,833.5,364.0,0,0.004960069357608496,6.424042101872682
18117,1,314.4,1,1,1,314.4,0.0,67,1,0,0.0,26,26,314.4,604.0,,1,0.0,5.753841674528938
15781,3,345.46000000000004,3,3,1,134.16,127.95000000000002,20,1,1,11.9,26,306,115.15333333333335,60.0,140.0,0,0.03329975374972017,0.047034529518735546
12479,1,473.19999999999993,1,1,1,473.19999999999993,0.0,30,0,2,49.9,12,12,473.19999999999993,382.0,,1,0.09539285031542727,6.161629173631305
17497,2,287.25,2,2,0,0.0,0.0,7,1,0,0.0,391,611,143.625,29.5,220.0,0,0.0,0.0
13830,1,156.85,1,1,0,0.0,0.0,11,1,1,20.9,582,582,156.85,47.0,,1,0.11758087201125175,0.0
14761,3,447.92,3,3,1,158.4,0.0,21,1,0,0.0,59,445,149.30666666666667,68.66666666666667,193.0,0,0.0,5.071416766356115
15316,1,165.0,1,1,0,0.0,0.0,1,1,0,0.0,327,327,165.0,100.0,,1,0.0,0.0
16162,1,37.4,1,1,0,0.0,0.0,2,1,0,0.0,253,253,37.4,4.0,,1,0.0,0.0
14520,2,270.6,2,2,1,105.60000000000001,0.0,3,1,0,0.0,2,291,135.3,73.0,289.0,0,0.0,4.669083511731745
13905,1,312.65000000000003,1,1,0,0.0,0.0,12,1,2,68.2,733,733,312.65000000000003,135.0,,1,0.1790731259025863,0.0
15982,1,324.51000000000005,1,1,0,0.0,0.0,45,1,0,0.0,606,606,324.51000000000005,131.0,,1,0.0,0.0
15818,1,340.5,1,1,0,0.0,0.0,11,1,0,0.0,589,589,340.5,284.0,,1,0.0,0.0
14318,1,158.01999999999998,1,1,0,0.0,0.0,9,1,0,0.0,461,461,158.01999999999998,152.0,,1,0.0,0.0
18185,1,304.25000000000006,1,1,0,0.0,0.0,17,1,0,0.0,250,250,304.25000000000006,183.0,,1,0.0,0.0
17124,1,294.24,1,1,0,0.0,0.0,31,1,0,0.0,186,186,294.24,129.0,,1,0.0,0.0
16673,1,171.13,1,1,0,0.0,0.0,19,1,0,0.0,680,680,171.13,95.0,,1,0.0,0.0
17196,1,327.75,1,1,0,0.0,0.0,84,1,0,0.0,428,428,327.75,154.0,,1,0.0,0.0
17202,1,160.64999999999998,1,1,0,0.0,0.0,8,1,0,0.0,421,421,160.64999999999998,55.0,,1,0.0,0.0
12899,1,366.4,1,1,0,0.0,0.0,17,1,0,0.0,414,414,366.4,108.0,,1,0.0,0.0
14118,1,458.45000000000005,1,1,0,0.0,0.0,15,1,0,0.0,429,429,458.45000000000005,97.0,,1,0.0,0.0
17118,1,157.01999999999998,1,1,0,0.0,0.0,10,1,0,0.0,318,318,157.01999999999998,154.0,,1,0.0,0.0
16480,1,769.29,1,1,1,769.29,0.0,51,1,0,0.0,76,76,769.29,455.0,,1,0.0,6.646767067319571
15593,1,199.8,1,1,1,199.8,0.0,5,1,0,0.0,71,71,199.8,60.0,,1,0.0,5.302309387817574
12893,1,176.55,1,1,1,176.55,0.0,27,1,0,0.0,31,31,176.55,90.0,,1,0.0,5.179252259389097
14658,2,247.14999999999998,2,2,1,124.00999999999999,123.14,27,1,0,0.0,6,118,123.57499999999999,23.5,112.0,0,0.0,0.006983773116965075
13746,1,176.69,1,1,0,0.0,0.0,9,1,0,0.0,414,414,176.69,83.0,,1,0.0,0.0
13967,2,166.3,2,2,0,0.0,80.7,4,1,0,0.0,146,397,83.15,33.0,251.0,0,0.0,-4.403054001865957
15591,3,217.9,3,3,0,0.0,0.0,6,1,0,0.0,583,674,72.63333333333334,19.333333333333332,45.5,0,0.0,0.0
14144,1,30.599999999999998,1,1,0,0.0,0.0,1,1,0,0.0,487,487,30.599999999999998,12.0,,1,0.0,0.0
14003,1,209.41,1,1,0,0.0,0.0,16,1,0,0.0,733,733,209.41,149.0,,1,0.0,0.0
13616,2,283.85,2,2,0,0.0,0.0,31,1,0,0.0,569,692,141.925,86.0,123.0,0,0.0,0.0
12887,1,222.4,1,1,0,0.0,0.0,13,1,0,0.0,384,384,222.4,100.0,,1,0.0,0.0
13493,2,498.63,2,2,0,0.0,0.0,5,0,0,0.0,276,288,249.315,188.5,12.0,0,0.0,0.0
14164,2,1631.77,2,1,2,1631.77,0.0,28,1,0,0.0,71,81,815.885,516.5,10.0,0,0.0,7.398033237980444
13391,1,59.8,1,1,0,0.0,0.0,1,1,0,0.0,204,204,59.8,4.0,,1,0.0,0.0
12686,1,71.13999999999999,1,1,0,0.0,0.0,6,0,0,0.0,372,372,71.13999999999999,106.0,,1,0.0,0.0
15739,1,449.12,1,1,1,449.12,0.0,8,1,0,0.0,67,67,449.12,472.0,,1,0.0,6.109514213881797
16301,1,107.33,1,1,0,0.0,0.0,6,1,0,0.0,737,737,107.33,41.0,,1,0.0,0.0
17263,1,63.43999999999999,1,1,0,0.0,0.0,23,1,0,0.0,209,209,63.43999999999999,36.0,,1,0.0,0.0
17737,2,168.24,2,2,2,168.24,0.0,8,1,0,0.0,10,59,84.12,54.0,49.0,0,0.0,5.131317825851867
13946,6,1876.23,6,6,1,75.6,0.0,49,1,1,130.8,80,736,312.705,474.5,131.2,0,0.06517092420143197,4.338597076746545
16699,7,994.6,7,6,0,0.0,0.0,51,1,1,29.700000000000003,381,736,142.0857142857143,91.42857142857143,59.166666666666664,0,0.028995411500536958,0.0
15850,6,1006.75,6,5,1,118.72000000000001,116.16,269,1,0,0.0,20,727,167.79166666666666,222.33333333333334,141.4,0,0.0,0.021615161024965523
14277,8,16789.16,7,6,2,2522.97,0.0,332,0,5,12829.340000000002,16,727,2098.645,11225.25,118.5,0,0.43315292806860584,7.833588337695062
12748,322,49173.79000000002,196,25,75,18262.29,3994.7799999999997,2282,1,21,2502.5600000000004,1,736,152.71363354037274,114.4472049689441,3.769230769230769,0,0.04842756889757112,1.5196542299679852
16600,13,2153.41,13,9,4,576.06,0.0,106,1,3,59.85000000000001,5,722,165.64692307692306,186.15384615384616,59.75,0,0.02704155860585743,6.3579462472370984
15738,41,13043.32,37,23,3,958.9700000000001,924.39,70,1,4,27.9,19,730,318.12975609756097,220.2439024390244,19.75,0,0.0021344602875630584,0.036686763696964775
15623,8,2437.0499999999997,8,8,0,0.0,301.03,91,1,0,0.0,142,730,304.63124999999997,135.875,84.0,0,0.0,-5.7105263501895465
18259,7,3941.9,7,6,2,1962.3000000000002,0.0,51,1,0,0.0,25,732,563.1285714285715,182.0,117.83333333333333,0,0.0,7.582382009904704
14038,5,3069.88,5,5,1,473.96000000000004,370.1,99,1,3,68.95,79,674,613.976,341.6,148.75,0,0.021966783801607607,0.24675902189586818
17644,20,6028.6,17,16,4,1270.0100000000002,703.8599999999999,160,1,8,164.05999999999997,2,662,301.43,173.45,41.25,0,0.02649265420675444,0.589567937447061
17116,1,389.78,1,1,0,0.0,0.0,47,1,0,0.0,649,649,389.78,392.0,,1,0.0,0.0
18029,1,433.77,1,1,0,0.0,0.0,18,1,0,0.0,643,643,433.77,253.0,,1,0.0,0.0
16208,10,3440.45,10,10,1,166.67,0.0,180,1,0,0.0,45,654,344.04499999999996,154.1,67.66666666666667,0,0.0,5.121997761949716
13319,58,21323.22,40,24,7,3455.08,2380.5699999999997,345,1,20,348.26,6,734,367.6417241379311,154.72413793103448,18.666666666666668,0,0.016069968456238336,0.3723750647556825
12615,8,5362.9800000000005,7,7,3,1512.45,580.74,197,0,3,176.1,3,632,670.3725000000001,412.0,104.83333333333333,0,0.031792283195043215,0.9561234793865596
16452,2,332.17,2,2,0,0.0,0.0,14,1,0,0.0,631,694,166.085,99.5,63.0,0,0.0,0.0
17138,7,4417.27,7,6,0,0.0,0.0,234,1,0,0.0,276,674,631.0385714285715,289.14285714285717,66.33333333333333,0,0.0,0.0
18215,5,2232.49,5,5,1,299.34000000000003,0.0,53,1,1,8.5,90,624,446.49799999999993,226.2,133.5,0,0.0037929665014123227,5.7049151662521345
12496,2,45.34,1,1,0,0.0,0.0,10,0,0,0.0,621,621,22.67,15.0,,1,0.0,0.0
16713,32,14115.56,31,19,4,2940.0099999999998,1359.14,541,1,9,172.2,19,725,441.11125,265.0625,23.533333333333335,0,0.012052274114346825,0.7711654241437378
16167,5,1386.1200000000001,4,4,0,0.0,0.0,51,1,1,236.25,415,739,277.22400000000005,298.8,108.0,0,0.14562029623328832,0.0
13863,4,1239.5500000000002,4,4,0,0.0,0.0,59,1,2,21.919999999999998,248,594,309.88750000000005,138.25,115.33333333333333,0,0.01737655275194812,0.0
13694,143,195640.69,83,25,11,19127.98,14684.980000000001,896,1,15,5249.1900000000005,4,736,1368.1167132867133,1316.090909090909,8.926829268292684,0,0.026129688563704654,0.2643111654497279
14849,43,15407.61,23,21,8,2146.01,3371.6200000000003,279,1,7,221.00999999999996,22,699,358.316511627907,275.30232558139534,30.772727272727273,0,0.014141363728851296,-0.4516137138316294
15984,30,8393.02,25,19,3,973.1199999999999,1032.1800000000003,458,1,2,88.2,3,739,279.76733333333334,191.0,30.666666666666668,0,0.01039944724933441,-0.05886220435884493
14895,38,25119.54,24,19,7,3163.9199999999996,3245.0300000000007,441,1,10,630.72,8,730,661.0405263157895,281.94736842105266,31.391304347826086,0,0.024493733267159243,-0.025304932378480416
12549,5,1570.6799999999998,4,2,0,0.0,0.0,37,0,0,0.0,576,698,314.13599999999997,273.0,40.666666666666664,0,0.0,0.0
13004,36,11650.85,35,22,6,1870.8200000000002,1024.07,417,1,10,506.86,12,725,323.63472222222225,243.55555555555554,20.970588235294116,0,0.04169041702754877,0.6021503166447104
17113,6,2305.59,5,4,0,0.0,0.0,122,1,2,213.43,575,698,384.26500000000004,152.16666666666666,30.75,0,0.08472739398655033,0.0
12791,5,656.83,5,4,0,0.0,0.0,15,0,0,0.0,374,625,131.366,69.4,62.75,0,0.0,0.0
13719,11,2782.1000000000004,11,9,3,702.94,0.0,193,1,0,0.0,16,572,252.91818181818186,144.1818181818182,55.6,0,0.0,6.556693125253265
14786,1,90.96,1,1,0,0.0,0.0,7,1,0,0.0,551,551,90.96,112.0,,1,0.0,0.0
17146,13,5852.64,13,10,0,0.0,185.9,164,1,3,64.25,106,676,450.20307692307694,168.30769230769232,47.5,0,0.010858745050186837,-5.230573714461517
17790,20,2779.41,18,12,2,600.7900000000001,466.5,188,1,0,0.0,27,545,138.9705,69.35,30.470588235294116,0,0.0,0.2525091985129242
13102,37,11380.099999999999,33,19,5,1462.3899999999999,1192.5400000000002,212,1,5,256.8,2,583,307.5702702702702,172.05405405405406,18.15625,0,0.022067732815440545,0.20383198093541566
13993,19,6775.710000000001,18,16,3,1218.9499999999998,754.59,110,1,5,85.35000000000001,43,737,356.61631578947373,112.36842105263158,40.8235294117647,0,0.012439768782083234,0.4790662522567324
17194,2,776.66,2,2,0,0.0,0.0,56,1,0,0.0,361,531,388.33,206.5,170.0,0,0.0,0.0
13059,10,2291.7700000000004,9,6,0,0.0,0.0,155,1,2,30.55,250,619,229.17700000000005,86.0,46.125,0,0.013154948499776083,0.0
15061,127,126387.57,68,24,11,17959.14,5294.38,130,1,10,1405.44,4,739,995.1777165354331,584.8740157480315,10.970149253731343,0,0.010997784620614225,1.2213201156487603
13566,5,1684.7500000000002,5,5,2,856.84,0.0,262,1,0,0.0,41,640,336.95000000000005,250.0,149.75,0,0.0,6.75441760191189
18036,11,1545.4900000000002,10,9,1,149.43000000000004,143.74,221,1,0,0.0,33,722,140.49909090909094,67.36363636363636,76.55555555555556,0,0.0,0.038558830271751
15719,31,10194.32,31,23,2,968.1,1633.1,448,1,8,77.1,33,739,328.8490322580645,172.74193548387098,23.533333333333335,0,0.0075062649565493375,-0.522479667317234
15581,34,4505.16,26,13,0,0.0,86.66999999999999,541,1,3,155.10000000000002,157,738,132.50470588235294,88.91176470588235,23.24,0,0.03328140490015579,-4.473579765600494
17372,27,4316.46,27,16,2,281.55,185.82,411,1,3,52.12999999999999,41,737,159.8688888888889,68.85185185185185,26.76923076923077,0,0.011932911992198853,0.41370993963114966
15972,5,1769.33,4,4,0,0.0,0.0,104,1,0,0.0,457,601,353.866,93.6,48.0,0,0.0,0.0
16019,27,17329.16,23,15,2,833.99,462.75,256,1,8,825.7,47,726,641.8207407407407,257.74074074074076,30.863636363636363,0,0.045480934581704296,0.5880741348095935
15005,56,13752.58,56,24,8,1787.8200000000002,1566.1799999999998,590,1,20,341.67999999999995,16,739,245.5817857142857,154.66071428571428,13.145454545454545,0,0.024242493043267255,0.13227835864222914
14182,4,678.77,4,4,0,0.0,0.0,42,1,1,18.7,444,597,169.6925,43.5,51.0,0,0.026811189011713765,0.0
14210,16,5556.57,15,14,0,0.0,306.19,143,1,5,47.2,106,703,347.285625,156.9375,42.642857142857146,0,0.008422901011283476,-5.727466448660353
14085,32,9705.67,29,18,6,1200.3500000000001,435.7800000000001,478,1,1,12.75,3,732,303.3021875,201.03125,26.035714285714285,0,0.0013119416530670623,1.0117715676011745
14051,37,21770.98,35,21,7,6338.55,3438.3599999999997,82,1,5,329.50000000000006,1,737,588.4048648648649,154.2972972972973,21.647058823529413,0,0.014909178443183138,0.6115223804472212
16588,4,1361.28,4,4,0,0.0,0.0,64,1,0,0.0,387,575,340.32,220.5,62.666666666666664,0,0.0,0.0
13832,2,609.8900000000001,2,2,1,52.199999999999996,0.0,54,1,1,11.25,20,423,304.94500000000005,210.0,403.0,0,0.018111858840197056,3.9740583963475986
14953,4,968.8199999999999,3,3,1,285.66999999999996,0.0,201,1,1,8.4,26,436,242.20499999999998,253.0,205.0,0,0.008595812611285076,5.658331728418816
16856,3,358.49,3,3,1,35.400000000000006,0.0,16,1,0,0.0,15,443,119.49666666666667,57.0,214.0,0,0.0,3.594568774642695
15065,5,3326.86,5,5,1,299.38,1452.3500000000001,156,1,2,22.15,38,411,665.3720000000001,289.2,93.25,0,0.006613894852508651,-1.5765781757216883
17135,10,1716.38,8,7,5,639.1800000000001,0.0,97,1,1,10.92,17,580,171.638,168.2,80.42857142857143,0,0.0063220054420193355,6.46174938681035
12676,10,2333.09,9,8,2,253.33999999999997,129.10000000000002,66,0,0,0.0,25,484,233.30900000000003,185.4,57.375,0,0.0,0.6703685690741406
17000,2,406.30000000000007,2,2,0,0.0,0.0,26,1,0,0.0,397,409,203.15000000000003,152.5,12.0,0,0.0,0.0
13031,5,3292.84,5,5,0,0.0,0.0,275,1,0,0.0,408,555,658.568,461.8,36.75,0,0.0,0.0
15981,21,9362.77,21,16,2,950.28,836.0,151,1,5,78.69999999999999,25,621,445.8461904761905,229.85714285714286,29.8,0,0.00833556638955586,0.12798437563984777
17677,54,35058.46,35,24,10,4678.88,5421.42,346,1,36,825.11,2,724,649.2307407407408,387.4259259259259,21.235294117647058,0,0.022994088938196506,-0.14726974169232854
12841,40,6958.2,39,18,8,1161.67,690.45,307,1,2,150.20000000000002,5,520,173.95499999999998,125.2,13.552631578947368,0,0.021129930786112208,0.519683521418461
15996,7,1386.4,7,7,1,152.82,252.58999999999997,140,1,1,15.9,89,398,198.05714285714288,91.85714285714286,51.5,0,0.011338515296298935,-0.49993570198003745
14725,4,1246.8600000000001,3,3,1,655.58,0.0,84,1,1,50.400000000000006,25,535,311.71500000000003,326.75,255.0,0,0.038851116969612874,6.487044544658406
16735,14,6217.41,12,10,1,306.26,896.3799999999999,178,1,8,638.55,79,732,444.1007142857143,302.85714285714283,59.36363636363637,0,0.09313794129487336,-1.0717851119852693
18116,13,2130.89,13,6,1,163.55999999999997,0.0,310,1,0,0.0,68,412,163.9146153846154,96.07692307692308,28.666666666666668,0,0.0,5.103275245344702
16775,16,2820.84,16,13,3,516.96,482.75,132,1,1,81.6,11,443,176.3025,59.8125,28.8,0,0.028114276264108815,0.0683297748566476
12434,3,1103.4299999999998,3,3,1,519.89,0.0,62,0,2,40.95,85,382,367.80999999999995,177.33333333333334,148.5,0,0.03578356839511352,6.255538887024156
17167,3,867.1100000000001,3,3,0,0.0,0.0,64,1,0,0.0,380,446,289.0366666666667,143.0,33.0,0,0.0,0.0
14057,22,8346.66,19,16,4,1405.98,2135.45,244,1,1,70.56,24,737,379.39363636363635,292.6363636363636,39.611111111111114,0,0.008382815228781,-0.41770000967642495
13982,9,3954.29,9,9,1,641.67,326.34,123,1,4,26.799999999999997,40,689,439.36555555555555,275.3333333333333,81.125,0,0.006731824701275278,0.6746319871331838
13837,2,266.59000000000003,2,2,0,0.0,0.0,17,1,0,0.0,212,318,133.29500000000002,91.0,106.0,0,0.0,0.0
17256,5,498.93,4,4,0,0.0,112.10000000000001,20,1,0,0.0,108,601,99.786,59.8,164.33333333333334,0,0.0,-4.728272383122075
16913,3,423.91,2,2,0,0.0,0.0,18,1,0,0.0,291,652,141.30333333333334,76.33333333333333,361.0,0,0.0,0.0
16791,15,3944.88,13,13,2,913.9100000000001,224.11999999999998,392,1,3,92.57000000000001,30,737,262.992,123.53333333333333,58.916666666666664,0,0.0229278381156423,1.4021921064159786
15033,10,2553.88,10,8,4,948.23,453.33000000000004,314,1,1,15.649999999999999,5,330,255.388,167.0,36.111111111111114,0,0.0060906080100251786,0.7368273233803864
15737,8,1188.12,7,5,3,307.18999999999994,168.2,60,1,4,66.91,15,243,148.515,74.625,38.0,0,0.05331346661035991,0.5996350287241592
15674,12,6613.52,12,11,1,1066.94,0.0,261,1,4,395.66999999999996,74,732,551.1266666666667,303.9166666666667,59.81818181818182,0,0.0564501746992163,6.973486838166717
14056,23,8152.710000000001,23,11,6,2818.74,1680.1399999999999,320,1,6,89.41000000000001,2,285,354.4656521739131,184.8695652173913,12.863636363636363,0,0.01084793718121066,0.5171725473996656
12423,10,2301.39,10,10,1,193.64000000000001,153.98000000000002,127,0,1,10.2,1,466,230.13899999999998,177.2,51.666666666666664,0,0.004412547207766083,0.22785562213946342
17994,11,2264.03,11,10,0,0.0,120.71,226,1,3,50.449999999999996,122,621,205.8209090909091,198.0,49.9,0,0.021797552798036707,-4.8016411658864655
12759,8,4618.74,8,8,1,403.91999999999996,592.72,205,0,0,0.0,53,736,577.3425,397.125,97.57142857142857,0,0.0,-0.3827183110260126
14944,19,9684.670000000002,12,11,5,2736.0600000000004,1332.1599999999999,183,1,5,109.75,30,661,509.71947368421064,255.89473684210526,57.36363636363637,0,0.011205359786490673,0.7193322876294177
17686,9,8296.81,7,7,2,1150.1100000000001,1552.6000000000001,283,1,0,0.0,8,534,921.8677777777777,398.1111111111111,87.66666666666667,0,0.0,-0.29984812431123764
17552,12,2786.77,9,8,2,631.8899999999999,0.0,78,1,3,42.14,61,628,232.23083333333332,162.58333333333334,70.875,0,0.014896196768366616,6.450296631372028
14818,6,1153.56,6,6,1,248.17,291.38,87,1,0,0.0,74,648,192.26,90.5,114.8,0,0.0,-0.1599189316498002
17926,5,1035.4900000000002,5,4,0,0.0,185.56000000000003,27,1,0,0.0,134,580,207.09800000000004,114.4,111.5,0,0.0,-5.228752903162127
15453,7,1371.77,7,6,3,670.5699999999999,506.86,169,1,0,0.0,2,188,195.96714285714285,119.57142857142857,31.0,0,0.0,0.27941243571433105
14737,4,3554.1700000000005,4,4,1,82.8,647.75,28,1,0,0.0,4,401,888.5425000000001,267.75,132.33333333333334,0,0.0,-2.046614426992061
13435,9,4447.33,9,8,4,2721.77,644.4,96,1,2,15.4,6,501,494.1477777777778,306.0,61.875,0,0.00345080253566763,1.4395347438256012
13016,3,789.8900000000001,2,2,2,364.64000000000004,425.25000000000006,39,1,0,0.0,74,124,263.2966666666667,175.66666666666666,50.0,0,0.0,-0.15337678581210845
17800,9,1186.21,9,8,2,282.40999999999997,548.95,50,1,0,0.0,38,335,131.8011111111111,81.22222222222223,37.125,0,0.0,-0.6629327525539734
15706,4,1060.56,4,3,3,610.51,450.04999999999995,50,1,3,58.75,64,117,265.14,80.25,17.666666666666668,0,0.05248769331105771,0.3043531101206298
13743,7,1341.6,7,6,2,429.48,558.96,8,1,1,1.45,3,260,191.65714285714284,253.71428571428572,42.833333333333336,0,0.0010796321804847175,-0.2629644874254602
13939,7,1560.96,7,6,1,178.34,205.70999999999998,91,1,3,27.3,24,613,222.99428571428572,229.71428571428572,98.16666666666667,0,0.017188621510332062,-0.1420333992872429
15434,11,2567.06,10,8,2,454.19999999999993,280.32,82,1,2,49.95,9,685,233.36909090909091,129.36363636363637,75.11111111111111,0,0.019086667609218157,0.48124407137230385
17460,16,2157.9700000000003,16,14,0,0.0,159.85000000000002,93,1,5,220.87000000000003,95,687,134.87312500000002,59.625,39.46666666666667,0,0.09284777454557684,-5.080472253685035
17865,46,26310.09,35,22,8,3508.9800000000005,2853.58,390,1,16,725.3399999999999,31,739,571.9584782608696,281.5,20.823529411764707,0,0.026829238521451294,0.20668561750240588
17786,2,266.85,2,2,1,163.5,0.0,57,1,0,0.0,86,318,133.425,97.5,232.0,0,0.0,5.1029105702054265
14562,26,6638.15,24,16,11,2697.3900000000003,1203.3899999999999,245,1,4,323.85,4,671,255.31346153846152,99.0,29.0,0,0.04651680551565642,0.8066820841570772
16525,48,24151.300000000003,48,24,5,2655.1000000000004,2185.24,115,1,6,1231.9,3,738,503.1520833333334,300.625,15.638297872340425,0,0.048532099971634775,0.1946757082099273
16767,15,8052.41,12,12,4,755.0999999999999,1777.26,208,1,1,102.0,31,591,536.8273333333333,473.26666666666665,50.90909090909091,0,0.012508568982918446,-0.8552169945398447
16719,14,3508.62,14,14,2,486.34,308.2,203,1,3,144.75,15,727,250.6157142857143,164.71428571428572,54.76923076923077,0,0.03962095270941624,0.4549737147253392
12598,10,4192.089999999999,10,7,4,1384.7,280.64,129,0,4,119.42,10,649,419.20899999999995,288.7,71.0,0,0.027697952689428998,1.593331046453737
13816,2,499.6700000000001,2,2,2,499.6700000000001,0.0,24,0,2,16.63,24,65,249.83500000000004,132.5,41.0,0,0.03220995545225643,6.215947201423421
17813,5,1698.07,5,3,5,1698.07,0.0,297,1,2,56.28,15,72,339.614,150.4,14.25,0,0.03208025764528173,7.437836321529504
12783,4,1295.87,4,4,4,1295.87,0.0,74,0,0,0.0,3,76,323.9675,152.75,24.333333333333332,0,0.0,7.1677089479899445
13481,11,3830.8399999999997,9,9,1,443.23,382.34000000000003,162,1,3,27.75,46,736,348.2581818181818,186.8181818181818,86.25,0,0.007191746207811663,0.14742012248291925
15748,3,609.81,2,2,1,144.35999999999999,0.0,34,1,0,0.0,41,450,203.26999999999998,87.0,409.0,0,0.0,4.979213424087916
15355,2,277.05,2,2,2,277.05,0.0,9,1,0,0.0,30,54,138.525,22.5,24.0,0,0.0,5.627800953633573
18014,1,154.27,1,1,1,154.27,0.0,28,1,0,0.0,29,29,154.27,65.0,,1,0.0,5.045165536993078
17566,2,869.7700000000001,2,2,2,869.7700000000001,0.0,113,1,0,0.0,9,26,434.88500000000005,248.5,17.0,0,0.0,6.769377877687473
15640,29,23459.509999999995,25,19,4,3579.37,2129.17,302,1,5,119.22,5,726,808.948620689655,417.7931034482759,30.041666666666668,0,0.005056251969465702,0.5192643582843885
17754,13,4451.219999999999,12,11,3,1089.5900000000001,310.82,185,1,3,68.14,1,729,342.4015384615384,335.84615384615387,66.18181818181819,0,0.015077356085817463,1.2520480149368929
15627,2,566.9000000000001,2,2,0,0.0,0.0,23,1,0,0.0,458,523,283.45000000000005,172.0,65.0,0,0.0,0.0
16531,11,2298.33,11,9,3,560.06,199.69999999999996,109,1,1,34.75,23,442,208.9390909090909,169.36363636363637,41.9,0,0.01489447425720507,1.028016595873118
17209,3,595.7,3,2,0,0.0,0.0,36,1,0,0.0,650,737,198.5666666666667,241.0,43.5,0,0.0,0.0
12917,6,4359.2,5,5,0,0.0,594.0,45,1,2,29.700000000000003,129,731,726.5333333333333,184.0,150.5,0,0.006767071475768417,-6.38856140554563
16365,15,3167.3399999999992,14,11,2,677.8599999999999,373.2,97,1,1,10.4,18,729,211.15599999999995,68.93333333333334,54.69230769230769,0,0.0032727661797378018,0.5956245068925297
13847,1,310.71999999999997,1,1,0,0.0,0.0,19,1,0,0.0,720,720,310.71999999999997,96.0,,1,0.0,0.0
17851,6,1552.35,6,4,0,0.0,0.0,185,1,0,0.0,423,737,258.72499999999997,155.5,62.8,0,0.0,0.0
17706,31,20272.15,23,14,5,2476.9900000000002,6836.23,408,1,12,1206.0800000000002,5,690,653.9403225806452,252.38709677419354,31.136363636363637,0,0.05615360297380184,-1.014934931165124
12589,6,3294.91,5,5,1,461.18,113.5,119,0,2,542.74,29,690,549.1516666666666,290.1666666666667,165.25,0,0.1414250908759267,1.3953796025986351
16225,15,2859.31,13,11,1,142.68,537.03,189,1,3,45.5,45,671,190.62066666666666,85.4,52.166666666666664,0,0.015663675076855284,-1.3203257161350317
16905,17,4704.2699999999995,15,14,4,2215.4199999999996,0.0,170,1,3,29.65,6,730,276.7217647058823,112.41176470588235,51.714285714285715,0,0.006263308209686688,7.703648560594424
14798,8,724.31,8,7,1,76.34,21.72,30,1,1,9.2,53,649,90.53875,75.125,85.14285714285714,0,0.012542432959332524,1.2249656923262
17716,24,15956.970000000001,20,15,4,1519.33,2685.04,334,1,3,285.65000000000003,23,738,664.8737500000001,367.4583333333333,37.63157894736842,0,0.017586448491684226,-0.5691405734655177
17602,14,7354.43,13,11,4,4144.87,142.50000000000003,450,1,4,113.69999999999999,3,620,525.3164285714286,420.0,51.416666666666664,0,0.015224694803116709,3.363532901781059
14643,5,1679.8899999999999,5,5,0,0.0,335.87,57,1,1,25.200000000000003,171,729,335.97799999999995,275.4,139.5,0,0.014779278513157666,-5.819697099252557
13591,7,2093.94,7,7,1,340.9,0.0,89,1,1,12.75,65,726,299.13428571428574,121.42857142857143,110.16666666666667,0,0.006052148156586873,5.834518296645255
12623,7,3315.84,7,7,0,0.0,0.0,111,0,0,0.0,277,697,473.6914285714286,278.14285714285717,70.0,0,0.0,0.0
17884,20,2693.47,16,11,1,104.53,0.0,304,1,3,44.0,4,736,134.6735,137.4,48.8,0,0.016073235505777234,4.658995272682999
16099,7,1573.2,7,7,1,139.8,273.8,44,1,1,4.95,51,647,224.74285714285716,137.14285714285714,99.33333333333333,0,0.003136583974907328,-0.6687031166242523
13064,6,1666.8400000000001,6,6,2,446.34000000000003,455.95,58,1,0,0.0,13,592,277.8066666666667,111.33333333333333,115.8,0,0.0,-0.021255043836086784
12717,3,1058.9099999999999,3,3,0,0.0,321.24,59,0,0,0.0,152,591,352.96999999999997,198.33333333333334,219.5,0,0.0,-5.775296609530198
13976,4,1192.3600000000001,4,4,0,0.0,0.0,49,1,0,0.0,207,669,298.09000000000003,113.0,154.0,0,0.0,0.0
14872,3,816.5999999999999,3,3,0,0.0,0.0,34,1,1,13.919999999999998,484,634,272.2,220.66666666666666,75.0,0,0.01676058373067476,0.0
15101,6,1477.94,6,5,1,215.25,0.0,52,1,5,174.45,9,591,246.32333333333335,112.66666666666667,116.4,0,0.10557434988108133,5.376435145811989
15816,2,144.15,1,1,0,0.0,0.0,11,1,1,50.849999999999994,543,543,72.075,27.0,,1,0.26076923076923075,0.0
18039,4,548.22,4,4,0,0.0,0.0,137,1,0,0.0,375,641,137.055,138.75,88.66666666666667,0,0.0,0.0
15596,9,2727.7200000000003,9,8,0,0.0,16.9,82,1,7,106.45,101,500,303.08000000000004,134.22222222222223,49.875,0,0.03755949713672786,-2.884800712846709
17709,5,671.01,5,3,0,0.0,137.45000000000002,37,1,0,0.0,170,604,134.202,59.0,108.5,0,0.0,-4.930509249616971
16675,2,608.8599999999999,2,2,0,0.0,0.0,21,1,0,0.0,442,479,304.42999999999995,148.0,37.0,0,0.0,0.0
14236,5,1555.34,5,5,1,301.55999999999995,0.0,39,1,2,11.899999999999999,81,506,311.068,154.8,106.25,0,0.007592965978407901,5.712279604910147
15227,9,2488.49,8,8,2,342.58000000000004,0.0,86,1,0,0.0,37,634,276.49888888888887,135.22222222222223,85.28571428571429,0,0.0,5.8394199811983
12777,1,519.45,1,1,0,0.0,0.0,26,1,0,0.0,458,458,519.45,458.0,,1,0.0,0.0
13139,8,8202.98,7,6,4,3354.0,540.92,214,1,1,9.15,17,438,1025.3725,576.75,70.16666666666667,0,0.0011142054497432457,1.823088660336321
15598,2,548.02,2,2,1,240.68,0.0,32,1,2,5.0,54,428,274.01,202.0,374.0,0,0.009041264330403965,5.487614537078416
15441,3,1254.21,3,3,0,0.0,0.0,45,1,0,0.0,397,731,418.07,195.66666666666666,167.0,0,0.0,0.0
17685,12,5454.950000000001,12,11,2,1643.1100000000001,0.0,124,1,2,14.999999999999998,17,667,454.5791666666667,289.5,59.09090909090909,0,0.0027422554136692285,7.404954483353422
14332,5,1917.41,5,5,2,721.1700000000001,119.04,47,1,0,0.0,23,417,383.482,175.0,98.5,0,0.0,1.7944355476687086
12450,5,688.1999999999999,5,5,0,0.0,197.88,31,0,2,21.25,157,475,137.64,88.4,79.5,0,0.02995278032278526,-5.292701627762401
15131,1,80.27999999999999,1,1,0,0.0,0.0,7,1,0,0.0,395,395,80.27999999999999,88.0,,1,0.0,0.0
15551,7,1679.81,5,5,1,436.06,0.0,117,1,2,50.8,37,551,239.97285714285712,113.71428571428571,128.5,0,0.029353811661783996,6.080070485442007
12890,2,706.02,2,2,1,376.71999999999997,0.0,124,1,0,0.0,25,388,353.01,228.5,363.0,0,0.0,5.934153180394868
14543,39,14548.22,36,21,3,360.22999999999996,789.75,104,1,10,2589.46,29,739,373.03128205128206,67.56410256410257,20.285714285714285,0,0.15109746476769317,-0.7834669876135214
13554,7,1629.35,6,3,0,0.0,0.0,156,1,3,81.89,381,447,232.7642857142857,82.57142857142857,13.2,0,0.04785418760664781,0.0
16473,4,470.83000000000004,4,4,0,0.0,98.3,26,1,1,1.25,165,375,117.70750000000001,74.0,70.0,0,0.0026478562955431282,-4.598145571051127
16161,43,12580.06,42,21,7,2497.01,775.6,458,1,13,300.09,2,670,292.5595348837209,145.46511627906978,16.29268292682927,0,0.023298641708365195,1.1683242765825055
15456,10,2091.5200000000004,9,8,0,0.0,0.0,128,1,0,0.0,284,732,209.15200000000004,272.7,56.0,0,0.0,0.0
14903,5,2795.33,5,5,1,396.71,601.69,227,1,5,66.15,22,279,559.066,306.2,64.25,0,0.023117407774997555,-0.4156798718698269
17725,11,3439.08,11,9,3,931.96,1237.49,115,1,3,67.95,17,268,312.64363636363635,196.54545454545453,25.1,0,0.019375368901891347,-0.2832858471395632
15508,6,1000.27,4,3,0,0.0,0.0,78,1,0,0.0,190,236,166.71166666666667,73.33333333333333,15.333333333333334,0,0.0,0.0
17061,11,5232.23,9,6,1,573.4000000000001,1408.6000000000001,57,1,1,116.10000000000001,74,233,475.6572727272727,138.72727272727272,19.875,0,0.021707710631168983,-0.8977352374479004
17980,4,1012.72,4,4,0,0.0,248.7,41,1,0,0.0,166,394,253.18,192.75,76.0,0,0.0,-5.520260197285728
17819,12,6021.05,12,10,1,236.39999999999998,0.0,66,1,1,43.8,72,727,501.75416666666666,134.16666666666666,59.54545454545455,0,0.00722194283453012,5.469746482175568
15334,3,347.87,3,2,0,0.0,347.87,66,1,0,0.0,157,174,115.95666666666666,90.66666666666667,8.5,0,0.0,-5.854699359973061
13158,5,1508.18,5,5,0,0.0,944.6500000000001,70,1,0,0.0,95,389,301.636,198.4,73.5,0,0.0,-6.851872521734464
17438,5,1422.7700000000002,5,4,0,0.0,0.0,49,1,1,10.15,254,642,284.55400000000003,110.6,97.0,0,0.007083438014683302,0.0
16045,8,3434.9300000000003,7,6,0,0.0,479.45,111,1,1,247.9,120,499,429.36625000000004,263.5,63.166666666666664,0,0.06731236576219918,-6.174723164723277
17870,13,2753.2899999999995,10,8,5,1120.52,418.96999999999997,215,1,1,4.95,3,382,211.79153846153844,130.69230769230768,42.111111111111114,0,0.0017946226579267945,0.9822569069054374
13867,3,1005.0900000000001,3,3,2,866.24,0.0,51,1,0,0.0,32,219,335.03000000000003,167.0,93.5,0,0.0,6.76531575508289
16653,2,1212.66,2,2,2,1212.66,0.0,67,1,1,45.74000000000001,17,72,606.33,366.5,55.0,0,0.03634774316592499,7.101395866495808
17193,9,2310.04,7,6,5,1250.74,448.56000000000006,28,1,3,55.44,36,738,256.6711111111111,185.33333333333334,117.0,0,0.02343710367451849,1.0240205357124195
14211,18,4402.29,16,11,3,1111.17,220.04000000000002,155,1,8,100.6,54,731,244.57166666666666,143.05555555555554,45.13333333333333,0,0.02234120753560491,1.6157246602086035
16515,10,3179.0600000000004,10,9,1,376.78,628.02,184,1,0,0.0,53,541,317.90600000000006,157.3,54.22222222222222,0,0.0,-0.5098510370936538
13991,6,851.88,5,4,5,725.53,126.35,57,1,1,5.34,13,144,141.98,165.66666666666666,32.75,0,0.006229439350458458,1.7413405746070456
13697,1,151.29999999999998,1,1,1,151.29999999999998,0.0,12,1,0,0.0,39,39,151.29999999999998,177.0,,1,0.0,5.025852259901116
16076,10,2234.73,9,7,5,876.75,1052.53,71,1,1,61.199999999999996,4,209,223.473,143.5,25.625,0,0.02665586494361762,-0.18253989429713613
15861,12,4360.9,10,8,5,2023.1599999999999,407.52,451,1,3,183.8,13,681,363.4083333333333,319.4166666666667,74.22222222222223,0,0.040442713490439416,1.6003692059564605
18230,9,4291.06,9,8,2,663.84,892.06,42,1,3,93.6,10,526,476.7844444444445,221.77777777777777,64.5,0,0.021347151204426335,-0.2951073576662129
12628,3,732.46,3,3,3,732.46,0.0,33,0,1,16.85,5,65,244.15333333333334,148.33333333333334,30.0,0,0.0224873550332973,6.597773063035387
16961,3,794.56,3,3,0,0.0,234.17,52,1,3,21.549999999999997,117,533,264.8533333333333,160.66666666666666,208.0,0,0.026405754126281995,-5.46030865686874
15187,15,4762.18,13,8,10,2893.2999999999997,1437.2800000000002,60,1,2,107.1,2,213,317.4786666666667,125.73333333333333,17.583333333333332,0,0.021995038280813586,0.6992953303610454
17328,1,104.7,1,1,0,0.0,0.0,6,1,0,0.0,674,674,104.7,86.0,,1,0.0,0.0
16748,14,3637.33,14,12,2,605.7,0.0,55,1,1,5.04,18,730,259.8092857142857,151.92857142857142,54.76923076923077,0,0.0013837144496577779,6.408034434948252
17771,4,386.93000000000006,4,4,1,129.53,0.0,62,1,0,0.0,57,590,96.73250000000002,92.25,177.66666666666666,0,0.0,4.871603085400698
15686,1,90.0,1,1,0,0.0,0.0,1,1,0,0.0,421,421,90.0,72.0,,1,0.0,0.0
12645,8,3215.3,8,8,1,410.32,475.96000000000004,110,0,2,40.199999999999996,34,669,401.9125,263.375,90.71428571428571,0,0.012348333589310397,-0.14806112956877193
15797,5,2806.08,5,5,0,0.0,367.2,11,1,0,0.0,114,682,561.216,256.0,142.0,0,0.0,-5.908626268798978
17504,18,9490.170000000002,15,10,0,0.0,0.0,244,1,1,251.75000000000003,207,670,527.2316666666668,301.1111111111111,33.07142857142857,0,0.025841928490482367,0.0
15216,2,486.0899999999999,2,2,1,96.6,0.0,24,1,0,0.0,88,619,243.04499999999996,108.5,531.0,0,0.0,4.580877493419047
16313,2,274.15000000000003,2,2,2,274.15000000000003,0.0,16,1,0,0.0,4,50,137.07500000000002,82.5,46.0,0,0.0,5.617316403505768
15482,18,14377.360000000002,15,10,7,8911.46,666.0600000000001,73,1,4,4486.240000000001,16,738,798.7422222222224,361.94444444444446,51.57142857142857,0,0.23782522954261118,2.5923255797415363
13783,4,1542.09,4,4,0,0.0,0.0,4,1,0,0.0,488,674,385.5225,859.25,62.0,0,0.0,0.0
13357,5,3795.0099999999998,4,4,0,0.0,0.0,283,1,0,0.0,258,628,759.002,417.4,123.33333333333333,0,0.0,0.0
15956,2,617.5999999999999,2,2,0,0.0,0.0,18,1,0,0.0,552,727,308.79999999999995,139.0,175.0,0,0.0,0.0
14338,3,928.1,3,3,0,0.0,8.25,43,1,2,34.0,162,537,309.3666666666667,207.33333333333334,187.5,0,0.03533936181270138,-2.224623551524334
13162,16,9275.490000000002,16,13,0,0.0,382.84999999999997,186,1,3,158.55,123,736,579.7181250000001,359.6875,40.86666666666667,0,0.016806161517229096,-5.950251851273907
18065,28,5846.629999999999,16,14,6,980.68,0.0,192,1,3,29.75,6,731,208.80821428571426,80.85714285714286,48.333333333333336,0,0.0050626406052705925,6.889265389668292
16499,8,2578.34,8,6,0,0.0,0.0,104,1,5,68.69999999999999,361,547,322.2925,170.5,26.571428571428573,0,0.025953517891682782,0.0
12976,8,3156.38,7,7,0,0.0,0.0,106,1,0,0.0,212,666,394.5475,335.5,75.66666666666667,0,0.0,0.0
13133,3,200.45,3,3,0,0.0,0.0,12,1,0,0.0,274,460,66.81666666666666,18.333333333333332,93.0,0,0.0,0.0
15133,5,1806.9,5,5,0,0.0,324.52,45,1,0,0.0,128,521,361.38,192.0,98.25,0,0.0,-5.7854239036934345
13279,1,137.75,1,1,1,137.75,0.0,9,1,1,11.45,79,79,137.75,73.0,,1,0.0767426273458445,4.932673752626544
12362,10,4737.2300000000005,10,8,6,3154.88,698.01,200,0,3,71.65,4,296,473.72300000000007,219.7,32.44444444444444,0,0.014899519222771208,1.5073576101460686
14655,7,3878.51,7,7,3,1121.67,0.0,72,1,4,41.78,9,597,554.0728571428572,334.42857142857144,98.0,0,0.010657374837065624,7.02346505581084
13039,4,1010.7299999999999,4,4,0,0.0,0.0,37,1,0,0.0,585,723,252.68249999999998,72.5,46.0,0,0.0,0.0
14987,8,1550.6499999999999,7,4,1,163.2,0.0,4,1,1,81.6,16,738,193.83124999999998,75.875,120.33333333333333,0,0.04999234185939654,5.101085197018328
13709,18,7571.35,12,10,8,3388.84,2464.51,296,1,4,78.94,4,698,420.6305555555556,229.0,63.09090909090909,0,0.010318563087150944,0.3183840399921589
14559,1,75.6,1,1,0,0.0,0.0,2,1,0,0.0,391,391,75.6,72.0,,1,0.0,0.0
13854,39,11944.559999999998,38,21,5,1640.3600000000001,1309.62,61,1,6,95.75,9,701,306.2707692307692,93.38461538461539,18.7027027027027,0,0.007952453051457978,0.22502485878281497
13870,15,5712.08,12,12,3,591.47,1635.44,159,1,3,22.240000000000002,3,670,380.80533333333335,229.93333333333334,60.63636363636363,0,0.0038784023214609585,-1.0159781908417385
15081,12,1854.57,12,11,3,256.75,0.0,75,1,1,17.45,23,536,154.54749999999999,62.416666666666664,46.63636363636363,0,0.009321481608102478,5.551990122897069
15987,8,1535.99,7,6,1,239.14,677.55,143,1,0,0.0,13,380,191.99875,199.875,61.166666666666664,0,0.0,-1.0387360819248075
16930,3,378.89,2,2,3,378.89,0.0,47,1,0,0.0,27,69,126.29666666666667,113.0,42.0,0,0.0,5.9398817371306265
12380,8,7210.65,7,7,3,1865.2600000000002,0.0,154,0,2,39.650000000000006,22,663,901.33125,414.25,106.83333333333333,0,0.005468739224583812,7.531691707177959
15659,3,532.49,3,3,1,306.45,0.0,14,1,0,0.0,44,654,177.49666666666667,53.666666666666664,305.0,0,0.0,5.7283124723994785
12891,11,840.5,11,9,0,0.0,0.0,2,1,1,21.0,186,660,76.4090909090909,211.36363636363637,47.4,0,0.024376088218224026,0.0
15278,4,496.15999999999997,2,2,0,0.0,0.0,29,1,0,0.0,562,666,124.03999999999999,114.5,104.0,0,0.0,0.0
17408,3,316.09000000000003,3,2,0,0.0,32.65,7,1,1,151.20000000000002,164,515,105.36333333333334,54.333333333333336,175.5,0,0.3235678058593165,-3.5160130560907366
13752,7,1579.83,7,6,0,0.0,283.85,75,1,0,0.0,125,528,225.69,143.57142857142858,67.16666666666667,0,0.0,-5.6519627259264045
16500,9,843.91,8,5,5,235.86000000000004,0.0,24,1,1,7.95,5,544,93.76777777777778,42.888888888888886,77.0,0,0.009332519428075036,5.467469249293349
16249,5,1800.0700000000002,5,5,1,359.29999999999995,420.24,67,1,0,0.0,53,240,360.014,190.0,46.75,0,0.0,-0.15626572475834877
13006,1,81.57,1,1,1,81.57,0.0,4,1,0,0.0,57,57,81.57,55.0,,1,0.0,4.413646418429337
13068,2,344.0,2,2,1,179.0,0.0,1,1,0,0.0,11,320,172.0,100.0,309.0,0,0.0,5.19295685089021
14199,4,1091.6999999999998,4,4,0,0.0,0.0,15,1,2,175.20000000000002,219,531,272.92499999999995,63.5,104.0,0,0.1382903149419844,0.0
16308,7,5120.0,7,7,1,960.0,640.0,1,1,0,0.0,38,725,731.4285714285714,2285.714285714286,114.5,0,0.0,0.40494495204962266
13829,1,102.0,1,1,0,0.0,0.0,1,1,1,102.0,422,422,102.0,12.0,,1,0.5,0.0
17291,1,550.8000000000001,1,1,0,0.0,0.0,1,1,0,0.0,309,309,550.8000000000001,72.0,,1,0.0,0.0
13509,7,1099.72,7,6,2,274.7,40.0,26,1,0,0.0,9,508,157.10285714285715,173.28571428571428,83.16666666666667,0,0.0,1.905741251325443
15485,7,4810.92,6,6,1,1296.37,0.0,80,1,1,147.0,31,739,687.2742857142857,307.57142857142856,141.6,0,0.02964953044825249,7.1680944173421945
16563,6,4412.5599999999995,6,6,1,1077.74,0.0,55,1,1,10.2,54,739,735.4266666666666,430.6666666666667,137.0,0,0.002306252204505784,6.9835489723662585
14215,9,3250.3300000000004,9,8,2,691.4499999999999,0.0,167,1,1,11.8,12,732,361.14777777777783,242.33333333333334,90.0,0,0.0036172684718266896,6.540236033288727
17757,56,9070.1,55,24,10,2284.84,878.8100000000001,361,1,4,79.61,2,696,161.96607142857144,89.46428571428571,12.851851851851851,0,0.008700822211851523,0.9547828755845407
13902,5,34023.259999999995,5,4,0,0.0,0.0,57,0,2,3647.9999999999995,633,725,6804.651999999999,44119.2,23.0,0,0.0968377484586393,0.0
16838,4,1159.6100000000001,4,4,0,0.0,0.0,53,1,2,32.95,198,664,289.90250000000003,127.25,155.33333333333334,0,0.02762963708324948,0.0
17880,3,824.92,3,3,0,0.0,0.0,43,1,0,0.0,365,731,274.9733333333333,155.33333333333334,183.0,0,0.0,0.0
13869,10,7996.870000000001,10,10,0,0.0,1510.4900000000002,502,1,0,0.0,124,692,799.6870000000001,430.2,63.111111111111114,0,0.0,-7.320851198253202
16351,13,3330.0299999999997,13,10,0,0.0,0.0,124,1,5,50.89999999999999,333,736,256.1561538461538,166.53846153846155,33.583333333333336,0,0.015055029237517486,0.0
15282,1,348.59,1,1,0,0.0,0.0,27,1,0,0.0,571,571,348.59,395.0,,1,0.0,0.0
14035,9,2794.75,9,9,2,590.76,136.68,70,1,2,4.25,29,613,310.52777777777777,156.11111111111111,73.0,0,0.001518399428367274,1.4581689953763286
16960,8,1988.93,8,6,2,305.52,0.0,333,1,1,21.45,39,648,248.61625,186.125,87.0,0,0.010669624648076482,5.725283006102203
16110,4,1781.59,4,4,1,642.77,0.0,343,1,0,0.0,46,523,445.3975,220.0,159.0,0,0.0,6.467341519456512
12831,3,451.11,2,2,0,0.0,0.0,16,1,0,0.0,263,464,150.37,101.0,201.0,0,0.0,0.0
14372,2,860.0799999999999,2,2,0,0.0,0.0,36,1,1,29.9,444,600,430.03999999999996,189.0,156.0,0,0.033596260590125625,0.0
15426,9,2156.35,7,6,3,769.94,0.0,327,1,2,17.49,20,587,239.59444444444443,115.66666666666667,94.5,0,0.00804567033452324,6.647610549523445
14634,4,2124.46,4,3,0,0.0,0.0,105,1,3,152.64,438,542,531.115,476.5,34.666666666666664,0,0.06703262922137807,0.0
13851,8,4606.460000000001,7,6,0,0.0,2405.1400000000003,111,1,1,89.69999999999999,96,680,575.8075000000001,315.625,97.33333333333333,0,0.01910071207113897,-7.78577908270545
14966,6,1064.26,5,3,1,183.02,0.0,125,1,0,0.0,15,725,177.37666666666667,176.66666666666666,177.5,0,0.0,5.215044447354215
16359,16,2697.7499999999995,16,15,2,339.69,394.97,78,1,4,318.35,8,662,168.60937499999997,110.25,43.6,0,0.10555021385232588,-0.1503654779082968
16043,8,1856.59,8,7,1,97.5,0.0,56,1,0,0.0,38,482,232.07375,126.375,63.42857142857143,0,0.0,4.590056548178043
12585,2,1824.1,2,2,0,0.0,0.0,76,0,2,57.29,235,352,912.05,633.5,117.0,0,0.03045089003343273,0.0
13014,11,5381.08,11,7,5,1443.8000000000002,694.45,140,1,7,160.25,11,433,489.1890909090909,179.9090909090909,42.2,0,0.028919050119736597,0.7311670646095818
13662,11,2233.6100000000006,7,7,1,364.82000000000005,0.0,126,1,6,66.98,86,659,203.0554545454546,106.27272727272727,95.5,0,0.029114270687084613,5.90214140914778
13227,1,257.7,1,1,0,0.0,0.0,9,1,0,0.0,202,202,257.7,99.0,,1,0.0,0.0
16470,11,2416.85,10,10,1,213.64000000000001,193.47,286,1,1,4.95,52,729,219.71363636363637,121.36363636363636,75.22222222222223,0,0.0020439342637707495,0.09868429660057831
14498,10,3900.83,10,10,1,675.5299999999999,968.55,276,1,0,0.0,43,551,390.08299999999997,212.0,56.44444444444444,0,0.0,-0.35985525380302974
13340,12,22100.559999999998,9,8,2,1506.94,5551.51,190,1,0,0.0,46,656,1841.7133333333331,803.0,76.25,0,0.0,-1.3035055967795675
18085,4,1341.8500000000001,4,4,0,0.0,0.0,42,1,0,0.0,331,629,335.46250000000003,126.75,99.33333333333333,0,0.0,0.0
14133,4,911.14,3,3,0,0.0,287.64,33,1,2,15.3,130,734,227.785,99.5,302.0,0,0.016514830965847764,-5.665180236874259
12828,6,1018.7099999999999,6,4,3,603.1999999999999,415.51,46,1,0,0.0,3,131,169.785,82.33333333333333,25.6,0,0.0,0.37199479803005797
16706,3,531.35,3,3,1,119.80000000000001,411.54999999999995,108,1,0,0.0,38,115,177.11666666666667,83.0,38.5,0,0.0,-1.2282211250496378
16629,2,408.63,2,1,1,180.95000000000002,227.68,58,1,0,0.0,74,97,204.315,244.5,23.0,0,0.0,-0.22859172233760194
12626,9,5954.4800000000005,9,6,3,1666.4800000000002,3193.8999999999996,231,0,4,232.13,24,327,661.6088888888889,379.55555555555554,37.875,0,0.037521356607253406,-0.6502422837024247
14141,4,915.1300000000001,4,4,3,629.97,285.16,27,1,2,36.1,3,106,228.78250000000003,88.75,34.333333333333336,0,0.037950863618683175,0.790707222878603
14621,9,3000.5699999999997,9,8,2,785.4499999999999,366.6,134,1,7,122.3,2,684,333.39666666666665,189.55555555555554,85.25,0,0.03916269329174765,0.7605337572051196
13782,13,1786.08,13,12,3,424.07000000000005,123.49,187,1,1,7.95,13,734,137.39076923076922,49.46153846153846,60.083333333333336,0,0.004431364024012977,1.2280284698505506
14741,7,1713.09,7,6,2,535.38,369.65999999999997,48,1,0,0.0,12,418,244.72714285714284,143.71428571428572,67.66666666666667,0,0.0,0.3695576647354786
12882,2,1463.04,2,1,2,1463.04,0.0,12,1,0,0.0,10,34,731.52,123.0,24.0,0,0.0,7.288955016552379
15967,12,2966.0,11,10,1,235.77999999999997,0.0,316,1,1,22.4,24,739,247.16666666666666,98.58333333333333,71.5,0,0.007495649846071476,5.46713143998349
15586,3,1139.1,3,3,0,0.0,0.0,30,1,1,10.44,593,701,379.7,446.0,54.0,0,0.009081893627016023,0.0
17201,4,1132.6,4,4,1,289.78000000000003,0.0,153,1,1,15.600000000000001,54,668,283.15,244.75,204.66666666666666,0,0.013586483191081697,5.67256696750328
13190,3,570.66,3,3,0,0.0,0.0,16,1,1,51.9,545,733,190.22,102.66666666666667,94.0,0,0.08336545875096377,0.0
13150,3,449.96999999999997,2,2,0,0.0,0.0,7,1,1,14.95,485,631,149.98999999999998,57.0,146.0,0,0.03215606986148155,0.0
13214,7,3264.23,7,6,0,0.0,0.0,207,1,0,0.0,418,647,466.31857142857143,423.7142857142857,38.166666666666664,0,0.0,0.0
18009,8,2144.23,7,6,0,0.0,0.0,145,1,6,78.75000000000001,236,653,268.02875,81.375,69.5,0,0.03542541993180326,0.0
17529,2,1240.25,2,2,0,0.0,0.0,78,1,0,0.0,611,698,620.125,395.0,87.0,0,0.0,0.0
16347,11,3442.96,10,8,2,847.45,0.0,209,1,2,27.4,12,638,312.99636363636364,155.9090909090909,69.55555555555556,0,0.007895434479420002,6.743411155418835
14295,4,2352.91,4,4,1,166.20000000000002,0.0,65,1,3,43.849999999999994,41,731,588.2275,257.0,230.0,0,0.018295532301940955,5.119190700650601
14819,4,456.40999999999997,4,4,1,187.35000000000002,0.0,52,1,0,0.0,65,719,114.10249999999999,42.5,218.0,0,0.0,5.23830193413805
14268,1,354.85,1,1,0,0.0,0.0,19,1,0,0.0,471,471,354.85,147.0,,1,0.0,0.0
17348,9,2430.99,9,6,4,996.45,0.0,325,1,0,0.0,15,640,270.10999999999996,304.0,78.125,0,0.0,6.90520202219442
13642,4,472.20000000000005,2,2,0,0.0,0.0,93,1,1,12.75,216,433,118.05000000000001,57.75,217.0,0,0.026291370244355086,0.0
15377,4,1211.75,3,2,0,0.0,0.0,15,1,1,31.8,383,416,302.9375,63.25,16.5,0,0.0255719512685457,0.0
16977,4,495.99999999999994,3,3,0,0.0,0.0,25,1,0,0.0,396,632,123.99999999999999,35.5,118.0,0,0.0,0.0
14899,1,1331.38,1,1,0,0.0,0.0,126,1,0,0.0,396,396,1331.38,570.0,,1,0.0,0.0
17165,6,1794.3200000000002,6,6,0,0.0,0.0,77,1,2,10.690000000000001,285,729,299.05333333333334,131.33333333333334,88.8,0,0.005922404862022925,0.0
12415,24,144033.37000000002,19,14,6,22826.65,51203.979999999996,496,0,4,926.3499999999999,25,528,6001.390416666668,3810.125,27.944444444444443,0,0.006390395897563818,-0.8078642724319032
14307,10,4287.92,9,9,2,687.83,612.91,205,1,1,7.95,89,733,428.79200000000003,281.6,80.5,0,0.0018506146601270524,0.11514616857332882
13753,4,2094.5699999999997,4,4,0,0.0,0.0,64,1,0,0.0,288,737,523.6424999999999,362.5,149.66666666666666,0,0.0,0.0
15038,9,1146.53,9,7,2,188.04,0.0,190,1,1,39.9,59,426,127.39222222222222,42.333333333333336,45.875,0,0.03363030267272405,5.241958632878652
16230,2,542.03,2,2,0,0.0,0.0,32,1,0,0.0,190,221,271.015,182.5,31.0,0,0.0,0.0
16466,15,3767.09,15,14,2,596.33,479.34000000000003,207,1,1,125.0,34,643,251.13933333333335,118.46666666666667,43.5,0,0.03211642074052758,0.21797553800843605
17265,2,550.0100000000001,2,2,0,0.0,172.17,106,1,0,0.0,139,181,275.00500000000005,194.5,42.0,0,0.0,-5.15427377096406
17879,1,178.51999999999998,1,1,0,0.0,178.51999999999998,6,1,0,0.0,174,174,178.51999999999998,45.0,,1,0.0,-5.190286622334331
12684,6,2073.63,6,5,3,832.1499999999999,426.38,59,0,0,0.0,8,214,345.605,328.8333333333333,41.2,0,0.0,0.6675401507663148
17554,5,1952.4499999999998,5,5,3,702.56,1249.8899999999999,58,1,0,0.0,2,149,390.48999999999995,352.6,36.75,0,0.0,-0.5754574161804733
16255,15,4530.0,15,14,1,437.12000000000006,1121.12,231,1,4,72.41,17,685,302.0,191.73333333333332,47.714285714285715,0,0.01573306159164438,-0.9404821867798097
17935,7,683.24,6,5,0,0.0,142.89,59,1,1,30.599999999999998,139,736,97.60571428571428,34.714285714285715,119.4,0,0.04286674885128319,-4.9690491187753265
15184,4,685.39,4,4,1,166.96999999999997,0.0,72,1,0,0.0,30,724,171.3475,115.5,231.33333333333334,0,0.0,5.123785392028911
15950,10,7120.91,10,9,2,653.33,662.5600000000001,225,1,3,242.20000000000002,32,683,712.091,335.4,72.33333333333333,0,0.03289370931576467,-0.014007467872203527
13107,9,5253.07,9,9,2,596.4,368.37999999999994,142,1,6,143.45000000000002,45,674,583.6744444444444,479.55555555555554,78.625,0,0.02658194540185157,0.48076098133424416
16895,5,1102.9,5,5,1,202.26999999999998,0.0,135,1,0,0.0,65,666,220.58,84.2,150.25,0,0.0,5.31453514457087
18075,20,5783.290000000001,20,13,2,654.0,687.03,180,1,11,203.38,24,499,289.16450000000003,164.05,25.0,0,0.033972141440901195,-0.04919720599859989
15220,6,1778.96,6,6,1,494.9099999999999,425.86,110,1,1,20.04,52,281,296.49333333333334,232.16666666666666,45.8,0,0.011139521956642579,0.14993836803226657
18249,1,95.33999999999999,1,1,1,95.33999999999999,0.0,8,1,0,0.0,18,18,95.33999999999999,128.0,,1,0.0,4.567883601202075
17086,6,2050.08,6,3,6,2050.08,0.0,76,1,0,0.0,8,64,341.68,309.8333333333333,11.2,0,0.0,7.626121762674929
13987,2,682.54,2,1,0,0.0,0.0,46,1,0,0.0,380,401,341.27,246.0,21.0,0,0.0,0.0
16434,12,2673.69,12,9,3,612.9599999999999,182.12,126,1,1,14.700000000000001,30,692,222.8075,109.16666666666667,60.18181818181818,0,0.005467956658074164,1.2097881038008955
17797,8,1971.87,7,7,2,508.01999999999987,0.0,222,1,0,0.0,23,725,246.48375,135.75,117.0,0,0.0,6.232487308509429
16681,7,1921.8399999999997,7,6,2,437.65999999999997,456.84,22,1,0,0.0,73,642,274.5485714285714,213.14285714285714,94.83333333333333,0,0.0,-0.042795152567567385
16077,1,2300.4,1,1,0,0.0,0.0,8,1,1,1700.4,626,626,2300.4,840.0,,1,0.42501499700059986,0.0
16092,6,1587.94,5,5,0,0.0,224.13,60,1,4,72.45,115,580,264.6566666666667,198.0,116.25,0,0.043634326875011294,-5.416678013132882
14513,6,788.0100000000001,6,5,0,0.0,138.24,15,1,1,17.1,101,569,131.335,98.83333333333333,93.6,0,0.021239333755635876,-4.936199062943238
12694,3,1663.3500000000001,3,3,1,376.17,0.0,68,0,1,3.9,71,422,554.45,448.3333333333333,175.5,0,0.002339181286549707,5.932696014192324
16620,6,1758.93,6,6,1,83.2,0.0,78,1,0,0.0,4,739,293.15500000000003,191.0,147.0,0,0.0,4.4331949212482815
17492,3,1122.42,3,3,0,0.0,0.0,32,1,0,0.0,249,519,374.14000000000004,150.0,135.0,0,0.0,0.0
14782,1,200.10000000000002,1,1,0,0.0,0.0,6,1,0,0.0,320,320,200.10000000000002,114.0,,1,0.0,0.0
14887,1,1862.0,1,1,1,1862.0,0.0,6,1,0,0.0,80,80,1862.0,1100.0,,1,0.0,7.529943370601589
15514,18,6388.280000000001,15,9,5,1521.78,0.0,170,1,2,1116.2700000000002,13,736,354.9044444444445,226.05555555555554,51.642857142857146,0,0.14874576090505096,7.328292890721017
17484,2,209.57000000000002,2,2,0,0.0,0.0,14,1,0,0.0,577,625,104.78500000000001,169.5,48.0,0,0.0,0.0
12482,27,21941.72,5,3,0,0.0,0.0,41,0,0,0.0,577,654,812.6562962962963,1001.4814814814815,19.25,0,0.0,0.0
12731,17,25631.71,16,15,4,7571.66,3094.16,136,0,2,91.5,24,648,1507.7476470588235,684.2941176470588,41.6,0,0.0035570988224253508,0.8947047916968636
13620,1,112.34,1,1,0,0.0,0.0,5,1,0,0.0,529,529,112.34,74.0,,1,0.0,0.0
15486,1,102.0,1,1,0,0.0,0.0,1,1,0,0.0,528,528,102.0,40.0,,1,0.0,0.0
17021,6,1182.22,6,4,0,0.0,0.0,35,1,0,0.0,443,590,197.03666666666666,165.33333333333334,29.4,0,0.0,0.0
12494,9,1563.27,9,8,2,323.24,135.22,82,0,8,111.35000000000002,16,577,173.69666666666666,107.22222222222223,70.125,0,0.06649269685062882,0.8672127565068815
18149,7,1553.96,7,7,1,62.400000000000006,0.0,54,1,0,0.0,51,636,221.99428571428572,124.14285714285714,97.5,0,0.0,4.149463861443181
17371,6,651.3700000000001,4,4,2,326.26000000000005,0.0,134,1,0,0.0,18,732,108.56166666666668,46.5,238.0,0,0.0,5.79075496200075
17978,4,1159.99,4,4,0,0.0,0.0,62,1,0,0.0,366,732,289.9975,324.25,122.0,0,0.0,0.0
14064,15,3260.2400000000002,14,12,1,237.31,254.87,131,1,6,292.66999999999996,30,688,217.34933333333336,260.73333333333335,50.61538461538461,0,0.08237472944712923,-0.07109715586385512
17905,13,2168.37,12,9,1,181.25,224.84,128,1,1,9.3,72,681,166.7976923076923,98.0,55.36363636363637,0,0.004270619515353566,-0.2144474130564662
13659,12,4884.68,11,10,0,0.0,0.0,224,1,5,178.25,206,661,407.0566666666667,210.58333333333334,45.5,0,0.0352068861311533,0.0
12844,4,648.6,4,4,1,151.07999999999998,174.88000000000002,88,1,0,0.0,30,594,162.15,55.75,188.0,0,0.0,-0.14539524613243593
14843,1,211.8,1,1,0,0.0,0.0,9,1,0,0.0,437,437,211.8,132.0,,1,0.0,0.0
14885,3,1598.12,3,3,0,0.0,765.32,24,1,1,102.0,132,466,532.7066666666666,436.0,167.0,0,0.05999576500482319,-6.6415998370746365
16153,11,5133.49,11,9,1,800.6899999999999,323.44,161,1,2,86.4,50,563,466.6809090909091,335.72727272727275,51.3,0,0.016552072936402876,0.9046213802751417
16933,9,3099.3,8,8,1,338.5,0.0,213,1,7,81.65,2,731,344.3666666666667,170.33333333333334,104.14285714285714,0,0.02566843238655119,5.827473946998751
17026,3,175.82999999999998,3,3,0,0.0,0.0,4,1,0,0.0,186,418,58.60999999999999,35.666666666666664,116.0,0,0.0,0.0
13745,2,777.36,2,2,0,0.0,300.04,46,1,2,16.09,163,547,388.68,573.0,384.0,0,0.020278530468208454,-5.707243146285182
12855,4,612.84,3,2,0,0.0,0.0,65,1,0,0.0,373,403,153.21,60.0,15.0,0,0.0,0.0
14305,3,1858.9599999999998,3,3,1,810.51,1048.4499999999998,96,1,2,55.20000000000001,72,136,619.6533333333333,363.0,32.0,0,0.02883771471559327,-0.25712478665400074
14506,7,2960.25,7,7,2,1141.69,264.8,251,1,0,0.0,18,600,422.89285714285717,133.71428571428572,97.0,0,0.0,1.4583962646319408
13287,3,781.5899999999999,3,3,0,0.0,0.0,46,1,4,261.92,604,705,260.53,143.0,50.5,0,0.25099903211277325,0.0
15715,5,658.02,3,3,0,0.0,0.0,33,1,0,0.0,556,620,131.60399999999998,49.2,32.0,0,0.0,0.0
16864,2,409.25,2,2,0,0.0,0.0,17,1,0,0.0,435,599,204.625,141.5,164.0,0,0.0,0.0
16121,5,1450.0400000000002,4,4,1,568.72,0.0,256,1,1,19.9,58,566,290.00800000000004,175.8,169.33333333333334,0,0.013537967536089905,6.345145012066386
14491,2,340.93,2,2,0,0.0,213.73000000000002,17,1,0,0.0,176,373,170.465,69.5,197.0,0,0.0,-5.369381424979041
16871,6,2812.34,5,4,2,774.5200000000001,0.0,131,1,1,50.849999999999994,23,271,468.72333333333336,208.83333333333334,62.0,0,0.017759911148055137,6.653533772097066
16402,2,293.45,2,2,0,0.0,0.0,55,1,0,0.0,265,370,146.725,73.0,105.0,0,0.0,0.0
14256,5,2460.79,4,4,0,0.0,0.0,100,1,4,76.65,261,695,492.158,229.4,144.66666666666666,0,0.030207610820354374,0.0
13516,4,1685.2599999999998,4,4,2,1243.4099999999999,0.0,55,1,0,0.0,22,418,421.31499999999994,278.5,132.0,0,0.0,7.126416800992479
16906,7,1410.0700000000002,6,6,1,166.6,0.0,179,1,0,0.0,82,576,201.43857142857146,84.14285714285714,98.8,0,0.0,5.121580188047982
13933,2,608.7900000000001,2,2,0,0.0,608.7900000000001,23,1,0,0.0,110,149,304.39500000000004,102.5,39.0,0,0.0,-6.413114635600407
12507,4,1508.06,4,3,0,0.0,690.65,45,0,1,46.75,135,585,377.015,311.0,150.0,0,0.030067982583080893,-6.539080047320824
16603,2,482.47,2,1,1,185.85000000000002,296.62,34,1,0,0.0,75,92,241.235,240.0,17.0,0,0.0,-0.46551134907041103
15757,6,2940.3600000000006,6,6,1,453.06000000000006,0.0,162,1,0,0.0,66,548,490.0600000000001,292.8333333333333,96.4,0,0.0,6.118229347899479
14179,2,701.5699999999999,2,1,2,701.5699999999999,0.0,135,1,0,0.0,41,53,350.78499999999997,159.5,12.0,0,0.0,6.554745040371868
16233,9,1818.31,9,9,1,210.18,0.0,49,1,3,140.04999999999998,72,738,202.03444444444443,75.22222222222223,83.25,0,0.07151391981045364,5.352710850378369
18074,2,1019.4399999999999,2,2,0,0.0,0.0,37,1,0,0.0,374,506,509.71999999999997,180.5,132.0,0,0.0,0.0
13475,4,1431.78,4,4,0,0.0,0.0,64,1,0,0.0,192,299,357.945,253.0,35.666666666666664,0,0.0,0.0
13147,4,712.8000000000001,4,3,3,594.0,118.80000000000001,1,1,0,0.0,11,100,178.20000000000002,36.0,29.666666666666668,0,0.0,1.6027377198642814
15913,1,6.300000000000001,1,1,0,0.0,0.0,1,1,0,0.0,535,535,6.300000000000001,3.0,,1,0.0,0.0
15894,2,257.6,2,2,0,0.0,0.0,34,1,0,0.0,254,370,128.8,81.5,116.0,0,0.0,0.0
17995,3,495.48,3,2,0,0.0,0.0,28,1,0,0.0,282,388,165.16,87.66666666666667,53.0,0,0.0,0.0
13590,18,6336.04,17,14,2,865.54,204.35000000000002,255,1,3,51.3,12,739,352.0022222222222,292.8333333333333,45.4375,0,0.00803151233533834,1.4397924304112282
14055,3,1520.96,3,3,0,0.0,725.6400000000001,33,1,0,0.0,107,724,506.9866666666667,240.0,308.5,0,0.0,-6.588431169193958
14727,3,461.03,2,2,0,0.0,0.0,42,1,1,169.89999999999998,275,547,153.67666666666665,150.66666666666666,272.0,0,0.2692850236951801,0.0
12784,2,1511.15,2,2,1,476.82000000000005,0.0,120,0,0,0.0,16,530,755.575,426.5,514.0,0,0.0,6.169234092533874
13024,2,555.87,2,2,0,0.0,0.0,26,1,1,20.45,471,583,277.935,90.5,112.0,0,0.03548375902276513,0.0
16952,5,795.83,4,3,0,0.0,167.61,76,1,0,0.0,110,729,159.166,68.6,206.33333333333334,0,0.0,-5.127588355789889
17635,3,1265.58,3,3,0,0.0,0.0,60,1,1,8.75,425,591,421.85999999999996,256.6666666666667,83.0,0,0.006866353299380851,0.0
14418,3,1937.25,3,3,2,1786.8100000000002,150.44,114,1,0,0.0,4,109,645.75,570.3333333333334,52.5,0,0.0,2.4685571792038727
15417,1,508.79999999999995,1,1,1,508.79999999999995,0.0,28,1,0,0.0,86,86,508.79999999999995,284.0,,1,0.0,6.234018491942015
13507,4,2479.1600000000003,4,4,1,456.37,2022.7900000000004,146,1,0,0.0,4,146,619.7900000000001,399.25,47.333333333333336,0,0.0,-1.487234578752731
16302,1,233.22000000000003,1,1,0,0.0,233.22000000000003,11,1,1,20.4,127,127,233.22000000000003,158.0,,1,0.08043529690087531,-5.4562608446139915
12733,4,2424.02,4,4,0,0.0,0.0,116,0,2,98.05000000000001,235,690,606.005,223.75,151.66666666666666,0,0.03887679564801929,0.0
14575,1,420.22,1,1,0,0.0,0.0,71,1,0,0.0,489,489,420.22,163.0,,1,0.0,0.0
15247,3,976.06,3,3,0,0.0,356.0,13,1,1,8.95,123,538,325.3533333333333,171.33333333333334,207.5,0,0.009086202170536338,-5.877735781779639
17483,4,591.73,4,4,1,139.3,119.64,23,1,0,0.0,66,415,147.9325,66.25,116.33333333333333,0,0.0,0.15097208284876906
13720,4,799.9,4,4,0,0.0,367.8,42,1,0,0.0,117,255,199.975,125.25,46.0,0,0.0,-5.910254491682439
12715,1,263.36,1,1,0,0.0,263.36,19,0,0,0.0,107,107,263.36,190.0,,1,0.0,-5.577311810602252
16081,8,4278.96,8,8,2,1807.0500000000002,0.0,235,1,0,0.0,57,675,534.87,272.125,88.28571428571429,0,0.0,7.50000419543699
13954,2,439.91999999999996,2,2,2,439.91999999999996,0.0,24,1,1,61.33,2,71,219.95999999999998,75.0,69.0,0,0.12235411471321697,6.088863453095114
14139,4,1086.8,4,4,1,415.82,0.0,48,1,0,0.0,47,543,271.7,262.25,165.33333333333334,0,0.0,6.032654473932845
15255,9,3706.02,8,7,1,890.8499999999999,0.0,137,1,2,58.65,67,737,411.78,246.0,95.71428571428571,0,0.01557905473786547,6.793297957004312
15283,3,148.32999999999998,3,3,0,0.0,0.0,9,1,1,12.9,391,519,49.44333333333333,9.0,64.0,0,0.08000992371146809,0.0
15732,10,1543.97,9,6,0,0.0,0.0,53,1,2,44.550000000000004,213,674,154.397,126.4,57.625,0,0.028044972678971623,0.0
15884,2,244.60000000000002,2,2,0,0.0,0.0,14,1,0,0.0,433,737,122.30000000000001,76.0,304.0,0,0.0,0.0
13010,2,330.12,2,2,0,0.0,0.0,10,1,0,0.0,375,649,165.06,161.5,274.0,0,0.0,0.0
17746,4,904.1800000000001,3,3,0,0.0,0.0,32,1,3,30.75,241,611,226.04500000000002,172.0,185.0,0,0.03289016289989625,0.0
13648,8,1759.07,7,6,0,0.0,0.0,94,1,3,77.95,401,739,219.88375,119.875,56.333333333333336,0,0.04243285320791282,0.0
16461,3,1539.8300000000002,3,3,0,0.0,142.92,222,1,0,0.0,178,647,513.2766666666668,309.0,234.5,0,0.0,-4.969257589642278
17199,1,135.04,1,1,0,0.0,0.0,8,1,0,0.0,583,583,135.04,232.0,,1,0.0,0.0
17016,1,552.4,1,1,0,0.0,0.0,41,1,0,0.0,577,577,552.4,309.0,,1,0.0,0.0
15559,1,1109.4,1,1,0,0.0,0.0,62,1,0,0.0,569,569,1109.4,526.0,,1,0.0,0.0
17694,3,1695.9699999999998,3,3,0,0.0,283.12,54,1,0,0.0,142,563,565.3233333333333,497.6666666666667,210.5,0,0.0,-5.649396684129609
18194,6,4162.04,6,6,1,973.8399999999999,0.0,23,1,1,77.84,83,681,693.6733333333333,295.6666666666667,119.6,0,0.018359010160664924,6.882273354967445
12529,1,316.48,1,1,0,0.0,0.0,21,0,1,4.7,529,529,316.48,192.0,,1,0.014633538825580671,0.0
17714,5,1410.1799999999998,5,4,0,0.0,0.0,69,1,4,33.599999999999994,321,514,282.03599999999994,121.6,48.25,0,0.023272243693637534,0.0
12915,4,975.1,4,4,0,0.0,164.0,46,1,4,89.9,149,590,243.775,102.75,147.0,0,0.08441314553990611,-5.10594547390058
18182,1,291.13,1,1,0,0.0,0.0,10,1,0,0.0,464,464,291.13,167.0,,1,0.0,0.0
14623,10,2012.2999999999997,10,9,2,280.54,208.3,192,1,2,28.75,33,603,201.22999999999996,101.3,63.333333333333336,0,0.014085887165919504,0.2965059039478648
17149,1,143.1,1,1,0,0.0,0.0,6,1,0,0.0,452,452,143.1,18.0,,1,0.0,0.0
13410,9,2201.96,9,9,2,458.0200000000001,0.0,25,1,3,29.45,25,732,244.66222222222223,138.22222222222223,88.375,0,0.013197933145410302,6.12909378209602
14663,2,490.59999999999997,1,1,0,0.0,0.0,60,1,0,0.0,431,431,245.29999999999998,198.5,,1,0.0,0.0
15245,8,4610.84,8,7,0,0.0,778.1199999999999,72,1,0,0.0,135,596,576.355,377.625,65.85714285714286,0,0.0,-6.658165077652944
13921,4,730.7,4,4,0,0.0,0.0,36,1,1,9.95,403,722,182.675,52.5,106.33333333333333,0,0.013434145682846146,0.0
13665,3,1711.6599999999999,3,3,0,0.0,0.0,97,1,0,0.0,387,505,570.5533333333333,550.6666666666666,59.0,0,0.0,0.0
16411,4,756.3899999999999,4,4,1,83.15,0.0,139,1,0,0.0,20,429,189.09749999999997,115.25,136.33333333333334,0,0.0,4.4326009206368155
14926,2,359.4,2,2,0,0.0,0.0,2,1,1,21.75,382,599,179.7,102.0,217.0,0,0.05706414797323889,0.0
15989,2,368.30999999999995,2,2,0,0.0,0.0,81,1,0,0.0,376,738,184.15499999999997,84.5,362.0,0,0.0,0.0
16658,5,680.8299999999999,5,5,0,0.0,0.0,48,1,3,117.35000000000001,369,620,136.166,53.8,62.75,0,0.14702197499310934,0.0
12793,3,745.53,3,3,0,0.0,0.0,33,0,0,0.0,335,402,248.51,152.0,33.5,0,0.0,0.0
13584,3,385.7,3,3,0,0.0,0.0,74,1,2,45.3,307,676,128.56666666666666,120.0,184.5,0,0.10510440835266821,0.0
15407,4,1046.74,4,4,1,306.01,0.0,142,1,0,0.0,34,306,261.685,138.0,90.66666666666667,0,0.0,5.726880320346601
15951,3,1013.1699999999998,3,3,1,333.04999999999995,0.0,44,1,1,38.650000000000006,9,382,337.7233333333333,140.0,186.5,0,0.03674583103572855,5.811290682371486
14616,5,527.78,5,5,0,0.0,0.0,3,1,0,0.0,243,549,105.556,34.0,76.5,0,0.0,0.0
16149,3,422.22,3,3,1,116.83999999999999,163.67999999999998,30,1,0,0.0,5,430,140.74,199.33333333333334,212.5,0,0.0,-0.33467642474732884
15899,1,56.25,1,1,0,0.0,0.0,4,1,0,0.0,369,369,56.25,39.0,,1,0.0,0.0
15713,4,839.6399999999999,4,4,0,0.0,185.54999999999998,48,1,2,24.8,144,724,209.90999999999997,112.75,193.33333333333334,0,0.028689093517190328,-5.228699299667166
12436,1,429.01,1,1,0,0.0,429.01,15,0,0,0.0,100,100,429.01,209.0,,1,0.0,-6.063808464231149
16808,2,288.41999999999996,2,2,0,0.0,121.91999999999999,21,1,0,0.0,100,275,144.20999999999998,98.0,175.0,0,0.0,-4.811533737262284
18222,1,443.0,1,1,0,0.0,443.0,19,1,0,0.0,93,93,443.0,335.0,,1,0.0,-6.095824562432225
18066,3,1440.3999999999999,3,3,1,318.0,0.0,37,1,0,0.0,76,416,480.13333333333327,178.33333333333334,170.0,0,0.0,5.765191102784844
13344,3,2511.69,2,2,2,855.54,0.0,115,1,0,0.0,68,278,837.23,317.3333333333333,210.0,0,0.0,6.752901018366621
16747,2,836.06,2,2,2,836.06,0.0,34,1,2,9.099999999999998,38,68,418.03,291.5,30.0,0,0.010767192010980167,6.729895752508072
14178,7,1580.2600000000002,7,6,4,1102.97,279.91999999999996,190,1,0,0.0,9,183,225.7514285714286,213.14285714285714,29.0,0,0.0,1.3685981212639602
16877,6,846.6200000000001,6,4,4,657.6400000000001,111.23,111,1,0,0.0,13,209,141.10333333333335,76.33333333333333,39.2,0,0.0,1.7696267659620064
13066,2,470.8,2,1,2,470.8,0.0,48,1,1,39.9,25,33,235.4,161.0,8.0,0,0.07812805952614059,6.1565551669735745
14251,5,2879.7,5,3,5,2879.7,0.0,37,1,0,0.0,2,58,575.9399999999999,334.8,14.0,0,0.0,7.965788599152331
16157,3,656.69,3,2,3,656.69,0.0,12,1,1,12.450000000000001,16,73,218.89666666666668,115.66666666666667,28.5,0,0.018605971844457062,6.488733695691184
17476,2,489.86,2,2,0,0.0,0.0,29,1,2,43.349999999999994,396,738,244.93,112.0,342.0,0,0.08130005063670973,0.0
14471,2,400.95,2,2,0,0.0,0.0,38,1,0,0.0,592,733,200.475,93.5,141.0,0,0.0,0.0
14892,1,202.35,1,1,0,0.0,0.0,13,1,0,0.0,691,691,202.35,79.0,,1,0.0,0.0
17577,2,348.75,2,2,0,0.0,0.0,20,1,0,0.0,646,669,174.375,89.5,23.0,0,0.0,0.0
16756,7,1312.37,7,7,0,0.0,0.0,64,1,2,24.950000000000003,215,641,187.48142857142855,101.0,71.0,0,0.01865671641791045,0.0
16934,6,2083.1400000000003,5,5,2,931.0300000000002,0.0,128,1,1,20.25,55,622,347.19000000000005,156.0,141.75,0,0.009627315904325872,6.837365003008744
17608,4,488.06,3,3,2,191.99000000000004,0.0,134,1,0,0.0,34,608,122.015,132.0,287.0,0,0.0,5.2626383740910185
12588,3,718.78,3,3,1,174.9,0.0,30,0,1,19.8,40,598,239.59333333333333,144.0,279.0,0,0.026808199517993993,5.169915651743512
13541,2,785.25,2,2,0,0.0,0.0,10,1,1,67.35000000000001,428,571,392.625,139.5,143.0,0,0.07899366643209009,0.0
17282,5,2308.54,5,5,0,0.0,961.56,168,1,0,0.0,131,549,461.70799999999997,466.4,104.5,0,0.0,-6.869596401881366
14581,2,409.65,2,2,1,138.6,0.0,59,1,0,0.0,17,545,204.825,152.0,528.0,0,0.0,4.938781190328272
17853,3,1596.29,3,3,0,0.0,0.0,84,1,0,0.0,408,737,532.0966666666667,208.33333333333334,164.5,0,0.0,0.0
12419,2,391.01,2,2,0,0.0,0.0,22,0,0,0.0,386,414,195.505,113.5,28.0,0,0.0,0.0
16392,3,755.4499999999999,3,3,0,0.0,0.0,124,1,0,0.0,270,562,251.81666666666663,201.0,146.0,0,0.0,0.0
14206,3,1185.0099999999998,3,2,0,0.0,0.0,62,1,2,39.8,240,403,395.0033333333333,310.0,81.5,0,0.032494835933736664,0.0
14597,6,2184.63,5,4,1,701.14,0.0,79,1,0,0.0,12,438,364.105,239.33333333333334,106.5,0,0.0,6.554132814341683
16138,3,910.3500000000001,3,3,0,0.0,0.0,35,1,1,7.95,379,591,303.45000000000005,258.0,106.0,0,0.008657301535445932,0.0
16431,3,623.28,2,2,0,0.0,0.0,51,1,0,0.0,214,298,207.76,147.33333333333334,84.0,0,0.0,0.0
16305,1,361.21999999999997,1,1,0,0.0,361.21999999999997,22,1,0,0.0,139,139,361.21999999999997,256.0,,1,0.0,-5.8922517620363895
15042,2,315.45000000000005,2,2,0,0.0,0.0,9,1,0,0.0,200,596,157.72500000000002,119.0,396.0,0,0.0,0.0
16820,1,497.61000000000007,1,1,0,0.0,497.61000000000007,26,1,0,0.0,96,96,497.61000000000007,307.0,,1,0.0,-6.211824227045576
15026,5,1044.09,5,5,1,233.42000000000002,0.0,108,1,0,0.0,81,449,208.81799999999998,119.0,92.0,0,0.0,5.457114378295034
14067,2,374.70000000000005,2,2,1,150.03000000000003,224.67,51,1,0,0.0,64,97,187.35000000000002,180.5,33.0,0,0.0,-0.4015952626055679
13169,3,840.0799999999999,3,3,1,207.68,0.0,16,1,0,0.0,64,563,280.02666666666664,98.66666666666667,249.5,0,0.0,5.340801978154192
14071,8,1422.75,7,4,6,1065.94,0.0,270,1,1,131.41,4,265,177.84375,119.5,43.5,0,0.08455371390333041,6.972550017293285
14528,1,364.21999999999997,1,1,1,364.21999999999997,0.0,18,1,0,0.0,38,38,364.21999999999997,278.0,,1,0.0,5.900499911733888
14666,1,179.95,1,1,1,179.95,0.0,13,1,0,0.0,25,25,179.95,155.0,,1,0.0,5.198220750009751
14940,2,531.49,2,2,0,0.0,0.0,32,1,0,0.0,418,734,265.745,192.0,316.0,0,0.0,0.0
13388,3,1185.6499999999999,2,2,0,0.0,677.0999999999999,68,1,1,49.95,132,604,395.21666666666664,233.66666666666666,472.0,0,0.040425704111362905,-6.519294769689797
17753,4,382.06,3,3,0,0.0,0.0,63,1,1,2.5,465,703,95.515,31.0,119.0,0,0.006500936134803412,0.0
14163,5,2594.62,5,5,1,786.52,909.6,42,1,0,0.0,88,463,518.924,190.0,93.75,0,0.0,-0.14521495569799114
15364,2,913.19,2,2,0,0.0,581.3900000000001,29,1,0,0.0,96,255,456.595,246.5,159.0,0,0.0,-6.367140326405394
16738,1,3.75,1,1,0,0.0,0.0,1,1,0,0.0,298,298,3.75,3.0,,1,0.0,0.0
14072,1,390.85,1,1,0,0.0,0.0,19,1,0,0.0,667,667,390.85,65.0,,1,0.0,0.0
16784,5,892.3299999999999,5,5,1,107.6,0.0,138,1,0,0.0,20,622,178.46599999999998,98.8,150.5,0,0.0,4.687671407499835
13617,8,1278.75,8,6,1,178.48,234.58999999999997,48,1,1,14.95,41,496,159.84375,74.125,65.0,0,0.011556002164334852,-0.27202922494711057
16662,1,151.04999999999998,1,1,0,0.0,0.0,28,1,0,0.0,395,395,151.04999999999998,35.0,,1,0.0,0.0
16973,1,127.0,1,1,0,0.0,0.0,6,1,0,0.0,387,387,127.0,60.0,,1,0.0,0.0
17820,1,180.60999999999999,1,1,0,0.0,0.0,39,1,2,24.05,375,375,180.60999999999999,111.0,,1,0.11751197107397636,0.0
15835,4,954.09,4,4,1,278.58,187.20000000000002,47,1,0,0.0,45,331,238.5225,109.75,95.33333333333333,0,0.0,0.39578324989170266
12510,7,3039.0299999999997,7,7,0,0.0,217.52,92,0,2,49.7,143,736,434.1471428571428,288.7142857142857,98.83333333333333,0,0.01609075574750788,-5.386877543527517
16403,1,177.5,1,1,0,0.0,0.0,10,1,1,16.45,313,313,177.5,114.0,,1,0.08481567414282032,0.0
14620,2,412.78,2,2,0,0.0,0.0,26,1,1,19.5,206,284,206.39,107.0,78.0,0,0.0451096511520311,0.0
16394,5,1555.3400000000001,5,5,2,622.24,313.8,61,1,4,143.28,57,290,311.06800000000004,520.8,58.25,0,0.08435082596460655,0.6829941608059062
13741,3,668.4300000000001,3,3,1,305.3,0.0,34,1,1,2.1,72,218,222.81000000000003,72.66666666666667,73.0,0,0.0031318509238960224,5.724565013838729
13354,1,743.53,1,1,1,743.53,0.0,51,1,0,0.0,72,72,743.53,604.0,,1,0.0,6.612753146812557
16179,1,215.83,1,1,1,215.83,0.0,11,1,0,0.0,61,61,215.83,99.0,,1,0.0,5.379113636376126
18167,3,1384.8600000000001,3,2,2,886.38,498.48,24,1,2,23.35,24,106,461.62000000000006,127.33333333333333,41.0,0,0.016581333749937865,0.574705743693154
15721,1,471.4,1,1,1,471.4,0.0,80,1,0,0.0,12,12,471.4,388.0,,1,0.0,6.157826084323207
14478,4,1276.66,4,4,0,0.0,0.0,59,1,0,0.0,383,739,319.165,306.5,118.66666666666667,0,0.0,0.0
16541,1,424.0299999999999,1,1,0,0.0,0.0,38,1,1,4.25,736,736,424.0299999999999,173.0,,1,0.009923414588586909,0.0
13204,1,966.66,1,1,0,0.0,0.0,57,1,0,0.0,732,732,966.66,428.0,,1,0.0,0.0
16901,1,204.26000000000002,1,1,0,0.0,0.0,23,1,0,0.0,730,730,204.26000000000002,42.0,,1,0.0,0.0
16534,1,635.9,1,1,0,0.0,0.0,36,1,0,0.0,643,643,635.9,168.0,,1,0.0,0.0
14427,4,1263.52,4,3,2,363.34000000000003,0.0,43,1,0,0.0,51,632,315.88,134.5,193.66666666666666,0,0.0,5.898087497602683
13220,5,1336.0900000000001,5,5,1,92.8,0.0,46,1,0,0.0,79,576,267.218,79.2,124.25,0,0.0,4.541164856012179
12525,3,883.73,3,3,0,0.0,0.0,55,0,5,138.54999999999998,499,648,294.57666666666665,168.0,74.5,0,0.135530383065305,0.0
18206,1,314.65999999999997,1,1,0,0.0,0.0,19,1,0,0.0,554,554,314.65999999999997,246.0,,1,0.0,0.0
17376,4,453.64,4,4,1,97.35,0.0,41,1,0,0.0,71,523,113.41,61.0,150.66666666666666,0,0.0,4.5885325448350684
16075,2,736.9300000000001,2,2,0,0.0,0.0,41,1,1,9.95,503,565,368.46500000000003,135.5,62.0,0,0.01332208654670094,0.0
12907,2,508.90999999999997,2,2,0,0.0,0.0,23,1,1,68.55000000000001,396,495,254.45499999999998,88.5,99.0,0,0.11870952100578397,0.0
16799,2,452.78000000000003,2,2,0,0.0,0.0,81,1,1,4.95,433,454,226.39000000000001,81.0,21.0,0,0.010814235466322942,0.0
15469,3,874.25,3,3,1,234.25,304.3,38,1,3,39.849999999999994,51,439,291.4166666666667,95.66666666666667,194.0,0,0.043594792692265606,-0.26064612127534303
18004,1,157.91999999999996,1,1,0,0.0,0.0,32,1,0,0.0,363,363,157.91999999999996,75.0,,1,0.0,0.0
14242,2,280.54999999999995,2,2,0,0.0,0.0,13,1,0,0.0,235,326,140.27499999999998,61.5,91.0,0,0.0,0.0
13466,5,1013.3499999999999,4,4,0,0.0,0.0,49,1,2,61.10000000000001,185,629,202.67,132.0,148.0,0,0.05686630369026015,0.0
17779,3,650.32,3,3,2,327.23,323.09000000000003,73,1,2,16.4,22,144,216.77333333333334,132.0,61.0,0,0.024598032157427403,0.012693327159805534
16730,3,743.11,3,3,1,262.17,0.0,75,1,1,40.32,53,320,247.70333333333335,331.3333333333333,133.5,0,0.05146598930344765,5.572800211191829
18122,6,1791.8400000000001,6,5,5,1672.6500000000003,119.19,238,1,0,0.0,9,151,298.64000000000004,202.5,28.4,0,0.0,2.633688325176653
17253,1,178.26,1,1,1,178.26,0.0,18,1,0,0.0,19,19,178.26,43.0,,1,0.0,5.188837265929216
17495,3,806.72,3,3,2,497.56,0.0,38,1,1,47.650000000000006,8,391,268.9066666666667,122.33333333333333,191.5,0,0.055772089375797376,6.211723943242329
12716,2,963.4900000000001,2,2,1,339.59000000000003,623.9000000000001,59,0,0,0.0,4,134,481.74500000000006,351.5,130.0,0,0.0,-0.6069122290904847
16528,1,244.41000000000003,1,1,1,244.41000000000003,0.0,17,1,0,0.0,4,4,244.41000000000003,171.0,,1,0.0,5.502930281242811
17531,3,1266.82,3,3,0,0.0,0.0,54,1,5,72.35,191,619,422.2733333333333,157.33333333333334,214.0,0,0.054026001179835276,0.0
16493,7,2132.09,7,7,1,569.34,414.49,77,1,2,21.97,80,624,304.5842857142857,284.0,90.66666666666667,0,0.010199344493653844,0.31677412760929524
13947,1,90.6,1,1,1,90.6,0.0,5,1,0,0.0,66,66,90.6,44.0,,1,0.0,4.517431271680085
16451,3,1013.1500000000001,3,3,1,266.97,0.0,61,1,1,3.75,88,736,337.7166666666667,174.66666666666666,324.0,0,0.0036876782377814926,5.590875033946567
18146,2,160.35000000000002,2,2,0,0.0,83.70000000000002,10,1,0,0.0,141,221,80.17500000000001,76.5,80.0,0,0.0,-4.439115601658009
14986,2,563.1,2,2,0,0.0,0.0,87,1,0,0.0,377,685,281.55,169.0,308.0,0,0.0,0.0
16538,3,395.07,2,2,0,0.0,0.0,35,1,0,0.0,542,596,131.69,84.66666666666667,54.0,0,0.0,0.0
13605,2,522.67,2,2,0,0.0,0.0,50,1,0,0.0,388,572,261.335,212.5,184.0,0,0.0,0.0
12862,2,984.62,2,2,0,0.0,0.0,119,1,0,0.0,426,496,492.31,305.5,70.0,0,0.0,0.0
13687,1,11880.84,1,1,0,0.0,0.0,45,1,0,0.0,439,439,11880.84,87167.0,,1,0.0,0.0
17992,1,252.88,1,1,0,0.0,0.0,49,1,0,0.0,390,390,252.88,130.0,,1,0.0,0.0
18161,6,1803.1,6,6,2,847.4300000000001,224.94,57,1,1,5.9,16,380,300.51666666666665,160.83333333333334,72.8,0,0.00326147042564953,1.323118105445495
15528,1,229.32999999999998,1,1,0,0.0,0.0,26,1,0,0.0,255,255,229.32999999999998,123.0,,1,0.0,0.0
14937,3,1621.88,2,2,2,862.32,759.5600000000001,33,0,1,4.25,57,131,540.6266666666667,161.33333333333334,74.0,0,0.0026135671809756904,0.12673041783999484
16283,8,4348.62,8,8,2,984.46,306.84000000000003,384,1,4,92.45,6,650,543.5775,358.125,92.0,0,0.020817055349273937,1.163528369757957
15937,1,145.35,1,1,1,145.35,0.0,7,1,0,0.0,65,65,145.35,73.0,,1,0.0,4.986001013137895
14752,1,389.64,1,1,1,389.64,0.0,5,1,0,0.0,44,44,389.64,260.0,,1,0.0,5.967786419753405
13336,1,795.12,1,1,1,795.12,0.0,51,1,0,0.0,78,78,795.12,559.0,,1,0.0,6.67974992825102
18162,1,371.51,1,1,0,0.0,0.0,45,1,0,0.0,733,733,371.51,332.0,,1,0.0,0.0
14991,1,314.66999999999996,1,1,0,0.0,0.0,21,1,0,0.0,431,431,314.66999999999996,191.0,,1,0.0,0.0
17688,1,304.20000000000005,1,1,0,0.0,0.0,19,1,1,17.700000000000003,394,394,304.20000000000005,114.0,,1,0.05498602050326189,0.0
16367,3,1350.48,3,3,1,633.58,0.0,196,1,0,0.0,38,384,450.16,367.6666666666667,173.0,0,0.0,6.452963362736921
14386,1,142.4,1,1,0,0.0,0.0,7,1,0,0.0,297,297,142.4,54.0,,1,0.0,0.0
13519,2,343.21000000000004,2,2,1,122.75000000000001,0.0,19,1,1,11.95,79,443,171.60500000000002,66.5,364.0,0,0.03364680707286856,4.8182634014487995
13536,7,3444.3900000000003,7,4,7,3444.3900000000003,0.0,91,1,0,0.0,2,76,492.0557142857143,303.7142857142857,12.333333333333334,0,0.0,8.144792384587438
15597,2,563.3700000000001,2,2,1,324.57000000000005,0.0,35,1,1,8.850000000000001,36,576,281.68500000000006,196.5,540.0,0,0.015466079479920309,5.785577492291319
14765,3,254.10999999999999,3,3,1,158.60999999999999,95.5,38,1,0,0.0,30,177,84.70333333333333,45.0,73.5,0,0.0,0.5031903313495265
18012,1,115.30000000000001,1,1,0,0.0,0.0,13,1,0,0.0,724,724,115.30000000000001,63.0,,1,0.0,0.0
14778,2,730.8600000000001,2,2,0,0.0,396.81000000000006,34,1,0,0.0,128,309,365.43000000000006,153.0,181.0,0,0.0,-5.985974504364344
13237,1,642.9999999999999,1,1,0,0.0,0.0,24,1,0,0.0,388,388,642.9999999999999,128.0,,1,0.0,0.0
14406,1,156.75,1,1,0,0.0,156.75,8,1,0,0.0,120,120,156.75,77.0,,1,0.0,-5.061011501421323
13109,3,1134.03,3,3,1,416.68999999999994,369.8500000000001,57,1,4,26.45,60,552,378.01,252.33333333333334,246.0,0,0.022792292844340273,0.11894186240673665
15511,5,900.53,5,3,5,900.53,0.0,117,1,0,0.0,12,86,180.106,53.8,18.5,0,0.0,6.804093319959892
12842,4,1917.99,4,4,1,808.26,0.0,45,1,0,0.0,71,738,479.4975,221.75,222.33333333333334,0,0.0,6.696120249850796
17724,3,1033.0,3,2,2,659.9,373.09999999999997,38,1,1,37.35,72,139,344.3333333333333,100.0,33.5,0,0.03489512776194703,0.5690794011223064
15162,1,312.9,1,1,0,0.0,0.0,12,1,1,71.4,732,732,312.9,74.0,,1,0.185792349726776,0.0
17496,4,1412.8899999999999,4,4,0,0.0,0.0,54,1,1,27.0,359,695,353.22249999999997,168.75,112.0,0,0.018751432401086197,0.0
14324,2,701.61,2,2,0,0.0,0.0,41,1,0,0.0,410,694,350.805,201.0,284.0,0,0.0,0.0
15682,2,318.24,2,2,0,0.0,0.0,25,1,1,1.25,600,688,159.12,111.0,88.0,0,0.0039124855238035616,0.0
13444,2,619.08,2,2,0,0.0,0.0,51,1,0,0.0,375,507,309.54,165.5,132.0,0,0.0,0.0
14569,4,597.3299999999999,4,4,1,227.39,0.0,31,1,0,0.0,2,604,149.33249999999998,64.25,200.66666666666666,0,0.0,5.431054693986231
15197,6,1877.5100000000002,6,6,1,306.36,0.0,44,1,3,439.67,11,729,312.91833333333335,176.33333333333334,143.6,0,0.1897435676123564,5.728019699020247
17104,1,474.03,1,1,0,0.0,0.0,19,1,0,0.0,424,424,474.03,149.0,,1,0.0,0.0
15936,2,282.79,2,2,0,0.0,0.0,16,1,0,0.0,380,468,141.395,105.5,88.0,0,0.0,0.0
17814,2,1609.3700000000001,2,2,0,0.0,0.0,112,1,0,0.0,376,423,804.6850000000001,717.5,47.0,0,0.0,0.0
16997,3,702.0,3,2,0,0.0,0.0,7,1,0,0.0,289,326,234.0,120.0,18.5,0,0.0,0.0
17972,1,135.19,1,1,0,0.0,0.0,30,1,0,0.0,242,242,135.19,36.0,,1,0.0,0.0
15891,1,509.13,1,1,0,0.0,0.0,59,1,0,0.0,227,227,509.13,417.0,,1,0.0,0.0
14647,2,506.03999999999996,2,2,0,0.0,0.0,42,1,0,0.0,202,524,253.01999999999998,87.5,322.0,0,0.0,0.0
15292,1,178.39000000000001,1,1,0,0.0,0.0,24,1,0,0.0,202,202,178.39000000000001,55.0,,1,0.0,0.0
17215,1,186.15000000000003,1,1,0,0.0,0.0,11,1,0,0.0,465,465,186.15000000000003,104.0,,1,0.0,0.0
15472,1,371.55999999999995,1,1,0,0.0,371.55999999999995,76,1,0,0.0,114,114,371.55999999999995,251.0,,1,0.0,-5.920398098674122
17453,2,486.72,2,2,2,486.72,0.0,19,1,0,0.0,18,65,243.36,109.5,47.0,0,0.0,6.189741470692064
15853,1,110.8,1,1,1,110.8,0.0,29,1,0,0.0,52,52,110.8,135.0,,1,0.0,4.716711560720999
14923,1,749.1,1,1,1,749.1,0.0,44,1,0,0.0,51,51,749.1,418.0,,1,0.0,6.62020653097559
13918,2,1212.8400000000001,2,2,1,1014.6400000000001,0.0,30,1,0,0.0,50,254,606.4200000000001,570.0,204.0,0,0.0,6.923274234639807
16639,4,1747.98,4,4,1,786.36,0.0,76,1,1,88.13000000000001,32,410,436.995,187.75,126.0,0,0.047998213614652716,6.668685577117668
13603,1,164.34000000000003,1,1,1,164.34000000000003,0.0,27,1,0,0.0,27,27,164.34000000000003,164.0,,1,0.0,5.10800395982453
17385,1,256.11,1,1,1,256.11,0.0,42,1,0,0.0,15,15,256.11,197.0,,1,0.0,5.549504008886889
16917,2,1851.88,2,2,0,0.0,0.0,45,1,1,8.95,277,633,925.94,396.0,356.0,0,0.004809681701176356,0.0
17583,1,135.95,1,1,0,0.0,0.0,7,1,0,0.0,561,561,135.95,55.0,,1,0.0,0.0
18264,1,603.25,1,1,0,0.0,0.0,36,1,0,0.0,499,499,603.25,241.0,,1,0.0,0.0
12765,6,1299.58,6,5,0,0.0,0.0,48,0,0,0.0,473,642,216.59666666666666,167.0,33.8,0,0.0,0.0
17624,4,1568.63,4,4,1,443.17999999999995,0.0,91,1,0,0.0,15,720,392.1575,239.5,235.0,0,0.0,6.096229885683062
17249,1,68.02999999999999,1,1,0,0.0,0.0,27,1,0,0.0,429,429,68.02999999999999,79.0,,1,0.0,0.0
17355,1,273.31,1,1,0,0.0,0.0,28,1,0,0.0,387,387,273.31,249.0,,1,0.0,0.0
17223,3,523.04,3,3,0,0.0,0.0,61,1,0,0.0,311,376,174.34666666666666,51.333333333333336,32.5,0,0.0,0.0
16589,4,612.36,4,4,1,244.55999999999997,214.68,39,1,0,0.0,72,451,153.09,134.0,126.33333333333333,0,0.0,0.1297454888353533
14349,1,133.5,1,1,1,133.5,0.0,31,1,0,0.0,11,11,133.5,86.0,,1,0.0,4.901564199041894
16437,2,301.25,2,2,0,0.0,0.0,17,1,0,0.0,382,430,150.625,98.5,48.0,0,0.0,0.0
16132,2,664.1999999999999,2,2,0,0.0,0.0,14,1,0,0.0,545,628,332.09999999999997,140.0,83.0,0,0.0,0.0
16970,1,71.4,1,1,0,0.0,0.0,2,1,0,0.0,627,627,71.4,12.0,,1,0.0,0.0
17643,2,439.70000000000005,2,2,0,0.0,0.0,30,1,0,0.0,374,506,219.85000000000002,113.0,132.0,0,0.0,0.0
13747,2,169.79999999999998,2,2,0,0.0,0.0,4,1,0,0.0,374,425,84.89999999999999,30.0,51.0,0,0.0,0.0
14993,1,36.129999999999995,1,1,0,0.0,0.0,9,1,0,0.0,564,564,36.129999999999995,21.0,,1,0.0,0.0
17822,5,2154.08,2,2,0,0.0,0.0,151,1,0,0.0,421,561,430.816,274.4,140.0,0,0.0,0.0
15248,3,1893.93,3,3,0,0.0,0.0,103,1,1,28.9,412,535,631.3100000000001,355.0,61.5,0,0.015029929842991839,0.0
13922,3,865.2,3,3,0,0.0,0.0,30,1,2,38.55,352,468,288.40000000000003,155.66666666666666,58.0,0,0.04265560165975103,0.0
18068,1,101.69999999999999,1,1,0,0.0,0.0,1,1,0,0.0,290,290,101.69999999999999,6.0,,1,0.0,0.0
12367,1,150.9,1,1,1,150.9,0.0,10,0,0,0.0,5,5,150.9,172.0,,1,0.0,5.023222409601727
16974,2,365.5,2,2,0,0.0,0.0,5,1,0,0.0,523,565,182.75,35.0,42.0,0,0.0,0.0
17752,1,80.64,1,1,0,0.0,0.0,1,1,0,0.0,360,360,80.64,192.0,,1,0.0,0.0
17425,2,759.1700000000002,2,2,2,759.1700000000002,0.0,42,1,0,0.0,20,61,379.5850000000001,203.5,41.0,0,0.0,6.63354209247732
17012,1,360.61,1,1,0,0.0,0.0,34,1,0,0.0,726,726,360.61,251.0,,1,0.0,0.0
13161,2,472.13,2,2,0,0.0,0.0,30,1,0,0.0,314,501,236.065,52.5,187.0,0,0.0,0.0
16343,3,614.1200000000001,2,2,2,328.58000000000004,0.0,54,1,0,0.0,17,408,204.7066666666667,115.0,391.0,0,0.0,5.797819116582584
13359,2,943.3100000000001,2,2,1,389.56000000000006,0.0,51,1,2,41.349999999999994,64,404,471.65500000000003,189.5,340.0,0,0.04199419088822537,5.96758160664465
15583,1,95.96,1,1,0,0.0,0.0,37,1,0,0.0,377,377,95.96,56.0,,1,0.0,0.0
13284,1,201.19,1,1,0,0.0,0.0,13,1,1,5.04,331,331,201.19,91.0,,1,0.024438733452940894,0.0
13744,2,1080.52,2,2,0,0.0,263.20000000000005,54,1,0,0.0,96,293,540.26,576.5,197.0,0,0.0,-5.576706392088225
13390,1,544.08,1,1,1,544.08,0.0,13,1,0,0.0,75,75,544.08,224.0,,1,0.0,6.30093257288162
15612,2,195.15,2,2,2,195.15,0.0,4,1,0,0.0,37,62,97.575,26.0,25.0,0,0.0,5.278879672655561
12795,1,318.47999999999996,1,1,1,318.47999999999996,0.0,13,0,0,0.0,19,19,318.47999999999996,64.0,,1,0.0,5.766694674049188
13156,3,1586.5400000000002,3,2,0,0.0,0.0,94,1,0,0.0,386,677,528.8466666666667,304.6666666666667,145.5,0,0.0,0.0
17207,1,291.77,1,1,0,0.0,0.0,54,1,0,0.0,653,653,291.77,232.0,,1,0.0,0.0
14726,1,116.50000000000001,1,1,0,0.0,0.0,15,1,0,0.0,655,655,116.50000000000001,82.0,,1,0.0,0.0
12768,1,168.69,1,1,0,0.0,0.0,10,0,1,168.69,451,451,168.69,102.0,,1,0.5,0.0
17558,1,259.17,1,1,0,0.0,0.0,28,1,0,0.0,394,394,259.17,54.0,,1,0.0,0.0
16274,1,331.55,1,1,0,0.0,0.0,63,1,0,0.0,374,374,331.55,151.0,,1,0.0,0.0
15104,2,993.54,2,2,0,0.0,0.0,66,1,1,24.9,197,283,496.77,317.5,86.0,0,0.02444915753505361,0.0
17111,2,459.58,2,2,1,231.61,0.0,44,1,0,0.0,48,426,229.79,290.5,378.0,0,0.0,5.449363231421816
12374,3,2669.2200000000003,3,3,1,622.9300000000001,0.0,78,0,0,0.0,26,589,889.7400000000001,451.3333333333333,281.5,0,0.0,6.436038182589659
18015,1,120.02999999999999,1,1,1,120.02999999999999,0.0,46,1,0,0.0,5,5,120.02999999999999,157.0,,1,0.0,4.7960384487505126
15689,3,521.03,3,3,0,0.0,150.6,20,1,0,0.0,120,618,173.67666666666665,69.0,249.0,0,0.0,-5.021245473208271
17781,2,188.02,2,2,0,0.0,86.02000000000001,12,1,0,0.0,160,254,94.01,17.0,94.0,0,0.0,-4.466137977292534
18184,1,49.8,1,1,1,49.8,0.0,1,1,0,0.0,16,16,49.8,60.0,,1,0.0,3.927896354584436
15499,1,158.65,1,1,0,0.0,0.0,40,1,0,0.0,724,724,158.65,59.0,,1,0.0,0.0
13789,1,239.46,1,1,0,0.0,0.0,18,1,0,0.0,389,389,239.46,258.0,,1,0.0,0.0
16425,1,302.7,1,1,0,0.0,0.0,21,1,0,0.0,303,303,302.7,199.0,,1,0.0,0.0
14371,1,100.5,1,1,0,0.0,0.0,4,1,0,0.0,296,296,100.5,34.0,,1,0.0,0.0
12473,3,2585.73,3,3,1,1571.98,424.05999999999995,138,0,1,40.46,54,192,861.91,798.0,69.0,0,0.015406349121731482,1.3084968529887337
16268,2,617.6500000000001,1,1,2,617.6500000000001,0.0,44,1,0,0.0,72,72,308.82500000000005,266.0,,1,0.0,6.427539684659985
13846,4,1307.79,4,4,1,201.13,0.0,81,1,1,17.45,25,400,326.9475,176.25,125.0,0,0.013167426277504451,5.308911054758907
12825,2,518.6299999999999,2,2,0,0.0,0.0,20,1,0,0.0,522,642,259.31499999999994,69.5,120.0,0,0.0,0.0
12692,1,110.95,1,1,0,0.0,0.0,13,0,0,0.0,638,638,110.95,36.0,,1,0.0,0.0
13942,1,320.0,1,1,0,0.0,0.0,1,1,0,0.0,535,535,320.0,1000.0,,1,0.0,0.0
16100,1,582.6400000000001,1,1,0,0.0,0.0,37,1,0,0.0,463,463,582.6400000000001,438.0,,1,0.0,0.0
14635,1,215.22000000000003,1,1,0,0.0,0.0,15,1,0,0.0,454,454,215.22000000000003,118.0,,1,0.0,0.0
17551,1,290.34,1,1,0,0.0,0.0,39,1,0,0.0,360,360,290.34,142.0,,1,0.0,0.0
14357,1,225.11999999999998,1,1,1,225.11999999999998,0.0,39,1,0,0.0,44,44,225.11999999999998,147.0,,1,0.0,5.42106583180709
12812,1,229.64000000000001,1,1,1,229.64000000000001,0.0,15,0,0,0.0,45,45,229.64000000000001,164.0,,1,0.0,5.440858053330147
13956,5,1019.2700000000001,5,5,2,343.20000000000005,385.75000000000006,123,1,0,0.0,6,272,203.854,97.2,66.5,0,0.0,-0.11655560567573708
16598,1,145.04999999999998,1,1,0,0.0,0.0,10,1,1,4.35,286,286,145.04999999999998,73.0,,1,0.029116465863453816,0.0
12394,2,1080.48,2,2,1,729.4,0.0,25,0,0,0.0,64,218,540.24,404.0,154.0,0,0.0,6.593592329280758
17403,2,382.87,2,2,1,263.92,0.0,45,1,0,0.0,37,451,191.435,94.0,414.0,0,0.0,5.579427893616779
12521,1,545.6800000000001,1,1,0,0.0,545.6800000000001,37,0,0,0.0,143,143,545.6800000000001,306.0,,1,0.0,-6.3038636220966
17171,2,384.59,2,2,0,0.0,0.0,25,1,0,0.0,290,662,192.295,112.5,372.0,0,0.0,0.0
16272,1,411.7,1,1,0,0.0,411.7,25,1,0,0.0,117,117,411.7,224.0,,1,0.0,-6.022720936758536
12660,1,227.1,1,1,1,227.1,0.0,12,0,0,0.0,12,12,227.1,126.0,,1,0.0,5.429784129290343
14545,1,349.25,1,1,0,0.0,0.0,23,1,0,0.0,675,675,349.25,236.0,,1,0.0,0.0
14928,1,223.91,1,1,0,0.0,0.0,21,1,1,19.45,628,628,223.91,268.0,,1,0.07992274819197896,0.0
14537,2,641.4,2,2,1,355.56,0.0,23,1,1,5.95,58,624,320.7,114.0,566.0,0,0.009191318452151077,5.876502528638301
14814,1,152.95999999999998,1,1,0,0.0,0.0,27,1,0,0.0,582,582,152.95999999999998,92.0,,1,0.0,0.0
18100,1,451.56,1,1,0,0.0,0.0,30,1,0,0.0,551,551,451.56,440.0,,1,0.0,0.0
17541,1,119.85999999999999,1,1,0,0.0,0.0,31,1,0,0.0,510,510,119.85999999999999,44.0,,1,0.0,0.0
12595,1,281.02000000000004,1,1,0,0.0,0.0,18,0,0,0.0,505,505,281.02000000000004,270.0,,1,0.0,0.0
15887,3,1027.15,3,3,0,0.0,0.0,27,1,0,0.0,407,556,342.3833333333334,201.66666666666666,74.5,0,0.0,0.0
16111,1,549.33,1,1,0,0.0,0.0,72,1,0,0.0,429,429,549.33,233.0,,1,0.0,0.0
15688,1,190.57,1,1,0,0.0,0.0,26,1,0,0.0,419,419,190.57,95.0,,1,0.0,0.0
13241,1,112.53,1,1,0,0.0,0.0,40,1,0,0.0,412,412,112.53,46.0,,1,0.0,0.0
13930,2,337.34,2,2,1,127.33999999999999,210.0,15,1,0,0.0,58,137,168.67,137.0,79.0,0,0.0,-0.4971751411536971
16608,2,1286.6200000000001,2,2,0,0.0,0.0,94,1,0,0.0,454,664,643.3100000000001,306.0,210.0,0,0.0,0.0
14244,1,366.41999999999996,1,1,0,0.0,0.0,16,1,1,11.600000000000001,661,661,366.41999999999996,814.0,,1,0.030686207078990536,0.0
15029,1,365.1,1,1,0,0.0,0.0,10,1,1,2.95,620,620,365.1,234.0,,1,0.008015215324004892,0.0
14265,4,1373.35,4,4,0,0.0,530.18,74,0,0,0.0,110,613,343.3375,178.75,167.66666666666666,0,0.0,-6.275100946851013
17510,2,514.5600000000001,2,2,1,308.48,0.0,28,1,0,0.0,25,421,257.28000000000003,211.0,396.0,0,0.0,5.7348934696812535
13547,1,164.52999999999997,1,1,0,0.0,0.0,43,1,0,0.0,409,409,164.52999999999997,78.0,,1,0.0,0.0
16740,1,226.90999999999997,1,1,0,0.0,0.0,30,1,0,0.0,396,396,226.90999999999997,110.0,,1,0.0,0.0
18195,1,101.16,1,1,0,0.0,0.0,5,1,0,0.0,388,388,101.16,60.0,,1,0.0,0.0
18114,1,220.1,1,1,0,0.0,0.0,28,1,0,0.0,291,291,220.1,55.0,,1,0.0,0.0
14222,1,683.1700000000001,1,1,0,0.0,683.1700000000001,41,1,0,0.0,178,178,683.1700000000001,607.0,,1,0.0,-6.528206424753791
15609,1,298.48,1,1,0,0.0,0.0,16,1,1,28.45,185,185,298.48,148.0,,1,0.08702168659957789,0.0
12579,1,386.42,1,1,1,386.42,0.0,28,0,1,11.7,79,79,386.42,282.0,,1,0.029388124183663215,5.959509375866431
15930,1,426.63000000000005,1,1,1,426.63000000000005,0.0,21,1,0,0.0,68,68,426.63000000000005,139.0,,1,0.0,6.058258335716989
17538,1,98.42000000000002,1,1,1,98.42000000000002,0.0,9,1,0,0.0,26,26,98.42000000000002,134.0,,1,0.0,4.599353300666527
15779,2,124.08,2,2,0,0.0,0.0,8,1,0,0.0,464,533,62.04,10.0,69.0,0,0.0,0.0
13218,1,62.64,1,1,0,0.0,62.64,5,1,0,0.0,128,128,62.64,88.0,,1,0.0,-4.153242203469586
17896,1,256.32,1,1,1,256.32,0.0,2,1,0,0.0,24,24,256.32,288.0,,1,0.0,5.550320446542799
17455,1,131.7,1,1,0,0.0,0.0,8,1,0,0.0,204,204,131.7,66.0,,1,0.0,0.0
16073,1,122.39999999999999,1,1,0,0.0,0.0,1,1,1,28.049999999999997,298,298,122.39999999999999,48.0,,1,0.1864406779661017,0.0
14185,1,197.65,1,1,0,0.0,0.0,3,1,0,0.0,332,332,197.65,6.0,,1,0.0,0.0
17072,1,273.35,1,1,0,0.0,0.0,20,1,0,0.0,626,626,273.35,212.0,,1,0.0,0.0
15548,1,158.08999999999997,1,1,0,0.0,0.0,23,1,0,0.0,596,596,158.08999999999997,64.0,,1,0.0,0.0
16649,1,306.58000000000004,1,1,0,0.0,0.0,20,1,0,0.0,521,521,306.58000000000004,82.0,,1,0.0,0.0
14811,1,170.5,1,1,0,0.0,0.0,28,1,0,0.0,388,388,170.5,74.0,,1,0.0,0.0
14964,1,206.21,1,1,0,0.0,0.0,13,1,0,0.0,248,248,206.21,143.0,,1,0.0,0.0
13224,2,2152.9500000000003,2,2,1,940.69,1212.2600000000002,100,1,1,5.1,61,152,1076.4750000000001,757.5,91.0,0,0.0023632445958156664,-0.2533900972091878
14054,1,92.46000000000001,1,1,1,92.46000000000001,0.0,6,1,0,0.0,66,66,92.46000000000001,62.0,,1,0.0,4.53753353727228
13790,1,348.8,1,1,1,348.8,0.0,45,1,0,0.0,5,5,348.8,748.0,,1,0.0,5.857361562584502
18154,5,932.6000000000001,5,5,2,399.19,0.0,34,1,0,0.0,4,491,186.52000000000004,125.2,121.75,0,0.0,5.991939434331194
17938,1,144.29,1,1,0,0.0,0.0,29,1,0,0.0,421,421,144.29,53.0,,1,0.0,0.0
18119,1,180.7,1,1,0,0.0,0.0,29,1,0,0.0,368,368,180.7,124.0,,1,0.0,0.0
17037,1,1267.3200000000002,1,1,1,1267.3200000000002,0.0,75,1,1,14.100000000000001,88,88,1267.3200000000002,656.0,,1,0.011003418083064102,7.145448469088846
16664,1,109.20000000000002,1,1,0,0.0,0.0,8,1,0,0.0,570,570,109.20000000000002,24.0,,1,0.0,0.0
17647,3,331.65999999999997,2,2,1,133.06,0.0,12,1,0,0.0,66,670,110.55333333333333,27.333333333333332,604.0,0,0.0,4.8982874609298115
17517,1,153.94,1,1,0,0.0,0.0,11,1,0,0.0,309,309,153.94,102.0,,1,0.0,0.0
15056,1,113.64999999999999,1,1,0,0.0,0.0,6,1,0,0.0,521,521,113.64999999999999,69.0,,1,0.0,0.0
13864,1,662.4000000000001,1,1,0,0.0,0.0,1,1,0,0.0,387,387,662.4000000000001,192.0,,1,0.0,0.0
17925,1,244.08,1,1,0,0.0,0.0,1,1,0,0.0,373,373,244.08,72.0,,1,0.0,0.0
15231,1,250.26,1,1,0,0.0,0.0,14,1,1,21.900000000000002,622,622,250.26,190.0,,1,0.08046737213403882,0.0
14996,2,442.28999999999996,1,1,0,0.0,0.0,37,1,0,0.0,482,482,221.14499999999998,202.0,,1,0.0,0.0
16304,1,381.65999999999997,1,1,0,0.0,0.0,25,1,0,0.0,695,695,381.65999999999997,228.0,,1,0.0,0.0
13625,1,301.26,1,1,0,0.0,0.0,21,1,0,0.0,597,597,301.26,144.0,,1,0.0,0.0
15337,1,373.02,1,1,0,0.0,0.0,21,1,1,28.3,412,412,373.02,200.0,,1,0.07051729293332004,0.0
18213,1,232.48000000000002,1,1,0,0.0,0.0,15,1,0,0.0,237,237,232.48000000000002,232.0,,1,0.0,0.0
17957,1,110.71999999999998,1,1,1,110.71999999999998,0.0,30,1,0,0.0,67,67,110.71999999999998,275.0,,1,0.0,4.715995741076976
12441,1,155.55,1,1,0,0.0,0.0,10,0,0,0.0,367,367,155.55,120.0,,1,0.0,0.0
16267,1,186.66,1,1,0,0.0,0.0,7,1,0,0.0,592,592,186.66,198.0,,1,0.0,0.0
17670,1,205.7,1,1,0,0.0,0.0,11,1,0,0.0,228,228,205.7,110.0,,1,0.0,0.0
18201,1,447.53000000000003,1,1,0,0.0,0.0,27,1,0,0.0,723,723,447.53000000000003,191.0,,1,0.0,0.0
12400,1,205.25,1,1,0,0.0,0.0,11,0,0,0.0,415,415,205.25,91.0,,1,0.0,0.0
16831,1,91.80000000000001,1,1,0,0.0,0.0,6,1,0,0.0,565,565,91.80000000000001,48.0,,1,0.0,0.0
15822,6,1840.06,6,6,1,445.27000000000004,0.0,46,1,2,42.349999999999994,4,734,306.6766666666667,158.33333333333334,146.0,0,0.02249775553678529,6.100924150016726
13078,57,29018.06,55,25,11,5710.79,2147.75,153,1,38,648.6200000000001,4,739,509.0887719298246,211.08771929824562,13.61111111111111,0,0.02186358567928734,0.9776461819406403
14871,9,1228.17,9,8,1,165.98000000000002,106.15,123,1,0,0.0,4,739,136.46333333333334,49.55555555555556,91.875,0,0.0,0.44364432284626876
13233,4,1176.46,4,4,1,300.88,0.0,74,1,0,0.0,75,695,294.115,401.0,206.66666666666666,0,0.0,5.710029587416668
14667,54,20359.589999999997,50,23,7,3163.5800000000004,2112.96,577,1,7,206.55,11,738,377.0294444444444,219.6851851851852,14.83673469387755,0,0.010043206941117782,0.4034573795755678
14441,11,4611.6900000000005,11,10,2,1015.49,340.56,103,1,7,184.7,1,691,419.2445454545455,114.54545454545455,69.0,0,0.038508127987924246,1.0905874363022976
14156,144,303069.88,117,24,13,18321.29,53538.44,1443,0,38,5294.870000000001,10,739,2104.6519444444443,1140.8402777777778,6.2844827586206895,0,0.01717080178587209,-1.072300227133816
15912,9,1074.7,6,6,0,0.0,123.13,83,1,0,0.0,179,730,119.41111111111111,84.33333333333333,110.2,0,0.0,-4.821329403527856
16273,2,318.34000000000003,2,2,0,0.0,0.0,15,1,0,0.0,649,657,159.17000000000002,20.0,8.0,0,0.0,0.0
13619,2,223.44,2,2,0,0.0,0.0,38,1,0,0.0,545,675,111.72,39.0,130.0,0,0.0,0.0
17373,7,1167.4999999999998,7,7,2,359.62,142.05,65,1,0,0.0,41,650,166.78571428571425,105.42857142857143,101.5,0,0.0,0.9246305528521024
12483,19,4069.18,18,14,2,620.9200000000001,291.45,67,0,4,61.25,18,678,214.16736842105263,112.15789473684211,38.8235294117647,0,0.014828964538801044,0.7545177552148781
14713,21,5115.36,21,17,2,632.5899999999999,579.97,221,1,4,46.400000000000006,10,737,243.5885714285714,158.42857142857142,36.35,0,0.008989181984439418,0.08670293714048594
13571,26,4537.26,26,19,5,1005.1099999999999,576.52,263,1,0,0.0,13,732,174.51000000000002,122.73076923076923,28.76,0,0.0,0.5551036147875479
16553,33,16584.010000000002,16,12,0,0.0,988.6400000000001,195,1,3,83.89,164,667,502.54575757575765,497.7878787878788,33.53333333333333,0,0.005033027555960859,-6.897341240633264
15218,22,11453.83,20,17,3,1891.54,2108.09,138,1,3,60.57,11,683,520.6286363636364,296.27272727272725,35.36842105263158,0,0.005260369624122838,-0.10833673266980615
14596,1,222.22,1,1,0,0.0,0.0,50,1,0,0.0,627,627,222.22,75.0,,1,0.0,0.0
16296,4,1313.6699999999998,4,3,0,0.0,0.0,56,1,2,67.7,627,722,328.41749999999996,161.25,31.666666666666668,0,0.04900931683763221,0.0
16197,9,2016.71,9,6,0,0.0,0.0,52,1,0,0.0,470,724,224.07888888888888,157.77777777777777,31.75,0,0.0,0.0
17463,7,2535.26,7,7,2,648.2700000000001,301.88,234,1,2,20.0,17,590,362.18,211.42857142857142,95.5,0,0.007826992165180843,0.7625119673821281
16096,4,1584.9700000000003,4,4,0,0.0,0.0,58,1,0,0.0,265,646,396.24250000000006,175.0,127.0,0,0.0,0.0
14598,2,384.03999999999996,2,2,1,221.96999999999997,0.0,83,1,1,162.07,45,570,192.01999999999998,177.0,525.0,0,0.29677171265862196,5.407037233262279
16754,29,65500.07000000001,19,9,0,0.0,0.0,38,1,5,10807.25,373,642,2258.623103448276,2191.4137931034484,14.944444444444445,0,0.14162795915254262,0.0
13259,9,1398.79,7,6,1,283.18,0.0,233,1,0,0.0,62,699,155.42111111111112,55.77777777777778,106.16666666666667,0,0.0,5.64960784020993
13174,11,7972.460000000001,10,10,1,708.76,0.0,600,1,0,0.0,17,736,724.769090909091,344.54545454545456,79.88888888888889,0,0.0,6.564926884721947
14735,55,12225.16,39,24,8,2454.98,1040.3,197,1,3,325.5,4,736,222.27563636363635,82.03636363636363,19.263157894736842,0,0.02593489107345749,0.8580559343755505
14408,11,4102.27,11,10,1,308.22,1209.02,63,1,0,0.0,11,733,372.9336363636364,221.63636363636363,72.2,0,0.0,-1.3643391697053566
17356,5,946.47,5,5,0,0.0,0.0,73,1,0,0.0,312,689,189.294,185.0,94.25,0,0.0,0.0
14230,3,979.8,2,2,0,0.0,0.0,27,1,0,0.0,436,549,326.59999999999997,82.0,113.0,0,0.0,0.0
13065,5,1055.0500000000002,5,5,0,0.0,0.0,49,1,1,4.95,374,548,211.01000000000005,76.2,43.5,0,0.0046698113207547165,0.0
16292,5,1253.76,5,5,0,0.0,302.24999999999994,51,1,4,82.3,122,605,250.752,137.6,120.75,0,0.06159902998368337,-5.7145575478241595
17293,17,3750.63,16,15,4,987.03,397.68000000000006,148,1,0,0.0,9,737,220.62529411764706,131.05882352941177,48.53333333333333,0,0.0,0.9075539715600938
16205,7,1813.5100000000002,7,6,3,645.28,105.75,146,1,0,0.0,31,543,259.0728571428572,206.85714285714286,85.33333333333333,0,0.0,1.800743194299896
17952,4,788.4599999999999,2,2,0,0.0,0.0,85,1,0,0.0,379,542,197.11499999999998,119.25,163.0,0,0.0,0.0
15819,10,3934.79,8,8,1,319.98,408.33000000000004,182,1,1,23.51,50,632,393.479,292.8,83.14285714285714,0,0.005939418437207892,-0.24314286079033565
17338,17,11880.54,17,16,1,1325.87,1538.0300000000002,589,1,3,103.05000000000001,18,640,698.8552941176471,339.11764705882354,38.875,0,0.00859925948734895,-0.14832956262833008
14299,27,14070.25,25,17,4,1528.48,871.2000000000002,164,1,14,1449.9699999999998,9,738,521.1203703703703,301.3333333333333,30.375,0,0.09342457774438763,0.5616643319281156
14755,25,9972.55,22,20,4,2142.6,1005.17,219,1,5,121.10000000000001,10,737,398.902,176.04,34.61904761904762,0,0.01199764208190298,0.7563356151540512
13113,37,18230.07,36,18,4,1458.8999999999999,1930.8999999999996,166,1,22,1979.9800000000005,1,622,492.7045945945946,119.86486486486487,17.742857142857144,0,0.09797006934668645,-0.28013603439257384
14715,8,1809.55,8,8,1,272.63,347.3,101,1,0,0.0,25,690,226.19375,128.5,95.0,0,0.0,-0.24128734851177835
13610,14,2102.46,14,13,2,317.57000000000005,300.39,308,1,3,31.75,13,704,150.1757142857143,62.0,53.15384615384615,0,0.01487669910646094,0.05543712394221956
14817,7,3609.8599999999997,7,7,0,0.0,0.0,141,1,2,70.65,201,628,515.6942857142857,350.7142857142857,71.16666666666667,0,0.019195709290288576,0.0
14420,4,1639.1699999999998,4,4,0,0.0,387.52,85,1,3,11.450000000000001,100,692,409.79249999999996,280.0,197.33333333333334,0,0.006936787388981111,-5.962344648534129
14514,9,4380.04,9,9,1,587.09,0.0,212,1,1,4.25,62,727,486.6711111111111,262.44444444444446,83.125,0,0.0009693701830855167,6.376879997410443
12709,32,29487.180000000004,29,20,4,2469.73,1987.66,187,0,21,779.0799999999999,16,731,921.4743750000001,429.4375,25.535714285714285,0,0.02574087449192599,0.2170526084443507
13093,55,54144.25,43,16,0,0.0,0.0,199,1,32,860.9500000000003,276,736,984.4409090909091,472.2,10.952380952380953,0,0.01565215652338325,0.0
12859,1,575.1,1,1,0,0.0,0.0,21,1,0,0.0,459,459,575.1,292.0,,1,0.0,0.0
14444,1,120.43999999999998,1,1,0,0.0,0.0,11,1,0,0.0,457,457,120.43999999999998,172.0,,1,0.0,0.0
15023,20,11555.5,19,16,3,1692.4399999999998,2252.59,485,1,3,78.49,4,675,577.775,237.4,37.27777777777778,0,0.006746610578142151,-0.2857625371611441
14510,3,979.8499999999999,2,2,0,0.0,0.0,67,1,1,15.299999999999999,376,437,326.6166666666666,264.3333333333333,61.0,0,0.015374566648243984,0.0
15314,3,820.45,3,2,0,0.0,0.0,49,1,1,19.799999999999997,200,429,273.48333333333335,250.0,114.5,0,0.023564415352573635,0.0
16401,23,6847.449999999999,21,16,5,1642.8999999999999,793.53,109,1,15,218.20999999999998,2,556,297.7152173913043,262.30434782608694,27.7,0,0.030883172980301913,0.7270760016543383
13981,1,331.14000000000004,1,1,0,0.0,0.0,22,1,1,3.75,416,416,331.14000000000004,234.0,,1,0.011197706709665859,0.0
15240,12,4459.9800000000005,12,11,2,661.19,0.0,134,1,7,132.47,45,735,371.665,267.8333333333333,62.72727272727273,0,0.02884516978954588,6.49555252382123
12826,12,2800.75,12,10,3,656.1,121.52,93,1,2,16.549999999999997,3,722,233.39583333333334,159.58333333333334,65.36363636363636,0,0.005874418769744079,1.679561931939248
18055,14,10142.64,13,9,3,3088.4799999999996,310.33,320,1,1,32.050000000000004,8,414,724.4742857142857,252.42857142857142,33.833333333333336,0,0.00314997311957416,2.294904628075373
15134,10,1596.29,10,9,4,773.1300000000001,375.40999999999997,47,1,0,0.0,15,423,159.629,105.7,45.333333333333336,0,0.0,0.7210608433028645
14329,15,9887.619999999999,14,14,3,1490.21,1359.43,349,1,13,191.70000000000002,18,724,659.1746666666666,394.2,54.30769230769231,0,0.019019140180091515,0.09178704468998689
18239,6,1712.2600000000002,6,5,0,0.0,0.0,85,1,0,0.0,219,423,285.3766666666667,140.66666666666666,40.8,0,0.0,0.0
15513,35,26437.05,27,19,2,3406.08,5282.68,278,1,6,477.89,34,696,755.3442857142857,299.34285714285716,25.46153846153846,0,0.017755566239419446,-0.43876720517301493
16771,10,3921.1000000000004,10,10,2,590.86,0.0,302,1,0,0.0,34,731,392.11,229.0,77.44444444444444,0,0.0,6.383270120430181
17555,5,1045.74,5,4,1,284.85999999999996,0.0,220,1,0,0.0,20,587,209.148,147.8,141.75,0,0.0,5.655502180480969
17277,2,1065.35,2,2,0,0.0,0.0,67,1,0,0.0,228,323,532.675,215.0,95.0,0,0.0,0.0
12472,19,14971.289999999999,19,16,2,1518.5100000000002,1698.7600000000002,396,0,18,801.5999999999998,33,726,787.9626315789474,542.4736842105264,38.5,0,0.050821377692990936,-0.11209915015998284
17591,8,2339.32,8,8,1,362.8,213.59999999999997,93,1,1,10.95,74,692,292.415,128.5,88.28571428571429,0,0.004659039174222536,0.5278284358874243
13718,2,306.55,2,2,0,0.0,0.0,9,1,0,0.0,247,296,153.275,86.5,49.0,0,0.0,0.0
13285,6,3364.59,6,6,1,739.0200000000001,796.83,182,1,0,0.0,24,625,560.765,409.5,120.2,0,0.0,-0.07521832931367278
15932,8,2495.87,8,8,2,609.92,612.7,93,1,3,34.02,5,290,311.98375,290.625,40.714285714285715,0,0.013447224978161108,-0.00454019169280695
17017,29,12576.989999999998,22,15,6,3262.9799999999996,937.46,120,1,11,179.5,3,737,433.6893103448275,324.0344827586207,34.95238095238095,0,0.014071268820811996,1.2464623547000384
14936,12,12410.809999999998,8,8,5,3064.1400000000003,3496.52,267,0,2,32.349999999999994,34,584,1034.2341666666664,522.8333333333334,78.57142857142857,0,0.002599821910190016,-0.131960900568032
13971,14,4667.570000000001,14,13,2,772.3600000000001,1011.38,184,1,4,73.74000000000001,19,683,333.39785714285716,220.28571428571428,51.07692307692308,0,0.015552663715302312,-0.2693146152819512
13137,16,7586.9400000000005,16,11,3,1714.97,1040.8799999999999,628,1,0,0.0,11,503,474.18375000000003,264.875,32.8,0,0.0,0.49895174484386917
13549,8,1005.8,8,6,2,156.14999999999998,249.5,44,1,1,2.08,26,388,125.725,69.25,51.714285714285715,0,0.00206373774655713,-0.46625815728134246
16919,24,4909.660000000001,22,9,0,0.0,536.9000000000001,230,1,4,72.1,157,478,204.5691666666667,97.20833333333333,15.285714285714286,0,0.014472796762589923,-6.287672669279197
15785,16,5969.929999999999,12,12,1,663.14,335.42999999999995,102,1,10,144.59999999999997,33,725,373.12062499999996,279.9375,62.90909090909091,0,0.023648587871839696,0.680102866954897
18190,5,745.62,5,5,0,0.0,0.0,34,1,1,9.95,193,718,149.124,98.0,131.25,0,0.013168865889328585,0.0
14194,36,18670.59,25,19,9,5683.07,2258.5800000000004,432,1,18,227.72000000000003,5,703,518.6275,278.80555555555554,29.083333333333332,0,0.012049754713516712,0.9224885701242513
15498,44,24972.859999999997,31,20,8,4190.030000000001,1983.52,597,1,4,233.79999999999998,3,724,567.5649999999999,275.77272727272725,24.033333333333335,0,0.009275326441503952,0.7475694558179331
17921,10,2394.36,10,8,1,224.76,317.4,230,1,2,40.15,65,513,239.436,99.1,49.77777777777778,0,0.016492025089237666,-0.34383596586572374
12407,5,1507.12,5,4,1,264.76,791.4000000000001,56,0,0,0.0,50,265,301.424,280.6,53.75,0,0.0,-1.0924726689594113
16621,4,813.48,4,4,1,204.07,118.71,22,1,0,0.0,52,278,203.37,75.5,75.33333333333333,0,0.0,0.5382792330044
14166,2,251.14999999999998,2,2,0,0.0,0.0,39,1,0,0.0,506,627,125.57499999999999,41.0,121.0,0,0.0,0.0
13183,15,7036.18,15,14,3,1562.8000000000004,867.9000000000001,64,1,3,25.3,8,636,469.07866666666666,268.46666666666664,44.857142857142854,0,0.0035828183327007933,0.5876459918452532
18241,21,2986.99,21,10,6,723.51,983.7500000000001,101,1,2,32.9,10,618,142.23761904761903,70.04761904761905,30.4,0,0.010894436552324754,-0.3068922375630354
14267,3,1516.24,2,2,0,0.0,679.88,25,1,6,257.05,163,261,505.41333333333336,176.66666666666666,98.0,0,0.144956549690124,-6.523386079168706
17514,2,522.0,2,2,0,0.0,208.64999999999998,72,1,0,0.0,129,670,261.0,142.0,541.0,0,0.0,-5.345439473616771
13984,12,1893.8,11,10,1,101.18,102.1,53,1,1,432.48,27,733,157.81666666666666,108.41666666666667,70.6,0,0.18591055247003802,-0.008963427120262324
14748,10,2681.8999999999996,9,8,1,296.98,347.64,129,1,6,473.00999999999993,30,646,268.18999999999994,242.2,77.0,0,0.1499282071437854,-0.15701350103711675
14257,9,5954.45,9,9,1,373.88000000000005,1695.25,167,1,1,12.450000000000001,65,649,661.6055555555555,370.22222222222223,73.0,0,0.0020865105833850076,-1.5095692363895932
16945,33,8548.16,23,19,6,1338.44,1233.38,231,1,2,17.5,22,731,259.0351515151515,178.45454545454547,32.22727272727273,0,0.0020430416336861376,0.0816827964340936
12935,15,4243.859999999999,13,12,3,625.36,669.11,113,1,4,61.85,3,608,282.9239999999999,213.4,50.416666666666664,0,0.0143646460165687,-0.06751659233633234
13149,4,1676.0600000000002,4,4,1,543.44,755.88,76,1,0,0.0,15,290,419.01500000000004,320.0,91.66666666666667,0,0.0,-0.3294469769323154
13178,21,14059.19,21,18,3,1333.74,1672.5299999999997,194,1,4,61.300000000000004,27,724,669.4852380952382,418.0,34.85,0,0.004341209122346321,-0.22619865167952558
15276,4,619.8000000000001,3,3,1,128.63,0.0,160,1,1,18.5,67,435,154.95000000000002,79.25,184.0,0,0.028983236722544256,4.864684238611951
16136,4,946.8000000000001,4,4,2,550.08,0.0,44,1,1,25.72,60,664,236.70000000000002,168.5,201.33333333333334,0,0.0264467568790359,6.311879989176399
16684,55,147142.77000000002,35,18,10,32770.06,8807.560000000001,184,1,9,5612.48,5,733,2675.323090909091,1905.6363636363637,21.41176470588235,0,0.036741650450639166,1.313821832881823
15998,16,8274.14,15,14,2,974.96,329.84000000000003,682,1,5,87.95,37,739,517.13375,334.375,50.142857142857146,0,0.010517705501854201,1.081786727142978
15103,2,703.36,2,2,2,703.36,0.0,35,1,0,0.0,32,87,351.68,164.5,55.0,0,0.0,6.557289589092577
15594,5,1771.7799999999997,5,3,3,983.5599999999997,520.31,85,1,1,4.25,16,235,354.35599999999994,196.6,54.75,0,0.0023929775960991654,0.6358499664618078
17744,7,2649.1399999999994,7,6,2,1033.4399999999998,0.0,121,1,0,0.0,4,381,378.44857142857137,546.5714285714286,62.833333333333336,0,0.0,6.941615496470239
14467,12,2203.24,12,10,3,464.55999999999995,0.0,144,1,0,0.0,18,738,183.60333333333332,98.91666666666667,65.45454545454545,0,0.0,6.143240982073776
16212,4,1293.71,4,4,1,192.19,0.0,71,1,1,9.15,20,671,323.4275,142.75,217.0,0,0.007023010914449748,5.263674160604463
16399,3,628.42,3,3,1,229.60999999999999,0.0,96,1,0,0.0,20,390,209.47333333333333,144.66666666666666,185.0,0,0.0,5.44072797202915
15484,6,4652.099999999999,6,6,4,3590.41,0.0,180,1,1,31.2,2,735,775.3499999999999,679.0,146.6,0,0.006661969124335405,8.186300162033392
17133,12,14622.330000000002,11,10,4,2413.45,0.0,22,1,1,1650.24,16,629,1218.5275000000001,842.25,61.3,0,0.10141237677883702,7.7892267968780144
12912,5,1662.3000000000002,5,3,5,1662.3000000000002,0.0,17,1,0,0.0,3,41,332.46000000000004,134.0,9.5,0,0.0,7.416558859796489
13467,2,1071.91,2,1,2,1071.91,0.0,89,1,0,0.0,11,37,535.955,290.0,26.0,0,0.0,6.978129862132399
14659,9,2529.9300000000003,9,9,3,888.38,259.78999999999996,147,1,3,73.4,9,316,281.10333333333335,132.77777777777777,38.375,0,0.028194658379844275,1.2268091049947403
15907,3,881.87,3,3,1,404.28,254.51999999999998,174,1,0,0.0,4,211,293.95666666666665,159.0,103.5,0,0.0,0.4612775017866628
13755,9,2108.06,8,3,9,2108.06,0.0,232,1,1,6.67,4,64,234.2288888888889,138.0,8.571428571428571,0,0.003154066949445083,7.653997629576229
17467,1,102.6,1,1,0,0.0,0.0,4,1,0,0.0,396,396,102.6,20.0,,1,0.0,0.0
16241,16,3989.81,15,12,3,811.8799999999999,949.8699999999999,499,1,0,0.0,10,411,249.363125,140.625,28.642857142857142,0,0.0,-0.15679385781130417
13531,6,1433.07,5,5,0,0.0,0.0,44,1,0,0.0,206,737,238.845,82.83333333333333,132.75,0,0.0,0.0
13736,7,2752.47,6,6,1,372.27000000000004,0.0,325,1,5,51.2,6,734,393.21,221.28571428571428,145.6,0,0.018261778311998204,5.9223020183729105
17852,5,657.81,4,3,2,114.34,0.0,82,1,0,0.0,12,732,131.56199999999998,74.4,240.0,0,0.0,4.747884288187267
16858,10,4292.59,10,9,0,0.0,0.0,75,1,6,206.85000000000002,369,725,429.259,142.3,39.55555555555556,0,0.04597238767491066,0.0
13473,8,2657.76,7,6,1,181.38,0.0,65,1,2,246.78,61,725,332.22,125.0,110.66666666666667,0,0.08496353983763348,5.206092422505519
14497,2,697.06,2,2,0,0.0,0.0,40,1,1,17.9,310,674,348.53,166.0,364.0,0,0.02503636567080676,0.0
17810,2,343.21000000000004,2,2,0,0.0,0.0,50,1,0,0.0,669,684,171.60500000000002,58.5,15.0,0,0.0,0.0
13762,5,2472.48,5,4,0,0.0,0.0,23,1,1,306.71999999999997,219,699,494.496,521.6,120.0,0,0.11036269430051814,0.0
17349,5,772.41,5,4,0,0.0,98.25,74,1,0,0.0,180,632,154.482,154.4,113.0,0,0.0,-4.5976419195673
17051,4,706.49,4,4,0,0.0,0.0,107,1,0,0.0,195,629,176.6225,126.75,144.66666666666666,0,0.0,0.0
14175,8,7678.88,8,8,1,2016.31,883.4100000000001,237,1,9,328.44000000000005,60,628,959.86,376.125,81.14285714285714,0,0.0410174690158505,0.8245994637286973
17290,8,1427.48,7,7,2,513.01,0.0,183,1,0,0.0,4,727,178.435,124.375,120.5,0,0.0,6.242242720518832
14813,4,888.9100000000001,3,3,0,0.0,0.0,110,1,0,0.0,370,611,222.22750000000002,98.0,120.5,0,0.0,0.0
12805,4,1230.9499999999998,4,4,0,0.0,0.0,43,0,0,0.0,382,675,307.73749999999995,145.25,97.66666666666667,0,0.0,0.0
13764,6,2908.67,5,5,1,573.1299999999999,443.40000000000003,294,1,0,0.0,71,643,484.77833333333336,346.6666666666667,143.0,0,0.0,0.2561307937474151
15886,4,1052.8700000000001,3,3,1,181.09,0.0,58,1,0,0.0,61,599,263.21750000000003,166.75,269.0,0,0.0,5.204501070343752
17343,6,1259.94,6,6,0,0.0,0.0,61,1,0,0.0,356,737,209.99,75.66666666666667,76.2,0,0.0,0.0
17848,30,3538.46,28,19,1,79.6,433.22999999999996,104,1,1,12.75,82,734,117.94866666666667,45.733333333333334,24.14814814814815,0,0.003590325551009374,-1.684075698128888
14136,5,1570.81,5,5,0,0.0,0.0,86,1,2,16.85,401,732,314.162,229.6,82.75,0,0.01061310356121588,0.0
17673,13,4173.88,12,11,2,419.35,142.51999999999998,195,1,2,17.25,2,631,321.0676923076923,252.6153846153846,57.18181818181818,0,0.004115835108908576,1.07461329927082
17799,20,6246.93,17,15,1,524.1800000000001,1127.7600000000002,478,1,3,125.14999999999999,23,727,312.3465,183.7,44.0,0,0.019640368608052627,-0.7651339030772464
14682,6,1514.8100000000002,6,6,0,0.0,0.0,79,1,0,0.0,188,673,252.46833333333336,158.16666666666666,97.0,0,0.0,0.0
17812,7,911.99,7,5,3,506.51,0.0,162,1,0,0.0,13,531,130.28428571428572,63.42857142857143,86.33333333333333,0,0.0,6.22951641515531
12527,5,717.51,5,5,1,63.790000000000006,0.0,25,0,0,0.0,82,530,143.502,105.0,112.0,0,0.0,4.171151270461866
13023,3,1251.03,3,3,1,308.5,291.40000000000003,68,1,0,0.0,65,529,417.01,191.0,232.0,0,0.0,0.05683536424902691
13255,3,678.76,3,3,1,173.81,0.0,26,1,1,8.850000000000001,10,513,226.25333333333333,135.66666666666666,251.5,0,0.012870667965852739,5.163699669823092
13154,3,1624.8400000000001,3,3,0,0.0,0.0,78,1,1,15.549999999999999,400,736,541.6133333333333,325.3333333333333,168.0,0,0.009479453056895005,0.0
16155,5,796.9,4,4,0,0.0,0.0,45,1,1,15.85,382,540,159.38,99.0,52.666666666666664,0,0.01950169178714242,0.0
15110,6,1505.85,6,6,2,619.55,206.90000000000003,23,1,3,22.9,24,486,250.975,56.166666666666664,92.4,0,0.0149795584627964,1.0935489867115624
14499,7,2101.79,7,6,1,440.63,244.94,199,1,3,18.349999999999998,27,470,300.2557142857143,175.85714285714286,73.83333333333333,0,0.008655088814889583,0.5853848236937305
14828,13,9839.46,13,11,0,0.0,0.0,72,1,1,36.0,197,733,756.8815384615384,747.5384615384615,44.666666666666664,0,0.0036453998092240768,0.0
18001,6,924.14,5,5,2,415.13,0.0,120,1,0,0.0,13,738,154.02333333333334,145.66666666666666,181.25,0,0.0,6.030997711443308
16983,11,3490.5299999999997,11,9,2,720.52,300.13,151,1,1,11.049999999999999,13,447,317.3209090909091,210.45454545454547,43.4,0,0.003155718275749804,0.873818032660103
17002,7,2571.55,6,6,1,500.21000000000004,0.0,64,1,1,5.95,86,642,367.36428571428576,180.71428571428572,111.2,0,0.002308438409311348,6.217025174937796
14226,6,2985.13,6,5,3,522.79,0.0,89,1,3,34.75,29,442,497.5216666666667,285.6666666666667,82.6,0,0.011507079751513305,6.261090840635166
16650,7,1916.1100000000001,6,5,1,518.4200000000001,0.0,71,1,0,0.0,72,520,273.73,215.85714285714286,89.6,0,0.0,6.252712804455737
14742,1,579.8499999999999,1,1,0,0.0,0.0,34,1,0,0.0,436,436,579.8499999999999,374.0,,1,0.0,0.0
15955,22,8085.9800000000005,18,13,6,1952.61,1018.0300000000001,222,1,3,35.75,25,655,367.54454545454547,180.3181818181818,37.05882352941177,0,0.004401771543747453,0.6508277486810332
12987,5,1312.21,5,5,1,254.39999999999998,0.0,61,1,1,13.7,74,689,262.442,117.0,153.75,0,0.010332526340400177,5.542830943598439
15915,1,364.23999999999995,1,1,0,0.0,0.0,104,1,0,0.0,402,402,364.23999999999995,413.0,,1,0.0,0.0
13593,14,5493.29,13,11,0,0.0,1014.1300000000001,212,1,2,48.48,109,648,392.3778571428571,155.0,44.916666666666664,0,0.008748107554084707,-6.92277196209223
12712,21,5985.030000000001,21,18,2,429.05,928.2,125,0,7,183.25,29,731,285.0014285714286,103.04761904761905,35.1,0,0.02970844384496164,-0.7704225198987658
16145,19,6805.44,19,16,3,1199.18,1284.0300000000002,217,1,10,111.84,9,585,358.18105263157895,277.36842105263156,32.0,0,0.01616820484352231,-0.06831051883308525
14867,16,2952.06,15,11,0,0.0,0.0,67,1,3,41.65,186,735,184.50375,62.25,39.214285714285715,0,0.013912503215074272,0.0
12523,23,4010.35,23,18,4,772.02,445.56,175,0,7,133.3,20,733,174.36304347826086,97.56521739130434,32.40909090909091,0,0.03216970545292195,0.5487311516859199
12422,12,3639.35,12,11,0,0.0,445.06,135,0,0,0.0,96,722,303.27916666666664,214.91666666666666,56.90909090909091,0,0.0,-6.100453472119812
16037,5,1509.3400000000001,5,5,0,0.0,0.0,62,1,2,19.9,270,649,301.86800000000005,153.2,94.75,0,0.013012999921529645,0.0
13327,19,9052.87,18,18,1,889.02,866.4000000000001,174,1,2,138.45,39,722,476.4668421052632,221.1578947368421,40.1764705882353,0,0.015063124774243522,0.025743702982542693
12474,29,11310.75,28,17,5,2710.03,1516.93,368,0,23,424.0,18,667,390.0258620689655,271.7586206896552,24.037037037037038,0,0.03613200110782079,0.5799810718793923
15433,2,533.3,2,2,0,0.0,0.0,40,1,1,115.42999999999998,214,268,266.65,267.0,54.0,0,0.17793226766143078,0.0
13124,4,4641.66,4,4,1,1239.8600000000001,0.0,216,1,0,0.0,90,386,1160.415,684.5,98.66666666666667,0,0.0,7.12355996659264
13892,6,1267.65,6,5,3,578.4499999999999,0.0,33,1,0,0.0,27,576,211.275,520.8333333333334,109.8,0,0.0,6.3620793777804
14282,25,7250.76,25,15,6,1233.9,686.26,100,1,1,5.0,4,663,290.0304,206.64,27.458333333333332,0,0.0006891076882366561,0.5860325964385567
15114,12,3400.12,12,10,3,1081.59,651.72,151,1,0,0.0,31,422,283.3433333333333,294.3333333333333,35.54545454545455,0,0.0,0.5059633501776872
18204,3,1975.35,3,3,1,616.48,817.89,159,1,1,14.4,72,193,658.4499999999999,396.6666666666667,60.5,0,0.007237090086694309,-0.2823030853847053
12990,7,955.5,7,7,1,145.6,0.0,9,1,0,0.0,32,620,136.5,68.57142857142857,98.0,0,0.0,4.987707789452551
13717,8,1763.3,8,8,2,489.02,385.4,110,1,3,15.25,33,486,220.4125,268.0,64.71428571428571,0,0.008574400494785079,0.23757310425987654
13505,4,3633.6299999999997,4,4,1,1490.5099999999998,547.03,181,0,4,110.75,73,233,908.4074999999999,616.75,53.333333333333336,0,0.02957766038703337,1.0012142786169296
14101,13,9961.929999999998,13,12,1,1032.4,785.0,19,1,1,19.799999999999997,74,622,766.3023076923075,810.9230769230769,45.666666666666664,0,0.001983624081196346,0.27365282342387776
15829,2,636.14,2,2,0,0.0,636.14,44,1,0,0.0,100,141,318.07,498.0,41.0,0,0.0,-6.456989411643809
14004,11,6258.450000000001,9,7,2,1379.38,2303.2400000000002,127,1,0,0.0,44,436,568.95,311.3636363636364,49.0,0,0.0,-0.5123920804926323
16818,11,3349.5700000000006,11,6,2,821.1,1335.3000000000002,172,1,2,31.599999999999998,11,206,304.5063636363637,196.72727272727272,19.5,0,0.00934587731465735,-0.4857978376289278
12981,2,372.22,2,2,1,185.04,187.18000000000004,12,1,0,0.0,30,134,186.11,121.0,104.0,0,0.0,-0.01143724722272399
15198,5,571.35,5,5,0,0.0,193.64000000000001,28,1,1,11.9,93,690,114.27000000000001,65.4,149.25,0,0.0204029147021003,-5.2711516984752675
13320,6,2211.6,5,5,1,551.05,472.54,98,1,3,67.15,79,479,368.59999999999997,251.5,100.0,0,0.029467910038398246,0.15340223553029286
15074,3,1553.13,3,3,0,0.0,735.6700000000001,63,1,0,0.0,106,468,517.71,346.3333333333333,181.0,0,0.0,-6.60214003072033
15238,3,1071.9899999999998,3,3,1,299.21,472.64,49,1,2,15.45,30,185,357.3299999999999,230.66666666666666,77.5,0,0.014207680423747518,-0.45596530969228155
14020,4,1249.0100000000002,4,4,2,642.8000000000001,0.0,63,1,1,35.75,17,530,312.25250000000005,162.0,171.0,0,0.02782620878607677,6.467388118864708
13774,1,345.0,1,1,1,345.0,0.0,22,1,0,0.0,82,82,345.0,192.0,,1,0.0,5.846438775057724
16999,2,484.81999999999994,2,2,2,484.81999999999994,0.0,21,1,0,0.0,24,75,242.40999999999997,147.0,51.0,0,0.0,6.1858381849260775
18081,3,343.45000000000005,3,3,1,135.4,208.05,14,1,0,0.0,37,134,114.48333333333335,65.0,48.5,0,0.0,-0.4269817123932125
16782,38,9636.12,36,19,4,637.5500000000001,294.04999999999995,575,1,12,83.50000000000001,11,731,253.58210526315793,105.97368421052632,20.571428571428573,0,0.008590870836514185,0.7720551474390938
12630,2,1030.88,2,2,2,1030.88,0.0,59,0,0,0.0,10,44,515.44,271.0,34.0,0,0.0,6.939137660210806
16169,4,1822.9700000000003,4,4,4,1822.9700000000003,0.0,71,1,0,0.0,9,76,455.74250000000006,331.25,22.333333333333332,0,0.0,7.5087707231305965
15116,4,1352.75,4,4,2,561.78,311.32,37,1,0,0.0,18,205,338.1875,162.0,62.333333333333336,0,0.0,0.5888604847813657
16804,3,536.99,2,2,2,418.94,0.0,59,1,0,0.0,24,271,178.99666666666667,82.0,247.0,0,0.0,6.040111843929504
17816,6,96.10999999999999,6,6,2,15.25,0.0,41,1,0,0.0,37,725,16.01833333333333,13.333333333333334,137.6,0,0.0,2.7880929087757464
14878,25,4076.5,21,17,3,393.07,120.25,159,1,2,269.4,13,657,163.06,96.64,32.2,0,0.061989461331369795,1.1786740286744077
14645,3,876.89,3,3,0,0.0,356.99,45,1,1,36.650000000000006,157,635,292.2966666666667,195.66666666666666,239.0,0,0.04011865928147646,-5.880505053049674
16939,3,433.84999999999997,3,3,0,0.0,0.0,38,1,0,0.0,489,650,144.61666666666665,76.33333333333333,80.5,0,0.0,0.0
18017,4,688.0,4,4,1,179.0,179.0,1,1,0,0.0,82,432,172.0,100.0,116.66666666666667,0,0.0,0.0
13106,2,603.46,2,2,0,0.0,76.5,15,1,1,17.0,134,414,301.73,115.5,280.0,0,0.027399026528704507,-4.350277936359301
13333,3,1015.74,3,3,0,0.0,0.0,54,1,0,0.0,412,659,338.58,228.33333333333334,123.5,0,0.0,0.0
13948,4,548.76,4,4,0,0.0,0.0,23,1,1,11.9,361,736,137.19,62.0,125.0,0,0.021224984839296544,0.0
14880,3,690.5899999999999,3,3,1,342.92,0.0,45,1,0,0.0,78,289,230.19666666666663,121.66666666666667,105.5,0,0.0,5.840409072188026
13627,7,2245.8999999999996,7,7,2,611.47,421.08,118,1,3,28.35,60,641,320.8428571428571,233.14285714285714,96.83333333333333,0,0.012465648015829398,0.3723050920985562
16793,1,243.84,1,1,1,243.84,0.0,16,1,0,0.0,58,58,243.84,146.0,,1,0.0,5.500604935982869
14023,2,584.0699999999999,2,2,1,310.93,0.0,30,1,0,0.0,8,251,292.03499999999997,172.5,243.0,0,0.0,5.742778803662883
14385,3,202.10999999999999,3,1,3,202.10999999999999,0.0,13,1,0,0.0,10,24,67.36999999999999,53.0,7.0,0,0.0,5.3137477042033945
14363,2,227.47000000000003,2,2,0,0.0,0.0,8,1,0,0.0,403,452,113.73500000000001,52.5,49.0,0,0.0,0.0
13754,3,447.04999999999995,3,3,0,0.0,126.6,16,1,0,0.0,152,438,149.01666666666665,105.0,143.0,0,0.0,-4.848900370910689
16979,9,2859.74,9,8,4,1296.35,208.5,82,1,3,72.65,4,451,317.74888888888887,161.22222222222223,55.875,0,0.024775012873458173,1.8233552620584383
16687,1,157.63,1,1,0,0.0,0.0,8,1,0,0.0,391,391,157.63,141.0,,1,0.0,0.0
15160,4,589.27,4,3,0,0.0,0.0,17,1,0,0.0,358,422,147.3175,76.75,21.333333333333332,0,0.0,0.0
14368,1,155.0,1,1,0,0.0,0.0,8,1,0,0.0,320,320,155.0,36.0,,1,0.0,0.0
15743,4,775.9599999999999,4,3,2,341.90999999999997,111.50000000000001,59,1,0,0.0,17,185,193.98999999999998,53.5,56.0,0,0.0,1.114514800420456
15771,3,1006.54,3,2,0,0.0,0.0,26,1,0,0.0,605,694,335.5133333333333,170.66666666666666,44.5,0,0.0,0.0
13249,9,1608.93,9,8,0,0.0,419.57000000000005,21,1,0,0.0,93,685,178.77,138.44444444444446,74.0,0,0.0,-6.041610934048554
15361,4,689.0699999999999,4,3,0,0.0,0.0,10,1,0,0.0,362,544,172.26749999999998,93.25,60.666666666666664,0,0.0,0.0
14377,2,617.0500000000001,2,2,0,0.0,0.0,11,1,0,0.0,192,263,308.52500000000003,109.5,71.0,0,0.0,0.0
17306,21,9782.35,17,11,4,1931.25,3504.3999999999996,17,1,2,30.580000000000002,11,404,465.8261904761905,654.6190476190476,24.5625,0,0.0031162965597431144,-0.5956195096520949
13748,9,2064.35,8,6,0,0.0,367.40000000000003,40,1,0,0.0,96,739,229.3722222222222,114.22222222222223,91.85714285714286,0,0.0,-5.909169304381152
16475,4,544.3,4,4,1,85.0,149.3,23,1,0,0.0,89,274,136.075,79.75,61.666666666666664,0,0.0,-0.5582860005054213
14434,6,1372.8,6,3,6,1372.8,0.0,3,1,0,0.0,22,73,228.79999999999998,61.333333333333336,10.2,0,0.0,7.225335901779781
15662,2,283.73,2,2,0,0.0,0.0,12,1,0,0.0,662,739,141.865,72.5,77.0,0,0.0,0.0
17562,7,1122.38,7,6,3,461.28000000000003,661.1,48,1,1,15.0,15,174,160.34,116.71428571428571,26.5,0,0.0131882044699221,-0.35924583382356
13470,2,165.0,2,2,0,0.0,165.0,7,1,0,0.0,100,116,82.5,50.0,16.0,0,0.0,-5.111987788356544
12832,2,383.03000000000003,2,2,1,115.23,267.8,27,1,0,0.0,33,99,191.51500000000001,97.5,66.0,0,0.0,-0.838396621993378
14908,2,381.90000000000003,2,2,1,277.8,0.0,14,1,0,0.0,75,464,190.95000000000002,91.0,389.0,0,0.0,5.630494678886369
17098,3,591.0699999999999,3,3,0,0.0,0.0,10,1,0,0.0,382,541,197.0233333333333,41.666666666666664,79.5,0,0.0,0.0
16478,3,331.0,3,2,3,331.0,0.0,15,1,0,0.0,26,66,110.33333333333333,74.66666666666667,20.0,0,0.0,5.805134968916488
13938,1,71.66,1,1,1,71.66,0.0,7,1,0,0.0,36,36,71.66,70.0,,1,0.0,4.2857910267930555
16087,5,1739.92,5,5,0,0.0,0.0,6,1,0,0.0,390,690,347.98400000000004,132.8,75.0,0,0.0,0.0
14861,10,1380.73,9,8,1,125.79000000000002,0.0,62,1,4,62.33,53,732,138.073,107.6,84.875,0,0.04319293723060718,4.842532174539857
14495,3,174.8,3,3,1,83.2,40.599999999999994,7,1,1,8.5,51,660,58.26666666666667,22.666666666666668,304.5,0,0.04637206764866339,0.7050947539810641
13013,29,11097.43,27,18,4,1124.8500000000001,1313.8,289,1,2,23.95,2,726,382.67,195.20689655172413,27.846153846153847,0,0.0021535097263109433,-0.15514625688439487
17526,12,3939.2400000000007,11,10,1,323.1,0.0,67,1,4,489.19999999999993,5,723,328.27000000000004,120.16666666666667,71.8,0,0.11046779452809564,5.781052110147502
14464,2,111.0,2,2,0,0.0,0.0,4,1,0,0.0,569,628,55.5,31.0,59.0,0,0.0,0.0
13527,12,4541.29,11,9,3,879.84,776.8799999999999,266,1,2,33.7,34,688,378.44083333333333,228.0,65.4,0,0.00736613631942365,0.1243037270013101
17988,13,485.69,11,7,2,55.120000000000005,81.00999999999999,114,1,1,9.95,12,733,37.36076923076923,13.76923076923077,72.1,0,0.020075054475022194,-0.3793489358140594
15060,4,293.0,2,2,4,293.0,0.0,80,1,0,0.0,9,10,73.25,64.0,1.0,0,0.0,5.683579767338681
17940,14,28389.58,12,11,1,192.0,452.5,9,1,0,0.0,50,737,2027.827142857143,6081.857142857143,62.45454545454545,0,0.0,-0.8543050806503061
15079,11,3625.4000000000005,8,8,0,0.0,0.0,119,1,6,78.65,213,732,329.5818181818182,132.63636363636363,74.14285714285714,0,0.02123351466637869,0.0
15324,1,140.22000000000003,1,1,0,0.0,0.0,8,1,0,0.0,702,702,140.22000000000003,74.0,,1,0.0,0.0
12468,5,3238.74,5,5,0,0.0,0.0,126,0,5,46.19,188,683,647.7479999999999,435.4,123.75,0,0.014061182430067003,0.0
15448,2,788.81,2,2,0,0.0,0.0,49,1,0,0.0,313,675,394.405,243.5,362.0,0,0.0,0.0
16519,4,436.96,4,4,1,109.27999999999999,0.0,31,1,0,0.0,26,649,109.24,37.25,207.66666666666666,0,0.0,4.703022586155596
16310,2,460.08000000000004,2,2,0,0.0,0.0,26,1,0,0.0,415,643,230.04000000000002,135.0,228.0,0,0.0,0.0
17931,14,3402.24,11,10,0,0.0,111.16000000000001,274,1,4,131.33000000000004,135,662,243.01714285714283,137.07142857142858,52.7,0,0.03716637847842268,-4.71992642328628
13262,3,573.4499999999999,3,3,0,0.0,0.0,48,1,0,0.0,264,601,191.14999999999998,82.33333333333333,168.5,0,0.0,0.0
18272,9,4385.98,9,8,2,972.13,1125.91,145,1,2,38.65,3,646,487.33111111111106,320.0,80.375,0,0.00873519367721143,-0.14671697215965995
14588,1,135.39,1,1,0,0.0,0.0,16,1,0,0.0,579,579,135.39,62.0,,1,0.0,0.0
13382,5,1387.58,5,4,0,0.0,0.0,74,1,0,0.0,281,732,277.51599999999996,172.6,112.75,0,0.0,0.0
12829,3,385.3,3,3,0,0.0,0.0,17,1,1,39.95,337,551,128.43333333333334,183.33333333333334,107.0,0,0.09394473838918284,0.0
12792,2,715.01,2,2,0,0.0,0.0,38,0,0,0.0,257,535,357.505,195.0,278.0,0,0.0,0.0
17177,1,119.5,1,1,0,0.0,0.0,29,1,0,0.0,506,506,119.5,40.0,,1,0.0,0.0
13041,4,799.1300000000001,4,3,0,0.0,0.0,23,1,0,0.0,451,590,199.78250000000003,83.75,46.333333333333336,0,0.0,0.0
16625,5,1654.0299999999997,5,5,0,0.0,0.0,82,1,1,2.95,275,544,330.8059999999999,211.4,67.25,0,0.001780347378966554,0.0
17289,9,2041.8000000000002,9,7,2,766.5700000000002,0.0,202,1,2,9.5,32,642,226.86666666666667,137.44444444444446,76.25,0,0.004631209476917077,6.643229680514136
16938,9,6995.360000000001,9,8,1,325.63000000000005,9.75,547,1,1,833.2500000000001,9,661,777.2622222222222,560.1111111111111,81.5,0,0.10643651938211254,3.4139222772249465
13861,2,273.26,2,2,0,0.0,0.0,21,1,1,21.95,430,531,136.63,112.5,101.0,0,0.07435384980183599,0.0
15032,8,11010.05,7,7,0,0.0,0.0,39,1,2,495.0,257,730,1376.25625,825.125,78.83333333333333,0,0.04302458485621532,0.0
16065,8,1992.13,6,4,0,0.0,0.0,214,1,2,17.0,366,464,249.01625,150.875,19.6,0,0.00846137382847302,0.0
17358,5,861.01,5,5,0,0.0,0.0,126,1,0,0.0,304,654,172.202,86.0,87.5,0,0.0,0.0
13152,7,2146.38,7,7,0,0.0,0.0,114,1,2,31.400000000000002,418,695,306.6257142857143,139.57142857142858,46.166666666666664,0,0.014418352634334046,0.0
17772,3,360.75,2,2,2,173.45000000000002,0.0,94,1,0,0.0,11,393,120.25,37.666666666666664,382.0,0,0.0,5.161638167632783
15384,4,2027.79,4,4,0,0.0,338.84000000000003,83,1,1,6.65,170,593,506.9475,441.75,141.0,0,0.003268712766166611,-5.828474918613519
13021,17,4887.240000000001,16,13,5,1463.91,387.46999999999997,166,1,7,80.58,5,735,287.48470588235296,149.76470588235293,48.666666666666664,0,0.016220394458736426,1.3273331393680987
15047,1,343.62,1,1,0,0.0,0.0,22,1,0,0.0,270,270,343.62,222.0,,1,0.0,0.0
17917,3,335.03000000000003,3,3,1,108.32000000000001,0.0,77,1,0,0.0,46,363,111.67666666666668,61.333333333333336,158.5,0,0.0,4.694279361059867
13221,2,844.8599999999999,2,2,0,0.0,0.0,61,1,0,0.0,241,360,422.42999999999995,121.5,119.0,0,0.0,0.0
17217,2,210.1,2,2,0,0.0,0.0,27,1,0,0.0,235,620,105.05,46.5,385.0,0,0.0,0.0
17211,13,3773.3499999999995,13,9,2,852.3299999999999,0.0,217,1,2,44.55,27,727,290.25769230769225,164.69230769230768,58.333333333333336,0,0.011668718405406113,6.749146342547869
12493,2,379.74,2,2,0,0.0,183.24,18,0,1,16.95,166,198,189.87,102.0,32.0,0,0.04272857899115178,-5.21623925551243
18072,1,247.44,1,1,0,0.0,0.0,18,1,1,235.2,186,186,247.44,288.0,,1,0.487319741422178,0.0
14401,22,6795.9,22,15,3,972.1,2098.82,171,1,3,92.50000000000001,5,726,308.9045454545454,290.95454545454544,34.333333333333336,0,0.013428372336101274,-0.7691200539241771
12428,8,6405.260000000001,7,5,1,328.34000000000003,957.5799999999999,256,0,3,39.260000000000005,26,284,800.6575000000001,438.625,43.0,0,0.006091997542097782,-1.0683623709583774
16014,5,1100.28,5,5,1,132.45000000000002,260.75,219,1,1,9.25,38,678,220.05599999999998,92.4,160.0,0,0.00833686335655638,-0.6736629739001128
14517,2,330.45,2,2,1,78.0,252.45,17,1,0,0.0,34,142,165.225,45.5,108.0,0,0.0,-1.165718712451337
15611,24,2976.28,23,14,4,638.31,500.03999999999996,42,1,6,138.91000000000003,10,684,124.01166666666667,31.041666666666668,30.636363636363637,0,0.04459118063424704,0.24370353154174307
18165,1,302.46000000000004,1,1,0,0.0,302.46000000000004,10,1,0,0.0,178,178,302.46000000000004,254.0,,1,0.0,-5.715249806097095
13636,5,949.12,5,5,1,302.57,105.1,57,1,1,7.5,37,286,189.824,118.4,62.25,0,0.007840103698438251,1.0512301807898403
17248,2,500.53999999999996,2,2,0,0.0,318.65,85,1,0,0.0,121,482,250.26999999999998,138.0,361.0,0,0.0,-5.767226647212736
12381,3,1474.81,3,3,2,446.07,1028.74,69,0,1,41.35,5,120,491.6033333333333,265.6666666666667,57.5,0,0.027272847192908404,-0.8343464402683995
17173,8,3766.5999999999995,7,5,6,2805.34,961.26,36,1,1,10.95,6,132,470.82499999999993,140.25,21.0,0,0.002898704186575956,1.0703517378262335
16460,3,811.23,3,2,3,811.23,0.0,128,1,0,0.0,29,82,270.41,292.0,26.5,0,0.0,6.699783551285148
15172,5,1624.0500000000002,5,5,2,737.31,360.53999999999996,106,1,0,0.0,9,237,324.81000000000006,322.2,57.0,0,0.0,0.7139911050562384
15730,5,1726.58,5,5,1,343.65999999999997,309.79,102,1,2,18.4,66,432,345.316,212.2,91.5,0,0.010544533461701566,0.10344098090974096
17509,8,6083.64,3,1,8,6083.64,0.0,75,1,3,14.4,58,64,760.455,439.0,3.0,0,0.0023614144872778796,8.713522841798035
17420,6,953.5799999999999,5,4,1,207.32,260.65999999999997,43,1,2,9.9,51,402,158.92999999999998,74.33333333333333,87.75,0,0.010275252210736083,-0.22797059206252612
13598,5,761.9599999999999,4,4,1,160.04,0.0,78,1,1,12.75,48,652,152.392,78.6,201.33333333333334,0,0.016457771295065253,5.081652781331536
17828,4,1165.0900000000001,4,3,1,288.42999999999995,203.5,53,0,4,90.11999999999999,23,185,291.27250000000004,163.75,54.0,0,0.07179675114124329,0.3473454960924336
16414,5,551.21,5,5,1,75.45,0.0,58,1,0,0.0,22,695,110.242,40.2,168.25,0,0.0,4.336636932375072
18040,2,357.2,2,2,1,118.19999999999999,0.0,18,1,0,0.0,20,246,178.6,74.0,226.0,0,0.0,4.7808027546312495
12388,8,3901.1099999999997,8,8,2,1112.3200000000002,902.0899999999999,83,0,0,0.0,16,583,487.63874999999996,250.125,81.0,0,0.0,0.20927960495845
15783,1,246.3,1,1,1,246.3,0.0,14,1,0,0.0,11,11,246.3,212.0,,1,0.0,5.510602174527371
14250,3,1904.0500000000002,2,2,3,1904.0500000000002,0.0,94,1,0,0.0,8,90,634.6833333333334,400.0,82.0,0,0.0,7.552263533935522
17942,1,77.50000000000001,1,1,1,77.50000000000001,0.0,2,1,0,0.0,8,8,77.50000000000001,38.0,,1,0.0,4.363098624788363
17412,16,4220.219999999999,16,13,3,548.24,0.0,161,1,3,32.54,3,738,263.76374999999996,159.625,49.0,0,0.007651501613070101,6.308535504453551
13641,4,942.3699999999999,3,2,0,0.0,0.0,40,1,2,94.64999999999999,641,735,235.59249999999997,274.25,47.0,0,0.09127114231162368,0.0
17508,8,4579.2300000000005,8,8,0,0.0,0.0,199,0,1,32.45,281,733,572.4037500000001,361.375,64.57142857142857,0,0.007036481282309267,0.0
16795,3,2062.41,3,3,0,0.0,0.0,306,1,2,27.200000000000003,366,684,687.4699999999999,404.6666666666667,159.0,0,0.013016783036068935,0.0
14068,4,1516.72,4,4,0,0.0,0.0,93,1,1,23.4,321,678,379.18,127.5,119.0,0,0.015193621276264184,0.0
16911,2,255.25000000000003,2,2,0,0.0,0.0,30,1,1,3.9,636,662,127.62500000000001,80.5,26.0,0,0.015049199305421567,0.0
15622,17,7852.610000000001,10,10,4,1107.56,0.0,331,1,13,534.5300000000001,44,646,461.91823529411766,240.64705882352942,66.88888888888889,0,0.06373209461151239,7.01081715479046
17301,2,294.39,2,2,1,163.24,0.0,107,1,0,0.0,22,625,147.195,108.0,603.0,0,0.0,5.101328772710678
14311,2,516.45,2,2,0,0.0,0.0,31,1,1,80.55,243,568,258.225,117.5,325.0,0,0.13492462311557787,0.0
12975,6,2100.09,5,3,0,0.0,0.0,92,1,2,106.1,437,734,350.01500000000004,151.83333333333334,74.25,0,0.0480919594413899,0.0
15629,4,2240.9,3,3,0,0.0,0.0,39,1,0,0.0,451,533,560.225,379.5,41.0,0,0.0,0.0
17582,5,1446.95,5,5,0,0.0,0.0,92,1,1,17.0,237,624,289.39,120.6,96.75,0,0.011612418456914513,0.0
17840,1,175.9,1,1,0,0.0,0.0,44,1,0,0.0,444,444,175.9,128.0,,1,0.0,0.0
16825,5,1826.8899999999999,5,5,1,456.48,0.0,48,1,0,0.0,39,535,365.378,259.4,124.0,0,0.0,6.125733167913016
15535,6,1044.37,5,5,0,0.0,125.01000000000002,88,1,4,89.25,174,450,174.06166666666664,52.333333333333336,69.0,0,0.07873008591944392,-4.836361268881602
18062,6,1632.6699999999998,6,6,0,0.0,234.6,46,1,3,109.3,174,598,272.1116666666666,138.5,84.8,0,0.06274505301469027,-5.462135451777431
16012,5,2978.59,5,5,1,283.17,1132.1200000000001,207,1,0,0.0,36,530,595.7180000000001,352.0,123.5,0,0.0,-1.3831575182974962
15270,21,8524.86,14,9,2,529.2,536.54,66,1,10,1283.67,16,723,405.9457142857143,190.95238095238096,54.38461538461539,0,0.13087282192132765,-0.013748881982617256
17423,3,1118.95,3,3,1,248.99,0.0,39,1,2,34.78,47,394,372.98333333333335,263.3333333333333,173.5,0,0.030145701333934283,5.521420917062225
14690,4,777.6800000000001,4,4,1,142.49,212.56,69,1,1,13.09,45,411,194.42000000000002,85.25,122.0,0,0.0165534858429126,-0.3976524772716701
14599,2,457.89,2,2,0,0.0,0.0,77,1,0,0.0,391,510,228.945,146.0,119.0,0,0.0,0.0
15155,1,383.97,1,1,0,0.0,0.0,24,1,0,0.0,384,384,383.97,192.0,,1,0.0,0.0
14021,7,1716.58,7,7,0,0.0,130.2,84,1,0,0.0,156,593,245.22571428571428,125.42857142857143,72.83333333333333,0,0.0,-4.876722876509988
15332,6,4892.68,4,3,0,0.0,0.0,113,0,0,0.0,367,514,815.4466666666667,384.3333333333333,49.0,0,0.0,0.0
18106,6,1441.0600000000002,4,4,0,0.0,0.0,126,1,0,0.0,330,694,240.1766666666667,84.33333333333333,121.33333333333333,0,0.0,0.0
14036,1,626.6500000000001,1,1,0,0.0,0.0,38,1,0,0.0,285,285,626.6500000000001,268.0,,1,0.0,0.0
18043,3,529.29,3,3,1,107.7,0.0,106,1,0,0.0,25,367,176.42999999999998,88.33333333333333,171.0,0,0.0,4.688591794127164
14315,8,3197.82,8,7,1,930.98,693.9499999999999,83,1,2,29.099999999999998,45,635,399.7275,168.0,84.28571428571429,0,0.009017887025398831,0.29347145469710423
12379,4,1470.22,4,4,1,362.4,414.84,57,0,1,1.95,82,535,367.555,201.25,151.0,0,0.0013245752868214947,-0.1347964149311096
12477,9,20276.370000000003,9,8,3,4385.71,4257.0599999999995,295,0,3,102.73,23,624,2252.9300000000003,679.8888888888889,75.125,0,0.005040948815207737,0.029765858105120557
18079,5,4203.93,4,4,2,1406.97,593.3499999999999,107,1,0,0.0,46,492,840.7860000000001,1746.0,148.66666666666666,0,0.0,0.8624358582461786
17712,1,522.91,1,1,1,522.91,0.0,29,1,0,0.0,45,45,522.91,215.0,,1,0.0,6.261319913844147
14901,12,1919.0,12,7,4,599.1700000000001,325.07,103,1,1,6.3,12,499,159.91666666666666,73.33333333333333,44.27272727272727,0,0.0032722173167818,0.6101008661749656
16545,2,689.8199999999999,2,2,0,0.0,339.3,6,1,0,0.0,165,376,344.90999999999997,161.0,211.0,0,0.0,-5.82982758150686
16189,2,215.48000000000002,2,2,2,215.48000000000002,0.0,9,1,0,0.0,16,86,107.74000000000001,67.0,70.0,0,0.0,5.377498164422478
17728,5,4238.76,5,5,3,2876.0099999999998,0.0,196,1,2,32.6,4,454,847.7520000000001,429.2,112.5,0,0.007632229547497752,7.964506839388399
13807,3,422.2,3,3,0,0.0,0.0,24,1,1,24.9,368,736,140.73333333333332,38.666666666666664,184.0,0,0.05569223887273541,0.0
17534,5,1668.83,5,5,1,223.35999999999999,0.0,76,1,0,0.0,54,653,333.76599999999996,172.0,149.75,0,0.0,5.413251904640136
14521,1,199.45,1,1,0,0.0,0.0,17,1,1,31.800000000000004,492,492,199.45,211.0,,1,0.13751351351351354,0.0
16768,9,1698.5700000000002,9,9,1,191.60000000000002,103.23999999999998,108,1,5,61.05,48,733,188.73000000000002,86.0,85.625,0,0.034694990963958124,0.6139195665474357
17187,2,467.71,2,2,0,0.0,0.0,21,1,0,0.0,227,527,233.855,213.0,300.0,0,0.0,0.0
16357,4,868.3699999999999,4,4,1,400.92999999999995,120.05,43,1,0,0.0,34,382,217.09249999999997,97.25,116.0,0,0.0,1.2000742607194432
13538,12,3103.1299999999997,12,11,1,290.1,371.25,105,1,0,0.0,44,676,258.59416666666664,79.91666666666667,57.45454545454545,0,0.0,-0.245898820812541
12879,3,573.22,3,2,2,432.71999999999997,140.5,7,1,1,20.650000000000002,45,92,191.07333333333335,123.33333333333333,23.5,0,0.03477191978042333,1.1200994475206887
17662,2,412.92,2,2,0,0.0,0.0,14,1,0,0.0,662,723,206.46,92.0,61.0,0,0.0,0.0
16288,1,129.85,1,1,0,0.0,0.0,7,1,0,0.0,471,471,129.85,19.0,,1,0.0,0.0
17262,11,2488.7599999999998,9,9,1,298.0,0.0,12,1,0,0.0,53,725,226.25090909090906,57.72727272727273,84.0,0,0.0,5.700443573390686
14403,6,1880.51,6,6,0,0.0,499.79999999999995,20,1,3,57.75,131,640,313.41833333333335,122.83333333333333,101.8,0,0.029794764376296266,-6.216206819785889
14037,6,836.95,6,6,0,0.0,35.400000000000006,96,1,1,81.0,177,733,139.49166666666667,98.33333333333333,111.2,0,0.08824010022332371,-3.594568774642695
13420,2,159.85,2,2,0,0.0,159.85,8,1,2,19.5,150,171,79.925,50.5,21.0,0,0.10872595483691107,-5.080472253685035
17638,2,842.4,2,2,0,0.0,0.0,2,1,0,0.0,648,722,421.2,216.0,74.0,0,0.0,0.0
18174,2,162.5,2,2,1,104.0,0.0,1,1,0,0.0,8,604,81.25,40.0,596.0,0,0.0,4.653960350157523
17308,2,4511.76,2,2,0,0.0,0.0,5,1,0,0.0,394,453,2255.88,2574.0,59.0,0,0.0,0.0
12898,2,296.21000000000004,2,2,0,0.0,0.0,27,1,0,0.0,464,660,148.10500000000002,117.5,196.0,0,0.0,0.0
14831,3,1676.57,2,2,0,0.0,0.0,67,1,4,52.599999999999994,681,738,558.8566666666667,295.0,57.0,0,0.030419218468976446,0.0
16366,4,1548.1299999999999,4,4,1,327.3,0.0,74,1,0,0.0,19,724,387.03249999999997,220.5,235.0,0,0.0,5.793927824507547
12402,6,1136.8999999999999,6,6,0,0.0,0.0,42,0,1,12.75,324,671,189.48333333333332,96.0,69.4,0,0.011090331840125256,0.0
14584,8,1738.1599999999999,8,6,0,0.0,213.45000000000002,127,1,1,13.0,170,661,217.26999999999998,120.0,70.14285714285714,0,0.00742365060873935,-5.3680766109628895
16046,1,235.78,1,1,0,0.0,0.0,22,1,0,0.0,563,563,235.78,248.0,,1,0.0,0.0
16736,5,2956.56,5,3,0,0.0,0.0,116,1,3,52.05,506,737,591.312,210.0,57.75,0,0.01730034800123645,0.0
16428,3,638.49,2,2,0,0.0,0.0,121,1,1,2.95,414,498,212.83,191.66666666666666,84.0,0,0.004599027188825143,0.0
18255,2,303.15,2,2,1,103.29999999999998,0.0,16,1,0,0.0,90,457,151.575,100.5,367.0,0,0.0,4.647271362006727
17601,2,412.65999999999997,2,2,0,0.0,0.0,68,1,0,0.0,240,381,206.32999999999998,147.0,141.0,0,0.0,0.0
17999,3,528.4599999999999,3,3,1,190.04999999999995,0.0,125,1,0,0.0,38,379,176.1533333333333,95.33333333333333,170.5,0,0.0,5.252535173892909
17454,10,1547.94,10,10,0,0.0,0.0,98,1,1,15.299999999999999,193,694,154.794,72.7,55.666666666666664,0,0.00978736470407615,0.0
13405,5,1198.81,5,5,0,0.0,0.0,32,1,3,17.25,205,725,239.762,170.6,130.0,0,0.014185155337730047,0.0
15734,4,2263.3,4,4,0,0.0,760.8000000000002,36,1,0,0.0,115,548,565.825,129.0,144.33333333333334,0,0.0,-6.6356840540445035
15120,1,358.82,1,1,0,0.0,358.82,21,1,1,15.0,134,134,358.82,296.0,,1,0.04012626397731529,-5.885603906408473
16245,3,1413.66,3,3,1,643.96,315.71999999999997,80,1,2,61.300000000000004,24,257,471.22,338.0,116.5,0,0.04156044909692466,0.7111701965709809
18018,4,297.99,4,4,0,0.0,84.69000000000001,43,1,1,141.29999999999998,109,421,74.4975,46.5,104.0,0,0.3216553984839172,-4.450736132681028
16627,1,322.8,1,1,1,322.8,0.0,20,1,0,0.0,80,80,322.8,162.0,,1,0.0,5.780126041243535
16052,1,362.06,1,1,1,362.06,0.0,34,1,0,0.0,55,55,362.06,282.0,,1,0.0,5.894568109862285
13297,7,4368.619999999999,6,6,4,2089.85,0.0,108,1,1,15.95,8,543,624.0885714285713,384.85714285714283,107.0,0,0.003637756952221085,7.645325960844005
14948,6,1101.97,6,5,2,462.74,360.83,56,1,1,35.400000000000006,24,220,183.66166666666666,112.16666666666667,39.2,0,0.0311244361993019,0.2481495620835732
14935,2,2849.83,2,2,0,0.0,0.0,25,0,0,0.0,298,620,1424.915,965.5,322.0,0,0.0,0.0
17610,5,1511.94,5,4,0,0.0,0.0,114,1,3,101.65,541,734,302.38800000000003,178.6,48.25,0,0.06299617622816205,0.0
14626,11,5410.92,11,11,2,1219.98,984.3899999999999,181,1,4,36.150000000000006,24,730,491.9018181818182,285.0,70.6,0,0.006636595454069804,0.21437159206498357
13907,1,136.8,1,1,0,0.0,0.0,4,1,0,0.0,692,692,136.8,68.0,,1,0.0,0.0
17829,5,4756.74,5,4,0,0.0,0.0,121,0,1,76.32000000000001,299,656,951.348,601.8,89.25,0,0.01579123784931286,0.0
16845,1,253.88,1,1,0,0.0,0.0,20,1,0,0.0,619,619,253.88,167.0,,1,0.0,0.0
14678,1,403.39,1,1,0,0.0,0.0,24,1,1,16.95,580,580,403.39,179.0,,1,0.040324499214921254,0.0
14982,1,234.87999999999997,1,1,0,0.0,0.0,38,1,0,0.0,573,573,234.87999999999997,123.0,,1,0.0,0.0
13872,3,919.5699999999999,3,3,0,0.0,0.0,51,1,3,28.25,528,726,306.5233333333333,113.0,99.0,0,0.02980523728134034,0.0
15976,6,1680.31,6,6,0,0.0,217.64999999999998,264,1,0,0.0,166,552,280.0516666666667,174.0,77.2,0,0.0,-5.3874722778589295
14094,1,311.77,1,1,0,0.0,0.0,41,1,1,0.95,440,440,311.77,158.0,,1,0.003037861345612689,0.0
14455,4,617.72,4,3,0,0.0,0.0,65,1,1,30.599999999999998,433,496,154.43,176.5,21.0,0,0.04719891411648568,0.0
12475,2,1065.6399999999999,2,2,1,669.38,0.0,53,0,0,0.0,54,410,532.8199999999999,383.0,356.0,0,0.0,6.507844715787302
16178,2,612.6,2,2,0,0.0,197.89999999999998,24,1,0,0.0,139,402,306.3,152.0,263.0,0,0.0,-5.292802185859927
18280,2,488.1500000000001,2,2,0,0.0,0.0,28,1,1,15.7,278,395,244.07500000000005,97.0,117.0,0,0.031160067480400906,0.0
16812,4,2392.0,4,2,0,0.0,0.0,98,1,1,175.2,361,383,598.0,279.0,7.333333333333333,0,0.06824555936428794,0.0
14840,2,362.71000000000004,2,2,0,0.0,0.0,20,1,1,22.5,268,540,181.35500000000002,89.5,272.0,0,0.058409698605955185,0.0
13035,3,1364.2,3,3,1,588.88,0.0,27,1,1,35.25,74,432,454.73333333333335,308.6666666666667,179.0,0,0.025188466897709812,6.37991912638274
14472,9,2118.72,9,8,0,0.0,395.46,173,1,0,0.0,104,690,235.4133333333333,141.22222222222223,73.25,0,0.0,-5.982575153262065
17234,1,149.89,1,1,0,0.0,0.0,14,1,0,0.0,183,183,149.89,55.0,,1,0.0,0.0
17642,5,1824.49,5,5,0,0.0,712.29,88,1,0,0.0,120,735,364.898,295.0,153.75,0,0.0,-6.569888069839022
16140,3,1433.46,3,3,1,601.04,0.0,50,1,1,17.0,66,442,477.82,424.0,188.0,0,0.011720419728913585,6.400323888284162
18095,5,2303.0899999999997,5,4,0,0.0,0.0,37,1,0,0.0,313,600,460.61799999999994,324.6,71.75,0,0.0,0.0
13365,2,2225.3700000000003,2,2,1,1524.7700000000002,0.0,122,1,2,61.05,34,218,1112.6850000000002,623.5,184.0,0,0.026701131025795778,7.330254479646081
14965,2,596.09,1,1,0,0.0,596.09,80,1,0,0.0,97,97,298.045,181.5,,1,0.0,-6.3920678557992385
12685,6,2575.08,6,3,4,1112.6599999999999,1462.42,116,0,0,0.0,29,94,429.18,251.16666666666666,13.0,0,0.0,-0.2731242737208124
15492,2,659.46,2,2,2,659.46,0.0,32,1,0,0.0,29,75,329.73,241.5,46.0,0,0.0,6.492936561946857
16463,4,1422.4,4,3,3,1103.03,0.0,74,1,3,38.7,22,205,355.6,290.75,61.0,0,0.026486893436451987,7.00672240038088
16158,9,628.32,8,7,0,0.0,0.0,29,1,1,17.0,523,735,69.81333333333333,20.22222222222222,30.285714285714285,0,0.026343519494204423,0.0
13428,3,478.53999999999996,2,2,1,201.78000000000003,0.0,122,1,0,0.0,11,515,159.51333333333332,118.66666666666667,504.0,0,0.0,5.3121216475244335
15569,10,3583.45,9,8,0,0.0,1087.21,123,1,0,0.0,104,650,358.34499999999997,173.4,68.25,0,0.0,-6.992289423496828
15801,3,1063.95,3,2,2,926.73,137.22000000000003,61,1,1,21.759999999999998,47,110,354.65000000000003,190.0,31.5,0,0.020042184377043592,1.903894123513429
17401,1,114.85,1,1,0,0.0,0.0,11,1,0,0.0,542,542,114.85,34.0,,1,0.0,0.0
14708,5,1793.22,5,5,1,425.19000000000005,282.12,27,1,1,29.700000000000003,3,456,358.644,231.8,113.25,0,0.016292541636495295,0.4090144201892105
15648,2,639.5,2,2,0,0.0,0.0,23,1,2,54.75,205,268,319.75,109.0,63.0,0,0.07886208138278718,0.0
15488,5,431.9200000000001,5,4,0,0.0,91.32000000000001,10,1,0,0.0,93,584,86.38400000000001,50.2,122.75,0,0.0,-4.52526080275979
13514,4,815.9000000000001,4,4,1,152.20000000000002,0.0,15,1,0,0.0,74,683,203.97500000000002,72.0,203.0,0,0.0,5.031744257306491
16989,6,1133.25,6,5,4,242.54999999999998,890.7,7,1,0,0.0,8,151,188.875,205.5,28.6,0,0.0,-1.297807492888282
15397,1,94.0,1,1,0,0.0,0.0,6,1,0,0.0,290,290,94.0,20.0,,1,0.0,0.0
14421,6,2469.37,6,5,1,357.92999999999995,0.0,72,1,1,12.75,58,692,411.56166666666667,223.66666666666666,126.8,0,0.005136737949817092,5.8831273834035995
13197,1,373.01,1,1,0,0.0,0.0,19,1,0,0.0,610,610,373.01,204.0,,1,0.0,0.0
13143,1,405.1,1,1,0,0.0,0.0,23,1,1,5.9,585,585,405.1,198.0,,1,0.014355231143552312,0.0
16623,4,1015.24,4,4,0,0.0,0.0,44,1,1,12.75,246,593,253.81,110.5,115.66666666666667,0,0.012402844385645775,0.0
15265,4,3345.6400000000003,4,4,0,0.0,793.88,179,1,0,0.0,152,739,836.4100000000001,392.5,195.66666666666666,0,0.0,-6.678191159865005
14161,7,2996.93,7,7,0,0.0,0.0,202,1,0,0.0,216,727,428.1328571428571,211.42857142857142,85.16666666666667,0,0.0,0.0
13852,1,187.35,1,1,0,0.0,0.0,11,1,1,16.9,611,611,187.35,85.0,,1,0.08274173806609546,0.0
17639,6,615.17,4,3,0,0.0,0.0,59,1,0,0.0,277,484,102.52833333333332,96.0,69.0,0,0.0,0.0
12515,1,278.7,1,1,0,0.0,0.0,15,0,0,0.0,354,354,278.7,128.0,,1,0.0,0.0
16900,3,882.1600000000001,3,2,3,882.1600000000001,0.0,77,1,1,12.959999999999999,17,64,294.05333333333334,277.3333333333333,23.5,0,0.014478505675216727,6.783506384642142
13253,4,2951.11,4,4,0,0.0,553.9200000000001,73,1,0,0.0,157,704,737.7775,753.75,182.33333333333334,0,0.0,-6.318823959212525
12742,1,1201.52,1,1,0,0.0,0.0,67,0,1,16.5,626,626,1201.52,1359.0,,1,0.013546575589891792,0.0
16315,2,402.71,2,2,0,0.0,0.0,21,1,0,0.0,331,537,201.355,71.5,206.0,0,0.0,0.0
15873,4,313.92,2,1,0,0.0,0.0,3,1,1,175.68,500,501,78.48,288.0,1.0,0,0.3588235294117647,0.0
15242,1,302.04,1,1,0,0.0,0.0,4,1,0,0.0,423,423,302.04,196.0,,1,0.0,0.0
17525,3,1161.9,3,3,0,0.0,0.0,19,1,0,0.0,360,429,387.3,112.66666666666667,34.5,0,0.0,0.0
17036,1,176.90000000000003,1,1,0,0.0,0.0,12,1,0,0.0,384,384,176.90000000000003,76.0,,1,0.0,0.0
12591,3,1114.9499999999998,3,3,0,0.0,0.0,62,0,0,0.0,318,409,371.6499999999999,215.0,45.5,0,0.0,0.0
16840,2,139.85,2,2,0,0.0,0.0,9,1,0,0.0,604,675,69.925,58.5,71.0,0,0.0,0.0
17464,3,907.1399999999999,3,3,0,0.0,289.96,35,1,1,90.6,159,620,302.37999999999994,202.66666666666666,230.5,0,0.09080521979674064,-5.673185800678733
12658,1,632.05,1,1,1,632.05,0.0,35,0,0,0.0,19,19,632.05,317.0,,1,0.0,6.450549407966262
13560,1,171.42,1,1,1,171.42,0.0,32,1,0,0.0,8,8,171.42,63.0,,1,0.0,5.1499333607817785
13613,5,1039.85,3,3,0,0.0,0.0,50,1,0,0.0,453,661,207.96999999999997,89.0,104.0,0,0.0,0.0
16665,1,135.4,1,1,0,0.0,0.0,9,1,0,0.0,363,363,135.4,59.0,,1,0.0,0.0
13935,3,6116.92,3,3,0,0.0,0.0,67,1,0,0.0,597,653,2038.9733333333334,750.6666666666666,28.0,0,0.0,0.0
16647,4,541.9,4,4,0,0.0,86.31,28,1,0,0.0,170,545,135.475,99.0,125.0,0,0.0,-4.469465003822716
18059,3,306.46000000000004,3,2,3,306.46000000000004,0.0,17,1,1,9.75,24,68,102.15333333333335,86.0,22.0,0,0.030833939470604973,5.728344997484453
13298,1,360.0,1,1,1,360.0,0.0,2,1,0,0.0,2,2,360.0,96.0,,1,0.0,5.8888779583328805
15115,2,531.85,2,2,1,340.11,0.0,35,1,1,3.75,19,733,265.925,122.5,714.0,0,0.007001493651979089,5.832205005910728
16731,1,170.29999999999998,1,1,0,0.0,0.0,40,1,0,0.0,649,649,170.29999999999998,124.0,,1,0.0,0.0
17003,4,828.21,3,3,0,0.0,0.0,90,1,0,0.0,403,579,207.0525,123.5,88.0,0,0.0,0.0
17205,3,999.3499999999999,3,3,1,384.08,0.0,27,1,0,0.0,54,565,333.1166666666666,738.0,255.5,0,0.0,5.953451104909766
16547,1,104.25999999999999,1,1,0,0.0,0.0,25,1,0,0.0,547,547,104.25999999999999,108.0,,1,0.0,0.0
12745,2,723.8499999999999,2,2,0,0.0,0.0,20,1,0,0.0,487,575,361.92499999999995,233.5,88.0,0,0.0,0.0
14875,3,2862.3999999999996,3,3,0,0.0,1103.32,88,1,3,11.9,108,442,954.1333333333332,444.0,167.0,0,0.004140138468496678,-7.0069850399096385
14994,5,942.77,5,4,0,0.0,0.0,232,1,2,56.13,383,624,188.554,113.2,60.25,0,0.05619181099209131,0.0
17257,2,189.78,1,1,0,0.0,0.0,14,1,0,0.0,437,437,94.89,93.5,,1,0.0,0.0
16490,1,205.41,1,1,0,0.0,0.0,13,1,1,26.25,437,437,205.41,113.0,,1,0.11331261331261332,0.0
14704,9,1720.58,9,7,5,1254.12,106.75000000000003,317,1,0,0.0,20,625,191.17555555555555,128.44444444444446,75.625,0,0.0,2.4551727355408426
14197,1,390.05000000000007,1,1,0,0.0,0.0,20,1,0,0.0,411,411,390.05000000000007,143.0,,1,0.0,0.0
13738,1,434.7800000000001,1,1,0,0.0,0.0,88,1,0,0.0,397,397,434.7800000000001,237.0,,1,0.0,0.0
13254,1,51.410000000000004,1,1,0,0.0,0.0,4,1,0,0.0,377,377,51.410000000000004,43.0,,1,0.0,0.0
14605,4,920.7099999999999,3,3,0,0.0,0.0,87,1,0,0.0,375,732,230.17749999999998,103.75,178.5,0,0.0,0.0
16916,4,896.1200000000001,4,4,1,365.98,0.0,179,1,0,0.0,24,416,224.03000000000003,161.75,130.66666666666666,0,0.0,5.905307350656807
17251,3,798.98,3,3,0,0.0,0.0,65,1,1,8.7,363,725,266.32666666666665,125.66666666666667,181.0,0,0.01077159270998415,0.0
15869,3,321.10999999999996,2,2,0,0.0,0.0,29,1,0,0.0,278,627,107.03666666666665,91.0,349.0,0,0.0,0.0
15408,1,267.18,1,1,0,0.0,0.0,34,1,0,0.0,265,265,267.18,106.0,,1,0.0,0.0
17678,2,599.76,2,2,0,0.0,0.0,27,1,1,19.95,264,604,299.88,184.0,340.0,0,0.03219247712639783,0.0
13632,8,3645.81,8,7,2,1306.67,201.57,166,1,2,13.45,25,612,455.72625,204.125,83.85714285714286,0,0.0036756065433994852,1.8649167007820688
15436,3,1067.75,3,3,2,583.6500000000001,0.0,243,1,0,0.0,13,235,355.9166666666667,191.33333333333334,111.0,0,0.0,6.371013377586328
16902,1,1706.8799999999997,1,1,0,0.0,1706.8799999999997,43,1,0,0.0,117,117,1706.8799999999997,629.0,,1,0.0,-7.443008114269092
14050,2,746.3600000000001,2,2,1,260.38,485.9800000000001,49,1,0,0.0,32,107,373.18000000000006,344.5,75.0,0,0.0,-0.6222477673085898
15618,4,776.85,3,3,1,357.81,419.03999999999996,38,1,1,29.82,33,137,194.2125,113.25,52.0,0,0.03696678939343226,-0.15755694436148726
16573,2,663.6099999999999,2,2,1,370.97999999999996,0.0,40,1,2,15.2,85,291,331.80499999999995,180.0,206.0,0,0.02239212739941957,5.918840089386981
13176,1,481.49,1,1,1,481.49,0.0,66,1,0,0.0,47,47,481.49,448.0,,1,0.0,6.178960195175666
13118,9,2415.41,8,7,2,398.11,0.0,111,1,3,81.31,20,440,268.37888888888887,92.66666666666667,60.0,0,0.032566727546541066,5.989237068117631
13895,6,4008.5200000000004,6,6,2,1655.77,937.3000000000001,154,1,2,84.9,29,737,668.0866666666667,343.3333333333333,141.6,0,0.02074060321198411,0.5685554754268409
18275,2,741.8499999999999,2,2,0,0.0,0.0,19,1,0,0.0,579,732,370.92499999999995,208.5,153.0,0,0.0,0.0
14205,9,2414.2,8,8,1,243.8,0.0,79,1,2,257.90000000000003,17,643,268.2444444444444,149.11111111111111,89.42857142857143,0,0.0965158489577486,5.500441550638171
15613,1,433.72,1,1,0,0.0,0.0,27,1,0,0.0,611,611,433.72,700.0,,1,0.0,0.0
12983,1,490.08000000000004,1,1,0,0.0,0.0,30,1,0,0.0,599,599,490.08000000000004,638.0,,1,0.0,0.0
17845,4,596.0899999999999,2,2,0,0.0,0.0,42,1,0,0.0,556,577,149.02249999999998,48.75,21.0,0,0.0,0.0
18052,1,10877.180000000002,1,1,0,0.0,0.0,16,1,0,0.0,565,565,10877.180000000002,17766.0,,1,0.0,0.0
13337,1,1575.26,1,1,0,0.0,0.0,87,1,1,25.2,547,547,1575.26,980.0,,1,0.015745473176461765,0.0
13440,7,1295.2500000000002,3,2,0,0.0,0.0,49,1,3,81.3,424,452,185.0357142857143,81.85714285714286,14.0,0,0.05906069521630161,0.0
14891,4,1106.7299999999998,4,4,0,0.0,105.0,55,1,0,0.0,149,437,276.68249999999995,197.0,96.0,0,0.0,-4.663439094112067
15865,5,2241.42,5,5,2,581.2,0.0,119,1,0,0.0,41,704,448.284,228.2,165.75,0,0.0,6.366814031311523
14294,1,375.34,1,1,0,0.0,0.0,23,1,0,0.0,408,408,375.34,190.0,,1,0.0,0.0
13795,4,836.3000000000001,4,4,0,0.0,0.0,23,1,0,0.0,389,638,209.07500000000002,312.5,83.0,0,0.0,0.0
16024,3,478.71000000000004,2,2,1,245.75,0.0,77,1,0,0.0,13,412,159.57000000000002,161.33333333333334,399.0,0,0.0,5.508375678313591
15729,3,192.55,3,2,0,0.0,0.0,10,1,2,37.85,213,404,64.18333333333334,15.666666666666666,95.5,0,0.1642795138888889,0.0
13303,1,61.72,1,1,0,0.0,0.0,4,1,0,0.0,401,401,61.72,26.0,,1,0.0,0.0
17084,3,5001.210000000001,2,2,2,2747.9900000000002,0.0,263,1,1,3.25,36,397,1667.0700000000004,1059.3333333333333,361.0,0,0.000649420716720685,7.918988850472198
14922,2,843.74,2,2,0,0.0,0.0,49,1,0,0.0,394,508,421.87,188.0,114.0,0,0.0,0.0
16074,1,252.5,1,1,0,0.0,0.0,23,1,0,0.0,391,391,252.5,38.0,,1,0.0,0.0
16897,2,289.78000000000003,2,2,0,0.0,0.0,37,1,1,76.75,300,314,144.89000000000001,36.5,14.0,0,0.2093962295037241,0.0
17881,1,133.35,1,1,0,0.0,0.0,8,1,0,0.0,305,305,133.35,32.0,,1,0.0,0.0
16349,1,53.5,1,1,0,0.0,0.0,9,1,0,0.0,291,291,53.5,9.0,,1,0.0,0.0
12818,1,1182.0800000000004,1,1,0,0.0,0.0,13,0,1,24.2,262,262,1182.0800000000004,920.0,,1,0.02006167722253539,0.0
16097,1,185.05,1,1,0,0.0,0.0,10,1,0,0.0,241,241,185.05,87.0,,1,0.0,0.0
17932,3,1331.57,3,3,1,397.06,345.5,84,1,0,0.0,30,212,443.8566666666666,263.0,91.0,0,0.0,0.13871992906111696
17341,5,1272.21,3,3,0,0.0,265.67999999999995,200,1,0,0.0,157,541,254.442,166.2,192.0,0,0.0,-5.5860494377498595
15289,5,1593.0900000000001,5,5,1,241.8,322.53000000000003,67,1,2,22.380000000000003,30,622,318.61800000000005,325.4,148.0,0,0.013853553455031663,-0.2870537861591682
13379,3,572.56,3,3,2,436.27000000000004,136.29,85,1,0,0.0,27,137,190.85333333333332,200.33333333333334,55.0,0,0.0,1.158455376366236
16187,15,6911.4400000000005,11,8,3,1515.7400000000002,2831.06,160,1,2,70.2,32,285,460.7626666666667,336.53333333333336,25.3,0,0.010054944110552822,-0.6244410672735246
17777,3,647.56,3,3,2,457.76,189.79999999999998,141,1,0,0.0,25,101,215.85333333333332,167.0,38.0,0,0.0,0.8773014384821352
17229,2,318.76,2,2,0,0.0,318.76,39,1,0,0.0,97,143,159.38,92.5,46.0,0,0.0,-5.767570714403068
15475,1,454.11,1,1,1,454.11,0.0,29,1,0,0.0,78,78,454.11,319.0,,1,0.0,6.120539147973894
12488,3,1244.66,3,3,3,1244.66,0.0,45,0,0,0.0,10,76,414.8866666666667,175.33333333333334,33.0,0,0.0,7.127420788916513
14098,1,147.35,1,1,1,147.35,0.0,21,1,0,0.0,37,37,147.35,104.0,,1,0.0,4.99957434673683
13673,2,387.43999999999994,2,1,2,387.43999999999994,0.0,47,1,0,0.0,19,33,193.71999999999997,57.0,14.0,0,0.0,5.962138717726154
13200,4,870.0900000000001,4,3,3,550.7700000000001,319.32000000000005,42,1,0,0.0,20,127,217.52250000000004,129.0,35.666666666666664,0,0.0,0.5438107966538972
16566,5,614.66,5,5,2,150.78000000000003,183.76,14,1,1,0.65,16,293,122.93199999999999,72.4,69.25,0,0.0010563780858429085,-0.19662558158663757
17144,2,984.57,2,2,2,984.57,0.0,42,1,0,0.0,2,85,492.285,241.5,83.0,0,0.0,6.893220154004312
13768,2,875.9700000000001,2,1,0,0.0,0.0,30,1,6,117.9,727,731,437.98500000000007,186.5,4.0,0,0.11862718464185457,0.0
17966,10,1963.9199999999998,7,7,1,504.0,310.93,82,1,0,0.0,38,691,196.392,391.8,108.83333333333333,0,0.0,0.4817796256124769
17074,1,203.05,1,1,0,0.0,0.0,4,1,0,0.0,563,563,203.05,19.0,,1,0.0,0.0
17849,8,1063.7600000000002,7,7,0,0.0,0.0,24,1,0,0.0,219,636,132.97000000000003,28.0,69.5,0,0.0,0.0
14364,8,3717.3499999999995,7,4,0,0.0,1555.5,61,1,0,0.0,109,212,464.66874999999993,245.875,17.166666666666668,0,0.0,-7.350194989881663
16159,4,1232.79,4,4,0,0.0,0.0,31,1,1,2.5,282,737,308.1975,158.75,151.66666666666666,0,0.0020238162698637567,0.0
17615,6,721.8000000000001,6,5,0,0.0,57.3,47,1,1,7.5,131,486,120.30000000000001,63.0,71.0,0,0.010283833813245578,-4.065602093356446
16761,1,316.62,1,1,0,0.0,316.62,13,1,0,0.0,97,97,316.62,341.0,,1,0.0,-5.760855699682501
16160,2,1025.44,2,2,2,1025.44,0.0,20,1,2,15.99,66,86,512.72,581.0,20.0,0,0.015353888403445263,6.933851783703411
14779,3,386.15,3,2,0,0.0,0.0,40,1,0,0.0,281,324,128.71666666666667,28.0,21.5,0,0.0,0.0
16998,5,402.0,4,4,0,0.0,7.9,2,1,1,7.5,150,445,80.4,20.8,98.33333333333333,0,0.018315018315018316,-2.186051276738094
17929,12,3082.1000000000004,11,10,1,136.0,272.0,6,1,1,8.5,12,731,256.8416666666667,36.166666666666664,71.9,0,0.00275027502750275,-0.6894908693568347
14148,2,466.29,2,2,0,0.0,0.0,15,1,0,0.0,234,415,233.145,111.5,181.0,0,0.0,0.0
15326,5,1700.52,5,4,0,0.0,0.0,94,1,5,170.7,334,739,340.104,270.2,101.25,0,0.09122390739731298,0.0
15709,2,327.85,2,2,0,0.0,0.0,26,1,0,0.0,284,590,163.925,84.5,306.0,0,0.0,0.0
16522,2,433.36,2,1,0,0.0,0.0,16,1,0,0.0,436,451,216.68,106.0,15.0,0,0.0,0.0
14594,2,363.33000000000004,2,2,1,108.33000000000001,0.0,48,1,0,0.0,8,374,181.66500000000002,91.5,366.0,0,0.0,4.694370831446394
15017,1,125.58000000000001,1,1,1,125.58000000000001,0.0,20,1,0,0.0,34,34,125.58000000000001,63.0,,1,0.0,4.840874519347159
13153,1,486.22,1,1,1,486.22,0.0,15,1,0,0.0,6,6,486.22,418.0,,1,0.0,6.188715766456242
12703,4,898.53,4,3,1,265.55,0.0,55,0,3,96.35,72,685,224.6325,147.25,204.33333333333334,0,0.09684585075587004,5.58556184326877
17982,1,138.17999999999998,1,1,0,0.0,0.0,13,1,0,0.0,681,681,138.17999999999998,117.0,,1,0.0,0.0
17155,7,892.46,7,6,1,108.39999999999999,143.3,43,1,0,0.0,18,737,127.49428571428572,141.0,119.83333333333333,0,0.0,-0.27688357579194456
16328,1,310.83000000000004,1,1,0,0.0,0.0,16,1,0,0.0,564,564,310.83000000000004,141.0,,1,0.0,0.0
13125,1,148.62,1,1,0,0.0,0.0,20,1,0,0.0,524,524,148.62,53.0,,1,0.0,0.0
13766,1,190.35000000000002,1,1,0,0.0,0.0,16,1,0,0.0,496,496,190.35000000000002,137.0,,1,0.0,0.0
13691,1,210.77999999999997,1,1,0,0.0,0.0,53,1,0,0.0,397,397,210.77999999999997,144.0,,1,0.0,0.0
13464,6,3097.6400000000003,5,5,1,674.6800000000001,0.0,128,1,1,13.75,59,619,516.2733333333334,240.0,140.0,0,0.0044192467032419585,6.515719591185634
13670,1,349.70000000000005,1,1,1,349.70000000000005,0.0,25,1,0,0.0,76,76,349.70000000000005,282.0,,1,0.0,5.859931157146132
12923,3,769.17,3,3,1,171.57,0.0,53,1,0,0.0,65,576,256.39,76.33333333333333,255.5,0,0.0,5.150802951259488
12740,1,427.6,1,1,1,427.6,0.0,27,0,0,0.0,64,64,427.6,342.0,,1,0.0,6.060524083039477
15872,4,729.2500000000001,3,3,2,316.25000000000006,0.0,164,1,0,0.0,15,551,182.31250000000003,116.75,268.0,0,0.0,5.759690106594498
18101,5,622.01,5,4,1,112.17,110.23,89,1,0,0.0,12,675,124.402,49.4,165.75,0,0.0,0.017290983373912105
12875,5,1356.99,5,5,0,0.0,49.470000000000006,2,1,0,0.0,144,698,271.398,1037.4,138.5,0,0.0,-3.921379100352171
13073,2,418.08000000000004,2,2,0,0.0,0.0,25,1,0,0.0,412,438,209.04000000000002,130.5,26.0,0,0.0,0.0
17556,2,300.67,2,2,0,0.0,0.0,13,1,0,0.0,206,380,150.335,92.0,174.0,0,0.0,0.0
16018,4,698.13,4,4,1,247.0,0.0,48,1,0,0.0,40,733,174.5325,125.75,231.0,0,0.0,5.5134287461649825
16752,1,207.5,1,1,0,0.0,0.0,9,1,0,0.0,373,373,207.5,54.0,,1,0.0,0.0
17598,1,409.98,1,1,0,0.0,0.0,10,1,0,0.0,382,382,409.98,126.0,,1,0.0,0.0
17443,1,534.24,1,1,0,0.0,0.0,1,0,0,0.0,220,220,534.24,504.0,,1,0.0,0.0
15330,2,714.96,2,2,2,714.96,0.0,10,1,0,0.0,33,61,357.48,656.0,28.0,0,0.0,6.5736242994783
13311,2,598.57,2,2,1,108.46000000000001,490.11,25,1,0,0.0,5,151,299.285,152.5,146.0,0,0.0,-1.5011089495737542
14266,1,40.56,1,1,0,0.0,0.0,1,1,0,0.0,429,429,40.56,24.0,,1,0.0,0.0
13445,1,241.9,1,1,0,0.0,0.0,7,1,0,0.0,627,627,241.9,198.0,,1,0.0,0.0
14208,2,567.0500000000001,2,2,0,0.0,151.74,34,1,0,0.0,95,552,283.52500000000003,264.5,457.0,0,0.0,-5.0287371294602385
17717,1,376.92,1,1,0,0.0,0.0,26,1,0,0.0,422,422,376.92,344.0,,1,0.0,0.0
12489,1,298.93,1,1,0,0.0,0.0,14,0,0,0.0,337,337,298.93,103.0,,1,0.0,0.0
12942,3,675.6,3,3,0,0.0,279.08,68,1,0,0.0,132,366,225.20000000000002,66.0,117.0,0,0.0,-5.63507527664641
16342,4,322.40999999999997,4,4,1,38.7,283.71,10,1,0,0.0,76,180,80.60249999999999,39.25,34.666666666666664,0,0.0,-1.9701199306666481
18123,3,666.6399999999999,3,2,2,574.4399999999999,0.0,53,1,0,0.0,25,514,222.21333333333328,205.33333333333334,244.5,0,0.0,6.355134965559101
17487,1,160.55,1,1,0,0.0,0.0,8,1,0,0.0,729,729,160.55,37.0,,1,0.0,0.0
14402,1,285.6,1,1,0,0.0,0.0,8,1,0,0.0,653,653,285.6,240.0,,1,0.0,0.0
13175,2,831.4499999999999,2,2,0,0.0,0.0,40,1,2,38.35,583,736,415.72499999999997,211.5,153.0,0,0.04409059553920442,0.0
15210,3,1176.19,3,3,0,0.0,0.0,66,1,0,0.0,226,576,392.06333333333333,280.3333333333333,175.0,0,0.0,0.0
17132,2,1220.9099999999999,2,2,0,0.0,0.0,62,1,0,0.0,453,489,610.4549999999999,481.5,36.0,0,0.0,0.0
13386,2,835.46,2,2,0,0.0,0.0,24,1,0,0.0,415,438,417.73,257.0,23.0,0,0.0,0.0
15308,1,310.46999999999997,1,1,0,0.0,0.0,19,1,1,8.2,275,275,310.46999999999997,175.0,,1,0.02573194841058148,0.0
15655,1,560.67,1,1,0,0.0,0.0,34,1,1,49.35,244,244,560.67,324.0,,1,0.08089898691846169,0.0
16363,1,109.36000000000001,1,1,1,109.36000000000001,0.0,5,1,0,0.0,54,54,109.36000000000001,52.0,,1,0.0,4.703747749349086
13165,3,1451.1599999999999,3,3,1,666.84,0.0,47,1,0,0.0,47,414,483.71999999999997,578.6666666666666,183.5,0,0.0,6.504048623888836
14073,1,151.04000000000002,1,1,1,151.04000000000002,0.0,13,1,1,11.5,33,33,151.04000000000002,130.0,,1,0.07075181493786144,5.0241436441210485
13411,1,213.55,1,1,0,0.0,213.55,17,1,0,0.0,108,108,213.55,72.0,,1,0.0,-5.368542811437534
12746,1,254.55,1,1,0,0.0,0.0,17,1,2,23.700000000000003,541,541,254.55,97.0,,1,0.08517520215633424,0.0
12512,2,132.18,1,1,2,132.18,0.0,31,0,0,0.0,67,67,66.09,48.0,,1,0.0,4.891701596682476
12403,2,947.3600000000001,2,2,1,391.7,0.0,4,0,0,0.0,50,522,473.68000000000006,128.0,472.0,0,0.0,5.9730459615839635
15139,2,178.95999999999998,2,2,0,0.0,0.0,13,1,0,0.0,240,337,89.47999999999999,104.0,97.0,0,0.0,0.0
16716,3,2149.6800000000003,3,3,0,0.0,0.0,7,1,1,581.4,267,631,716.5600000000001,304.0,182.0,0,0.2128828155894371,0.0
17956,1,12.75,1,1,0,0.0,0.0,1,1,0,0.0,250,250,12.75,1.0,,1,0.0,0.0
17339,3,302.36,3,3,0,0.0,183.36,10,1,1,59.0,95,510,100.78666666666668,57.333333333333336,207.5,0,0.16327208324108922,-5.216890367852308
18105,1,113.48000000000002,1,1,1,113.48000000000002,0.0,18,1,0,0.0,38,38,113.48000000000002,46.0,,1,0.0,4.740400135248196
13820,3,652.75,3,3,0,0.0,0.0,68,1,2,20.25,419,681,217.58333333333334,95.0,131.0,0,0.030089153046062408,0.0
13338,4,2345.62,4,4,0,0.0,437.02000000000004,112,1,5,172.0,158,704,586.405,287.25,182.0,0,0.06831849127350434,-6.082264571434421
13070,4,751.7,4,4,0,0.0,0.0,12,1,1,7.8,193,733,187.925,93.0,180.0,0,0.010269914417379854,0.0
14008,1,509.0399999999999,1,1,0,0.0,0.0,32,1,1,15.299999999999999,433,433,509.0399999999999,326.0,,1,0.02917953999313423,0.0
13189,2,260.68,2,2,1,133.68,126.99999999999999,29,1,0,0.0,19,116,130.34,421.0,97.0,0,0.0,0.05087133037325664
12827,3,430.15,3,3,3,430.15,0.0,19,1,0,0.0,6,45,143.38333333333333,65.66666666666667,19.5,0,0.0,6.066456057398334
16772,3,3698.05,3,3,0,0.0,0.0,54,1,2,937.9499999999999,424,722,1232.6833333333334,229.0,149.0,0,0.2023188093183779,0.0
12346,3,77352.96,3,3,0,0.0,0.0,25,1,1,77183.6,326,648,25784.320000000003,24746.333333333332,161.0,0,0.4994520390514711,0.0
14792,1,6.2,1,1,1,6.2,0.0,2,1,1,6.2,64,64,6.2,2.0,,1,0.5,1.9740810260220096
17825,4,701.96,2,2,0,0.0,0.0,24,1,0,0.0,599,726,175.49,129.0,127.0,0,0.0,0.0
16777,5,1292.1799999999998,5,5,1,49.099999999999994,0.0,125,1,1,30.75,81,633,258.436,94.0,138.0,0,0.023243860219361572,3.914021008090819
13501,3,2885.11,3,3,0,0.0,0.0,90,0,2,44.849999999999994,289,571,961.7033333333334,417.6666666666667,141.0,0,0.015307376209914127,0.0
12634,1,359.99999999999994,1,1,0,0.0,0.0,19,0,0,0.0,549,549,359.99999999999994,336.0,,1,0.0,0.0
15718,1,293.79,1,1,0,0.0,0.0,18,1,0,0.0,541,541,293.79,95.0,,1,0.0,0.0
15617,3,828.55,3,3,0,0.0,0.0,41,1,0,0.0,397,508,276.18333333333334,161.66666666666666,55.5,0,0.0,0.0
13653,1,152.2,1,1,0,0.0,0.0,9,1,0,0.0,488,488,152.2,72.0,,1,0.0,0.0
12505,1,787.1999999999998,1,1,0,0.0,0.0,41,0,1,42.7,409,409,787.1999999999998,318.0,,1,0.0514519821665261,0.0
17872,1,235.86999999999998,1,1,0,0.0,0.0,15,1,0,0.0,382,382,235.86999999999998,176.0,,1,0.0,0.0
16297,1,301.90000000000003,1,1,0,0.0,0.0,20,1,2,23.349999999999998,269,269,301.90000000000003,206.0,,1,0.07179093005380474,0.0
12999,3,455.88000000000005,3,2,0,0.0,0.0,25,1,0,0.0,197,246,151.96,114.0,24.5,0,0.0,0.0
15553,1,428.92999999999995,1,1,1,428.92999999999995,0.0,51,1,0,0.0,61,61,428.92999999999995,449.0,,1,0.0,6.06362240473809
17761,1,712.7800000000001,1,1,1,712.7800000000001,0.0,19,1,0,0.0,33,33,712.7800000000001,398.0,,1,0.0,6.5705747916105635
13236,2,744.8499999999999,2,2,1,305.62,439.22999999999996,34,1,1,17.58,25,107,372.42499999999995,208.0,82.0,0,0.02305785449155988,-0.3616881217284167
13459,2,1160.41,2,2,0,0.0,0.0,57,1,0,0.0,625,683,580.205,493.0,58.0,0,0.0,0.0
13511,1,282.76,1,1,0,0.0,0.0,5,1,1,38.15,677,677,282.76,60.0,,1,0.11888068305755509,0.0
16507,1,142.70999999999998,1,1,0,0.0,0.0,37,1,0,0.0,573,573,142.70999999999998,111.0,,1,0.0,0.0
14797,1,300.31,1,1,0,0.0,0.0,16,1,0,0.0,508,508,300.31,99.0,,1,0.0,0.0
16044,1,340.84,1,1,0,0.0,0.0,19,1,0,0.0,436,436,340.84,170.0,,1,0.0,0.0
15138,1,502.52000000000004,1,1,0,0.0,0.0,31,1,1,15.93,394,394,502.52000000000004,300.0,,1,0.030726203105410355,0.0
13550,1,342.55000000000007,1,1,0,0.0,0.0,40,1,0,0.0,384,384,342.55000000000007,430.0,,1,0.0,0.0
15460,1,214.25999999999996,1,1,0,0.0,0.0,53,1,0,0.0,355,355,214.25999999999996,107.0,,1,0.0,0.0
13038,3,908.46,3,3,1,316.70000000000005,0.0,24,1,0,0.0,81,291,302.82,120.0,105.0,0,0.0,5.761107541275471
12834,1,312.38000000000005,1,1,0,0.0,0.0,18,1,0,0.0,283,283,312.38000000000005,110.0,,1,0.0,0.0
12743,2,540.13,1,1,0,0.0,540.13,114,0,0,0.0,135,135,270.065,157.5,,1,0.0,-6.293659545728696
12938,1,114.13999999999999,1,1,1,114.13999999999999,0.0,9,1,0,0.0,26,26,114.13999999999999,140.0,,1,0.0,4.7461487792476635
14950,1,371.2,1,1,1,371.2,0.0,19,1,1,9.95,20,20,371.2,136.0,,1,0.02610520792338974,5.91943134420815
14093,1,433.86,1,1,1,433.86,0.0,95,1,0,0.0,13,13,433.86,391.0,,1,0.0,6.075024140206913
12532,1,313.83,1,1,1,313.83,0.0,15,0,0,0.0,31,31,313.83,151.0,,1,0.0,5.752032810604912
17970,1,562.7900000000001,1,1,0,0.0,0.0,27,1,0,0.0,212,212,562.7900000000001,513.0,,1,0.0,0.0
16252,1,295.09000000000003,1,1,0,0.0,0.0,21,1,1,295.09000000000003,383,383,295.09000000000003,158.0,,1,0.5,0.0
16616,2,500.42,2,2,1,290.32,210.10000000000002,31,1,0,0.0,16,158,250.21,185.0,142.0,0,0.0,0.3220903644954394
14048,3,748.69,2,2,0,0.0,0.0,126,1,1,34.8,306,383,249.56333333333336,155.66666666666666,77.0,0,0.04441664858517658,0.0
15582,3,682.9100000000001,3,3,1,141.4,237.9,39,1,0,0.0,25,221,227.63666666666668,151.0,98.0,0,0.0,-0.5174050553538887
12522,2,156.72,2,1,2,156.72,0.0,10,0,0,0.0,40,52,78.36,96.0,12.0,0,0.0,5.060821309009427
13096,1,419.70000000000005,1,1,0,0.0,0.0,1,1,0,0.0,395,395,419.70000000000005,6.0,,1,0.0,0.0
14314,2,229.8,2,2,0,0.0,119.99999999999999,10,1,1,7.9,107,431,114.9,166.0,324.0,0,0.03323517038283551,-4.795790545596741
16737,2,835.1999999999999,2,2,1,417.59999999999997,0.0,1,1,0,0.0,54,578,417.59999999999997,288.0,524.0,0,0.0,6.036915810011899
14351,1,51.0,1,1,0,0.0,51.0,1,1,0,0.0,165,165,51.0,12.0,,1,0.0,-3.9512437185814275
15303,3,1224.1799999999998,3,3,0,0.0,0.0,63,1,1,45.4,291,684,408.05999999999995,171.33333333333334,196.5,0,0.03575985759069929,0.0
15560,2,153.51999999999998,1,1,0,0.0,0.0,10,1,0,0.0,398,398,76.75999999999999,36.0,,1,0.0,0.0
14079,1,375.1,1,1,0,0.0,375.1,12,1,0,0.0,125,125,375.1,301.0,,1,0.0,-5.929855065476291
18034,3,753.35,2,2,2,418.67999999999995,0.0,181,1,0,0.0,22,376,251.11666666666667,316.6666666666667,354.0,0,0.0,6.039492516118563
13699,2,764.1499999999999,2,2,0,0.0,308.58,33,1,1,52.75,156,551,382.07499999999993,109.5,395.0,0,0.06457338719549517,-5.735216540145731
18187,1,724.89,1,1,0,0.0,0.0,48,1,2,42.7,632,632,724.89,310.0,,1,0.05562865592308394,0.0
15573,5,1180.47,5,5,2,583.24,0.0,180,1,0,0.0,32,730,236.094,153.8,174.5,0,0.0,6.3703118573118545
18091,1,360.8499999999999,1,1,0,0.0,0.0,25,1,0,0.0,594,594,360.8499999999999,539.0,,1,0.0,0.0
18021,2,216.40999999999997,2,1,0,0.0,0.0,32,1,0,0.0,510,513,108.20499999999998,84.0,3.0,0,0.0,0.0
13292,5,994.51,5,5,1,329.37,0.0,55,1,1,6.72,39,527,198.902,106.0,122.0,0,0.006711744554198336,5.800213238492864
18011,2,410.79,2,2,0,0.0,0.0,63,1,0,0.0,374,568,205.395,62.5,194.0,0,0.0,0.0
18143,2,1000.1600000000001,2,2,0,0.0,1000.1600000000001,59,1,0,0.0,117,142,500.08000000000004,285.0,25.0,0,0.0,-6.908914606701984
15263,1,156.51,1,1,0,0.0,156.51,12,1,0,0.0,107,107,156.51,89.0,,1,0.0,-5.059488948313644
15526,2,148.44,1,1,2,148.44,0.0,4,1,0,0.0,34,34,74.22,12.0,,1,0.0,5.006894974480533
14065,3,891.02,3,2,0,0.0,0.0,42,1,1,1.65,390,432,297.00666666666666,194.0,21.0,0,0.001848387422003652,0.0
12821,2,220.8,2,2,0,0.0,0.0,13,1,0,0.0,215,612,110.4,81.0,397.0,0,0.0,0.0
13438,1,46.5,1,1,0,0.0,0.0,1,1,0,0.0,548,548,46.5,10.0,,1,0.0,0.0
17367,1,167.55,1,1,0,0.0,0.0,33,1,0,0.0,239,239,167.55,149.0,,1,0.0,0.0
14985,2,292.01,2,2,0,0.0,0.0,78,1,0,0.0,199,359,146.005,128.0,160.0,0,0.0,0.0
13563,2,777.53,2,2,1,466.65,310.88,49,1,0,0.0,85,141,388.765,104.5,56.0,0,0.0,0.4051016544391608
15821,2,570.96,2,1,2,570.96,0.0,57,1,0,0.0,45,62,285.48,101.0,17.0,0,0.0,6.349069058864647
13187,4,328.36,2,2,0,0.0,0.0,50,1,1,18.7,338,625,82.09,70.75,287.0,0,0.053881173284158354,0.0
18124,1,102.65,1,1,0,0.0,0.0,20,1,0,0.0,473,473,102.65,47.0,,1,0.0,0.0
17366,2,1077.24,2,2,0,0.0,0.0,120,1,1,1.65,433,457,538.62,252.0,24.0,0,0.0015293496093206904,0.0
13932,1,307.4,1,1,0,0.0,0.0,16,1,0,0.0,295,295,307.4,72.0,,1,0.0,0.0
13127,1,259.16999999999996,1,1,1,259.16999999999996,0.0,15,1,0,0.0,78,78,259.16999999999996,127.0,,1,0.0,5.561335263505108
15634,2,554.6500000000001,2,2,1,243.55,0.0,34,1,0,0.0,18,384,277.32500000000005,113.5,366.0,0,0.0,5.499419786985366
17212,3,794.41,3,3,0,0.0,0.0,29,1,0,0.0,254,487,264.80333333333334,242.33333333333334,116.5,0,0.0,0.0
13172,1,69.6,1,1,0,0.0,0.0,1,1,0,0.0,401,401,69.6,48.0,,1,0.0,0.0
14053,4,572.3,4,4,0,0.0,260.25,3,1,0,0.0,125,487,143.075,122.5,120.66666666666667,0,0.0,-5.565477803279021
14877,2,425.85,2,2,0,0.0,0.0,57,1,0,0.0,419,643,212.925,84.0,224.0,0,0.0,0.0
14672,4,1113.1399999999999,4,4,0,0.0,0.0,93,1,0,0.0,235,681,278.28499999999997,161.5,148.66666666666666,0,0.0,0.0
15350,2,547.6000000000001,2,2,0,0.0,0.0,26,1,0,0.0,374,384,273.80000000000007,136.0,10.0,0,0.0,0.0
13483,1,140.34,1,1,1,140.34,0.0,10,1,0,0.0,66,66,140.34,160.0,,1,0.0,4.951168335262708
16117,3,654.4000000000001,3,3,0,0.0,0.0,64,1,1,4.35,190,592,218.13333333333335,107.0,201.0,0,0.006603415559772294,0.0
18032,1,73.5,1,1,0,0.0,0.0,5,1,0,0.0,335,335,73.5,42.0,,1,0.0,0.0
16294,1,126.05,1,1,0,0.0,0.0,8,1,0,0.0,477,477,126.05,54.0,,1,0.0,0.0
17947,1,176.68,1,1,1,176.68,0.0,9,1,0,0.0,38,38,176.68,168.0,,1,0.0,5.179984179586172
16964,2,207.85,1,1,0,0.0,0.0,6,1,0,0.0,734,734,103.925,24.5,,1,0.0,0.0
16714,3,1482.3300000000002,2,2,0,0.0,0.0,94,1,3,272.95,318,671,494.11000000000007,275.6666666666667,353.0,0,0.15550225605031673,0.0
16695,2,191.9,1,1,0,0.0,0.0,30,1,0,0.0,562,562,95.95,92.0,,1,0.0,0.0
15851,1,109.73,1,1,0,0.0,0.0,8,1,0,0.0,527,527,109.73,67.0,,1,0.0,0.0
14435,1,90.42,1,1,0,0.0,0.0,3,1,0,0.0,502,502,90.42,282.0,,1,0.0,0.0
12979,1,517.6999999999999,1,1,0,0.0,0.0,56,0,1,38.160000000000004,730,730,517.6999999999999,520.0,,1,0.06865037959198361,0.0
14042,1,431.98,1,1,0,0.0,0.0,21,1,0,0.0,726,726,431.98,180.0,,1,0.0,0.0
15742,1,156.87,1,1,0,0.0,0.0,41,1,0,0.0,620,620,156.87,51.0,,1,0.0,0.0
14683,1,146.56,1,1,0,0.0,0.0,21,1,0,0.0,589,589,146.56,386.0,,1,0.0,0.0
13974,2,677.72,2,2,1,413.59,0.0,43,1,2,14.2,50,583,338.86,178.0,533.0,0,0.02052260376922187,6.027290080077415
12499,1,357.72,1,1,0,0.0,0.0,26,0,0,0.0,561,561,357.72,300.0,,1,0.0,0.0
16925,1,125.64999999999999,1,1,0,0.0,0.0,18,1,0,0.0,541,541,125.64999999999999,123.0,,1,0.0,0.0
17156,1,591.8699999999999,1,1,0,0.0,0.0,39,1,1,19.8,492,492,591.8699999999999,391.0,,1,0.032370395801657764,0.0
16886,1,134.0,1,1,0,0.0,0.0,8,1,1,134.0,457,457,134.0,48.0,,1,0.5,0.0
12699,1,566.1100000000001,1,1,0,0.0,0.0,40,0,0,0.0,418,418,566.1100000000001,369.0,,1,0.0,0.0
15011,2,416.6,2,2,0,0.0,0.0,17,1,0,0.0,396,417,208.3,144.5,21.0,0,0.0,0.0
12574,1,182.45000000000002,1,1,0,0.0,0.0,10,0,0,0.0,316,316,182.45000000000002,59.0,,1,0.0,0.0
15069,1,1109.53,1,1,0,0.0,1109.53,70,1,0,0.0,180,180,1109.53,520.0,,1,0.0,-7.012592657827759
16257,1,21.95,1,1,0,0.0,21.95,1,1,0,0.0,177,177,21.95,1.0,,1,0.0,-3.133317936506554
15871,1,33.099999999999994,1,1,0,0.0,0.0,5,1,0,0.0,438,438,33.099999999999994,5.0,,1,0.0,0.0
13891,3,859.21,3,3,0,0.0,0.0,97,1,0,0.0,379,583,286.40333333333336,158.66666666666666,102.0,0,0.0,0.0
13326,1,281.76,1,1,0,0.0,0.0,13,1,0,0.0,433,433,281.76,140.0,,1,0.0,0.0
14458,1,219.26999999999998,1,1,0,0.0,0.0,45,1,0,0.0,381,381,219.26999999999998,309.0,,1,0.0,0.0
15902,1,145.01,1,1,0,0.0,0.0,18,1,0,0.0,381,381,145.01,124.0,,1,0.0,0.0
16247,1,114.56,1,1,0,0.0,114.56,16,1,0,0.0,171,171,114.56,182.0,,1,0.0,-4.749789875598035
13730,2,752.5999999999999,2,1,0,0.0,752.5999999999999,38,1,0,0.0,136,162,376.29999999999995,244.0,26.0,0,0.0,-6.624861723262153
14801,1,189.34,1,1,1,189.34,0.0,56,1,0,0.0,62,62,189.34,173.0,,1,0.0,5.248811946644198
17993,1,225.99,1,1,0,0.0,0.0,60,1,0,0.0,618,618,225.99,108.0,,1,0.0,0.0
14024,3,645.74,3,2,0,0.0,327.7,33,1,0,0.0,122,391,215.24666666666667,79.33333333333333,134.5,0,0.0,-5.795145480670174
16417,1,35.7,1,1,0,0.0,0.0,1,1,0,0.0,493,493,35.7,6.0,,1,0.0,0.0
14613,1,76.32000000000001,1,1,0,0.0,0.0,1,1,0,0.0,681,681,76.32000000000001,72.0,,1,0.0,0.0
17833,1,338.46,1,1,0,0.0,0.0,28,1,0,0.0,724,724,338.46,143.0,,1,0.0,0.0
14774,1,241.45000000000002,1,1,0,0.0,0.0,13,1,0,0.0,529,529,241.45000000000002,99.0,,1,0.0,0.0
12543,1,840.2500000000001,1,1,0,0.0,0.0,42,0,0,0.0,449,449,840.2500000000001,683.0,,1,0.0,0.0
15710,1,898.8699999999999,1,1,0,0.0,0.0,110,1,0,0.0,418,418,898.8699999999999,641.0,,1,0.0,0.0
16693,5,1179.48,5,5,1,324.45,0.0,149,1,0,0.0,69,657,235.89600000000002,131.6,147.0,0,0.0,5.785208840018396
14181,2,308.35,2,2,0,0.0,0.0,48,1,0,0.0,411,563,154.175,60.0,152.0,0,0.0,0.0
12624,2,569.1299999999999,2,2,0,0.0,569.1299999999999,35,0,0,0.0,107,178,284.56499999999994,175.5,71.0,0,0.0,-6.345864404999985
18243,1,515.78,1,1,0,0.0,0.0,26,1,0,0.0,415,415,515.78,221.0,,1,0.0,0.0
16962,1,251.04,1,1,0,0.0,0.0,15,1,0,0.0,410,410,251.04,158.0,,1,0.0,0.0
14932,2,566.13,2,2,0,0.0,0.0,28,0,0,0.0,366,386,283.065,127.5,20.0,0,0.0,0.0
15041,2,288.98,2,2,0,0.0,179.92999999999998,97,1,0,0.0,171,445,144.49,96.0,274.0,0,0.0,-5.198110216131005
17444,2,2389.1000000000004,2,2,0,0.0,2389.1000000000004,131,0,0,0.0,152,173,1194.5500000000002,1059.0,21.0,0,0.0,-7.7790904850544305
17793,1,300.34,1,1,1,300.34,0.0,49,1,0,0.0,26,26,300.34,226.0,,1,0.0,5.708239195373142
16622,1,225.39999999999998,1,1,0,0.0,0.0,12,1,1,19.8,544,544,225.39999999999998,44.0,,1,0.08075040783034258,0.0
15063,1,370.79999999999995,1,1,0,0.0,0.0,5,1,0,0.0,214,214,370.79999999999995,56.0,,1,0.0,0.0
15467,3,524.88,3,2,1,122.32,402.56,41,1,1,13.0,10,153,174.96,103.33333333333333,71.5,0,0.02416895961924593,-1.1855425725222295
15313,1,52.0,1,1,0,0.0,52.0,1,1,0,0.0,111,111,52.0,25.0,,1,0.0,-3.970291913552122
16381,2,247.84999999999997,2,2,0,0.0,0.0,60,1,0,0.0,396,419,123.92499999999998,54.0,23.0,0,0.0,0.0
16142,1,535.34,1,1,0,0.0,0.0,37,1,0,0.0,250,250,535.34,422.0,,1,0.0,0.0
12506,1,73.5,1,1,0,0.0,0.0,23,0,0,0.0,233,233,73.5,23.0,,1,0.0,0.0
14881,1,255.40000000000003,1,1,1,255.40000000000003,0.0,17,1,0,0.0,20,20,255.40000000000003,316.0,,1,0.0,5.546738725046515
14168,2,370.45,2,2,0,0.0,0.0,11,1,1,64.55,421,565,185.225,73.5,144.0,0,0.14839080459770115,0.0
14652,1,114.17999999999999,1,1,1,114.17999999999999,0.0,29,1,0,0.0,78,78,114.17999999999999,53.0,,1,0.0,4.7464961220785264
14637,1,106.67999999999999,1,1,0,0.0,0.0,7,1,0,0.0,678,678,106.67999999999999,100.0,,1,0.0,0.0
14764,1,278.3,1,1,1,278.3,0.0,6,1,1,27.75,47,47,278.3,190.0,,1,0.09067145891194249,5.632286472951131
17831,1,35.400000000000006,1,1,1,35.400000000000006,0.0,2,1,0,0.0,34,34,35.400000000000006,12.0,,1,0.0,3.594568774642695
12892,1,263.38,1,1,0,0.0,0.0,18,1,0,0.0,397,397,263.38,140.0,,1,0.0,0.0
16956,1,308.74,1,1,1,308.74,0.0,16,1,1,16.4,18,18,308.74,114.0,,1,0.05043981054315064,5.735733235888028
17488,1,336.5,1,1,0,0.0,0.0,18,1,0,0.0,642,642,336.5,136.0,,1,0.0,0.0
14476,1,193.0,1,1,0,0.0,0.0,17,1,0,0.0,258,258,193.0,110.0,,1,0.0,0.0
13130,1,64.0,1,1,0,0.0,64.0,2,1,0,0.0,95,95,64.0,32.0,,1,0.0,-4.174387269895637
15014,2,257.66999999999996,2,2,1,139.94,117.72999999999999,29,1,0,0.0,44,177,128.83499999999998,74.5,133.0,0,0.0,0.1714822602211754
14739,25,11573.619999999999,25,17,3,1654.7,939.96,129,1,3,17.93,5,738,462.9448,387.84,30.541666666666668,0,0.0015468164309346032,0.5650785284019193
14548,9,2541.29,6,6,0,0.0,326.4,66,1,0,0.0,151,734,282.36555555555555,109.55555555555556,116.6,0,0.0,-5.791182664937034
14590,20,2993.3700000000003,19,10,0,0.0,0.0,124,1,8,122.33000000000001,425,733,149.66850000000002,45.05,17.11111111111111,0,0.03926244503642841,0.0
15823,2,3867.1700000000005,2,1,0,0.0,0.0,154,1,3,819.4100000000002,730,732,1933.5850000000003,886.5,2.0,0,0.17484178228046893,0.0
17085,28,7839.27,25,15,0,0.0,347.75,410,1,4,133.99999999999997,124,734,279.9739285714286,126.89285714285714,25.416666666666668,0,0.0168061535605843,-5.854355333135575
12471,71,35099.899999999994,45,23,10,7723.65,2401.08,252,0,49,1804.9800000000005,3,733,494.3647887323943,233.9718309859155,16.59090909090909,0,0.04890897897513826,1.1680814856321717
13468,72,12793.28,70,25,8,965.95,1147.9,290,1,14,275.27000000000004,2,737,177.68444444444447,78.01388888888889,10.652173913043478,0,0.021063545687930185,-0.1724134540510125
15768,34,15308.89,33,12,0,0.0,142.68,437,1,1,1.63,116,737,450.2614705882353,123.97058823529412,19.40625,0,0.00010646274587669133,-4.96758860455389
17150,6,1357.95,6,5,0,0.0,0.0,64,1,0,0.0,377,734,226.32500000000002,66.16666666666667,71.4,0,0.0,0.0
14839,3,915.28,3,3,0,0.0,0.0,61,1,0,0.0,419,705,305.0933333333333,309.0,143.0,0,0.0,0.0
16875,11,4234.53,9,9,1,957.3299999999999,333.11,161,1,9,181.32999999999998,68,704,384.9572727272727,190.8181818181818,79.5,0,0.04106334892863451,1.0537219062233039
18134,2,445.0,2,2,0,0.0,0.0,27,1,0,0.0,599,695,222.5,64.0,96.0,0,0.0,0.0
12644,4,1900.49,4,4,0,0.0,477.90999999999997,105,0,2,102.95,130,695,475.1225,257.75,188.33333333333334,0,0.05138661502216188,-6.171512688316606
14527,121,27191.1,120,25,15,3225.71,1719.0600000000002,605,1,19,831.9200000000001,3,738,224.71983471074378,54.79338842975206,6.176470588235294,0,0.029687021598671384,0.6291038683443944
14701,15,4487.110000000001,11,9,2,584.6600000000001,207.53,455,1,3,63.150000000000006,11,685,299.14066666666673,116.26666666666667,67.4,0,0.013878327831816204,1.032656500634424
17218,18,3889.39,18,12,5,1008.3900000000001,0.0,247,1,0,0.0,5,684,216.07722222222222,114.55555555555556,39.94117647058823,0,0.0,6.917101466981717
12873,3,2027.3000000000002,3,3,0,0.0,0.0,33,1,0,0.0,283,682,675.7666666666668,262.0,199.5,0,0.0,0.0
15695,4,1131.04,3,3,0,0.0,0.0,55,1,0,0.0,267,682,282.76,121.0,207.5,0,0.0,0.0
14047,14,3968.11,12,11,2,672.69,0.0,91,1,5,87.0,9,677,283.43642857142856,110.07142857142857,60.72727272727273,0,0.021454411840862515,6.512770064454342
16830,4,1207.5,4,4,1,325.90999999999997,0.0,65,1,1,23.800000000000004,39,727,301.875,174.75,229.33333333333334,0,0.019329164297896537,5.789684903656904
13975,12,5256.4,11,10,2,994.5699999999999,512.66,434,1,2,31.55,32,676,438.0333333333333,323.6666666666667,64.4,0,0.005966395294963077,0.6617538694736256
14669,7,3216.7799999999997,5,5,0,0.0,0.0,334,1,0,0.0,242,738,459.53999999999996,291.85714285714283,124.0,0,0.0,0.0
15615,47,21373.969999999998,38,22,4,3031.8900000000003,2145.8900000000003,292,1,7,91.89999999999999,11,738,454.7653191489361,257.2340425531915,19.64864864864865,0,0.004281214784213265,0.345495677023294
13771,9,5728.82,7,6,2,1169.6000000000001,0.0,182,1,1,2.75,65,653,636.5355555555556,348.8888888888889,98.0,0,0.0004797987287950771,7.06527171685712
14422,19,10271.52,19,17,4,3231.49,630.8399999999999,317,1,2,70.60000000000001,1,723,540.6063157894737,319.3157894736842,40.111111111111114,0,0.00682645337706389,1.632371819522068
14970,12,4919.349999999999,10,9,1,472.30999999999995,337.5,71,1,4,1325.95,69,664,409.94583333333327,81.83333333333333,66.11111111111111,0,0.2123116583670921,0.33522647258514215
16029,106,109620.87,70,24,11,26720.699999999997,17383.88,56,1,6,12554.160000000002,39,732,1034.159150943396,513.6698113207547,10.043478260869565,0,0.10275553032399502,0.4298751064652482
15149,4,1524.6100000000001,3,3,0,0.0,520.8,61,1,0,0.0,134,650,381.15250000000003,94.75,258.0,0,0.0,-6.257284372702628
13508,2,287.05,2,2,0,0.0,0.0,27,1,0,0.0,244,643,143.525,90.0,399.0,0,0.0,0.0
16013,84,56078.44,49,23,12,13721.260000000002,10608.02,54,1,7,4462.799999999999,4,732,667.6004761904762,303.8095238095238,15.166666666666666,0,0.07371504118514914,0.2573147490972847
15312,12,2930.1899999999996,12,11,1,130.04999999999998,186.90000000000003,118,1,2,13.7,76,724,244.18249999999998,141.08333333333334,58.90909090909091,0,0.004653706490391965,-0.3603309766500047
17640,6,3168.9399999999996,6,5,1,621.66,0.0,48,1,2,61.35,87,627,528.1566666666666,282.0,108.0,0,0.018992102876212356,6.434000623425246
14680,58,55688.5,51,23,2,3331.55,10888.68,222,1,29,2608.4799999999996,26,736,960.1465517241379,463.6896551724138,14.2,0,0.04474468488762196,-1.1840777750473617
16455,11,3995.5699999999997,10,8,1,517.8000000000001,189.60000000000002,111,1,2,77.65,64,620,363.2336363636363,259.1818181818182,61.77777777777778,0,0.019063541866140305,1.0013414612221867
13952,14,12823.52,11,10,0,0.0,0.0,237,1,3,32.629999999999995,218,724,915.9657142857143,424.7142857142857,50.6,0,0.002538084885443931,0.0
17044,12,11962.300000000001,11,8,1,948.48,0.0,92,1,4,94.7,26,733,996.8583333333335,476.8333333333333,70.7,0,0.007854358463962843,6.855914466312751
16276,3,2629.3900000000003,3,3,0,0.0,810.6000000000001,20,1,0,0.0,177,608,876.4633333333335,489.0,215.5,0,0.0,-6.69900760795166
13450,13,4120.04,13,11,2,622.26,742.92,57,1,1,2.5,27,604,316.92615384615385,332.15384615384613,48.083333333333336,0,0.0006064222542413173,-0.17696973496920076
17850,155,51208.87000000001,23,8,0,0.0,0.0,100,1,4,801.1,373,735,330.379806451613,135.81935483870967,16.454545454545453,0,0.015402816037002134,0.0
18231,28,6848.27,25,13,0,0.0,0.0,217,1,2,32.8,193,699,244.58107142857145,104.03571428571429,21.083333333333332,0,0.00476670052767956,0.0
14788,3,1156.32,3,3,2,679.44,0.0,53,1,0,0.0,8,597,385.44,239.66666666666666,294.5,0,0.0,6.522739647741382
17332,5,827.7700000000001,5,5,0,0.0,0.0,81,1,0,0.0,529,657,165.55400000000003,153.8,32.0,0,0.0,0.0
14474,2,1258.89,2,2,1,547.6600000000001,0.0,122,1,1,9.95,47,580,629.445,224.0,533.0,0,0.007841808265817596,6.3074789418267985
17838,13,5604.64,12,9,2,1065.8,0.0,141,1,2,470.15000000000003,27,631,431.1261538461539,268.53846153846155,54.90909090909091,0,0.07739362183713347,6.9724187923078595
13564,36,15880.220000000001,25,13,0,0.0,0.0,483,1,13,267.12,355,738,441.11722222222227,245.36111111111111,15.958333333333334,0,0.01654266275436078,0.0
13957,3,458.25,3,3,0,0.0,0.0,21,1,0,0.0,418,659,152.75,52.333333333333336,120.5,0,0.0,0.0
16604,2,432.45000000000005,2,1,0,0.0,0.0,10,1,1,106.2,563,569,216.22500000000002,87.5,6.0,0,0.19715956558061817,0.0
16422,107,61656.420000000006,90,23,12,5566.7,9824.85,109,1,15,1716.8999999999996,18,697,576.2282242990655,598.4299065420561,7.629213483146067,0,0.02709184243463968,-0.5680346257378854
14492,7,1921.91,7,4,0,0.0,0.0,70,1,3,347.55,431,620,274.55857142857144,107.28571428571429,31.5,0,0.1531421571651406,0.0
16701,26,9916.73,25,19,3,1347.88,1852.13,154,1,8,302.14,9,739,381.4126923076923,424.84615384615387,30.416666666666668,0,0.029566869918102492,-0.31760148285775003
17897,9,2053.0400000000004,8,6,0,0.0,131.14000000000001,210,1,1,25.5,173,577,228.1155555555556,95.11111111111111,57.714285714285715,0,0.012268226736074358,-4.8838619666017395
13052,7,3118.4800000000005,6,6,0,0.0,0.0,160,1,0,0.0,213,655,445.49714285714293,203.28571428571428,88.4,0,0.0,0.0
17350,7,1893.7000000000003,6,5,4,1281.3200000000002,0.0,123,1,1,29.88,9,677,270.52857142857147,168.14285714285714,133.6,0,0.015533536426870727,7.156426216317626
15016,5,620.8900000000001,4,4,0,0.0,170.03999999999996,93,1,1,8.0,173,544,124.17800000000003,48.6,123.66666666666667,0,0.012720825581580242,-5.141897447276735
15600,4,1199.31,4,4,0,0.0,0.0,55,1,1,20.6,429,594,299.8275,164.25,55.0,0,0.016886491626431462,0.0
15122,11,4487.27,10,9,0,0.0,703.1700000000001,155,1,5,36.050000000000004,115,620,407.9336363636364,184.8181818181818,56.111111111111114,0,0.007969809785732604,-6.557019804279826
15858,13,3552.41,13,11,3,611.35,0.0,273,1,2,42.5,16,730,273.2623076923077,208.84615384615384,59.5,0,0.011822270933069257,6.417304014467296
17675,70,37642.479999999996,62,25,8,6300.089999999999,6328.58,345,1,19,575.4599999999999,2,730,537.7497142857143,231.14285714285714,11.934426229508198,0,0.015057326480705135,-0.004511248938895207
17960,3,135.08,3,3,0,0.0,73.78,37,1,0,0.0,172,642,45.02666666666667,20.0,235.0,0,0.0,-4.314550469548967
13239,5,1594.69,5,4,0,0.0,0.0,86,1,1,14.850000000000001,262,503,318.938,230.2,60.25,0,0.009226238552629945,0.0
13823,7,3403.45,7,7,1,307.24,650.42,108,1,1,44.9,19,725,486.20714285714286,223.42857142857142,117.66666666666667,0,0.013020720054518828,-0.7482758951539132
14630,1,338.65000000000003,1,1,0,0.0,0.0,21,1,0,0.0,485,485,338.65000000000003,111.0,,1,0.0,0.0
17157,19,5151.900000000001,18,9,1,157.54,161.46,78,1,1,12.450000000000001,8,736,271.1526315789474,110.10526315789474,42.8235294117647,0,0.0024107583723024196,-0.024424890213797568
12682,51,20736.219999999998,47,25,11,3645.9,2654.63,326,0,1,88.1,4,739,406.5925490196078,203.90196078431373,15.978260869565217,0,0.00423063033991026,0.3171955769724013
13477,11,2819.17,10,10,2,555.03,383.52,112,1,2,13.05,38,684,256.28818181818184,190.0909090909091,71.77777777777777,0,0.004607692905212166,0.368826446431882
16186,26,8718.43,23,18,3,1310.41,1349.18,172,1,4,42.2,23,731,335.3242307692308,253.6153846153846,32.18181818181818,0,0.004817005169719529,-0.02913502263880119
13448,12,8386.220000000001,11,9,2,2111.4300000000003,0.0,320,1,4,73.7,17,734,698.8516666666668,349.5,71.7,0,0.008711666304173088,7.655594222587642
15736,2,1767.12,1,1,0,0.0,0.0,95,1,1,98.45,436,436,883.56,604.0,,1,0.05277207502264724,0.0
16407,14,2761.65,12,10,2,597.31,692.5799999999999,120,1,0,0.0,13,433,197.2607142857143,103.42857142857143,38.18181818181818,0,0.0,-0.14775757570778314
16281,3,3424.02,3,3,1,2062.06,0.0,27,1,1,7.5,73,683,1141.34,523.3333333333334,305.0,0,0.002185620366484823,7.6319455965067835
17390,1,149.29999999999998,1,1,0,0.0,0.0,12,1,0,0.0,421,421,149.29999999999998,49.0,,1,0.0,0.0
17894,18,2304.16,17,7,1,123.06,128.9,214,1,2,55.71999999999999,72,470,128.0088888888889,52.0,24.875,0,0.02361137006966456,-0.04599960413158222
17732,8,2166.4200000000005,7,5,0,0.0,0.0,90,1,2,22.25,373,488,270.80250000000007,132.25,19.166666666666668,0,0.010165991218411179,0.0
17690,20,6963.799999999999,19,13,4,1231.2700000000002,462.75,237,1,1,9.5,31,675,348.18999999999994,146.95,35.77777777777778,0,0.0013623392081224099,0.9772676620048424
12395,15,4241.17,14,11,4,1008.06,284.84999999999997,144,0,3,20.35,20,603,282.74466666666666,211.66666666666666,44.84615384615385,0,0.0047752914453059,1.2613072856923173
14824,10,4022.9100000000003,10,7,3,685.8000000000001,441.91,84,1,2,70.4,11,638,402.29100000000005,195.4,69.66666666666667,0,0.01719879510713823,0.43867653988890876
16570,20,7434.3099999999995,17,13,4,1604.33,660.84,114,1,11,589.4999999999999,16,620,371.71549999999996,214.6,37.75,0,0.07346883836980186,0.8860607870245039
14275,6,1189.38,5,4,0,0.0,0.0,14,1,0,0.0,396,608,198.23000000000002,89.66666666666667,53.0,0,0.0,0.0
13316,10,12940.82,10,9,2,2197.75,1912.7000000000003,115,1,1,122.39999999999999,38,640,1294.0819999999999,1993.1,66.88888888888889,0,0.009369818467422275,0.1388504761357483
13693,9,2011.8200000000002,9,5,0,0.0,0.0,78,1,3,45.5,375,733,223.53555555555556,97.77777777777777,44.75,0,0.022116151109210037,0.0
14684,6,1430.0300000000002,6,6,3,708.0699999999999,0.0,272,1,0,0.0,26,391,238.33833333333337,167.5,73.0,0,0.0,6.56395425226507
17545,6,1409.8600000000001,3,3,3,642.32,0.0,204,1,0,0.0,44,578,234.9766666666667,113.66666666666667,267.0,0,0.0,6.466642267627447
14358,2,400.05999999999995,2,2,0,0.0,0.0,21,1,0,0.0,390,429,200.02999999999997,169.0,39.0,0,0.0,0.0
14049,13,13023.400000000001,10,10,1,2333.98,226.92999999999998,573,1,5,175.0,17,618,1001.8000000000001,652.3076923076923,66.77777777777777,0,0.013259182931264395,2.3267200404847763
17421,3,1059.4099999999999,3,3,0,0.0,0.0,46,1,0,0.0,387,736,353.1366666666666,269.0,174.5,0,0.0,0.0
14679,3,1289.44,3,3,0,0.0,0.0,49,1,2,16.49,382,732,429.81333333333333,264.6666666666667,175.0,0,0.012627016762001024,0.0
12996,1,355.5,1,1,0,0.0,0.0,22,1,0,0.0,376,376,355.5,122.0,,1,0.0,0.0
17041,6,1655.2,5,5,1,320.6,446.39000000000004,93,1,1,15.8,27,601,275.8666666666667,217.16666666666666,143.5,0,0.00945541591861161,-0.33012216013798934
14733,15,14335.149999999998,15,10,1,541.71,1136.6200000000001,140,1,3,134.37,17,403,955.6766666666665,386.6,27.571428571428573,0,0.009286417241207726,-0.740118532480265
15562,3,671.4300000000001,3,3,0,0.0,0.0,32,1,0,0.0,352,727,223.81000000000003,186.66666666666666,187.5,0,0.0,0.0
16839,44,21758.25,42,20,12,5725.07,3826.01,132,1,7,1337.72,9,667,494.5056818181818,256.70454545454544,16.048780487804876,0,0.05792006137867342,0.40294561208711954
15661,8,1215.95,8,7,0,0.0,0.0,27,1,0,0.0,318,579,151.99375,97.375,37.285714285714285,0,0.0,0.0
15811,7,3392.55,7,6,1,444.82,478.96000000000004,204,1,3,47.3,23,389,484.65000000000003,247.57142857142858,61.0,0,0.013750599590098403,-0.07378748398340207
16745,17,7180.7,17,8,1,821.6,2249.6600000000003,148,1,1,23.6,87,312,422.3941176470588,395.2352941176471,14.0625,0,0.0032758213844509532,-1.0065087297216646
14239,21,4263.17,21,16,2,499.96000000000004,585.8500000000001,97,1,3,59.45,44,735,203.00809523809525,82.33333333333333,34.55,0,0.013753232992953349,-0.15824299296803712
12693,7,1415.02,7,7,0,0.0,189.14000000000001,62,0,4,62.599999999999994,128,523,202.1457142857143,74.28571428571429,65.83333333333333,0,0.042365425481517574,-5.247760642930884
18172,52,17467.239999999998,35,19,9,1926.4,1915.12,176,1,11,178.01000000000002,15,729,335.9084615384615,142.44230769230768,21.0,0,0.010088267380739863,0.005869636367421549
17288,11,2468.4300000000003,9,7,2,753.9300000000001,0.0,233,1,0,0.0,10,395,224.4027272727273,154.45454545454547,48.125,0,0.0,6.626625029718914
16652,16,17550.39,12,10,2,2248.1,1471.2500000000002,124,1,8,237.56,59,633,1096.899375,467.3125,52.18181818181818,0,0.013355108373927293,0.4237382933524456
13060,1,307.53000000000003,1,1,0,0.0,0.0,15,1,0,0.0,254,254,307.53000000000003,123.0,,1,0.0,0.0
13198,8,4974.23,8,8,1,392.06000000000006,921.4300000000001,265,1,4,61.95,11,435,621.77875,431.125,60.57142857142857,0,0.012300990036098792,-0.8530492203049445
12769,1,1143.6,1,1,0,0.0,0.0,32,0,0,0.0,239,239,1143.6,356.0,,1,0.0,0.0
18183,2,632.0699999999999,2,2,0,0.0,0.0,36,1,4,31.550000000000004,228,275,316.03499999999997,185.5,47.0,0,0.047542268165516426,0.0
16188,5,1087.66,5,4,1,226.83,189.26,72,1,1,9.95,45,409,217.532,167.6,91.0,0,0.009065150645493389,0.18020817903264863
16370,4,1301.9099999999999,4,4,1,357.41999999999996,401.28,143,1,0,0.0,83,226,325.47749999999996,160.0,47.666666666666664,0,0.0,-0.11544288046103723
14149,1,446.62,1,1,0,0.0,0.0,28,1,2,187.19000000000003,221,221,446.62,218.0,,1,0.2953408750256386,0.0
12871,3,744.02,3,3,1,248.64,0.0,13,1,0,0.0,85,440,248.00666666666666,161.33333333333334,177.5,0,0.0,5.520019880065842
15189,46,17524.379999999997,43,16,8,3589.620000000001,7105.5599999999995,90,1,12,423.24999999999994,2,510,380.9647826086956,150.04347826086956,12.095238095238095,0,0.023582500865016717,-0.6826934115972456
14688,28,7190.419999999999,27,15,5,1392.65,1400.0200000000002,197,1,6,523.49,8,457,256.80071428571426,180.03571428571428,17.26923076923077,0,0.06786312000010372,-0.005274337997168921
16966,7,2154.9700000000003,7,6,3,668.41,332.16,8,1,2,6.0,9,241,307.8528571428572,283.0,38.666666666666664,0,0.0027765309097303524,0.6977738723496252
16609,7,5493.46,7,5,2,2783.42,722.4200000000001,155,1,2,42.5,16,253,784.78,345.7142857142857,39.5,0,0.007677078591608321,1.3478049057874646
15402,6,1830.1200000000001,6,6,0,0.0,185.36,78,1,1,13.899999999999999,149,592,305.02000000000004,338.8333333333333,88.6,0,0.0075378791987071704,-5.227680286948596
15046,25,7604.839999999999,25,18,4,1146.74,1667.07,247,1,3,229.01,10,695,304.19359999999995,183.36,28.541666666666668,0,0.029233390989104976,-0.373872478072367
15827,28,3603.1400000000003,22,18,1,237.93,482.49,124,1,14,356.04999999999995,74,701,128.68357142857144,61.25,29.857142857142858,0,0.08993001093658044,-0.7048600101537552
17581,43,17951.170000000002,20,20,8,4502.950000000001,3102.73,387,1,9,407.18000000000006,1,737,417.4690697674419,221.37209302325581,38.73684210526316,0,0.022179553173351636,0.37235017553091687
14775,3,1011.9,3,3,1,310.43999999999994,294.9,57,1,0,0.0,59,373,337.3,391.3333333333333,157.0,0,0.0,0.05118514389603668
16060,3,541.95,3,3,0,0.0,0.0,22,1,0,0.0,401,495,180.65,81.0,47.0,0,0.0,0.0
16353,38,9795.46,32,18,9,3207.8999999999996,1312.5300000000002,76,1,3,13.53,4,733,257.7752631578947,91.65789473684211,23.516129032258064,0,0.0013793469052369306,0.8932100296625052
14290,8,4516.5599999999995,8,7,4,1537.0900000000001,0.0,120,1,6,295.13,12,732,564.5699999999999,200.0,102.85714285714286,0,0.061336037857800486,7.3382966659087705
16814,36,11914.95,36,19,5,1285.01,1033.83,246,1,1,8.5,15,608,330.97083333333336,134.38888888888889,16.942857142857143,0,0.0007128809195325178,0.2173072398160647
16764,13,2790.95,13,6,9,2008.4,782.5500000000001,209,1,5,41.0,4,144,214.68846153846152,96.38461538461539,11.666666666666666,0,0.014477656738289872,0.9417565730589894
15727,15,9371.71,14,13,1,569.6700000000001,1358.42,426,1,0,0.0,17,685,624.7806666666667,393.8666666666667,51.38461538461539,0,0.0,-0.8680023080394035
15550,12,2211.05,10,9,1,142.35,295.38,166,1,2,223.20000000000002,5,737,184.2541666666667,94.91666666666667,81.33333333333333,0,0.09169148608400945,-0.7263532224326541
14335,2,454.85999999999996,2,2,1,107.36000000000001,347.49999999999994,55,0,0,0.0,17,97,227.42999999999998,187.5,80.0,0,0.0,-1.1681792129836843
17058,3,1179.89,3,3,1,360.23,0.0,51,1,0,0.0,82,240,393.2966666666667,197.33333333333334,79.0,0,0.0,5.889514874572237
13212,3,786.83,2,2,3,786.83,0.0,128,1,1,7.5,20,62,262.2766666666667,103.0,42.0,0,0.009441919605201868,6.669282330542903
14780,2,447.67999999999995,2,2,2,447.67999999999995,0.0,26,1,0,0.0,55,80,223.83999999999997,155.0,25.0,0,0.0,6.106309938777023
17244,5,1826.0400000000004,3,3,1,954.9000000000001,0.0,109,1,0,0.0,54,734,365.2080000000001,283.8,340.0,0,0.0,6.862653305069717
15806,3,784.58,3,3,1,262.7,221.52,24,1,0,0.0,47,277,261.5266666666667,200.66666666666666,115.0,0,0.0,0.16979510815214827
12901,28,17654.54,23,10,9,6015.07,3577.67,30,1,6,1338.3999999999999,9,271,630.5192857142857,824.1071428571429,11.909090909090908,0,0.07046828979610317,0.5194429992117566
16506,2,90.30000000000001,2,2,2,90.30000000000001,0.0,3,1,0,0.0,20,41,45.150000000000006,21.0,21.0,0,0.0,4.514150787600923
13267,36,9429.81,27,19,4,1402.15,909.1999999999999,152,1,14,217.75,3,733,261.93916666666667,109.97222222222223,28.076923076923077,0,0.02257047377782569,0.4328106325612877
14913,8,4073.13,8,8,1,310.28000000000003,0.0,176,1,0,0.0,36,486,509.14125,494.375,64.28571428571429,0,0.0,5.740692828676298
13199,66,15949.21,56,25,16,5076.96,1000.0,60,1,2,27.91,4,735,241.65469696969694,175.24242424242425,13.290909090909091,0,0.001746873028430656,1.6239101058014036
15787,3,933.26,2,2,3,933.26,0.0,156,1,0,0.0,27,62,311.08666666666664,178.0,35.0,0,0.0,6.839754772081388
18082,1,680.84,1,1,1,680.84,0.0,62,1,0,0.0,26,26,680.84,608.0,,1,0.0,6.524795026214043
17368,14,2758.29,13,9,2,273.8,716.15,195,1,2,612.9,24,725,197.0207142857143,165.64285714285714,58.416666666666664,0,0.1818052379130218,-0.9592414633920283
14456,9,3014.32,8,5,6,2380.63,633.69,579,1,4,13.520000000000001,6,143,334.9244444444445,316.44444444444446,19.571428571428573,0,0.004465229338406257,1.3224037154826842
13117,18,2255.66,18,16,1,143.14000000000001,90.4,122,1,1,1.7,22,624,125.31444444444443,102.88888888888889,35.411764705882355,0,0.0007530921075947125,0.4555395710361907
14607,20,22575.13,13,9,11,14526.5,0.0,105,1,5,5348.9,16,725,1128.7565,727.15,59.083333333333336,0,0.19155186411130484,9.583798683949261
14639,9,4978.96,7,7,2,995.26,754.1,203,1,2,32.15,53,662,553.2177777777778,267.77777777777777,101.5,0,0.006415744216351268,0.27715807688582217
17909,1,110.05000000000001,1,1,0,0.0,0.0,8,1,0,0.0,738,738,110.05000000000001,35.0,,1,0.0,0.0
12949,22,15526.7,16,13,1,717.8000000000001,1198.7199999999998,347,1,6,135.7,31,737,705.7590909090909,374.22727272727275,47.06666666666667,0,0.008664061701910307,-0.512260320306896
18071,6,1169.68,5,4,0,0.0,0.0,52,1,0,0.0,258,735,194.9466666666667,113.0,119.25,0,0.0,0.0
13711,9,1792.2600000000002,8,6,0,0.0,0.0,80,1,6,159.65,219,725,199.14000000000001,91.0,72.28571428571429,0,0.08179168096889712,0.0
14685,8,4536.64,5,5,0,0.0,0.0,109,1,5,295.48,577,727,567.08,246.125,37.5,0,0.06114914364709485,0.0
16510,6,1757.25,6,5,0,0.0,0.0,93,1,0,0.0,373,692,292.875,154.5,63.8,0,0.0,0.0
16524,2,306.18999999999994,2,2,0,0.0,0.0,50,1,0,0.0,447,692,153.09499999999997,129.5,245.0,0,0.0,0.0
16954,20,6081.879999999999,19,15,5,839.7,303.9,83,1,1,44.550000000000004,1,691,304.09399999999994,204.3,38.333333333333336,0,0.007271771651679691,1.0142510241470424
14481,5,2284.69,5,5,0,0.0,333.65000000000003,114,1,0,0.0,165,678,456.938,313.6,128.25,0,0.0,-5.813085209546651
16415,3,696.76,3,3,1,200.27000000000004,0.0,120,1,0,0.0,45,677,232.25333333333333,169.33333333333334,316.0,0,0.0,5.304647290242906
13119,1,134.89999999999998,1,1,0,0.0,0.0,11,1,0,0.0,669,669,134.89999999999998,110.0,,1,0.0,0.0
15306,9,3484.73,9,7,1,517.28,657.0699999999999,123,1,1,3.75,65,660,387.1922222222222,341.55555555555554,74.375,0,0.0010749667476952713,-0.23879567188516315
14898,14,3365.95,14,12,1,278.13,380.24999999999994,185,1,4,123.35,24,737,240.42499999999998,157.64285714285714,54.84615384615385,0,0.03535092998595707,-0.3117777048003765
14396,7,1969.38,6,6,1,377.64000000000004,0.0,202,1,0,0.0,66,738,281.34000000000003,137.0,134.4,0,0.0,5.936585885597992
17359,2,284.46,2,2,1,127.86,0.0,36,1,0,0.0,12,649,142.23,118.5,637.0,0,0.0,4.858726543710496
15117,8,2485.9700000000003,7,6,3,876.0500000000001,363.33000000000004,89,1,1,1.65,15,635,310.74625000000003,386.625,103.33333333333333,0,0.0006632845852662382,0.8785039529540466
16242,14,7404.650000000001,13,12,4,2733.2699999999995,453.69000000000005,348,1,4,34.15,9,635,528.9035714285715,280.07142857142856,52.166666666666664,0,0.004590794214120557,1.794003900742097
15810,8,2999.04,8,8,1,30.79,507.07,89,1,5,274.24,79,674,374.88,206.625,85.0,0,0.08378140580701927,-2.7714674584384644
14253,2,363.40000000000003,2,2,0,0.0,0.0,11,1,0,0.0,494,624,181.70000000000002,44.0,130.0,0,0.0,0.0
16176,4,2052.69,4,4,0,0.0,0.0,53,1,3,88.64999999999999,422,621,513.1725,238.0,66.33333333333333,0,0.04139931071198408,0.0
14918,9,5955.81,8,8,0,0.0,1610.15,79,1,0,0.0,116,611,661.7566666666667,283.44444444444446,70.71428571428571,0,0.0,-7.384703488712166
13291,11,3270.7900000000004,11,9,0,0.0,361.11,155,1,0,0.0,156,667,297.3445454545455,145.45454545454547,51.1,0,0.0,-5.8919480330707374
14512,7,1215.97,7,7,0,0.0,0.0,55,1,0,0.0,188,733,173.71,105.14285714285714,90.83333333333333,0,0.0,0.0
14292,16,9226.25,11,11,5,2281.72,1465.0,120,1,11,338.35,8,631,576.640625,214.3125,62.3,0,0.035375237856261635,0.44283011091990776
12708,18,4559.66,18,16,3,609.14,621.6000000000001,129,0,11,177.94,30,722,253.31444444444443,133.38888888888889,40.705882352941174,0,0.03755910165484634,-0.020215818976407007
17597,5,3484.0899999999992,5,5,0,0.0,0.0,109,1,2,58.8,214,584,696.8179999999999,443.0,92.5,0,0.016596620273279725,0.0
16323,2,353.66,2,2,0,0.0,0.0,4,1,0,0.0,197,578,176.83,73.0,381.0,0,0.0,0.0
18258,6,2059.67,5,5,0,0.0,0.0,30,1,2,18.7,465,573,343.27833333333336,330.1666666666667,27.0,0,0.00899743549031212,0.0
15207,3,683.9200000000001,3,2,0,0.0,0.0,19,1,2,26.65,417,548,227.97333333333336,142.66666666666666,65.5,0,0.03750510153820172,0.0
12557,8,18096.14,8,8,1,2990.0,4146.34,15,0,0,0.0,17,723,2262.0175,797.75,100.85714285714286,0,0.0,-0.32685938523422386
13799,9,2803.5699999999997,9,8,0,0.0,347.15999999999997,64,1,4,763.75,117,645,311.50777777777773,171.0,66.0,0,0.21409629637935482,-5.852662144227523
13277,7,523.3,7,6,2,132.5,125.9,10,1,0,0.0,16,540,74.75714285714285,54.57142857142857,87.33333333333333,0,0.0,0.050702103119962594
15102,2,554.67,2,1,0,0.0,0.0,26,1,0,0.0,531,547,277.335,169.5,16.0,0,0.0,0.0
17651,16,5703.5199999999995,14,6,6,2796.9900000000002,1148.0100000000002,198,1,5,68.47,12,527,356.46999999999997,255.375,39.61538461538461,0,0.011862459914171716,0.8900006002065499
18279,1,231.34,1,1,0,0.0,0.0,13,1,0,0.0,520,520,231.34,630.0,,1,0.0,0.0
14384,1,58.5,1,1,0,0.0,0.0,3,1,0,0.0,501,501,58.5,30.0,,1,0.0,0.0
15459,2,202.82999999999998,2,2,0,0.0,0.0,6,1,0,0.0,418,498,101.41499999999999,60.5,80.0,0,0.0,0.0
15944,4,2164.24,4,4,0,0.0,0.0,25,1,0,0.0,277,727,541.06,214.75,150.0,0,0.0,0.0
13050,34,11877.29,34,21,4,1327.12,1050.61,512,1,20,351.75,15,725,349.33205882352945,205.5,21.515151515151516,0,0.028763500650909636,0.23344208527016796
14852,18,6132.429999999999,12,12,1,648.2700000000001,1698.02,152,1,3,23.549999999999997,59,645,340.69055555555553,242.55555555555554,53.27272727272727,0,0.0038255484910607244,-0.9619582383898768
14016,11,11303.41,11,11,0,0.0,976.5799999999999,353,0,2,23.7,162,701,1027.5827272727272,520.0,53.9,0,0.0020923254033906264,-6.885080129942919
14796,27,10167.77,27,20,3,1394.31,3108.7200000000003,486,1,12,196.57,2,726,376.58407407407407,266.0740740740741,27.846153846153847,0,0.018965993010649978,-0.8014160771758139
15751,11,1380.44,7,6,0,0.0,0.0,90,1,3,61.599999999999994,461,734,125.49454545454546,40.27272727272727,45.5,0,0.04271726165709689,0.0
17585,7,2064.71,7,6,0,0.0,595.15,295,1,0,0.0,110,479,294.9585714285714,358.57142857142856,61.5,0,0.0,-6.390492313252141
18107,1,165.88,1,1,0,0.0,0.0,38,1,0,0.0,443,443,165.88,65.0,,1,0.0,0.0
17886,6,1572.55,6,6,1,491.57,0.0,138,1,1,9.95,32,590,262.09166666666664,118.5,111.6,0,0.0062875197472353865,6.1996365824920465
15973,2,665.62,2,2,0,0.0,0.0,7,1,2,208.04999999999998,367,429,332.81,97.0,62.0,0,0.23813339132624445,0.0
14177,13,2209.69,9,7,1,250.0,299.46000000000004,141,1,1,4.95,87,652,169.97615384615386,80.23076923076923,70.625,0,0.0022351262507676194,-0.17986169450249445
18037,15,167.42,14,10,0,0.0,9.2,31,1,0,0.0,155,739,11.161333333333333,2.466666666666667,44.92307692307692,0,0.0,-2.322387720290225
14343,4,1079.66,4,4,0,0.0,0.0,193,1,0,0.0,422,691,269.915,156.5,89.66666666666667,0,0.0,0.0
14686,5,852.53,2,2,0,0.0,0.0,185,1,1,7.95,415,660,170.506,91.4,245.0,0,0.009239029378951283,0.0
14281,1,245.15,1,1,0,0.0,0.0,7,1,0,0.0,409,409,245.15,45.0,,1,0.0,0.0
18041,38,8018.7699999999995,36,20,5,1099.26,341.5,464,1,2,82.72999999999999,12,695,211.02026315789473,192.52631578947367,19.514285714285716,0,0.010211689193359255,1.1670301367910616
12749,9,6847.360000000001,7,7,2,1285.65,1896.13,259,1,7,568.87,4,522,760.8177777777778,262.1111111111111,86.33333333333333,0,0.07670608921244351,-0.388300276504717
17544,3,944.82,1,1,0,0.0,0.0,80,1,0,0.0,391,391,314.94,136.66666666666666,,1,0.0,0.0
15421,10,3805.3399999999997,9,9,1,211.00000000000003,0.0,170,1,0,0.0,59,733,380.534,192.7,84.25,0,0.0,5.356586274672012
17071,13,3793.71,12,12,3,1026.6100000000001,358.40000000000003,141,1,7,62.75000000000001,29,685,291.82384615384615,148.76923076923077,59.63636363636363,0,0.016271399158814044,1.0505550222519213
13458,16,11959.270000000002,16,12,4,1968.15,1418.3400000000001,290,1,8,108.64999999999999,8,389,747.4543750000001,422.5,25.4,0,0.009003208506519762,0.3274100027248057
18260,23,9947.26,22,15,0,0.0,427.13,212,1,9,210.16,173,725,432.4895652173913,228.0,26.285714285714285,0,0.020690293401277097,-6.059426887780409
15880,1,329.03000000000003,1,1,0,0.0,0.0,95,1,1,30.0,370,370,329.03000000000003,202.0,,1,0.0835584770074924,0.0
14800,17,7180.079999999999,16,12,3,499.29999999999995,446.38,336,1,6,289.34999999999997,48,436,422.3576470588235,382.2352941176471,25.866666666666667,0,0.03873789566272125,0.11179957316419298
14907,16,5547.72,12,8,2,892.92,1647.4900000000002,153,1,7,71.1,4,603,346.7325,161.4375,54.45454545454545,0,0.012653902420792975,-0.6119987106618323
15620,4,1942.3600000000001,4,4,1,678.1700000000001,0.0,114,1,4,32.43,57,410,485.59000000000003,312.25,117.66666666666667,0,0.016421999301191516,6.520871464410324
14293,9,2903.0099999999998,8,7,1,307.15000000000003,231.39,88,1,1,93.60000000000001,4,730,322.5566666666666,173.11111111111111,103.71428571428571,0,0.031235295884349323,0.2821696826161775
17027,9,1310.63,8,8,2,232.32999999999998,211.99999999999997,126,1,1,41.7,79,730,145.62555555555556,71.66666666666667,93.0,0,0.030835668808648777,0.09116159484954256
14619,2,1291.24,2,2,0,0.0,0.0,58,1,1,14.93,246,542,645.62,297.0,296.0,0,0.011430365113270094,0.0
16643,2,923.1099999999999,2,2,0,0.0,0.0,48,1,1,7.55,246,423,461.55499999999995,276.5,177.0,0,0.008112522296004987,0.0
18198,17,5425.56,17,11,3,998.1700000000002,926.5999999999999,81,1,4,342.5,5,337,319.15058823529415,239.64705882352942,20.75,0,0.05937871658755283,0.07432432896004659
16462,3,136.0,3,3,1,68.0,0.0,1,1,1,34.0,74,284,45.333333333333336,5.333333333333333,105.0,0,0.2,4.23410650459726
17062,6,884.71,6,4,0,0.0,0.0,81,1,1,3.9,314,440,147.45166666666668,105.33333333333333,25.2,0,0.004388877010161938,0.0
14135,24,8839.669999999998,23,15,5,1499.99,748.86,138,1,1,38.87,2,738,368.31958333333324,355.5833333333333,33.45454545454545,0,0.004377972053963827,0.6939936469467867
17965,29,7002.9,28,19,2,347.78,927.6299999999998,587,1,4,123.2,38,726,241.47931034482758,151.0344827586207,25.48148148148148,0,0.017288558959318565,-0.9792690308209124
16929,7,1295.3899999999999,7,5,5,866.51,428.88,51,1,0,0.0,4,156,185.05571428571426,132.71428571428572,25.333333333333332,0,0.0,0.7021209391591432
15747,9,2499.8100000000004,9,9,1,421.27,525.37,116,1,1,1.95,13,691,277.7566666666667,149.33333333333334,84.75,0,0.0007794512663085188,-0.22035946763448422
17613,14,4544.55,11,9,5,1567.8600000000001,464.28,211,1,3,49.78,23,306,324.6107142857143,177.85714285714286,28.3,0,0.010835094562210377,1.2154651450386478
16007,7,3053.0600000000004,7,6,2,966.1400000000001,0.0,337,1,0,0.0,48,544,436.15142857142865,375.85714285714283,82.66666666666667,0,0.0,6.874343262636895
14560,44,6114.030000000001,38,21,7,672.57,333.2,60,1,2,63.59,8,738,138.95522727272729,104.0909090909091,19.72972972972973,0,0.01029360821805161,0.7008523089579279
12456,3,2581.04,3,3,1,755.6399999999999,1045.23,104,0,1,27.15,45,255,860.3466666666667,539.3333333333334,105.0,0,0.010409517711516415,-0.32406092683532517
14553,9,1818.6,7,6,3,546.9499999999999,0.0,233,1,1,25.5,20,510,202.06666666666666,124.22222222222223,81.66666666666667,0,0.013827883520416464,6.306184041909401
15977,2,1054.73,2,2,2,1054.73,0.0,48,1,0,0.0,18,40,527.365,508.0,22.0,0,0.0,6.961987749755856
16633,6,2883.1,6,6,3,1714.84,464.94,115,1,1,4.95,18,235,480.51666666666665,189.66666666666666,43.4,0,0.001713959245857932,1.3036011651363841
13362,7,5394.07,7,6,2,1509.21,0.0,186,1,3,36.5,10,426,770.5814285714285,354.42857142857144,69.33333333333333,0,0.006721209744096845,7.32000399298692
13040,2,676.99,2,2,2,676.99,0.0,38,1,0,0.0,9,34,338.495,177.5,25.0,0,0.0,6.519132538569087
13427,6,1006.53,6,6,1,117.74,250.36,35,1,0,0.0,20,723,167.755,146.66666666666666,140.6,0,0.0,-0.749949945664782
14477,7,1969.6,7,7,2,786.6,0.0,7,1,3,8.989999999999998,20,705,281.37142857142857,160.0,114.16666666666667,0,0.004543639662588004,6.6689903467649705
13397,10,3191.8700000000003,10,10,1,315.94,247.72,68,1,3,88.8,73,689,319.187,133.6,68.44444444444444,0,0.027067641670756273,0.24238471576416387
16497,23,6695.28,17,13,1,1414.9899999999998,0.0,239,1,0,0.0,50,737,291.0991304347826,132.6086956521739,42.9375,0,0.0,7.2555842120818355
12524,17,9794.109999999999,16,13,2,1201.2400000000002,271.1,156,0,1,34.75,10,670,576.1241176470587,417.88235294117646,44.0,0,0.003535506660996291,1.4857721165964044
13404,2,252.49,2,2,1,34.68,0.0,11,1,0,0.0,2,213,126.245,55.5,211.0,0,0.0,3.5745903077118086
17388,11,2675.3700000000003,11,9,1,306.53000000000003,189.82999999999998,41,1,0,0.0,78,730,243.21545454545458,232.27272727272728,65.2,0,0.0,0.4771896641045972
15281,16,8543.57,15,8,1,140.37,264.37,427,1,6,225.95,59,428,533.973125,327.0625,26.357142857142858,0,0.02576537826471688,-0.6297445117046152
17123,3,966.6700000000001,3,3,0,0.0,345.30000000000007,36,1,0,0.0,162,573,322.22333333333336,217.0,205.5,0,0.0,-5.847305451408377
16174,7,2246.75,7,6,0,0.0,1009.5500000000001,28,1,0,0.0,127,604,320.9642857142857,204.42857142857142,79.5,0,0.0,-6.918250016074778
16832,5,417.61,5,4,0,0.0,0.0,19,1,0,0.0,185,459,83.522,35.8,68.5,0,0.0,0.0
12691,6,1044.4,6,6,2,443.5,132.1,23,0,0,0.0,29,421,174.0666666666667,73.0,78.4,0,0.0,1.2058493295528931
16432,1,287.4,1,1,1,287.4,0.0,8,1,0,0.0,65,65,287.4,276.0,,1,0.0,5.664348405410794
15741,2,208.62000000000003,2,2,0,0.0,0.0,11,1,0,0.0,459,619,104.31000000000002,35.0,160.0,0,0.0,0.0
18135,10,1249.6200000000001,10,8,4,572.09,0.0,23,1,3,20.4,30,635,124.96200000000002,75.3,67.22222222222223,0,0.016062739169461895,6.35104277244367
14006,7,2196.67,7,7,0,0.0,300.1,55,1,0,0.0,116,653,313.81,311.57142857142856,89.5,0,0.0,-5.707442435487688
17560,8,1895.8,8,8,0,0.0,368.9,37,1,0,0.0,95,661,236.975,198.5,80.85714285714286,0,0.0,-5.913232698838408
14438,1,131.9,1,1,0,0.0,0.0,9,1,0,0.0,307,307,131.9,82.0,,1,0.0,0.0
16509,1,363.69999999999993,1,1,0,0.0,0.0,13,1,0,0.0,297,297,363.69999999999993,64.0,,1,0.0,0.0
16828,1,113.5,1,1,0,0.0,113.5,7,1,0,0.0,113,113,113.5,58.0,,1,0.0,-4.740574822994295
16969,3,650.4099999999999,3,3,1,171.45,81.6,42,1,0,0.0,40,192,216.80333333333328,272.0,76.0,0,0.0,0.7360976588559174
12664,11,5420.039999999999,11,9,6,2634.4,573.9000000000001,9,0,0,0.0,9,727,492.730909090909,134.1818181818182,71.8,0,0.0,1.5225941394819067
17268,11,1733.8899999999999,11,9,0,0.0,487.15999999999997,26,1,0,0.0,108,732,157.62636363636364,126.81818181818181,62.4,0,0.0,-6.19064322096836
14624,6,814.07,6,4,2,225.85,0.0,39,1,0,0.0,58,605,135.67833333333334,107.5,109.4,0,0.0,5.424289006109973
15030,8,1979.9100000000003,8,6,1,365.52000000000004,0.0,25,1,1,12.75,72,646,247.48875000000004,153.125,82.0,0,0.006398482430520007,5.904053090097013
14045,16,10986.63,14,10,0,0.0,408.0,16,1,3,1652.3999999999999,110,701,686.664375,278.6875,45.46153846153846,0,0.13073788099244957,-6.013715156042802
16080,4,602.5600000000001,4,4,1,86.9,0.0,29,1,2,129.66000000000003,82,451,150.64000000000001,74.5,123.0,0,0.1770779273988692,4.476199804691132
15027,10,3195.6,9,7,1,99.18,312.84999999999997,69,1,3,221.55999999999997,31,625,319.56,278.2,74.25,0,0.06483746737056502,-1.14194659683407
12908,5,1776.0,5,5,0,0.0,432.0,1,1,1,390.0,177,631,355.2,600.0,113.5,0,0.18005540166204986,-6.07073772800249
13148,26,8488.32,18,15,2,917.25,986.63,450,1,10,498.21,30,733,326.4738461538461,172.34615384615384,41.35294117647059,0,0.05543964132985702,-0.07283844898060288
17924,8,3257.7,6,5,5,2460.2999999999997,0.0,27,1,6,68.17,12,415,407.2125,151.0,80.6,0,0.02049689254240244,7.808444944627641
17450,51,244784.25,31,14,23,108089.25,30541.280000000002,144,1,4,11140.34,9,439,4799.691176470588,1645.3725490196077,14.333333333333334,0,0.04352977570463237,1.2638545731203887
14943,1,107.62,1,1,0,0.0,0.0,5,1,0,0.0,664,664,107.62,46.0,,1,0.0,0.0
17553,4,3757.6,4,3,0,0.0,1487.6,2,1,0,0.0,130,611,939.4,572.0,160.33333333333334,0,0.0,-7.305591359925811
15546,2,1079.1,1,1,0,0.0,0.0,6,1,1,539.5500000000001,607,607,539.55,99.0,,1,0.33333333333333337,0.0
16256,3,1579.3700000000001,3,3,0,0.0,0.0,26,1,1,19.8,267,598,526.4566666666667,529.6666666666666,165.5,0,0.012381422863110239,0.0
16679,3,663.31,3,3,0,0.0,0.0,15,1,0,0.0,367,548,221.10333333333332,82.33333333333333,90.5,0,0.0,0.0
13051,2,155.8,2,2,0,0.0,0.0,4,1,0,0.0,579,620,77.9,36.0,41.0,0,0.0,0.0
15960,4,410.95000000000005,4,2,0,0.0,0.0,24,1,1,16.95,375,436,102.73750000000001,64.5,20.333333333333332,0,0.039612058892264546,0.0
13090,23,13076.740000000002,22,13,5,3998.8,1800.42,162,1,6,331.81,9,495,568.5539130434784,141.1304347826087,23.142857142857142,0,0.024746150776929644,0.7976691170881232
15273,1,228.96,1,1,0,0.0,0.0,1,1,0,0.0,600,600,228.96,216.0,,1,0.0,0.0
15085,1,347.53999999999996,1,1,0,0.0,0.0,9,1,0,0.0,730,730,347.53999999999996,169.0,,1,0.0,0.0
17032,5,2896.69,4,4,0,0.0,0.0,180,1,2,80.0,604,730,579.338,332.8,42.0,0,0.02687548921788967,0.0
17018,6,2287.7,6,6,1,515.1,0.0,26,1,0,0.0,41,735,381.2833333333333,76.0,138.8,0,0.0,6.246300545154681
12647,35,14109.550000000001,32,19,3,674.11,530.4000000000001,239,0,7,189.80999999999997,23,696,403.13000000000005,185.42857142857142,21.70967741935484,0,0.013274020655469893,0.23936060723275876
17319,1,29.1,1,1,0,0.0,0.0,3,1,0,0.0,670,670,29.1,14.0,,1,0.0,0.0
13652,5,2262.05,5,5,1,456.84000000000003,0.0,116,1,0,0.0,46,653,452.41,291.6,151.75,0,0.0,6.126519778100847
12542,2,481.88,2,2,0,0.0,0.0,39,0,2,58.5,485,641,240.94,261.0,156.0,0,0.10825715237425515,0.0
17065,2,194.7,1,1,0,0.0,0.0,6,1,0,0.0,638,638,97.35,41.0,,1,0.0,0.0
13609,1,167.35,1,1,0,0.0,0.0,7,1,0,0.0,594,594,167.35,19.0,,1,0.0,0.0
14820,9,1274.7600000000002,9,7,3,367.52000000000004,139.77,51,1,0,0.0,22,678,141.64000000000001,80.44444444444444,82.0,0,0.0,0.9623676314008573
17588,7,2939.55,7,7,0,0.0,843.0,35,1,2,37.9,101,638,419.9357142857143,197.0,89.5,0,0.012729013081663838,-6.738152494595957
15352,1,111.14999999999999,1,1,0,0.0,0.0,34,1,0,0.0,549,549,111.14999999999999,40.0,,1,0.0,0.0
14563,2,625.42,2,2,0,0.0,0.0,94,1,0,0.0,510,593,312.71,121.5,83.0,0,0.0,0.0
13082,21,7335.75,16,14,0,0.0,1653.4500000000003,99,1,4,66.83,127,718,349.32142857142856,403.14285714285717,39.4,0,0.009027933504264729,-7.411223906294559
14334,12,4318.48,12,12,1,223.5,650.48,148,1,2,25.5,17,569,359.8733333333333,248.83333333333334,50.18181818181818,0,0.005870192772526577,-1.0653709905230508
13884,10,1825.03,8,5,2,591.35,0.0,108,1,4,36.1,8,471,182.503,75.2,66.14285714285714,0,0.019396818062145042,6.384097676400768
13857,6,1000.9099999999999,5,5,0,0.0,0.0,98,1,1,3.9,394,572,166.8183333333333,130.16666666666666,44.5,0,0.003881330798857496,0.0
13770,4,785.37,4,4,0,0.0,0.0,48,1,0,0.0,423,731,196.3425,117.0,102.66666666666667,0,0.0,0.0
15652,5,1405.94,5,4,0,0.0,337.73999999999995,93,1,1,8.5,92,486,281.188,131.4,98.5,0,0.006009445434235457,-5.825232851462975
12820,11,2689.52,11,11,3,771.88,0.0,131,1,2,41.58,4,735,244.50181818181818,178.54545454545453,73.1,0,0.015224634762549889,6.650123797209254
12790,2,546.8500000000001,2,2,0,0.0,0.0,35,0,1,28.4,193,411,273.42500000000007,151.5,218.0,0,0.04936983920034766,0.0
16595,5,1757.75,5,5,1,360.15999999999997,0.0,337,1,0,0.0,62,692,351.55,266.2,157.5,0,0.0,5.8893210734392785
13080,4,280.73,4,4,0,0.0,58.08,17,1,1,19.9,180,610,70.1825,48.25,143.33333333333334,0,0.06619432525030769,-4.078892457663179
15325,8,1601.4600000000003,7,6,0,0.0,161.74,164,1,1,5.2,104,662,200.18250000000003,172.75,93.0,0,0.003236527952398142,-5.092153835268511
16010,11,1694.86,10,4,0,0.0,0.0,122,1,1,1.95,246,412,154.0781818181818,83.54545454545455,18.444444444444443,0,0.001149215292224822,0.0
14407,5,2142.7300000000005,5,4,0,0.0,1140.0500000000002,66,1,3,46.65,108,277,428.5460000000001,282.8,42.25,0,0.02130740209557043,-7.0397041701114205
15140,8,3243.6899999999996,7,7,2,626.14,600.66,103,1,1,4.25,53,443,405.46124999999995,251.25,65.0,0,0.0013085217091448735,0.04147729948979606
15813,2,1303.9099999999999,2,2,0,0.0,0.0,40,1,0,0.0,208,240,651.9549999999999,301.5,32.0,0,0.0,0.0
16744,7,1291.91,7,5,4,892.8,399.11,198,1,0,0.0,12,174,184.55857142857144,114.0,27.0,0,0.0,0.8037425271969383
16806,4,736.21,4,4,0,0.0,365.53,67,1,0,0.0,104,240,184.0525,88.75,45.333333333333336,0,0.0,-5.90408037336555
15530,5,1808.68,5,5,1,333.62,615.5999999999999,111,1,0,0.0,22,513,361.736,265.6,122.75,0,0.0,-0.6112249558225322
13140,5,1054.92,5,4,0,0.0,264.21,89,1,0,0.0,109,492,210.984,114.4,95.75,0,0.0,-5.58052196499145
12620,3,1303.4099999999999,3,3,2,741.75,0.0,88,0,0,0.0,15,205,434.46999999999997,393.0,95.0,0,0.0,6.610359514342717
13012,11,2957.83,11,8,4,634.53,304.92,95,1,3,376.55000000000007,10,593,268.89363636363635,141.72727272727272,58.3,0,0.11292954012440096,0.731135666575943
17159,5,2099.5899999999997,5,5,2,1010.4299999999998,528.45,115,1,1,4.15,22,646,419.91799999999995,269.6,156.0,0,0.001972677231977336,0.6472817181843702
15128,5,1783.6800000000003,5,5,1,300.76,686.5400000000001,87,1,3,47.75,61,431,356.73600000000005,316.6,92.5,0,0.02607252256433497,-0.8234880102213191
16295,4,1328.5500000000002,4,2,4,1328.5500000000002,0.0,70,1,0,0.0,10,65,332.13750000000005,210.25,18.333333333333332,0,0.0,7.192595818099262
13772,8,3100.0199999999995,7,7,1,439.65999999999997,454.55000000000007,394,1,1,19.5,34,655,387.50249999999994,180.75,103.5,0,0.006250961686413295,-0.033231877123824916
15297,3,641.94,3,2,3,641.94,0.0,30,1,1,6.9,11,64,213.98000000000002,97.33333333333333,26.5,0,0.010634362862955429,6.466051407286527
13318,3,640.76,3,2,3,640.76,0.0,14,1,0,0.0,2,38,213.58666666666667,101.33333333333333,18.0,0,0.0,6.464214402021743
13451,11,7088.92,11,11,1,512.76,796.02,560,1,2,70.94999999999999,27,629,644.4472727272728,475.09090909090907,60.2,0,0.009909397796328703,-0.43912354223704586
13447,3,1129.14,3,1,3,1129.14,0.0,55,1,1,24.910000000000004,24,36,376.38000000000005,194.66666666666666,6.0,0,0.021584853342576146,7.030096797837492
16016,11,2083.4,10,7,4,674.44,0.0,181,1,3,30.4,4,403,189.4,80.0909090909091,44.333333333333336,0,0.014381682278361244,6.515364330361245
14060,30,8898.240000000002,28,19,5,2037.6399999999999,707.6800000000001,100,1,2,15.940000000000001,5,639,296.60800000000006,247.3,23.48148148148148,0,0.0017881622314110774,1.0566341131183217
17764,5,1513.57,5,5,1,541.88,0.0,126,1,0,0.0,51,737,302.714,134.8,171.5,0,0.0,6.29688830103592
14081,10,4867.57,8,7,0,0.0,0.0,465,1,6,120.05,303,730,486.75699999999995,338.1,61.0,0,0.024069596320489533,0.0
14032,16,4546.41,16,12,5,1130.22,309.79999999999995,79,1,9,64.2,3,726,284.150625,233.75,48.2,0,0.013924404796762253,1.291902356831983
14869,6,2778.14,6,6,1,334.39,387.05999999999995,187,1,3,27.439999999999998,9,724,463.0233333333333,355.0,143.0,0,0.009780508843091267,-0.1458659330445924
17718,2,439.18000000000006,2,2,0,0.0,0.0,22,1,1,52.199999999999996,233,645,219.59000000000003,137.0,412.0,0,0.10623142985062475,0.0
13656,4,1078.8500000000001,4,4,0,0.0,216.95000000000002,81,1,3,25.5,165,596,269.71250000000003,215.5,143.66666666666666,0,0.023090505727350927,-5.384265678684402
14609,10,1486.1999999999998,10,10,1,115.2,342.36,6,1,1,120.0,73,669,148.61999999999998,1272.0,66.22222222222223,0,0.0747104968248039,-1.0834666150245225
13163,1,17.65,1,1,0,0.0,0.0,2,1,1,17.65,611,611,17.65,3.0,,1,0.5,0.0
15938,9,734.81,9,9,0,0.0,69.28,27,1,0,0.0,113,557,81.64555555555555,49.888888888888886,55.5,0,0.0,-4.252487263318897
12701,6,2248.41,6,4,1,424.63000000000005,0.0,117,0,0,0.0,80,634,374.73499999999996,286.0,110.8,0,0.0,6.053570424265026
16544,4,376.70000000000005,2,2,0,0.0,0.0,8,1,2,266.40000000000003,520,663,94.17500000000001,37.5,143.0,0,0.4142435080080858,0.0
17550,9,2506.64,7,7,0,0.0,0.0,250,1,1,341.09999999999997,198,671,278.5155555555555,107.55555555555556,78.83333333333333,0,0.11977919332523335,0.0
15766,3,831.06,3,3,1,315.05999999999995,0.0,21,1,1,31.4,65,683,277.02,111.33333333333333,309.0,0,0.036407485564547926,5.755932068980957
13729,3,724.73,3,2,0,0.0,0.0,36,1,2,48.3,436,685,241.57666666666668,139.66666666666666,124.5,0,0.06248140434394525,0.0
14322,4,474.1000000000001,4,3,0,0.0,0.0,10,1,2,89.80000000000001,430,660,118.52500000000002,39.5,76.66666666666667,0,0.15924809363362297,0.0
12958,2,467.34,2,2,0,0.0,0.0,45,1,0,0.0,401,584,233.67,59.0,183.0,0,0.0,0.0
14496,7,2363.8900000000003,7,6,0,0.0,0.0,64,1,3,22.349999999999998,312,634,337.6985714285715,129.28571428571428,53.666666666666664,0,0.009366199544052566,0.0
13611,10,3297.9300000000003,10,9,1,517.68,333.57,170,1,4,38.5,90,737,329.793,198.8,71.88888888888889,0,0.011539280008871756,0.4384409974422745
17765,4,524.0,4,4,0,0.0,109.33000000000001,71,1,0,0.0,159,449,131.0,48.75,96.66666666666667,0,0.0,-4.703475874772215
16526,2,717.21,2,2,0,0.0,290.35999999999996,30,1,0,0.0,172,585,358.605,139.5,413.0,0,0.0,-5.674559615979297
12438,2,2466.8500000000004,2,2,1,1696.7800000000002,770.07,83,0,0,0.0,15,141,1233.4250000000002,584.5,126.0,0,0.0,0.7892976336616133
15799,4,1421.34,4,4,1,402.9,0.0,143,1,0,0.0,76,419,355.335,335.25,114.33333333333333,0,0.0,6.001167322569367
15219,2,685.45,2,2,0,0.0,305.75,26,1,0,0.0,177,649,342.725,135.5,472.0,0,0.0,-5.7260330835910205
15547,26,10002.649999999998,23,18,6,2165.4399999999996,362.03,651,1,2,13.5,8,734,384.7173076923076,278.88461538461536,33.0,0,0.0013478232654263367,1.7863550708803615
14660,2,285.74,2,2,1,156.79,128.95000000000002,24,1,0,0.0,87,101,142.87,114.0,14.0,0,0.0,0.19411527396007866
12393,6,2399.45,6,5,1,521.5,0.0,63,0,1,22.7,73,429,399.9083333333333,218.5,71.2,0,0.009371839068596084,6.258624983838966
12446,1,1002.3100000000001,1,1,1,1002.3100000000001,0.0,57,0,0,0.0,58,58,1002.3100000000001,351.0,,1,0.0,6.9110598129904375
18164,1,399.65,1,1,1,399.65,0.0,24,1,1,4.95,38,38,399.65,184.0,,1,0.012234305486900644,5.99308822822408
13247,4,501.12,4,3,4,501.12,0.0,18,1,0,0.0,18,83,125.28,82.0,21.666666666666668,0,0.0,6.218839134950008
16070,2,852.1500000000001,2,1,2,852.1500000000001,0.0,32,1,0,0.0,23,33,426.07500000000005,228.5,10.0,0,0.0,6.748935381973274
15274,2,716.5699999999999,2,2,2,716.5699999999999,0.0,44,1,0,0.0,5,19,358.28499999999997,309.5,14.0,0,0.0,6.5758705038506235
16015,3,704.26,3,3,3,704.26,0.0,145,1,1,14.850000000000001,4,50,234.75333333333333,302.0,23.0,0,0.02065052634506543,6.558566529150598
17887,1,111.35,1,1,0,0.0,111.35,10,1,0,0.0,130,130,111.35,30.0,,1,0.0,-4.721618998631338
14409,9,3427.29,8,8,1,115.72,1277.63,76,1,1,151.20000000000002,72,568,380.81,248.11111111111111,70.85714285714286,0,0.04225245843917407,-2.3937665670056747
16561,2,511.12,2,2,2,511.12,0.0,29,1,0,0.0,6,60,255.56,122.0,54.0,0,0.0,6.238558972577978
16486,1,134.36,1,1,0,0.0,0.0,7,1,0,0.0,538,538,134.36,24.0,,1,0.0,0.0
14730,8,1897.57,7,6,3,1025.44,342.8299999999999,317,1,0,0.0,2,277,237.19625,134.75,45.833333333333336,0,0.0,1.0937044345266935
16935,3,530.86,3,2,0,0.0,0.0,55,1,0,0.0,382,422,176.95333333333335,91.0,20.0,0,0.0,0.0
15621,4,1293.03,3,2,4,1293.03,0.0,11,1,2,134.26000000000002,5,22,323.2575,125.25,8.5,0,0.09406637754065399,7.165516658717914
13822,2,632.0,2,2,2,632.0,0.0,90,1,0,0.0,6,41,316.0,305.5,35.0,0,0.0,6.450470422144176
15223,5,1417.9500000000003,5,4,0,0.0,0.0,26,1,1,300.85,226,735,283.59000000000003,77.0,127.25,0,0.17503490807540142,0.0
13104,9,1709.1,9,9,3,722.04,162.72,15,1,0,0.0,4,654,189.89999999999998,92.66666666666667,81.25,0,0.0,1.485306894038767
13252,2,399.3,2,2,0,0.0,0.0,19,1,1,57.99999999999999,395,626,199.65,67.0,231.0,0,0.12683140170566365,0.0
14397,19,2612.96,19,8,9,1576.8399999999997,748.88,18,1,4,56.28,3,214,137.52421052631578,99.47368421052632,11.722222222222221,0,0.021084653309556278,0.7438989083662575
15473,8,2046.0,5,3,7,1771.2,0.0,5,1,3,306.0,15,445,255.75,97.0,107.5,0,0.13010204081632654,7.479976991613202
18246,3,758.8199999999999,3,3,1,363.2,0.0,3,1,0,0.0,24,610,252.93999999999997,71.33333333333333,293.0,0,0.0,5.897703167293508
13205,1,2803.2,1,1,0,0.0,0.0,1,1,0,0.0,444,444,2803.2,256.0,,1,0.0,0.0
13217,4,666.48,4,3,0,0.0,533.98,3,1,2,400.36,123,656,166.62,128.0,177.66666666666666,0,0.37527651756589553,-6.282229363019668
14190,1,79.9,1,1,0,0.0,0.0,1,1,0,0.0,667,667,79.9,2.0,,1,0.0,0.0
17391,2,508.8,2,1,0,0.0,508.8,2,1,0,0.0,164,165,254.4,240.0,1.0,0,0.0,-6.234018491942015
14865,4,92.52000000000001,4,4,1,15.0,0.0,4,1,0,0.0,8,739,23.130000000000003,51.0,243.66666666666666,0,0.0,2.772588722239781
14122,3,362.41999999999996,3,2,0,0.0,0.0,12,1,2,52.650000000000006,407,738,120.80666666666666,38.0,165.5,0,0.12684607415616647,0.0
13120,1,30.599999999999998,1,1,0,0.0,0.0,1,1,0,0.0,239,239,30.599999999999998,12.0,,1,0.0,0.0
12753,6,21429.39,6,6,1,4808.48,3680.3999999999996,132,0,5,405.38,23,363,3571.565,1903.5,68.0,0,0.018565801242696855,0.2672958555489746
13577,11,3484.28,11,9,1,493.80000000000007,837.0500000000001,101,1,3,137.66,26,726,316.75272727272727,150.9090909090909,70.0,0,0.038007255780051576,-0.5269241240549345
12470,1,211.95000000000002,1,1,0,0.0,0.0,23,0,0,0.0,690,690,211.95000000000002,95.0,,1,0.0,0.0
15480,3,3592.25,3,3,0,0.0,905.5,198,0,0,0.0,117,677,1197.4166666666667,616.6666666666666,280.0,0,0.0,-6.809591030194905
12872,12,3283.96,12,12,0,0.0,0.0,217,1,1,7.15,327,737,273.66333333333336,136.83333333333334,37.27272727272727,0,0.002172519301998414,0.0
16412,5,593.19,5,5,1,135.99,0.0,84,1,0,0.0,54,674,118.638,57.6,155.0,0,0.0,4.919907930463299
13015,11,6579.780000000001,9,6,1,1576.6000000000001,0.0,260,1,3,120.69999999999999,54,604,598.1618181818183,320.6363636363636,68.75,0,0.01801363484407087,7.363659983848371
12741,1,236.07,1,1,0,0.0,0.0,15,0,0,0.0,534,534,236.07,213.0,,1,0.0,0.0
13769,20,5478.12,18,16,2,619.8900000000001,728.61,121,1,9,33.78999999999999,3,724,273.906,122.6,42.411764705882355,0,0.006130361344796993,-0.16135621221847884
12903,1,833.5300000000001,1,1,0,0.0,0.0,41,1,0,0.0,429,429,833.5300000000001,493.0,,1,0.0,0.0
17803,1,184.66,1,1,0,0.0,0.0,27,1,0,0.0,393,393,184.66,98.0,,1,0.0,0.0
12726,11,3690.6000000000004,11,11,2,1051.7799999999997,0.0,62,0,0,0.0,29,625,335.50909090909096,418.1818181818182,59.6,0,0.0,6.9591895634301215
17486,1,396.87,1,1,0,0.0,0.0,24,1,0,0.0,262,262,396.87,191.0,,1,0.0,0.0
15626,3,1067.52,3,3,1,393.92,0.0,73,1,1,18.150000000000002,75,422,355.84,379.3333333333333,173.5,0,0.016717787172897843,5.978683212743249
13647,8,3041.6800000000003,7,7,2,844.26,379.22,98,1,1,7.9,10,604,380.21000000000004,224.375,99.0,0,0.002590520661861633,0.7988942397738157
15740,1,154.88000000000002,1,1,1,154.88000000000002,0.0,9,1,0,0.0,50,50,154.88000000000002,152.0,,1,0.0,5.049086480470509
16971,1,357.2099999999999,1,1,1,357.2099999999999,0.0,40,1,0,0.0,39,39,357.2099999999999,72.0,,1,0.0,5.881119406601529
12539,7,11186.75,6,5,1,1050.66,0.0,275,0,0,0.0,23,717,1598.107142857143,647.7142857142857,138.8,0,0.0,6.958125147142896
16330,7,625.38,5,5,1,202.95,48.959999999999994,105,1,1,9.7,18,663,89.34,46.57142857142857,161.25,0,0.015273666309756248,1.4066521805061907
16955,6,1120.31,6,5,0,0.0,0.0,33,1,3,48.25,185,678,186.71833333333333,120.5,98.6,0,0.041290134866844665,0.0
17807,3,437.87,3,3,0,0.0,0.0,88,1,0,0.0,396,705,145.95666666666668,87.33333333333333,154.5,0,0.0,0.0
17335,2,497.04,2,2,0,0.0,0.0,34,1,0,0.0,384,685,248.52,105.0,301.0,0,0.0,0.0
18214,4,1780.34,4,1,0,0.0,0.0,38,1,1,299.34999999999997,531,555,445.085,247.25,8.0,0,0.14393972178545839,0.0
16314,3,1491.4,3,3,0,0.0,0.0,58,1,0,0.0,390,473,497.1333333333334,212.0,41.5,0,0.0,0.0
13506,5,1338.08,5,5,0,0.0,0.0,55,1,3,29.549999999999997,317,461,267.616,188.4,36.0,0,0.02160672111609134,0.0
13076,1,135.4,1,1,0,0.0,0.0,9,1,0,0.0,458,458,135.4,44.0,,1,0.0,0.0
12460,1,296.65,1,1,0,0.0,0.0,17,0,0,0.0,457,457,296.65,168.0,,1,0.0,0.0
14375,3,1106.8200000000002,3,3,0,0.0,0.0,176,1,0,0.0,186,542,368.94000000000005,215.66666666666666,178.0,0,0.0,0.0
15969,5,1127.0500000000002,5,5,2,357.4,0.0,31,1,1,83.2,3,523,225.41000000000003,44.6,130.0,0,0.06874612683329889,5.881649681100775
13138,7,1274.0100000000002,7,7,3,472.94,102.6,41,1,1,12.75,23,397,182.0014285714286,84.71428571428571,62.333333333333336,0,0.009908607665765175,1.5205434015790003
17505,5,2435.48,4,4,0,0.0,658.85,83,1,0,0.0,162,606,487.096,248.4,148.0,0,0.0,-6.4920125364628385
17501,2,288.6,1,1,0,0.0,0.0,18,1,0,0.0,221,221,144.3,80.0,,1,0.0,0.0
13726,2,1079.66,2,2,1,786.98,292.68,39,1,0,0.0,39,101,539.83,527.0,62.0,0,0.0,0.9869819696365445
16924,3,829.8899999999999,3,3,3,829.8899999999999,0.0,69,1,1,107.25,22,85,276.62999999999994,155.66666666666666,31.5,0,0.11444394647544659,6.722497415455896
15533,3,807.5699999999999,3,2,3,807.5699999999999,0.0,73,1,2,60.65,20,90,269.19,96.33333333333333,35.0,0,0.0698555665614706,6.695267255355902
15423,3,266.89,3,3,1,43.5,0.0,13,1,1,47.75,39,622,88.96333333333332,66.0,291.5,0,0.15176074243579965,3.7954891891721947
18025,6,1177.72,5,4,0,0.0,0.0,83,1,0,0.0,380,620,196.28666666666666,175.5,60.0,0,0.0,0.0
16949,6,1286.27,6,6,2,392.52,0.0,57,1,1,125.0,4,317,214.37833333333333,131.83333333333334,62.6,0,0.08857270401836644,5.975131892487084
16471,4,1189.98,4,4,0,0.0,0.0,48,1,2,3.8,275,653,297.495,167.5,126.0,0,0.003183166077501717,0.0
16582,1,313.62,1,1,0,0.0,313.62,6,1,0,0.0,114,114,313.62,164.0,,1,0.0,-5.751365561394358
15428,4,762.75,4,4,1,93.78,0.0,39,1,0,0.0,16,723,190.6875,86.75,235.66666666666666,0,0.0,4.551558416539442
17762,1,129.75,1,1,0,0.0,0.0,16,1,0,0.0,457,457,129.75,129.0,,1,0.0,0.0
12548,1,67.19999999999999,1,1,0,0.0,67.19999999999999,4,0,0,0.0,167,167,67.19999999999999,48.0,,1,0.0,-4.222444564849416
12968,1,135.95,1,1,0,0.0,135.95,5,1,0,0.0,113,113,135.95,73.0,,1,0.0,-4.919615895709087
16009,4,972.11,4,3,3,530.52,441.59000000000003,68,1,0,0.0,23,160,243.0275,91.5,45.666666666666664,0,0.0,0.1830969928273447
14113,16,7092.610000000001,15,11,3,1406.92,0.0,76,1,15,935.8599999999999,4,732,443.28812500000004,214.9375,52.0,0,0.1165676648228118,7.249868716921956
16093,1,17.0,1,1,0,0.0,17.0,1,1,0,0.0,107,107,17.0,20.0,,1,0.0,-2.8903717578961645
14061,3,917.4300000000001,3,2,0,0.0,0.0,17,1,0,0.0,508,739,305.81,44.333333333333336,115.5,0,0.0,0.0
15374,2,307.32,2,2,0,0.0,168.0,8,1,0,0.0,129,625,153.66,145.0,496.0,0,0.0,-5.1298987149230735
17456,2,975.5600000000001,2,2,0,0.0,0.0,59,1,0,0.0,366,457,487.78000000000003,254.0,91.0,0,0.0,0.0
15724,3,310.85,3,3,0,0.0,0.0,17,1,2,11.05,202,401,103.61666666666667,39.0,99.5,0,0.03432743087915502,0.0
16416,9,2957.88,8,6,3,1051.4,0.0,146,1,1,20.0,27,655,328.65333333333336,244.22222222222223,89.71428571428571,0,0.006716187354762448,6.958828549166138
12775,7,1551.1200000000001,7,7,1,206.35999999999999,0.0,54,0,1,34.8,18,410,221.58857142857144,153.42857142857142,65.33333333333333,0,0.021943099273607745,5.33445641316391
15457,1,237.07,1,1,0,0.0,0.0,56,1,0,0.0,263,263,237.07,132.0,,1,0.0,0.0
17536,3,364.83000000000004,3,3,0,0.0,76.5,16,1,0,0.0,178,683,121.61000000000001,67.0,252.5,0,0.0,-4.350277936359301
14759,3,1625.9699999999998,3,3,1,755.1199999999999,298.59999999999997,92,1,0,0.0,5,233,541.9899999999999,189.66666666666666,114.0,0,0.0,0.9257518420988999
14574,1,143.70000000000002,1,1,0,0.0,0.0,11,1,0,0.0,733,733,143.70000000000002,63.0,,1,0.0,0.0
12426,2,1201.21,2,2,0,0.0,0.0,72,0,1,33.800000000000004,195,663,600.605,288.0,468.0,0,0.027368199447777755,0.0
17774,9,3272.83,9,9,0,0.0,618.74,285,1,2,13.44,97,670,363.6477777777778,175.88888888888889,71.625,0,0.004089743082582989,-6.429300035246597
14766,11,6375.73,11,11,2,942.0500000000001,365.11,251,1,3,73.85,9,552,579.6118181818182,363.54545454545456,54.3,0,0.01145035800780826,0.9461854688027627
16409,12,5652.74,12,11,2,989.61,229.80999999999997,335,1,0,0.0,37,727,471.06166666666667,305.3333333333333,62.72727272727273,0,0.0,1.4567260537435098
16261,6,1041.16,6,6,2,318.55,157.46999999999997,118,1,0,0.0,18,443,173.52666666666667,75.66666666666667,85.0,0,0.0,0.7013484551415745
15974,7,3442.15,7,7,1,547.14,840.1599999999999,141,1,1,12.600000000000001,40,289,491.7357142857143,323.14285714285717,41.5,0,0.0036471524712352564,-0.4282511628079737
17666,5,2047.8,5,4,2,728.1600000000001,0.0,30,1,0,0.0,4,528,409.56,310.4,131.0,0,0.0,6.591893186664721
16776,2,592.51,2,2,1,371.54,0.0,105,1,0,0.0,61,416,296.255,217.5,355.0,0,0.0,5.920344414604856
17877,1,237.60999999999999,1,1,0,0.0,237.60999999999999,12,1,0,0.0,171,171,237.60999999999999,98.0,,1,0.0,-5.474830419933934
13005,4,999.6800000000001,4,4,0,0.0,192.05,41,1,2,64.65,174,458,249.92000000000002,115.5,94.66666666666667,0,0.06074243890522676,-5.262949222710246
16590,2,605.9,2,2,0,0.0,0.0,26,1,1,42.300000000000004,401,415,302.95,120.0,14.0,0,0.0652576365319346,0.0
17330,4,423.79999999999995,4,4,2,363.9,0.0,7,1,0,0.0,23,648,105.94999999999999,30.5,208.33333333333334,0,0.0,5.899623343442402
13811,2,519.75,2,2,0,0.0,0.0,5,0,0,0.0,184,240,259.875,31.5,56.0,0,0.0,0.0
13703,2,425.56,2,2,0,0.0,0.0,36,1,1,326.06,319,416,212.78,64.0,97.0,0,0.433809637848913,0.0
17318,1,157.32999999999998,1,1,0,0.0,0.0,17,1,0,0.0,726,726,157.32999999999998,59.0,,1,0.0,0.0
16002,1,169.21000000000004,1,1,0,0.0,0.0,42,1,0,0.0,626,626,169.21000000000004,70.0,,1,0.0,0.0
16130,4,987.48,4,4,0,0.0,0.0,53,1,0,0.0,423,618,246.87,74.0,65.0,0,0.0,0.0
16749,2,4157.879999999999,2,2,0,0.0,0.0,53,1,0,0.0,592,725,2078.9399999999996,955.0,133.0,0,0.0,0.0
16279,9,5698.28,9,9,2,1143.7,359.08,243,1,1,12.9,22,597,633.1422222222222,409.22222222222223,71.875,0,0.0022587276184606337,1.1565716439397535
16105,5,2386.1899999999996,5,5,0,0.0,0.0,92,1,0,0.0,249,605,477.23799999999994,425.0,89.0,0,0.0,0.0
13196,7,3068.84,6,6,3,1285.6500000000003,0.0,141,1,1,9.2,12,618,438.4057142857143,286.57142857142856,121.2,0,0.0029889150238463437,7.159797220338996
17270,2,601.45,2,2,0,0.0,0.0,45,1,0,0.0,470,733,300.725,210.0,263.0,0,0.0,0.0
13374,2,372.8,2,2,0,0.0,0.0,16,1,0,0.0,415,450,186.4,67.0,35.0,0,0.0,0.0
13424,1,572.7700000000001,1,1,0,0.0,0.0,40,1,1,14.850000000000001,450,450,572.7700000000001,529.0,,1,0.025271433919880192,0.0
17163,4,699.78,4,4,2,293.1,0.0,27,1,0,0.0,22,676,174.945,132.75,218.0,0,0.0,5.68391984555995
17785,3,403.38000000000005,3,3,1,131.94,0.0,48,1,0,0.0,54,566,134.46,75.66666666666667,256.0,0,0.0,4.889897898613436
12454,4,16459.78,4,3,1,3528.34,0.0,23,0,3,12360.82,57,422,4114.945,1925.5,121.66666666666667,0,0.4288883645725627,8.168866163607964
17141,4,727.58,2,2,0,0.0,0.0,138,1,0,0.0,419,685,181.895,105.75,266.0,0,0.0,0.0
17760,6,746.3899999999999,5,5,1,115.05,0.0,58,1,1,7.25,22,650,124.39833333333331,88.5,157.0,0,0.009619977708189589,4.754021132720446
17106,1,481.58,1,1,0,0.0,0.0,51,1,0,0.0,390,390,481.58,153.0,,1,0.0,0.0
13181,1,359.69000000000005,1,1,0,0.0,0.0,19,1,0,0.0,382,382,359.69000000000005,171.0,,1,0.0,0.0
15351,10,3430.22,10,5,6,1659.99,0.0,201,1,5,109.72,13,433,343.022,135.0,46.666666666666664,0,0.030994875619360783,7.415169089125575
17571,5,1629.66,5,5,1,864.87,201.25000000000003,289,1,0,0.0,51,543,325.932,198.0,123.0,0,0.0,1.454230225881937
12604,2,236.18,2,2,1,75.68,0.0,14,0,0,0.0,80,262,118.09,100.0,182.0,0,0.0,4.339640918177444
16637,4,1154.4699999999998,4,4,2,623.92,226.93,66,1,1,29.879999999999995,33,226,288.61749999999995,231.75,64.33333333333333,0,0.025229028581078228,1.008585077272656
15258,2,623.1600000000001,2,2,0,0.0,307.5,32,1,0,0.0,169,218,311.58000000000004,71.0,49.0,0,0.0,-5.731721843345443
17337,4,1979.61,4,4,0,0.0,32.95,420,1,3,83.55000000000001,152,311,494.9025,311.5,53.0,0,0.04049613214680394,-3.5248888540047054
12710,3,1023.0199999999999,3,3,0,0.0,376.05999999999995,74,0,1,18.45,97,202,341.0066666666666,281.3333333333333,52.5,0,0.01771534465707126,-5.932404325978437
15007,1,156.91000000000003,1,1,0,0.0,156.91000000000003,12,1,0,0.0,160,160,156.91000000000003,69.0,,1,0.0,-5.062025250478552
16224,5,1616.5400000000002,5,4,1,429.42,322.67,107,1,0,0.0,58,388,323.30800000000005,311.0,82.5,0,0.0,0.28503699793808046
12384,2,425.27,2,2,1,212.57999999999998,212.69,25,0,1,19.11,29,122,212.635,61.0,93.0,0,0.043003735541653536,-0.0005148969149724181
12425,2,1741.4099999999999,2,2,1,777.1999999999999,0.0,87,0,1,60.6,79,449,870.7049999999999,573.5,370.0,0,0.03362911415585929,6.6569835605504535
15592,1,388.58000000000004,1,1,1,388.58000000000004,0.0,24,1,0,0.0,47,47,388.58000000000004,354.0,,1,0.0,5.965069235748451
13421,8,4048.25,6,6,1,1008.6700000000001,0.0,173,1,3,14.299999999999999,41,664,506.03125,290.75,124.6,0,0.003519956677456277,6.917378823773288
14342,6,918.4399999999999,6,5,2,248.82,110.14,27,1,3,74.70000000000002,22,473,153.07333333333332,86.83333333333333,90.2,0,0.07521598163400932,0.8099499906859879
13160,1,91.79999999999998,1,1,1,91.79999999999998,0.0,4,1,0,0.0,23,23,91.79999999999998,56.0,,1,0.0,4.530446639792155
15699,1,309.65,1,1,1,309.65,0.0,18,1,0,0.0,18,18,309.65,113.0,,1,0.0,5.738666876509702
16811,2,547.0699999999999,2,2,2,547.0699999999999,0.0,26,1,0,0.0,5,18,273.53499999999997,238.5,13.0,0,0.0,6.306403016016588
16921,3,409.21,3,3,1,154.18,0.0,78,1,0,0.0,62,601,136.40333333333334,91.66666666666667,269.5,0,0.0,5.044585733465803
16380,1,1743.15,1,1,1,1743.15,0.0,28,1,0,0.0,62,62,1743.15,1428.0,,1,0.0,7.46402260994466
17387,2,746.81,2,1,2,746.81,0.0,71,1,0,0.0,20,34,373.405,261.0,14.0,0,0.0,6.617148935013109
13819,6,2642.35,6,4,0,0.0,0.0,47,1,1,11.25,302,739,440.39166666666665,384.8333333333333,87.4,0,0.00423952366596322,0.0
14142,2,671.3399999999999,2,2,0,0.0,0.0,42,1,2,15.4,374,647,335.66999999999996,259.0,273.0,0,0.022424789585578243,0.0
13179,1,572.3100000000001,1,1,0,0.0,0.0,34,1,0,0.0,619,619,572.3100000000001,368.0,,1,0.0,0.0
13307,3,273.34,3,3,0,0.0,15.0,15,1,0,0.0,121,593,91.11333333333333,46.666666666666664,236.0,0,0.0,-2.772588722239781
17996,3,469.73,2,2,0,0.0,0.0,62,1,0,0.0,380,547,156.57666666666668,175.66666666666666,167.0,0,0.0,0.0
15341,2,2402.72,2,2,1,2020.52,0.0,22,1,1,1.7,81,450,1201.36,504.0,369.0,0,0.0007070312175077566,7.611604982675218
18090,1,321.9,1,1,0,0.0,0.0,47,1,0,0.0,422,422,321.9,307.0,,1,0.0,0.0
13395,3,1180.23,3,3,0,0.0,0.0,77,1,0,0.0,186,422,393.41,553.3333333333334,118.0,0,0.0,0.0
16540,1,205.75000000000006,1,1,0,0.0,0.0,25,1,0,0.0,415,415,205.75000000000006,105.0,,1,0.0,0.0
15368,2,722.74,2,2,1,446.94000000000005,0.0,8,1,0,0.0,22,395,361.37,203.0,373.0,0,0.0,6.104659294874325
17269,1,491.81000000000006,1,1,0,0.0,0.0,110,1,0,0.0,386,386,491.81000000000006,314.0,,1,0.0,0.0
17042,5,1036.58,5,5,1,121.56,427.43,74,1,0,0.0,3,248,207.31599999999997,198.0,61.25,0,0.0,-1.251526658140671
12902,1,138.68,1,1,0,0.0,0.0,10,1,0,0.0,265,265,138.68,66.0,,1,0.0,0.0
18027,1,115.30999999999999,1,1,0,0.0,115.30999999999999,21,1,0,0.0,99,99,115.30999999999999,78.0,,1,0.0,-4.7562590403509475
17475,1,194.37,1,1,1,194.37,0.0,14,1,0,0.0,80,80,194.37,178.0,,1,0.0,5.274895196603544
18169,1,202.65,1,1,1,202.65,0.0,9,1,0,0.0,61,61,202.65,61.0,,1,0.0,5.316402834094422
12546,2,1021.5,2,2,2,1021.5,0.0,58,0,1,20.0,47,78,510.75,314.0,31.0,0,0.019203072491598656,6.930005887916956
15444,2,1411.2100000000003,2,2,2,1411.2100000000003,0.0,191,1,0,0.0,10,41,705.6050000000001,379.5,31.0,0,0.0,7.252911132207155
14793,2,625.9,2,2,1,228.99,0.0,39,1,1,14.850000000000001,22,536,312.95,180.5,514.0,0,0.023175965665236054,5.438035829717119
15195,1,3861.0,1,1,1,3861.0,0.0,1,1,0,0.0,3,3,3861.0,1404.0,,1,0.0,8.258940462988459
16852,2,144.91,2,2,1,31.85,113.06,9,1,0,0.0,11,177,72.455,28.0,166.0,0,0.0,-1.2447728807977727
14378,1,131.25,1,1,0,0.0,0.0,9,1,0,0.0,622,622,131.25,57.0,,1,0.0,0.0
17474,1,1047.0,1,1,0,0.0,0.0,6,1,0,0.0,600,600,1047.0,200.0,,1,0.0,0.0
17953,1,148.67,1,1,0,0.0,0.0,19,1,0,0.0,541,541,148.67,73.0,,1,0.0,0.0
12538,2,640.45,2,2,1,363.95000000000005,0.0,33,0,0,0.0,30,379,320.225,168.0,349.0,0,0.0,5.899760357897641
15445,2,284.5,2,2,0,0.0,0.0,12,1,0,0.0,265,591,142.25,59.0,326.0,0,0.0,0.0
16993,2,1950.9499999999998,2,2,0,0.0,0.0,19,1,1,262.79999999999995,464,577,975.4749999999999,142.5,113.0,0,0.11871259175606999,0.0
16907,9,1470.8899999999999,9,9,1,269.77,127.88000000000001,109,1,0,0.0,30,527,163.4322222222222,50.111111111111114,62.125,0,0.0,0.7423880131669423
12927,1,197.31,1,1,0,0.0,0.0,11,1,0,0.0,395,395,197.31,145.0,,1,0.0,0.0
13992,3,219.5,3,3,1,76.8,0.0,10,1,0,0.0,31,464,73.16666666666667,51.333333333333336,216.5,0,0.0,4.354141431184346
15895,1,179.17,1,1,0,0.0,179.17,11,1,0,0.0,150,150,179.17,94.0,,1,0.0,-5.1939008496276085
17393,2,381.15,2,2,0,0.0,0.0,45,1,0,0.0,411,489,190.575,119.0,78.0,0,0.0,0.0
14894,3,1492.81,3,3,1,655.75,0.0,39,1,2,80.6,86,738,497.6033333333333,201.0,326.0,0,0.051226317361653985,6.4873034285656495
16091,2,315.06000000000006,2,2,0,0.0,157.81000000000003,16,1,0,0.0,155,199,157.53000000000003,77.0,44.0,0,0.0,-5.067708519122555
13238,6,1006.6300000000001,6,5,2,381.88,227.70000000000002,24,1,1,19.9,18,591,167.77166666666668,73.66666666666667,114.6,0,0.019385697446738036,0.5153105231313271
16542,2,257.32,2,2,1,119.62,0.0,13,1,0,0.0,54,402,128.66,71.0,348.0,0,0.0,4.792645108022841
14566,4,4092.0,4,4,0,0.0,1432.0,9,0,0,0.0,111,534,1023.0,600.0,141.0,0,0.0,-7.267525427828172
17934,3,1049.15,3,2,2,704.25,0.0,36,1,0,0.0,52,407,349.7166666666667,209.33333333333334,177.5,0,0.0,6.558552349882106
15669,4,684.34,4,4,1,118.8,366.74,31,1,1,6.65,41,264,171.085,85.5,74.33333333333333,0,0.00962387299382046,-1.121552481044347
17078,2,375.85999999999996,1,1,2,375.85999999999996,0.0,27,1,0,0.0,37,37,187.92999999999998,391.0,,1,0.0,5.931873765694344
17465,7,2542.79,6,6,0,0.0,0.0,103,1,2,9.15,426,737,363.2557142857143,211.0,62.2,0,0.0035855074962577492,0.0
15416,7,4572.82,6,6,1,839.9900000000001,869.9000000000001,189,1,1,9.95,65,677,653.26,345.7142857142857,122.4,0,0.002171175948171084,-0.03494739040286099
15496,1,146.14000000000001,1,1,0,0.0,0.0,22,1,0,0.0,632,632,146.14000000000001,98.0,,1,0.0,0.0
12711,2,1213.0499999999997,2,2,0,0.0,0.0,55,0,0,0.0,612,677,606.5249999999999,381.5,65.0,0,0.0,0.0
15478,3,1940.98,3,2,2,1399.92,0.0,52,1,0,0.0,41,576,646.9933333333333,281.3333333333333,267.5,0,0.0,7.244884442636672
13997,3,376.46000000000004,2,2,0,0.0,0.0,36,1,0,0.0,520,551,125.48666666666668,47.666666666666664,31.0,0,0.0,0.0
15254,3,1088.35,3,3,0,0.0,300.35999999999996,64,1,1,14.95,128,561,362.7833333333333,237.0,216.5,0,0.013550258315961208,-5.708305563383785
13814,3,2257.3199999999997,3,3,0,0.0,1579.12,56,0,2,18.25,93,528,752.4399999999999,404.6666666666667,217.5,0,0.008019968623246046,-7.365256072504094
15788,1,221.82999999999998,1,1,0,0.0,0.0,14,1,1,6.300000000000001,509,509,221.82999999999998,115.0,,1,0.02761583307763118,0.0
15191,3,588.05,2,2,0,0.0,0.0,33,1,0,0.0,464,689,196.01666666666665,95.66666666666667,225.0,0,0.0,0.0
16190,8,2723.55,8,8,1,215.07999999999998,0.0,89,1,0,0.0,41,726,340.44375,153.875,97.85714285714286,0,0.0,5.37564870948436
14583,8,1660.29,8,7,1,245.24,466.11,353,1,0,0.0,6,622,207.53625,133.875,88.0,0,0.0,-0.6402581058802594
14014,3,1948.2099999999998,3,3,1,505.18000000000006,0.0,76,1,0,0.0,78,577,649.4033333333333,668.0,249.5,0,0.0,6.2268923372554115
15545,2,288.96999999999997,2,2,1,153.64,0.0,78,1,0,0.0,55,372,144.48499999999999,81.0,317.0,0,0.0,5.041099834900075
14603,1,660.0,1,1,0,0.0,0.0,2,1,0,0.0,275,275,660.0,400.0,,1,0.0,0.0
17946,2,149.57999999999998,2,2,0,0.0,0.0,18,1,0,0.0,234,260,74.78999999999999,37.5,26.0,0,0.0,0.0
17175,4,1443.69,4,4,1,311.06,310.93,42,1,1,12.75,45,297,360.9225,216.5,84.0,0,0.008754222625030898,0.0004166733501529407
13489,4,449.52,4,3,0,0.0,213.83999999999997,11,1,0,0.0,106,295,112.38,140.0,63.0,0,0.0,-5.369893565037258
13827,3,409.79999999999995,3,2,1,109.03999999999999,300.76,83,1,0,0.0,58,144,136.6,46.0,43.0,0,0.0,-1.0087880633887192
13350,2,879.1200000000001,2,2,2,879.1200000000001,0.0,35,1,1,68.4,17,80,439.56000000000006,142.5,63.0,0,0.07218844984802432,6.7800582618119405
13422,1,2626.3,1,1,1,2626.3,0.0,127,1,1,24.75,65,65,2626.3,1326.0,,1,0.009335923502008637,7.8737119818711125
17361,5,871.79,4,4,1,224.28,0.0,51,1,0,0.0,50,677,174.358,76.0,209.0,0,0.0,5.417344072969677
13496,2,653.3299999999999,2,2,1,152.32,0.0,28,1,1,35.400000000000006,11,360,326.66499999999996,170.5,349.0,0,0.05139895169369711,5.032527240512354
16360,6,3450.41,6,4,6,3450.41,0.0,365,1,2,100.84,5,89,575.0683333333333,351.6666666666667,16.8,0,0.028395635339669132,8.146538122184259
13843,1,319.75,1,1,0,0.0,0.0,18,1,0,0.0,382,382,319.75,145.0,,1,0.0,0.0
14204,4,1024.83,4,4,1,150.60999999999996,0.0,186,1,0,0.0,3,738,256.2075,117.25,245.0,0,0.0,5.02131143409349
17023,3,800.18,3,3,0,0.0,0.0,48,1,0,0.0,418,698,266.72666666666663,176.66666666666666,140.0,0,0.0,0.0
15588,1,579.6,1,1,0,0.0,0.0,4,1,0,0.0,678,678,579.6,96.0,,1,0.0,0.0
17136,1,231.67999999999998,1,1,0,0.0,0.0,14,1,0,0.0,663,663,231.67999999999998,256.0,,1,0.0,0.0
13879,1,395.50000000000006,1,1,0,0.0,0.0,25,1,0,0.0,646,646,395.50000000000006,204.0,,1,0.0,0.0
12533,2,1223.89,2,2,0,0.0,0.0,62,0,4,217.89999999999995,628,739,611.945,348.0,111.0,0,0.15113157949493336,0.0
14552,3,507.92999999999995,3,3,0,0.0,164.22,124,1,0,0.0,152,593,169.30999999999997,86.0,220.5,0,0.0,-5.10727791913436
18141,2,882.47,2,2,0,0.0,0.0,38,1,2,43.900000000000006,402,590,441.235,216.5,188.0,0,0.0473892721050984,0.0
13537,2,717.8499999999999,2,2,0,0.0,0.0,38,1,0,0.0,426,452,358.92499999999995,168.5,26.0,0,0.0,0.0
17533,1,34.8,1,1,0,0.0,0.0,1,1,0,0.0,435,435,34.8,24.0,,1,0.0,0.0
15277,2,476.34,2,2,1,255.89999999999998,0.0,23,1,0,0.0,47,426,238.17,186.5,379.0,0,0.0,5.548686904115838
14700,5,3076.06,5,5,1,654.0,0.0,111,1,0,0.0,33,486,615.212,321.2,113.25,0,0.0,6.484635235635252
16587,1,225.14999999999998,1,1,0,0.0,0.0,13,1,0,0.0,233,233,225.14999999999998,71.0,,1,0.0,0.0
14231,4,1235.6200000000001,4,4,0,0.0,0.0,66,1,2,103.65,184,451,308.90500000000003,152.5,89.0,0,0.0773929080767881,0.0
14009,3,1099.91,3,2,0,0.0,0.0,71,1,1,9.680000000000001,199,463,366.6366666666667,317.0,132.0,0,0.008723943078073884,0.0
13678,1,232.60000000000002,1,1,0,0.0,232.60000000000002,16,1,0,0.0,152,152,232.60000000000002,924.0,,1,0.0,-5.453610250954072
17267,2,317.20000000000005,1,1,0,0.0,317.20000000000005,37,1,0,0.0,128,128,158.60000000000002,79.0,,1,0.0,-5.762680115903686
16909,1,379.14000000000004,1,1,1,379.14000000000004,0.0,18,1,1,15.0,73,73,379.14000000000004,436.0,,1,0.03805754300502359,5.940539605922692
12652,2,891.03,2,2,0,0.0,0.0,50,0,1,5.45,332,435,445.515,264.5,103.0,0,0.0060793325004461895,0.0
16632,2,406.4,2,2,0,0.0,0.0,22,1,0,0.0,486,582,203.2,128.0,96.0,0,0.0,0.0
16028,1,82.2,1,1,0,0.0,0.0,5,1,0,0.0,596,596,82.2,18.0,,1,0.0,0.0
13011,1,50.550000000000004,1,1,0,0.0,0.0,3,1,0,0.0,373,373,50.550000000000004,13.0,,1,0.0,0.0
15703,1,211.5,1,1,0,0.0,0.0,5,1,0,0.0,265,265,211.5,66.0,,1,0.0,0.0
12375,2,377.5,2,2,1,187.2,190.30000000000004,13,0,1,2.08,11,99,188.75,88.0,88.0,0,0.005479740766109911,-0.01633764929492809
15477,1,368.4,1,1,0,0.0,0.0,2,1,0,0.0,650,650,368.4,216.0,,1,0.0,0.0
18024,2,389.7799999999999,1,1,0,0.0,389.7799999999999,21,1,1,153.0,153,153,194.88999999999996,92.0,,1,0.28188216220199713,-5.968144741786365
15097,3,908.3499999999999,2,2,1,248.07999999999998,0.0,59,1,2,321.3,5,584,302.7833333333333,141.33333333333334,579.0,0,0.26129386410767297,5.517774130004251
12462,2,937.59,2,2,1,343.48,0.0,50,0,2,65.58,19,304,468.795,263.5,285.0,0,0.0653727683244116,5.842036033616053
17309,3,320.39,3,3,0,0.0,82.75,33,1,0,0.0,96,674,106.79666666666667,60.333333333333336,289.0,0,0.0,-4.427836170705175
17936,1,380.13,1,1,1,380.13,0.0,68,1,0,0.0,6,6,380.13,257.0,,1,0.0,5.943140524277792
17778,1,197.70000000000002,1,1,0,0.0,0.0,10,1,0,0.0,662,662,197.70000000000002,214.0,,1,0.0,0.0
14490,2,1273.4699999999998,2,1,0,0.0,0.0,72,1,0,0.0,407,429,636.7349999999999,466.5,22.0,0,0.0,0.0
17782,2,679.02,1,1,0,0.0,0.0,29,1,0,0.0,383,383,339.51,269.0,,1,0.0,0.0
15262,3,418.82,3,3,0,0.0,0.0,22,1,0,0.0,324,489,139.60666666666665,72.66666666666667,82.5,0,0.0,0.0
15211,2,894.4100000000001,2,2,1,511.34000000000003,0.0,52,1,0,0.0,61,366,447.20500000000004,120.0,305.0,0,0.0,6.2389884671475695
14600,2,865.1700000000001,2,2,0,0.0,0.0,53,1,0,0.0,306,394,432.58500000000004,243.5,88.0,0,0.0,0.0
13575,5,732.0699999999999,5,5,3,513.3199999999999,218.75,41,1,0,0.0,24,177,146.414,89.8,38.25,0,0.0,0.8503551032681456
17022,2,259.99999999999994,2,2,1,70.99999999999999,0.0,16,1,0,0.0,32,433,129.99999999999997,90.0,401.0,0,0.0,4.276666119016055
13702,1,135.18,1,1,0,0.0,0.0,5,1,0,0.0,446,446,135.18,74.0,,1,0.0,0.0
14352,4,1078.96,3,3,0,0.0,233.64000000000004,44,1,0,0.0,158,274,269.74,134.5,58.0,0,0.0,-5.458052424669196
16502,2,258.55,1,1,0,0.0,0.0,41,1,0,0.0,621,621,129.275,110.0,,1,0.0,0.0
18056,2,554.6,2,2,0,0.0,0.0,28,1,1,14.850000000000001,289,619,277.3,167.0,330.0,0,0.026077794362981827,0.0
15268,3,961.9,2,2,0,0.0,0.0,21,1,1,20.65,479,606,320.6333333333333,142.66666666666666,127.0,0,0.02101674215052669,0.0
16196,1,93.3,1,1,0,0.0,0.0,4,1,0,0.0,489,489,93.3,26.0,,1,0.0,0.0
15470,1,63.419999999999995,1,1,0,0.0,0.0,4,1,0,0.0,576,576,63.419999999999995,232.0,,1,0.0,0.0
17721,1,307.21,1,1,0,0.0,0.0,11,1,0,0.0,660,660,307.21,107.0,,1,0.0,0.0
14104,5,740.53,5,5,0,0.0,216.20999999999998,116,1,0,0.0,155,561,148.106,99.0,101.5,0,0.0,-5.380864627515602
15462,4,737.05,4,4,0,0.0,129.6,32,1,0,0.0,95,446,184.2625,123.75,117.0,0,0.0,-4.8721392168423305
12458,4,1502.49,4,4,1,425.48,0.0,70,0,0,0.0,72,488,375.6225,244.75,138.66666666666666,0,0.0,6.055565472514505
15230,2,429.6,2,1,0,0.0,0.0,23,1,0,0.0,240,241,214.8,175.5,1.0,0,0.0,0.0
17264,1,268.28,1,1,0,0.0,0.0,70,1,0,0.0,425,425,268.28,217.0,,1,0.0,0.0
16036,4,2556.8399999999997,4,4,1,570.1899999999999,0.0,120,1,0,0.0,88,621,639.2099999999999,342.25,177.66666666666666,0,0.0,6.347721903869324
14356,2,701.23,2,1,2,701.23,0.0,33,1,2,34.29,80,82,350.615,138.5,2.0,0,0.04662007831194257,6.5542609856927125
17440,4,323.58,3,3,0,0.0,61.8,4,1,2,9.32,157,550,80.895,70.5,196.5,0,0.027996395313908084,-4.139955073474153
15826,4,2598.2799999999997,3,3,2,934.3100000000001,0.0,100,1,2,15.149999999999999,57,569,649.5699999999999,456.0,256.0,0,0.005796979448464279,6.840878025140005
14979,1,429.65999999999997,1,1,0,0.0,0.0,42,1,0,0.0,736,736,429.65999999999997,209.0,,1,0.0,0.0
13503,5,1778.0400000000002,4,4,1,216.85,0.0,157,1,4,71.25,72,662,355.60800000000006,220.2,196.66666666666666,0,0.038528300050289566,5.383806752563451
14459,2,5375.74,2,2,0,0.0,1837.92,112,1,0,0.0,156,652,2687.87,1151.0,496.0,0,0.0,-7.516933721754878
17184,2,198.41000000000003,2,2,0,0.0,0.0,14,1,0,0.0,570,731,99.20500000000001,36.5,161.0,0,0.0,0.0
18281,2,201.14,2,2,0,0.0,0.0,17,1,0,0.0,181,578,100.57,73.0,397.0,0,0.0,0.0
15077,2,2428.08,2,2,0,0.0,0.0,28,1,2,4.2,495,731,1214.04,264.0,236.0,0,0.0017267748778923482,0.0
18140,1,536.41,1,1,0,0.0,0.0,49,0,0,0.0,474,474,536.41,395.0,,1,0.0,0.0
15647,1,169.0,1,1,0,0.0,0.0,11,1,0,0.0,416,416,169.0,124.0,,1,0.0,0.0
12578,4,4026.45,4,4,1,989.85,0.0,148,0,3,70.0,22,444,1006.6125,589.5,140.66666666666666,0,0.017087966409940314,6.898563160613222
16926,5,1169.61,5,4,0,0.0,0.0,63,1,1,10.95,372,527,233.92199999999997,39.4,38.75,0,0.009275259199024192,0.0
15213,2,328.35,2,1,0,0.0,0.0,22,1,1,3.3,319,330,164.175,136.0,11.0,0,0.009950248756218904,0.0
14212,2,2190.1400000000003,2,2,1,1070.48,0.0,18,1,0,0.0,90,446,1095.0700000000002,1023.0,356.0,0,0.0,6.976796149317125
15343,1,364.50000000000006,1,1,1,364.50000000000006,0.0,21,1,0,0.0,88,88,364.50000000000006,84.0,,1,0.0,5.901266279189834
12607,1,1579.51,1,1,1,1579.51,0.0,101,0,1,1579.51,61,61,1579.51,1228.0,,1,0.5,7.3655028587473295
14494,3,401.46,3,3,1,139.56,0.0,17,1,0,0.0,26,732,133.82,70.0,353.0,0,0.0,4.945634443878841
12572,2,912.4200000000001,2,2,2,912.4200000000001,0.0,52,0,1,15.7,9,52,456.21000000000004,223.0,43.0,0,0.01691591604533896,6.817195796723135
15403,2,170.88,2,2,0,0.0,0.0,6,1,0,0.0,492,731,85.44,246.0,239.0,0,0.0,0.0
15848,1,137.99,1,1,0,0.0,0.0,34,1,0,0.0,622,622,137.99,45.0,,1,0.0,0.0
17099,1,582.1700000000001,1,1,0,0.0,0.0,40,1,0,0.0,534,534,582.1700000000001,317.0,,1,0.0,0.0
12771,1,226.3,1,1,0,0.0,0.0,14,0,1,19.8,486,486,226.3,102.0,,1,0.08045509955302722,0.0
15978,3,3279.42,3,3,1,1098.7800000000002,0.0,107,1,2,6.8,78,645,1093.14,814.6666666666666,283.5,0,0.00206924673332887,7.002865438783795
13912,1,124.95,1,1,0,0.0,0.0,7,1,0,0.0,424,424,124.95,29.0,,1,0.0,0.0
17741,2,101.10000000000001,2,2,0,0.0,0.0,6,1,0,0.0,407,561,50.550000000000004,57.0,154.0,0,0.0,0.0
15780,3,475.28,3,3,0,0.0,0.0,26,1,0,0.0,184,358,158.42666666666665,73.33333333333333,87.0,0,0.0,0.0
14772,1,139.26,1,1,0,0.0,139.26,9,1,0,0.0,113,113,139.26,82.0,,1,0.0,-4.943497843108764
18005,2,226.47000000000003,2,2,2,226.47000000000003,0.0,52,1,0,0.0,4,48,113.23500000000001,43.0,44.0,0,0.0,5.42701836156377
16207,1,394.38,1,1,1,394.38,0.0,19,1,0,0.0,26,26,394.38,140.0,,1,0.0,5.979847327767791
13079,6,419.18,6,5,3,160.60000000000002,59.5,11,1,0,0.0,5,418,69.86333333333333,26.333333333333332,82.6,0,0.0,0.9824807810501994
16064,1,109.31,1,1,0,0.0,0.0,17,1,0,0.0,726,726,109.31,55.0,,1,0.0,0.0
17794,2,147.3,2,1,0,0.0,0.0,7,1,0,0.0,687,689,73.65,23.0,2.0,0,0.0,0.0
14884,1,120.6,1,1,0,0.0,0.0,8,1,0,0.0,670,670,120.6,72.0,,1,0.0,0.0
15870,4,857.46,3,3,1,351.44,0.0,127,1,0,0.0,33,447,214.365,126.0,207.0,0,0.0,5.864880394998529
17683,3,819.0099999999999,3,3,0,0.0,0.0,41,1,0,0.0,386,555,273.0033333333333,260.3333333333333,84.5,0,0.0,0.0
14946,1,100.9,1,1,1,100.9,0.0,3,1,0,0.0,15,15,100.9,22.0,,1,0.0,4.623991940228679
16696,4,657.9000000000001,4,3,0,0.0,99.0,7,1,0,0.0,136,249,164.47500000000002,36.5,37.666666666666664,0,0.0,-4.605170185988092
17334,3,635.15,3,2,0,0.0,0.0,20,1,1,0.42,303,407,211.71666666666667,188.66666666666666,52.0,0,0.0006608241421086585,0.0
15244,3,912.0800000000002,3,3,1,333.63000000000005,0.0,44,1,1,61.900000000000006,66,667,304.0266666666667,157.33333333333334,300.5,0,0.06355366639972074,5.813025443828249
13375,2,1792.23,2,2,1,778.65,0.0,62,1,1,5.75,89,445,896.115,562.0,356.0,0,0.0031980333485355787,6.658845101030894
16857,1,352.80000000000007,1,1,0,0.0,0.0,11,1,0,0.0,443,443,352.80000000000007,168.0,,1,0.0,0.0
18138,1,152.65,1,1,0,0.0,0.0,8,1,0,0.0,296,296,152.65,38.0,,1,0.0,0.0
16338,1,214.8,1,1,0,0.0,214.8,11,1,0,0.0,158,158,214.8,94.0,,1,0.0,-5.374352052824034
18045,1,178.33999999999997,1,1,1,178.33999999999997,0.0,43,1,0,0.0,46,46,178.33999999999997,138.0,,1,0.0,5.189283445523901
13558,4,594.52,4,3,4,594.52,0.0,123,1,0,0.0,6,69,148.63,84.5,21.0,0,0.0,6.389434973453886
14137,1,332.7,1,1,0,0.0,0.0,11,1,1,38.6,696,696,332.7,462.0,,1,0.10395906275249124,0.0
16978,3,768.8800000000001,2,2,1,344.33000000000004,0.0,65,1,0,0.0,78,667,256.29333333333335,95.0,589.0,0,0.0,5.84450048159508
13567,4,1079.29,3,3,0,0.0,0.0,180,1,1,5.1,429,542,269.8225,160.75,56.5,0,0.0047031049714586085,0.0
17325,3,609.57,3,3,0,0.0,0.0,39,1,0,0.0,281,642,203.19000000000003,155.0,180.5,0,0.0,0.0
13646,2,326.25,1,1,0,0.0,0.0,58,1,1,2.95,400,400,163.125,39.5,,1,0.008961117861482383,0.0
14365,2,634.6800000000001,2,2,0,0.0,0.0,50,1,0,0.0,395,682,317.34000000000003,278.5,287.0,0,0.0,0.0
16765,2,454.75,2,2,0,0.0,0.0,52,1,0,0.0,295,383,227.375,155.5,88.0,0,0.0,0.0
15204,1,316.58,1,1,0,0.0,0.0,9,1,0,0.0,358,358,316.58,258.0,,1,0.0,0.0
17260,1,120.95,1,1,0,0.0,0.0,6,1,0,0.0,412,412,120.95,23.0,,1,0.0,0.0
16750,5,623.93,5,5,2,207.81,297.41999999999996,74,1,0,0.0,45,233,124.78599999999999,42.8,47.0,0,0.0,-0.3570771426303052
15463,1,126.14,1,1,1,126.14,0.0,7,1,0,0.0,30,30,126.14,106.0,,1,0.0,4.845288841508263
16406,3,528.36,3,3,1,154.35,0.0,135,1,1,18.7,19,654,176.12,85.66666666666667,317.5,0,0.03418272218769421,5.045680635839056
16535,2,952.04,2,2,1,593.75,0.0,66,1,0,0.0,6,386,476.02,331.5,380.0,0,0.0,6.388141149183067
12796,1,351.0,1,1,0,0.0,0.0,6,0,0,0.0,629,629,351.0,180.0,,1,0.0,0.0
17958,2,973.88,2,2,0,0.0,508.46,35,1,0,0.0,117,729,486.94,142.0,612.0,0,0.0,-6.233351341239327
13128,1,263.5,1,1,0,0.0,0.0,1,1,0,0.0,632,632,263.5,31.0,,1,0.0,0.0
13251,1,252.68,1,1,0,0.0,0.0,25,1,0,0.0,403,403,252.68,215.0,,1,0.0,0.0
15992,3,896.6,3,3,1,41.989999999999995,0.0,53,1,0,0.0,4,454,298.8666666666667,171.33333333333334,225.0,0,0.0,3.76096753050819
14589,1,39.75,1,1,0,0.0,0.0,3,1,0,0.0,372,372,39.75,5.0,,1,0.0,0.0
15319,1,204.50000000000003,1,1,0,0.0,0.0,16,1,0,0.0,284,284,204.50000000000003,175.0,,1,0.0,0.0
14169,2,613.1099999999999,2,2,0,0.0,0.0,49,1,0,0.0,431,445,306.55499999999995,100.5,14.0,0,0.0,0.0
14323,2,605.06,2,2,0,0.0,305.24,32,1,2,30.800000000000004,115,239,302.53,175.0,124.0,0,0.04843833548265343,-5.72436910826459
12822,2,948.88,2,1,2,948.88,0.0,41,1,1,29.9,71,88,474.44,275.0,17.0,0,0.030548233515192383,6.856335660826602
14815,2,778.5,2,2,2,778.5,0.0,53,1,0,0.0,37,68,389.25,372.0,31.0,0,0.0,6.658652688497831
17103,1,424.3,1,1,0,0.0,0.0,32,1,0,0.0,723,723,424.3,471.0,,1,0.0,0.0
12760,1,317.8,1,1,0,0.0,0.0,20,0,0,0.0,456,456,317.8,196.0,,1,0.0,0.0
17279,1,187.83,1,1,1,187.83,0.0,8,1,0,0.0,58,58,187.83,48.0,,1,0.0,5.240847139393487
17847,2,125.74000000000001,2,2,0,0.0,0.0,8,1,0,0.0,516,646,62.870000000000005,14.0,130.0,0,0.0,0.0
13398,2,670.3399999999999,2,2,0,0.0,0.0,37,1,0,0.0,193,449,335.16999999999996,170.5,256.0,0,0.0,0.0
17280,1,118.85999999999999,1,1,0,0.0,0.0,6,1,0,0.0,439,439,118.85999999999999,74.0,,1,0.0,0.0
12369,3,1511.1499999999996,3,3,0,0.0,0.0,89,0,0,0.0,414,642,503.7166666666665,411.3333333333333,114.0,0,0.0,0.0
16661,4,932.7600000000002,4,4,0,0.0,0.0,50,1,1,144.45000000000002,541,723,233.19000000000005,91.0,60.666666666666664,0,0.13409641574066336,0.0
16219,1,40.8,1,1,0,0.0,0.0,1,1,0,0.0,501,501,40.8,48.0,,1,0.0,0.0
13116,1,501.13999999999993,1,1,0,0.0,501.13999999999993,30,1,1,15.95,139,139,501.13999999999993,291.0,,1,0.03084569417316135,-6.218878965272838
13356,1,768.2399999999999,1,1,1,768.2399999999999,0.0,42,1,0,0.0,81,81,768.2399999999999,325.0,,1,0.0,6.645403014442646
13529,2,307.76,2,2,1,126.66000000000001,0.0,15,1,0,0.0,79,205,153.88,37.0,126.0,0,0.0,4.849370479827911
15935,1,108.03999999999999,1,1,0,0.0,0.0,11,1,1,308.82,240,240,108.03999999999999,114.0,,1,0.7408242575444993,0.0
15836,1,137.37,1,1,1,137.37,0.0,10,1,1,19.9,51,51,137.37,26.0,,1,0.12653398613848793,4.929931256681293
17900,2,112.19999999999999,1,1,0,0.0,0.0,4,1,2,97.19999999999999,191,191,56.099999999999994,36.5,,1,0.46418338108882523,0.0
14376,1,215.46,1,1,0,0.0,0.0,17,1,0,0.0,684,684,215.46,50.0,,1,0.0,0.0
16677,2,880.62,2,2,0,0.0,0.0,45,1,1,30.85,412,653,440.31,228.5,241.0,0,0.033846423908631115,0.0
16275,3,2151.11,3,3,0,0.0,0.0,105,1,0,0.0,197,642,717.0366666666667,422.6666666666667,222.5,0,0.0,0.0
12687,1,1858.9099999999996,1,1,0,0.0,0.0,125,0,0,0.0,481,481,1858.9099999999996,1402.0,,1,0.0,0.0
13430,2,679.45,2,2,2,679.45,0.0,48,1,2,27.380000000000003,19,87,339.725,375.5,68.0,0,0.03873632981056265,6.5227543440063265
16030,1,331.24,1,1,0,0.0,0.0,28,1,0,0.0,310,310,331.24,283.0,,1,0.0,0.0
15947,1,1708.24,1,1,1,1708.24,0.0,29,1,0,0.0,83,83,1708.24,898.0,,1,0.0,7.443804106257556
16732,4,4387.64,4,4,1,603.7499999999999,0.0,199,1,5,420.85,32,732,1096.91,603.5,233.33333333333334,0,0.08752227830358386,6.404815149490137
13087,1,313.64,1,1,0,0.0,0.0,15,1,0,0.0,727,727,313.64,86.0,,1,0.0,0.0
16577,1,380.0,1,1,0,0.0,0.0,23,1,0,0.0,667,667,380.0,142.0,,1,0.0,0.0
16285,1,176.9,1,1,0,0.0,0.0,31,1,0,0.0,647,647,176.9,60.0,,1,0.0,0.0
17622,2,1130.21,2,1,0,0.0,0.0,19,1,1,5.04,598,599,565.105,189.5,1.0,0,0.00443955075974455,0.0
15931,1,239.9,1,1,0,0.0,0.0,14,1,0,0.0,429,429,239.9,118.0,,1,0.0,0.0
16689,2,422.59999999999997,2,1,2,422.59999999999997,0.0,12,1,1,67.5,76,83,211.29999999999998,165.0,7.0,0,0.13772699449092024,6.048789613727251
15335,1,170.22,1,1,1,170.22,0.0,34,1,0,0.0,54,54,170.22,79.0,,1,0.0,5.142949279314339
13332,1,350.9,1,1,1,350.9,0.0,21,1,0,0.0,15,15,350.9,179.0,,1,0.0,5.863347044327539
12861,1,68.25,1,1,0,0.0,0.0,4,1,0,0.0,620,620,68.25,27.0,,1,0.0,0.0
16405,2,167.25,2,1,0,0.0,0.0,3,1,0,0.0,303,311,83.625,93.5,8.0,0,0.0,0.0
15635,1,100.35,1,1,0,0.0,0.0,2,1,0,0.0,396,396,100.35,5.0,,1,0.0,0.0
14845,1,150.0,1,1,0,0.0,0.0,1,1,0,0.0,600,600,150.0,600.0,,1,0.0,0.0
17077,1,306.0,1,1,0,0.0,0.0,1,1,0,0.0,579,579,306.0,36.0,,1,0.0,0.0
17948,1,358.56000000000006,1,1,0,0.0,358.56000000000006,1,1,0,0.0,148,148,358.56000000000006,144.0,,1,0.0,-5.884881061705198
16881,1,432.0,1,1,1,432.0,0.0,1,1,0,0.0,67,67,432.0,600.0,,1,0.0,6.07073772800249
15386,1,394.14000000000004,1,1,0,0.0,0.0,31,1,0,0.0,187,187,394.14000000000004,446.0,,1,0.0,0.0
15585,1,455.29999999999995,1,1,0,0.0,455.29999999999995,31,1,0,0.0,177,177,455.29999999999995,320.0,,1,0.0,-6.123150487933357
13095,1,74.39999999999999,1,1,1,74.39999999999999,0.0,6,1,0,0.0,71,71,74.39999999999999,144.0,,1,0.0,4.32280727501391
17195,1,562.98,1,1,0,0.0,0.0,31,1,0,0.0,656,656,562.98,486.0,,1,0.0,0.0
17225,1,131.15,1,1,0,0.0,0.0,5,1,0,0.0,582,582,131.15,36.0,,1,0.0,0.0
17559,1,167.61999999999998,1,1,0,0.0,0.0,12,1,0,0.0,513,513,167.61999999999998,270.0,,1,0.0,0.0
14564,2,2605.62,2,2,0,0.0,0.0,107,0,3,86.3,435,736,1302.81,647.5,301.0,0,0.032058902196201965,0.0
16991,1,1041.21,1,1,0,0.0,0.0,74,1,0,0.0,422,422,1041.21,793.0,,1,0.0,0.0
14612,1,877.7,1,1,0,0.0,0.0,14,1,0,0.0,416,416,877.7,134.0,,1,0.0,0.0
17535,1,164.4,1,1,0,0.0,0.0,13,1,0,0.0,281,281,164.4,136.0,,1,0.0,0.0
16213,1,159.0,1,1,1,159.0,0.0,6,1,0,0.0,79,79,159.0,48.0,,1,0.0,5.075173815233827
16123,1,307.78,1,1,1,307.78,0.0,16,1,0,0.0,52,52,307.78,170.0,,1,0.0,5.732629049213781
17166,2,206.34,2,2,1,78.75,0.0,11,1,1,16.85,39,204,103.17,39.0,165.0,0,0.07549621398808191,4.378896741664954
15072,1,187.51999999999998,1,1,0,0.0,0.0,13,1,0,0.0,480,480,187.51999999999998,164.0,,1,0.0,0.0
15049,1,121.17000000000002,1,1,0,0.0,0.0,3,1,0,0.0,274,274,121.17000000000002,63.0,,1,0.0,0.0
17775,1,56.4,1,1,0,0.0,0.0,3,1,0,0.0,255,255,56.4,72.0,,1,0.0,0.0
17628,1,75.75,1,1,1,75.75,0.0,5,1,0,0.0,82,82,75.75,79.0,,1,0.0,4.340553386467307
18233,1,440.0,1,1,0,0.0,0.0,1,1,0,0.0,326,326,440.0,4.0,,1,0.0,0.0
18175,1,176.1,1,1,0,0.0,0.0,7,1,0,0.0,676,676,176.1,70.0,,1,0.0,0.0
16334,1,263.73,1,1,0,0.0,0.0,54,1,0,0.0,493,493,263.73,206.0,,1,0.0,0.0
15537,1,110.92,1,1,0,0.0,110.92,24,1,0,0.0,164,164,110.92,29.0,,1,0.0,-4.717784330357226
16166,2,435.83000000000004,2,2,0,0.0,0.0,18,1,2,108.35,429,692,217.91500000000002,86.5,263.0,0,0.19910691315373585,0.0
13315,1,310.26,1,1,0,0.0,0.0,22,1,0,0.0,690,690,310.26,232.0,,1,0.0,0.0
16987,11,2499.4500000000003,10,7,4,987.3500000000001,416.4,154,1,1,11.9,4,738,227.2227272727273,60.90909090909091,81.55555555555556,0,0.004738487267804168,0.8619918913848386
13085,8,2433.2799999999997,5,4,0,0.0,137.98000000000002,50,1,1,143.7,158,739,304.15999999999997,118.0,145.25,0,0.05576294732593967,-4.934330037886181
15601,30,14191.740000000002,27,19,3,1191.1,836.8700000000001,310,1,5,40.9,12,739,473.05800000000005,346.5,27.96153846153846,0,0.002873676282123344,0.35260877954088876
17920,54,23569.879999999997,51,20,8,1790.6999999999998,816.16,714,1,2,6.55,5,734,436.4792592592592,227.09259259259258,14.58,0,0.0002778198395601031,0.7850852546863996
15203,15,4400.18,14,14,2,499.48,635.4200000000001,150,1,0,0.0,26,732,293.3453333333334,278.8,54.30769230769231,0,0.0,-0.24029108482854244
15882,8,1122.38,6,6,0,0.0,0.0,48,1,2,26.07,199,730,140.2975,79.75,106.2,0,0.02270016108668205,0.0
13317,19,6486.090000000001,15,13,1,959.7,0.0,221,1,12,417.56,67,727,341.3731578947369,165.68421052631578,47.142857142857146,0,0.06048394689765558,6.867662185415693
16327,16,10129.04,16,15,2,1350.63,0.0,288,1,4,25.82,15,726,633.065,505.5,47.4,0,0.002542624910633923,7.20906655050976
16554,8,2841.72,8,8,1,522.99,0.0,108,1,10,434.54999999999995,43,725,355.215,168.25,97.42857142857143,0,0.13263558864196176,6.261472600169475
17233,3,560.86,3,3,1,190.88,0.0,56,1,0,0.0,36,725,186.95333333333335,99.33333333333333,344.5,0,0.0,5.256870176633863
15750,18,6452.99,17,12,4,1354.8700000000001,497.2600000000001,388,1,6,90.39,3,739,358.4994444444444,237.77777777777777,46.0,0,0.013813961591715596,1.0010765645606483
13787,6,1222.5,6,6,1,202.64000000000001,0.0,71,1,3,48.8,76,695,203.75,166.33333333333334,123.8,0,0.038385904192558794,5.316353729034136
17469,17,5051.25,14,13,2,820.7,744.9100000000001,165,1,5,92.90999999999998,17,724,297.13235294117646,135.52941176470588,54.38461538461539,0,0.018061257814686944,0.09677041544302067
14837,9,3460.32,9,8,1,303.94000000000005,853.3,171,1,3,14.5,90,685,384.48,336.6666666666667,74.375,0,0.0041728780195808704,-1.0301673842138115
12916,7,4479.73,7,7,0,0.0,693.3699999999999,82,1,1,23.799999999999997,139,685,639.9614285714285,240.14285714285714,91.0,0,0.0052847433013658174,-6.543004959647897
16206,13,2577.1200000000003,12,10,1,127.20000000000002,121.11000000000001,186,1,1,4.95,55,685,198.24000000000004,106.0,57.27272727272727,0,0.001917066539636803,0.04866926664163884
14702,29,6356.9800000000005,29,20,8,1600.5400000000002,465.54999999999995,337,1,3,58.5,2,730,219.20620689655175,99.10344827586206,26.0,0,0.009118569460118338,1.2333557496417242
12810,2,534.99,2,2,0,0.0,0.0,32,0,0,0.0,535,677,267.495,194.5,142.0,0,0.0,0.0
16139,5,1111.15,5,4,1,329.03999999999996,166.57,47,1,0,0.0,19,737,222.23000000000002,120.4,179.5,0,0.0,0.6778126848235102
13203,10,2648.25,10,10,2,559.6000000000001,144.15,158,1,1,17.700000000000003,10,723,264.825,241.3,79.22222222222223,0,0.0066392843076576846,1.3512399482600488
16711,9,2868.48,9,8,2,741.16,311.07000000000005,26,1,1,117.0,4,738,318.72,134.66666666666666,91.75,0,0.03918967804172194,0.8663373317258847
15774,6,1287.0900000000001,6,6,1,270.8,0.0,87,1,0,0.0,69,657,214.51500000000001,77.33333333333333,117.6,0,0.0,5.605066501717044
13115,10,5494.700000000001,10,8,3,1416.23,0.0,178,1,13,115.25,12,600,549.47,393.4,65.33333333333333,0,0.020543855114573212,7.256459541268537
17584,6,5309.42,6,6,1,492.85,749.4499999999999,85,1,1,15.0,8,684,884.9033333333333,410.6666666666667,135.2,0,0.0028172082593033608,-0.41844119924818735
13269,28,8537.32,21,17,7,2364.7799999999997,933.2199999999999,238,1,2,30.31,2,738,304.9042857142857,227.35714285714286,36.8,0,0.0035377344726604675,0.9291510997451455
12925,3,729.3299999999999,3,3,2,694.05,0.0,46,1,0,0.0,5,593,243.10999999999999,216.33333333333334,294.0,0,0.0,6.5439837854231016
15954,1,187.79999999999998,1,1,0,0.0,0.0,19,1,0,0.0,590,590,187.79999999999998,118.0,,1,0.0,0.0
16150,10,4002.17,10,10,2,644.3199999999999,444.22,143,1,10,240.90000000000003,43,723,400.217,199.0,75.55555555555556,0,0.056774929473235196,0.3711777757757604
17068,47,8980.18,47,20,5,1012.85,890.44,249,1,2,34.65,13,622,191.06765957446808,92.44680851063829,13.23913043478261,0,0.0038436664917696726,0.1286721114756748
13798,110,75428.86999999998,99,25,15,7992.709999999999,5528.879999999999,168,1,14,2251.3700000000003,2,732,685.7169999999999,438.06363636363636,7.448979591836735,0,0.028982531464887353,0.36848886694356153
12960,4,1322.0700000000002,4,4,0,0.0,0.0,49,1,0,0.0,414,662,330.51750000000004,344.75,82.66666666666667,0,0.0,0.0
13998,3,566.6999999999999,3,3,0,0.0,0.0,30,1,0,0.0,447,577,188.89999999999998,68.0,65.0,0,0.0,0.0
15980,7,6543.68,4,4,2,1638.68,0.0,101,1,2,47.4,89,557,934.8114285714286,688.8571428571429,156.0,0,0.007191537653920147,7.40225637982826
17515,9,1602.5100000000002,9,9,1,67.65,0.0,91,1,0,0.0,32,551,178.0566666666667,58.55555555555556,64.875,0,0.0,4.229021132213981
15854,21,5578.28,19,16,3,575.4300000000001,809.3,168,1,0,0.0,5,730,265.6323809523809,80.52380952380952,40.27777777777778,0,0.0,-0.34055063950626874
15905,1,114.69,1,1,0,0.0,0.0,22,1,0,0.0,544,544,114.69,82.0,,1,0.0,0.0
14723,11,1801.3599999999997,10,8,3,666.7099999999999,0.0,286,1,0,0.0,11,736,163.75999999999996,106.0,80.55555555555556,0,0.0,6.503853947537654
12417,20,5998.41,20,16,2,742.58,819.25,269,0,7,108.69999999999999,4,734,299.9205,141.75,38.421052631578945,0,0.017798926169661264,-0.09813281253637296
17854,6,1068.5,5,5,0,0.0,0.0,113,1,0,0.0,186,732,178.08333333333334,101.16666666666667,136.5,0,0.0,0.0
13418,31,11559.66,25,17,3,1383.3000000000002,1403.53,328,1,6,317.44,12,729,372.8922580645161,237.2258064516129,29.875,0,0.026727063003595154,-0.014508130537048913
15296,12,10323.03,10,9,1,1073.3700000000001,521.9,342,1,8,118.9,51,688,860.2525,454.3333333333333,70.77777777777777,0,0.011386783860837987,0.7200994810636709
12877,20,2942.1400000000003,20,18,3,476.54,377.19000000000005,149,1,0,0.0,4,691,147.10700000000003,111.85,36.1578947368421,0,0.0,0.23325121120751469
15003,6,1027.03,6,4,0,0.0,0.0,253,1,1,5.0,474,683,171.17166666666665,87.5,41.8,0,0.004844820402507679,0.0
15755,17,5993.119999999999,17,15,3,1219.42,524.1,281,1,3,56.17,11,736,352.53647058823526,237.2941176470588,45.3125,0,0.009285387210730517,0.843361620133904
16004,5,2146.3900000000003,4,4,0,0.0,0.0,63,1,0,0.0,475,684,429.2780000000001,215.2,69.66666666666667,0,0.0,0.0
15092,3,776.4599999999999,3,3,0,0.0,0.0,39,1,1,3.3,216,463,258.82,76.66666666666667,123.5,0,0.004232071406586642,0.0
17705,11,2083.9,11,10,3,855.52,610.7,74,1,1,42.4,4,577,189.44545454545457,118.27272727272727,57.3,0,0.019940742134223765,0.336635702089497
13555,13,8891.84,9,9,2,2508.8300000000004,0.0,264,1,3,92.85,74,690,683.9876923076923,366.3076923076923,77.0,0,0.01033424636798821,7.827970300748446
13881,43,45179.1,32,20,9,7760.84,5829.220000000001,182,1,8,786.6,4,646,1050.6767441860466,692.0930232558139,20.70967741935484,0,0.017112760166820045,0.286164683990771
17226,3,895.47,3,3,0,0.0,0.0,51,1,0,0.0,309,666,298.49,284.3333333333333,178.5,0,0.0,0.0
12802,5,2186.42,5,5,0,0.0,0.0,106,0,2,66.0,187,564,437.284,391.2,94.25,0,0.029301817600625106,0.0
14909,3,1404.6800000000003,3,3,0,0.0,0.0,61,1,2,23.7,438,664,468.22666666666674,296.0,113.0,0,0.01659222335792996,0.0
17612,18,5394.86,17,15,1,365.51,1017.19,213,1,13,226.57999999999996,54,723,299.71444444444444,195.61111111111111,41.8125,0,0.040306398360562413,-1.0217560140827366
15857,2,570.48,2,2,1,297.0,0.0,21,1,0,0.0,19,431,285.24,292.0,412.0,0,0.0,5.697093486505405
14961,22,16410.149999999998,19,12,2,2126.75,1738.27,328,1,6,81.25,11,736,745.9159090909089,380.54545454545456,40.27777777777778,0,0.004926810337509248,0.20159959841000585
17621,6,3175.12,6,4,1,478.12,0.0,61,1,2,145.8,22,432,529.1866666666666,185.0,82.0,0,0.04390349662141817,6.171951087956207
17070,2,437.42,2,2,0,0.0,304.24,102,1,0,0.0,115,411,218.71,116.0,296.0,0,0.0,-5.721098352421432
15123,5,4656.17,5,5,1,1129.84,0.0,149,1,0,0.0,8,634,931.234,504.8,156.5,0,0.0,7.030715998380943
14398,2,707.79,2,2,0,0.0,0.0,50,1,0,0.0,402,528,353.895,133.5,126.0,0,0.0,0.0
17362,7,1024.04,7,7,0,0.0,0.0,99,1,1,13.5,240,703,146.29142857142855,78.42857142857143,77.16666666666667,0,0.013011546542783893,0.0
16546,5,5307.07,4,4,0,0.0,0.0,75,1,2,886.0300000000001,291,443,1061.414,842.2,50.666666666666664,0,0.14306728455862172,0.0
15521,16,7087.639999999999,12,12,1,673.42,659.0,185,1,7,307.24999999999994,41,704,442.97749999999996,281.5,60.27272727272727,0,0.04154896151261208,0.021613227217954112
12951,15,3213.7200000000003,15,13,1,312.28999999999996,126.9,110,1,5,49.3,9,699,214.24800000000002,110.8,49.285714285714285,0,0.015108702980674342,0.8958805705747697
16383,7,2887.99,7,7,1,334.3,0.0,238,1,1,59.05,75,674,412.57,227.14285714285714,99.83333333333333,0,0.02003705412888865,5.815025653472183
18022,5,1506.62,5,4,1,612.72,0.0,305,1,0,0.0,36,547,301.32399999999996,261.6,127.75,0,0.0,6.419538798077005
16083,4,2351.42,4,3,0,0.0,979.64,61,1,0,0.0,101,389,587.855,378.5,96.0,0,0.0,-6.888205419737422
15561,8,1934.3899999999999,7,7,1,350.91999999999996,183.92,65,1,1,77.85,12,664,241.79874999999998,166.75,108.66666666666667,0,0.038688228044368465,0.6434805779204398
14130,4,1858.77,4,4,0,0.0,0.0,189,1,0,0.0,320,729,464.6925,303.75,136.33333333333334,0,0.0,0.0
15983,8,3110.37,8,4,1,326.75,0.0,137,1,0,0.0,23,734,388.79625,234.0,101.57142857142857,0,0.0,5.792251122643809
15465,32,12100.399999999998,32,18,3,1362.49,639.6199999999999,94,1,7,429.49999999999994,20,730,378.13749999999993,82.4375,22.903225806451612,0,0.03427800700723869,0.7553664107737426
17320,6,2444.8500000000004,6,6,0,0.0,290.52,86,1,0,0.0,101,688,407.4750000000001,197.0,117.4,0,0.0,-5.675108614071593
17126,9,2008.93,7,6,0,0.0,487.78,294,1,2,12.899999999999999,153,466,223.21444444444444,157.77777777777777,52.166666666666664,0,0.006380358388192874,-6.191912490490004
12944,2,604.51,2,2,1,317.56,0.0,29,1,0,0.0,36,355,302.255,144.5,319.0,0,0.0,5.7638108403158865
16889,6,2526.6499999999996,6,6,0,0.0,0.0,163,1,0,0.0,195,566,421.1083333333333,268.5,74.2,0,0.0,0.0
17114,8,801.12,8,8,2,199.18,157.5,85,1,2,61.4,6,335,100.14,26.875,47.0,0,0.07118675508973706,0.23346236847353818
12601,6,573.2600000000001,6,6,0,0.0,0.0,23,0,1,7.5,190,405,95.54333333333335,47.333333333333336,43.0,0,0.012914112542186098,0.0
14404,13,2724.13,12,12,1,126.8,623.94,123,1,2,99.0,34,720,209.54846153846154,121.3076923076923,62.36363636363637,0,0.03506746058452852,-1.5871891031846728
14770,8,3637.6400000000003,8,7,0,0.0,0.0,152,1,1,12.75,233,653,454.70500000000004,199.75,60.0,0,0.003492777484049649,0.0
14587,9,1580.29,9,7,1,127.60999999999999,0.0,170,1,1,2.9,19,332,175.58777777777777,83.22222222222223,39.125,0,0.0018317447684737774,4.856784569277996
13534,35,7720.900000000001,26,17,4,1498.5500000000002,1418.45,163,1,25,396.40000000000003,3,521,220.59714285714287,110.54285714285714,20.72,0,0.04883397188720388,0.05489559045894765
17537,2,887.6700000000001,2,2,1,266.92,0.0,74,1,0,0.0,30,304,443.83500000000004,349.5,274.0,0,0.0,5.590688428485949
16726,7,2063.8799999999997,6,6,1,581.5799999999999,0.0,150,1,0,0.0,27,412,294.84,189.0,77.0,0,0.0,6.367466515065505
14507,11,3216.7400000000002,10,10,2,443.19000000000005,309.38,182,1,3,111.94,24,730,292.4309090909091,135.54545454545453,78.44444444444444,0,0.03362894600862804,0.3584550455816311
13226,2,312.46000000000004,2,2,0,0.0,0.0,28,1,0,0.0,274,394,156.23000000000002,89.5,120.0,0,0.0,0.0
16265,12,6685.17,11,9,2,1384.9800000000002,1136.88,191,1,3,41.55,10,408,557.0975,267.4166666666667,39.8,0,0.006176858855430283,0.19724058865973326
15353,7,2794.47,7,7,0,0.0,0.0,274,1,1,21.9,255,738,399.21,198.71428571428572,80.5,0,0.0077759669361625065,0.0
16398,2,1705.8000000000002,2,2,0,0.0,535.85,75,1,2,74.65,155,254,852.9000000000001,379.0,99.0,0,0.041927602572383385,-6.285718725880145
13515,6,1265.82,6,6,1,367.15999999999997,320.55999999999995,64,1,0,0.0,73,645,210.97,136.5,114.4,0,0.0,0.13533347482729585
14289,6,911.26,6,6,1,78.48,238.56,33,1,0,0.0,9,290,151.87666666666667,48.666666666666664,56.2,0,0.0,-1.1032984897126452
13208,8,1951.8200000000002,8,8,1,364.35,134.86,197,1,0,0.0,60,737,243.97750000000002,163.375,96.71428571428571,0,0.0,0.9892308544740702
15249,18,9266.0,17,13,2,1049.1200000000001,2797.97,304,1,3,118.85000000000001,32,624,514.7777777777778,276.6666666666667,37.0,0,0.012664027661603542,-0.9803470490086621
14451,12,3258.6800000000003,12,11,1,283.9,0.0,245,1,6,43.18,61,692,271.5566666666667,144.75,57.36363636363637,0,0.013077477542960634,5.652138241503862
13637,3,803.05,3,3,1,125.64999999999999,0.0,78,1,0,0.0,53,227,267.68333333333334,134.66666666666666,87.0,0,0.0,4.841427376447684
17360,6,1200.51,4,4,2,247.34,0.0,189,1,1,29.95,18,435,200.085,104.0,139.0,0,0.024340490548250247,5.514798774988696
13936,3,939.66,3,3,0,0.0,376.58,56,1,1,15.299999999999999,180,415,313.21999999999997,220.33333333333334,117.5,0,0.016021613470721285,-5.933782466766897
16266,14,1757.95,12,10,1,100.77,389.28,73,1,0,0.0,74,674,125.56785714285715,56.5,54.54545454545455,0,0.0,-1.344149065035909
16175,7,1836.44,7,7,0,0.0,570.6100000000001,59,1,0,0.0,95,564,262.34857142857146,133.14285714285714,78.16666666666667,0,0.0,-6.3484569406542555
13461,6,4160.000000000001,6,6,1,560.8,884.2,30,1,2,21.5,39,598,693.3333333333335,522.0,111.8,0,0.005141695563792896,-0.4546676935067513
16498,2,100.97,2,2,0,0.0,100.97,15,1,1,14.850000000000001,162,163,50.485,22.5,1.0,0,0.12821619754791921,-4.624678652376135
16557,2,281.85,2,2,1,180.7,101.15,11,1,0,0.0,25,138,140.925,55.5,113.0,0,0.0,0.5759146541384945
16774,8,1567.48,8,8,1,119.32000000000001,542.2,89,1,1,6.6,68,662,195.935,96.75,84.85714285714286,0,0.004192925391339703,-1.5073227160429568
14105,5,5988.83,5,5,0,0.0,0.0,200,1,4,284.84999999999997,240,722,1197.766,706.8,120.5,0,0.045403973425485515,0.0
16183,4,1077.81,4,3,1,338.71,0.0,32,1,0,0.0,68,408,269.4525,87.75,113.33333333333333,0,0.0,5.828092312472438
16725,13,1686.8099999999997,12,7,0,0.0,0.0,241,1,2,11.4,303,727,129.75461538461536,53.76923076923077,38.54545454545455,0,0.006712950695143711,0.0
15376,3,1221.56,3,3,1,244.33999999999997,334.85,100,1,0,0.0,41,223,407.18666666666667,205.0,91.0,0,0.0,-0.31401962810826767
14466,13,4267.15,13,12,2,691.95,234.75000000000003,77,1,0,0.0,30,727,328.2423076923077,192.84615384615384,58.083333333333336,0,0.0,1.0781859250012449
14529,3,578.61,3,3,2,443.37,135.24,177,1,0,0.0,61,111,192.87,108.33333333333333,25.0,0,0.0,1.1822395123816838
17659,14,3586.99,14,8,3,1346.4299999999998,525.01,150,1,3,50.66,18,387,256.2135714285714,125.14285714285714,28.384615384615383,0,0.01392657347463335,0.9406341294180178
17633,7,2057.39,7,4,2,676.23,648.61,84,1,2,82.5,32,390,293.91285714285715,128.42857142857142,59.666666666666664,0,0.03855338358513755,0.04163876651917775
13045,3,808.9200000000001,3,3,0,0.0,305.28,41,1,0,0.0,100,487,269.64000000000004,135.0,193.5,0,0.0,-5.724499716244923
17433,2,569.96,2,2,1,303.16,0.0,81,1,0,0.0,89,386,284.98,152.5,297.0,0,0.0,5.717553878740119
16959,1,117.35,1,1,1,117.35,0.0,7,1,0,0.0,88,88,117.35,49.0,,1,0.0,4.7736463359599925
18237,5,987.0999999999999,5,5,2,261.55,725.55,40,1,0,0.0,3,135,197.42,124.4,33.0,0,0.0,-1.0178657636828365
14235,9,4717.99,7,7,1,342.00000000000006,1538.31,107,1,1,51.0,76,620,524.2211111111111,334.8888888888889,90.66666666666667,0,0.010694088266068916,-1.5013590958884162
13704,9,2308.06,9,4,9,2308.06,0.0,111,1,1,12.75,6,89,256.4511111111111,170.11111111111111,10.375,0,0.005493771571132493,7.744595794291895
16474,7,1810.4900000000002,6,5,6,1469.14,341.35,236,1,4,60.03,8,146,258.6414285714286,129.57142857142858,27.6,0,0.03209268011034364,1.4572793077660888
16020,3,851.01,2,2,3,851.01,0.0,42,1,0,0.0,17,66,283.67,162.33333333333334,49.0,0,0.0,6.747598263849638
12553,12,4104.75,12,11,3,1164.69,612.97,108,0,5,59.92999999999999,9,424,342.0625,191.41666666666666,37.72727272727273,0,0.01439006118117118,0.6411223983338861
16042,8,2245.3199999999997,6,6,3,736.99,415.53,88,1,3,62.22,23,454,280.66499999999996,178.75,86.2,0,0.02696377960945423,0.5719717865486951
18228,2,779.9000000000001,2,2,2,779.9000000000001,0.0,23,1,1,10.7,57,80,389.95000000000005,119.0,23.0,0,0.013534024791297745,6.660447100668629
12919,6,1335.19,6,5,3,893.54,441.65,34,1,2,33.75,9,170,222.53166666666667,112.16666666666667,32.2,0,0.024654111940625594,0.7035302296113048
16284,3,1018.48,3,3,2,812.6800000000001,0.0,108,1,0,0.0,32,394,339.49333333333334,224.66666666666666,181.0,0,0.0,6.701567168317341
13232,7,1327.75,7,5,2,309.29999999999995,157.6,146,1,0,0.0,13,244,189.67857142857142,110.14285714285714,38.5,0,0.0,0.6711542622535873
13894,3,564.6200000000001,2,2,2,403.77000000000004,0.0,25,1,2,28.65,24,311,188.2066666666667,118.0,287.0,0,0.04829167158292176,6.003319004554988
15690,2,239.76,2,2,1,128.76,111.0,19,1,0,0.0,5,101,119.88,204.0,96.0,0,0.0,0.14718771907200878
13758,14,8595.29,14,10,2,839.03,0.0,212,1,3,51.0,12,739,613.9492857142858,333.2857142857143,55.92307692307692,0,0.0058984836270816726,6.733437605485333
16400,9,3059.85,9,8,0,0.0,303.93,214,1,0,0.0,95,732,339.98333333333335,229.55555555555554,79.625,0,0.0,-5.720082242069654
13727,8,1074.15,6,5,2,333.48,0.0,74,1,1,12.75,29,731,134.26875,46.0,140.4,0,0.011730609991719569,5.81257708704831
17860,4,717.3899999999999,3,3,0,0.0,0.0,127,1,0,0.0,369,729,179.34749999999997,174.0,180.0,0,0.0,0.0
15518,15,4189.99,14,11,1,317.69,629.69,250,1,7,108.4,65,720,279.3326666666666,187.33333333333334,50.38461538461539,0,0.025218744692780324,-0.6825956146851118
13097,27,13015.36,22,18,2,1366.71,1634.35,389,1,11,203.79999999999998,33,739,482.0503703703704,197.92592592592592,33.61904761904762,0,0.015417015907213468,-0.1787190402948049
15420,6,743.0,6,5,0,0.0,0.0,52,1,0,0.0,435,735,123.83333333333333,140.66666666666666,60.0,0,0.0,0.0
12370,7,3956.5599999999995,6,5,1,739.28,0.0,167,0,0,0.0,52,669,565.222857142857,370.7142857142857,123.4,0,0.0,6.6070284930095475
18058,3,774.06,3,3,1,170.15999999999997,0.0,12,1,0,0.0,10,668,258.02,131.33333333333334,329.0,0,0.0,5.1425987915486155
12836,15,6559.7300000000005,14,14,1,497.83000000000004,451.13,280,1,2,39.15,60,739,437.31533333333334,148.73333333333332,52.23076923076923,0,0.0059328249642363546,0.09829560724401976
16487,2,209.39999999999998,2,2,0,0.0,0.0,28,1,0,0.0,578,660,104.69999999999999,81.5,82.0,0,0.0,0.0
13761,6,1952.17,5,5,1,578.9399999999999,491.71000000000004,118,1,0,0.0,51,657,325.3616666666667,179.83333333333334,151.5,0,0.0,0.16300388424314693
13476,5,2061.4700000000003,5,5,0,0.0,510.86999999999995,86,1,2,145.7,179,645,412.29400000000004,142.6,116.5,0,0.06601213318412265,-6.238070686549858
12435,6,13925.93,6,6,1,3850.9000000000005,0.0,88,0,0,0.0,80,738,2320.9883333333332,826.3333333333334,131.6,0,0.0,8.256321812041056
17448,41,14448.67,13,4,0,0.0,0.0,568,1,7,73.66,530,646,352.4065853658537,281.1951219512195,9.666666666666666,0,0.0050721888292030275,0.0
16300,3,1367.32,3,3,0,0.0,0.0,190,1,0,0.0,431,676,455.7733333333333,214.33333333333334,122.5,0,0.0,0.0
14450,7,1128.44,7,5,0,0.0,0.0,47,1,0,0.0,181,611,161.2057142857143,74.57142857142857,71.66666666666667,0,0.0,0.0
15321,12,6709.730000000001,7,6,2,1588.84,0.0,242,1,6,136.33,71,675,559.1441666666668,304.4166666666667,100.66666666666667,0,0.01991364376006053,7.3713886612200294
14812,1,178.85,1,1,0,0.0,0.0,36,1,0,0.0,599,599,178.85,135.0,,1,0.0,0.0
13655,6,2280.51,6,5,0,0.0,549.32,103,1,2,18.85,115,592,380.08500000000004,204.16666666666666,95.4,0,0.008197933337972306,-6.310499927217759
13007,1,175.25,1,1,0,0.0,0.0,11,1,0,0.0,580,580,175.25,59.0,,1,0.0,0.0
12361,4,451.25,4,4,0,0.0,0.0,17,0,0,0.0,288,683,112.8125,57.75,131.66666666666666,0,0.0,0.0
13797,3,1179.4499999999998,3,3,0,0.0,0.0,71,1,1,11.0,437,648,393.1499999999999,191.0,105.5,0,0.00924020328447226,0.0
17738,13,4183.5599999999995,9,9,1,307.56,791.5699999999999,173,1,2,38.2,20,631,321.8123076923076,213.53846153846155,76.375,0,0.00904835897824604,-0.9433645160264783
14651,9,2025.52,8,8,1,238.28,0.0,216,1,0,0.0,68,632,225.05777777777777,97.77777777777777,80.57142857142857,0,0.0,5.477634414321693
18203,4,482.52,4,4,0,0.0,160.42000000000002,39,1,0,0.0,158,732,120.63,27.25,191.33333333333334,0,0.0,-5.084009663896226
14732,19,5517.070000000001,18,15,3,1084.19,335.1,162,1,5,69.55,9,731,290.37210526315795,119.63157894736842,42.470588235294116,0,0.012449388002047748,1.172101631119995
17491,17,5653.67,16,14,4,1440.76,793.25,105,1,1,16.95,2,591,332.56882352941176,197.76470588235293,39.266666666666666,0,0.0029890911399458966,0.5962215953371013
13074,4,1378.74,4,4,0,0.0,0.0,26,1,1,15.9,512,724,344.685,206.5,70.66666666666667,0,0.011400791602133883,0.0
15990,7,1997.75,7,6,1,390.74,0.0,117,1,0,0.0,45,650,285.39285714285717,155.14285714285714,100.83333333333333,0,0.0,5.970598354426597
12621,35,22097.200000000004,32,21,5,3188.63,2605.2200000000003,343,0,9,196.5,2,669,631.3485714285715,388.0857142857143,21.516129032258064,0,0.008814149288812533,0.20200402690151353
14260,3,824.28,2,2,0,0.0,0.0,50,1,0,0.0,472,549,274.76,181.33333333333334,77.0,0,0.0,0.0
17180,11,2236.77,10,10,1,231.17,0.0,189,1,3,20.65,57,688,203.34272727272727,164.45454545454547,70.11111111111111,0,0.009147610989536727,5.447469861950477
14431,4,2614.2,4,4,0,0.0,0.0,72,1,1,47.1,303,688,653.55,300.5,128.33333333333334,0,0.017698117461391053,0.0
16325,12,3597.5,12,9,1,178.22,225.2,104,1,5,126.6,47,736,299.7916666666667,205.33333333333334,62.63636363636363,0,0.03399479068768293,-0.23280546222594722
12747,26,8898.48,26,18,3,1426.61,678.0,85,1,6,111.95,3,733,342.24923076923073,101.53846153846153,29.2,0,0.012424490285147324,0.7431358687960143
14963,12,3123.5699999999997,11,7,4,1178.1399999999999,0.0,304,1,1,5.85,10,526,260.29749999999996,190.58333333333334,51.6,0,0.0018693559828977895,7.072540638186674
17004,4,2324.36,4,4,1,406.54,905.5999999999999,48,1,0,0.0,47,425,581.09,308.25,126.0,0,0.0,-0.799562251133958
14533,11,3466.37,11,9,5,1214.74,301.47999999999996,74,1,4,281.25,25,611,315.12454545454545,548.9090909090909,58.6,0,0.07504763022931887,1.3910930642921073
15379,8,4877.84,8,6,0,0.0,130.79999999999998,177,1,1,71.4,170,401,609.73,375.0,33.0,0,0.014426457395478903,-4.881285622068407
12583,27,12493.580000000002,27,22,6,2797.17,757.64,140,0,3,84.53999999999999,3,734,462.72518518518524,313.85185185185185,28.115384615384617,0,0.0067211952183633145,1.3051935544883415
12803,1,1017.8100000000001,1,1,0,0.0,0.0,54,0,0,0.0,394,394,1017.8100000000001,867.0,,1,0.0,0.0
12670,7,3436.29,7,6,2,1253.58,554.08,70,0,1,9.9,11,667,490.8985714285714,229.85714285714286,109.33333333333333,0,0.002872737719046251,0.815443886696885
14159,20,7849.58,19,14,4,1895.25,1631.6000000000001,705,1,5,322.96,20,737,392.479,325.7,39.833333333333336,0,0.039517701962914834,0.14970441564548587
13955,3,544.0699999999999,3,3,0,0.0,117.86,82,1,0,0.0,155,376,181.35666666666665,90.66666666666667,110.5,0,0.0,-4.777946329938515
16552,2,379.7300000000001,2,2,0,0.0,0.0,17,1,0,0.0,243,374,189.86500000000004,109.5,131.0,0,0.0,0.0
17967,2,223.42,2,2,0,0.0,0.0,59,1,0,0.0,372,417,111.71,55.5,45.0,0,0.0,0.0
15716,11,2482.7400000000002,11,11,0,0.0,216.37,187,1,0,0.0,146,733,225.70363636363638,124.81818181818181,58.7,0,0.0,-5.381600970684774
18016,7,1954.5599999999997,7,7,2,994.8,0.0,115,1,0,0.0,33,682,279.2228571428571,172.42857142857142,108.16666666666667,0,0.0,6.903546434208082
12429,8,5842.41,6,6,1,905.5199999999999,963.4000000000001,123,0,1,50.4,10,547,730.30125,358.875,107.4,0,0.008552795695092834,-0.06189305347628693
12577,8,1613.15,5,5,2,426.76,0.0,258,0,1,62.400000000000006,36,737,201.64375,148.75,175.25,0,0.03724150279012861,6.058562290640476
14167,8,1274.29,8,8,1,172.73999999999998,130.85000000000002,48,1,0,0.0,40,682,159.28625,42.5,91.71428571428571,0,0.0,0.2758950160324787
14711,11,2839.62,11,7,2,483.99,759.33,221,1,1,30.599999999999998,11,263,258.1472727272727,87.81818181818181,25.2,0,0.010661203670798754,-0.44962427739636457
13695,16,2770.7300000000005,15,10,3,737.06,1141.15,47,1,0,0.0,32,578,173.17062500000003,111.9375,39.0,0,0.0,-0.4366426079931296
15632,8,3285.3100000000004,8,7,2,933.47,795.18,107,1,2,137.99999999999997,16,275,410.66375000000005,263.625,37.0,0,0.04031186191142489,0.1601542327176153
16942,9,1904.99,8,5,2,465.54999999999995,540.9,159,1,1,26.479999999999997,13,228,211.66555555555556,89.44444444444444,30.714285714285715,0,0.013709765101192354,-0.14971628689203698
17033,4,1332.79,4,4,1,422.04,0.0,33,1,0,0.0,87,398,333.1975,217.75,103.66666666666667,0,0.0,6.047466737223266
14505,19,11873.080000000002,16,13,2,1636.69,1062.88,897,1,8,283.03999999999996,18,731,624.8989473684211,280.1578947368421,47.53333333333333,0,0.023283745142364497,0.43136410972639627
15694,23,9963.48,23,16,5,3173.62,304.08000000000004,54,1,5,244.35,1,733,433.1947826086956,107.21739130434783,33.27272727272727,0,0.023937506796253463,2.342369181828558
18229,28,10150.510000000002,27,19,6,2064.84,2002.16,73,1,0,0.0,12,737,362.51821428571435,109.67857142857143,27.884615384615383,0,0.0,0.030810989688436763
17307,11,3999.890000000001,11,9,0,0.0,0.0,22,1,4,621.58,396,690,363.6263636363637,333.3636363636364,29.4,0,0.13449833061774713,0.0
13069,38,9284.45,32,19,4,561.42,964.77,573,1,4,925.66,1,544,244.32763157894738,399.2368421052632,17.516129032258064,0,0.09066111922398484,-0.5406768088834379
16226,5,672.1700000000001,5,4,0,0.0,0.0,23,1,0,0.0,204,414,134.43400000000003,104.2,52.5,0,0.0,0.0
18151,6,1879.4399999999998,6,6,0,0.0,340.79999999999995,99,1,1,25.5,135,646,313.23999999999995,164.33333333333334,102.2,0,0.013386248385775932,-5.83422577068149
15228,6,5580.27,6,6,1,1162.68,1319.1799999999998,184,1,1,9.75,67,500,930.0450000000001,562.5,86.6,0,0.0017441798061545396,-0.12618069351387362
14088,16,64036.799999999996,14,7,6,24983.920000000002,10153.05,436,1,2,305.17,11,422,4002.2999999999997,954.75,31.615384615384617,0,0.004742938396197692,0.9003998021889945
12571,2,519.61,2,2,1,271.26,248.35000000000002,31,0,0,0.0,40,122,259.805,261.5,82.0,0,0.0,0.08789996009219525
12839,26,9669.12,26,19,5,2494.0299999999997,1397.02,156,1,4,139.4,3,733,371.8892307692308,253.0,29.2,0,0.014212133940696455,0.5792438033183585
14191,15,4817.66,15,10,6,2426.5,1471.56,147,1,2,104.25,2,729,321.1773333333333,248.26666666666668,51.92857142857143,0,0.02118080176191763,0.4998595384410134
13813,8,2387.4700000000003,8,7,3,837.7200000000001,331.14,83,0,4,79.05,40,734,298.43375000000003,158.875,99.14285714285714,0,0.032049202925579355,0.9263203533564344
14897,8,3140.54,8,8,3,1190.8799999999999,0.0,94,1,1,39.8,8,725,392.5675,145.25,102.42857142857143,0,0.01251438525440676,7.083287171416676
14273,4,559.9699999999999,4,4,1,109.92,231.35,22,1,0,0.0,52,243,139.99249999999998,66.0,63.666666666666664,0,0.0,-0.7394356347834101
14698,5,1217.27,5,3,5,1217.27,0.0,148,1,0,0.0,2,52,243.454,120.4,12.5,0,0.0,7.105187098580444
17164,7,2467.3500000000004,5,5,4,1196.93,327.2,92,1,1,0.95,33,274,352.47857142857146,214.42857142857142,60.25,0,0.0003848802819754486,1.2947271675943997
15544,20,7807.889999999999,20,14,2,774.3399999999999,1012.9000000000001,175,1,6,28.31,10,681,390.3945,337.25,35.31578947368421,0,0.003612720451239121,-0.26825791713272196
17076,6,1242.75,6,6,1,506.88,0.0,31,1,0,0.0,37,736,207.125,85.66666666666667,139.8,0,0.0,6.23024519920159
14853,5,1376.87,5,5,1,261.29999999999995,0.0,26,1,2,25.5,25,606,275.37399999999997,69.0,145.25,0,0.01818350364026612,5.569488886872827
15287,5,856.0300000000001,5,5,2,486.69000000000005,0.0,23,1,1,1.45,23,738,171.20600000000002,202.0,178.75,0,0.0016910015393945045,6.189679958097341
15933,3,1107.46,3,2,3,1107.46,0.0,63,1,0,0.0,22,87,369.15333333333336,295.0,32.5,0,0.0,7.010726943606016
17227,12,1878.93,12,12,3,465.57000000000005,107.6,58,1,0,0.0,19,694,156.57750000000001,140.08333333333334,61.36363636363637,0,0.0,1.4577366551212183
16885,4,683.3499999999999,4,4,2,272.46,0.0,120,1,0,0.0,16,386,170.83749999999998,89.25,123.33333333333333,0,0.0,5.611155358880936
12950,3,1843.0,3,2,3,1843.0,0.0,13,1,0,0.0,3,25,614.3333333333334,460.0,11.0,0,0.0,7.519692404116539
12721,8,3635.08,8,8,2,885.2199999999999,0.0,182,0,2,79.25,32,472,454.385,329.25,62.857142857142854,0,0.021336284067382274,6.786965226779743
15722,11,5234.0,9,8,2,797.7600000000001,654.15,91,1,4,126.15,36,641,475.8181818181818,207.1818181818182,75.625,0,0.023534789138363668,0.19819630812459632
16027,15,2048.36,15,11,0,0.0,417.95000000000005,20,1,2,166.01999999999998,92,701,136.55733333333333,139.93333333333334,43.5,0,0.07497358177006655,-6.037751581059296
13018,35,9763.16,24,14,10,2201.99,1401.75,401,1,2,20.35,17,649,278.9474285714286,192.74285714285713,27.47826086956522,0,0.0020800305820712606,0.45138093289631964
13283,4,373.36,4,4,1,68.16,0.0,19,1,0,0.0,60,641,93.34,51.0,193.66666666666666,0,0.0,4.23642266081509
15607,9,1708.9700000000003,9,6,0,0.0,0.0,95,1,3,92.60000000000001,337,701,189.88555555555558,163.33333333333334,45.5,0,0.05139961256015586,0.0
17540,6,1590.6000000000001,6,6,1,310.1,0.0,41,1,1,8.5,25,600,265.1,98.0,115.0,0,0.005315489963104245,5.740114403903592
17005,2,622.36,2,2,0,0.0,0.0,14,1,1,9.95,471,589,311.18,345.5,118.0,0,0.01573595230187724,0.0
12651,4,377.75,4,4,0,0.0,0.0,30,0,1,12.45,335,466,94.4375,66.25,43.666666666666664,0,0.03190671450538186,0.0
13384,11,6680.83,10,8,5,2396.09,1755.8399999999997,192,1,4,45.739999999999995,31,501,607.3481818181818,376.54545454545456,52.22222222222222,0,0.0067998995030156524,0.3107387609368635
17235,8,1562.9799999999998,8,6,1,208.16,0.0,52,1,0,0.0,26,554,195.37249999999997,105.625,75.42857142857143,0,0.0,5.34309950931993
12412,6,2404.93,6,6,1,306.14000000000004,836.74,81,0,2,15.9,75,540,400.82166666666666,331.0,93.0,0,0.006567995274348055,-1.0034041201133261
13698,2,451.7299999999999,2,2,0,0.0,0.0,31,1,0,0.0,597,682,225.86499999999995,113.5,85.0,0,0.0,0.0
17726,7,1092.06,7,6,0,0.0,0.0,52,1,1,2.5,396,683,156.00857142857143,63.42857142857143,47.833333333333336,0,0.0022840228036836723,0.0
14369,2,469.13,2,2,0,0.0,0.0,24,1,0,0.0,643,662,234.565,127.5,19.0,0,0.0,0.0
15086,2,218.53000000000003,2,2,0,0.0,0.0,10,1,0,0.0,565,626,109.26500000000001,47.5,61.0,0,0.0,0.0
17436,5,534.06,5,5,1,93.89999999999999,0.0,8,1,2,12.75,2,733,106.81199999999998,35.6,182.75,0,0.023317057113074014,4.552823705615882
13225,16,16260.070000000002,15,14,2,2164.28,557.6800000000001,60,1,1,380.8,4,723,1016.2543750000001,462.5625,51.357142857142854,0,0.022883418955859876,1.3547281038906247
17973,1,337.03999999999996,1,1,1,337.03999999999996,0.0,15,1,0,0.0,52,52,337.03999999999996,176.0,,1,0.0,5.823164231676281
14883,6,761.59,5,5,4,403.10999999999996,47.92,39,1,1,4.95,19,212,126.93166666666667,131.66666666666666,48.25,0,0.006457588645080491,2.111500807309184
14586,1,237.36,1,1,0,0.0,0.0,19,1,2,103.19999999999999,277,277,237.36,444.0,,1,0.303030303030303,0.0
16672,20,8134.9400000000005,18,9,3,1223.1,2757.5,22,1,2,15.25,3,267,406.747,141.6,15.529411764705882,0,0.0018711220229221648,-0.8124811736310189
14617,2,190.47000000000003,2,2,0,0.0,0.0,7,1,0,0.0,403,416,95.23500000000001,40.5,13.0,0,0.0,0.0
16235,8,2043.71,8,8,1,192.01999999999998,0.0,79,1,2,63.1,41,471,255.46375,98.375,61.42857142857143,0,0.02995049387462562,5.26279381047899
17758,12,4964.03,10,8,4,1974.9500000000003,381.37,403,1,0,0.0,20,569,413.6691666666666,266.5833333333333,61.0,0,0.0,1.6424158481270554
13834,2,324.19,2,2,0,0.0,0.0,15,1,1,54.3,577,670,162.095,110.5,93.0,0,0.143464820735026,0.0
17913,14,3425.09,13,12,1,190.60000000000002,0.0,223,1,0,0.0,59,737,244.64928571428572,122.5,56.5,0,0.0,5.255409865536761
13288,5,927.61,5,3,0,0.0,0.0,7,1,1,35.45,444,667,185.522,75.8,55.75,0,0.0368097522480427,0.0
16333,22,26626.8,13,9,4,11007.2,2532.4,9,1,0,0.0,8,310,1210.3090909090909,1462.909090909091,25.166666666666668,0,0.0,1.4690781755631974
18227,2,388.75,2,2,0,0.0,0.0,6,1,1,295.0,218,485,194.375,11.0,267.0,0,0.43144424131627057,0.0
14090,1,76.32000000000001,1,1,0,0.0,0.0,1,1,0,0.0,325,325,76.32000000000001,72.0,,1,0.0,0.0
17563,2,392.38000000000005,2,2,0,0.0,0.0,27,1,2,78.6,579,612,196.19000000000003,128.0,33.0,0,0.166886067348932,0.0
18013,2,187.29000000000002,1,1,0,0.0,187.29000000000002,31,1,0,0.0,156,156,93.64500000000001,142.5,,1,0.0,-5.237983327508337
13112,1,20.6,1,1,0,0.0,0.0,2,1,2,26.040000000000003,542,542,20.6,11.0,,1,0.5583190394511149,0.0
17616,4,734.4,4,4,0,0.0,163.2,1,1,0,0.0,174,452,183.6,72.0,92.66666666666667,0,0.0,-5.101085197018328
12649,8,2096.6499999999996,7,6,0,0.0,230.51000000000005,93,0,2,36.15,108,697,262.08124999999995,243.5,98.16666666666667,0,0.016949549887471868,-5.444623069137622
15359,8,181.35000000000002,4,2,0,0.0,0.0,10,1,1,18.75,663,694,22.668750000000003,18.125,10.333333333333334,0,0.0937031484257871,0.0
17336,1,81.12,1,1,0,0.0,0.0,1,1,0,0.0,473,473,81.12,48.0,,1,0.0,0.0
16344,4,842.4199999999998,4,4,0,0.0,101.10000000000001,43,1,0,0.0,159,669,210.60499999999996,176.5,170.0,0,0.0,-4.62595272517062
14302,3,742.9,3,3,0,0.0,0.0,25,1,0,0.0,431,738,247.63333333333333,99.33333333333333,153.5,0,0.0,0.0
12487,1,285.29999999999995,1,1,0,0.0,0.0,2,0,1,25.5,731,731,285.29999999999995,174.0,,1,0.08204633204633206,0.0
13576,28,11202.59,28,21,5,1876.4000000000003,1704.93,145,1,4,35.59,11,732,400.09250000000003,160.92857142857142,26.703703703703702,0,0.00316688289384936,0.09577742434607739
15369,11,6251.259999999999,8,6,0,0.0,0.0,44,1,1,2904.83,493,732,568.2963636363636,298.90909090909093,34.142857142857146,0,0.3172566018901081,0.0
17986,1,20.8,1,1,1,20.8,0.0,1,1,0,0.0,57,57,20.8,10.0,,1,0.0,3.0819099697950434
13526,2,1182.0,1,1,0,0.0,0.0,29,1,2,239.39999999999998,739,739,591.0,955.5,,1,0.1684254959898691,0.0
14653,11,3404.8,10,8,6,1571.89,0.0,269,1,0,0.0,2,738,309.52727272727276,178.8181818181818,81.77777777777777,0,0.0,7.360669970543126
14454,5,977.3,5,5,0,0.0,0.0,93,1,1,6.6,377,734,195.45999999999998,80.0,89.25,0,0.006707998780363858,0.0
17449,13,4865.150000000001,12,12,3,1021.6600000000001,174.85999999999999,291,1,1,16.0,3,731,374.24230769230775,190.92307692307693,66.18181818181819,0,0.0032779160648617636,1.760474130942109
16769,4,1117.05,3,3,0,0.0,0.0,76,1,0,0.0,261,726,279.2625,73.75,232.5,0,0.0,0.0
12678,15,32595.18,14,14,3,8857.2,2100.8999999999996,197,0,2,430.05,43,702,2173.012,1489.7333333333333,50.69230769230769,0,0.013021862376128795,1.4385018861224683
14625,11,4497.88,10,8,0,0.0,0.0,167,1,7,68.69999999999999,197,724,408.89818181818185,195.9090909090909,58.55555555555556,0,0.015044081128546962,0.0
15272,6,2030.95,6,6,2,721.94,0.0,257,1,0,0.0,58,664,338.4916666666667,110.83333333333333,121.2,0,0.0,6.58332623116324
14604,1,136.35999999999999,1,1,0,0.0,0.0,19,1,0,0.0,634,634,136.35999999999999,86.0,,1,0.0,0.0
15863,5,355.0999999999999,5,5,1,59.64,0.0,74,1,0,0.0,26,723,71.01999999999998,32.4,174.25,0,0.0,4.104954741334116
12857,6,3688.0,6,6,0,0.0,0.0,71,1,1,3.75,211,684,614.6666666666666,236.66666666666666,94.6,0,0.0010157784248662558,0.0
13077,11,2740.65,10,9,1,151.83,0.0,208,1,3,24.5,2,729,249.15,224.36363636363637,80.77777777777777,0,0.008860278827550042,5.029326192539745
17031,6,2773.85,6,6,1,154.4,225.95,34,1,0,0.0,12,582,462.30833333333334,265.8333333333333,114.0,0,0.0,-0.37872729096892765
14941,1,182.10000000000002,1,1,0,0.0,0.0,7,1,0,0.0,579,579,182.10000000000002,80.0,,1,0.0,0.0
12632,2,714.8799999999999,2,2,0,0.0,0.0,31,0,2,29.999999999999996,521,565,357.43999999999994,344.5,44.0,0,0.04027494361507894,0.0
13614,6,2332.7400000000002,6,6,2,806.58,573.13,227,1,0,0.0,25,552,388.79,136.83333333333334,105.4,0,0.0,0.3411862698841235
16555,6,1915.6799999999998,3,3,1,133.91,151.98,59,1,4,1629.79,36,506,319.28,302.6666666666667,235.0,0,0.4596823552307593,-0.12569930444299438
14854,11,4303.0599999999995,11,9,1,458.2,1090.5,170,1,3,20.689999999999998,79,687,391.18727272727267,271.54545454545456,60.8,0,0.004785198034113906,-0.865822330984642
16835,6,1456.66,6,6,0,0.0,99.10000000000001,58,1,4,66.9,129,570,242.77666666666667,82.66666666666667,88.2,0,0.04391031531413269,-4.606169686321175
16770,9,1778.93,9,8,1,107.72000000000001,0.0,202,1,2,32.1,58,475,197.6588888888889,116.88888888888889,52.125,0,0.017724720186854996,4.688775769842889
16271,8,3367.82,8,8,1,521.21,735.21,175,1,1,5.95,16,643,420.9775,294.625,89.57142857142857,0,0.0017636056992622498,-0.34344559828535814
13243,5,1220.3799999999999,3,3,0,0.0,0.0,165,1,0,0.0,204,632,244.07599999999996,110.8,214.0,0,0.0,0.0
15876,2,1449.1399999999999,2,2,0,0.0,0.0,11,1,0,0.0,410,449,724.5699999999999,443.0,39.0,0,0.0,0.0
17834,2,689.6700000000001,2,2,0,0.0,0.0,54,1,0,0.0,415,446,344.83500000000004,319.5,31.0,0,0.0,0.0
16033,27,10608.81,25,16,4,2914.2700000000004,2599.1800000000003,605,1,9,143.74,6,486,392.9188888888889,155.55555555555554,20.0,0,0.013367991778694358,0.11438176646953213
14346,5,2315.75,4,4,0,0.0,759.14,123,1,0,0.0,121,498,463.15,375.6,125.66666666666667,0,0.0,-6.6335026268420165
16005,10,2365.0699999999997,9,6,2,303.30000000000007,0.0,314,1,1,32.45,13,451,236.50699999999998,126.7,54.75,0,0.013534819313290404,5.718014056902925
13368,4,1021.5,4,3,0,0.0,0.0,44,1,1,35.400000000000006,257,424,255.375,151.0,55.666666666666664,0,0.03349418109565711,0.0
14469,4,2093.46,4,4,0,0.0,0.0,120,1,0,0.0,417,680,523.365,243.25,87.66666666666667,0,0.0,0.0
15916,13,3145.24,12,11,3,655.91,0.0,227,1,4,131.20000000000002,17,730,241.94153846153844,124.46153846153847,64.81818181818181,0,0.040043461806106635,6.4875470227997605
15965,13,2771.94,11,9,3,652.6800000000001,0.0,202,1,1,13.75,18,737,213.22615384615386,101.0,71.9,0,0.004935940467173303,6.482617935076452
16700,25,8830.77,22,21,3,980.5999999999999,1147.72,263,1,6,83.65,9,738,353.23080000000004,265.76,34.714285714285715,0,0.00938367274595543,-0.1572196645894195
14304,3,1725.0100000000002,3,3,0,0.0,0.0,69,1,2,201.20000000000002,223,571,575.0033333333334,258.3333333333333,174.0,0,0.1044538238302158,0.0
16048,4,818.7900000000001,3,3,0,0.0,0.0,30,1,2,18.7,374,550,204.69750000000002,106.25,88.0,0,0.022328624819400823,0.0
13629,19,13370.86,19,16,3,2074.0,2830.3599999999997,28,1,0,0.0,24,667,703.7294736842106,406.42105263157896,35.72222222222222,0,0.0,-0.31079600790895245
13706,2,631.1700000000001,2,2,0,0.0,0.0,38,1,0,0.0,303,627,315.58500000000004,150.5,324.0,0,0.0,0.0
17655,9,2976.38,9,8,2,735.61,300.63,75,1,1,67.2,11,417,330.7088888888889,140.88888888888889,50.75,0,0.02207926192181576,0.8928574791249737
14738,9,1821.8999999999999,9,7,2,556.8,231.96,58,1,3,58.260000000000005,43,733,202.4333333333333,84.11111111111111,86.25,0,0.03098672453408221,0.8731337101850674
17530,12,2787.0999999999995,11,10,4,1001.8599999999999,0.0,358,1,1,0.95,2,734,232.2583333333333,144.83333333333334,73.2,0,0.00034073994368824095,6.910611196963334
12547,3,299.58000000000004,3,3,0,0.0,0.0,12,0,0,0.0,198,501,99.86000000000001,102.0,151.5,0,0.0,0.0
15382,12,13733.550000000001,10,10,2,3828.59,0.0,315,1,8,87.05,15,736,1144.4625,764.8333333333334,80.11111111111111,0,0.006298568803091037,8.250513026836119
17522,5,1066.15,5,4,1,158.45999999999998,124.70999999999998,58,1,0,0.0,2,219,213.23000000000002,204.4,54.25,0,0.0,0.23781544014760936
12619,9,3085.7,9,7,4,1409.78,940.12,53,0,3,36.75,17,561,342.85555555555555,388.8888888888889,68.0,0,0.011769603996861439,0.40482736654193907
12641,1,145.9,1,1,0,0.0,145.9,9,0,0,0.0,116,116,145.9,71.0,,1,0.0,-4.989752083179832
14262,8,2618.2299999999996,8,7,5,1763.2299999999996,615.0,87,1,0,0.0,9,241,327.27874999999995,205.625,33.142857142857146,0,0.0,1.0522226500212968
12520,5,2346.26,5,4,1,516.41,312.29,120,0,1,51.75,80,274,469.25200000000007,284.6,48.5,0,0.021580393743145358,0.5017063178118519
14712,4,1328.0700000000002,4,4,2,801.35,115.72,24,1,0,0.0,30,419,332.01750000000004,102.75,129.66666666666666,0,0.0,1.9277670174308383
15154,3,1343.7200000000003,2,2,1,254.28000000000003,0.0,166,1,1,29.549999999999997,76,479,447.90666666666675,111.0,403.0,0,0.02151798262541233,5.542360981969988
17769,17,7053.380000000001,17,13,6,2139.55,941.12,330,1,4,108.42,13,690,414.904705882353,185.7058823529412,42.3125,0,0.015138652294116003,0.8206854293422827
13532,1,210.31,1,1,1,210.31,0.0,66,1,0,0.0,34,34,210.31,129.0,,1,0.0,5.353326249578836
14673,7,3037.32,7,5,4,1362.91,0.0,86,1,0,0.0,4,410,433.90285714285716,260.2857142857143,67.66666666666667,0,0.0,7.218110853821781
15179,13,7491.92,13,12,2,751.8299999999999,0.0,225,1,4,65.1,19,737,576.3015384615385,416.61538461538464,59.833333333333336,0,0.008614506776480676,6.623839438699235
13471,4,2501.84,4,3,4,2501.84,0.0,214,1,0,0.0,2,48,625.46,395.75,15.333333333333334,0,0.0,7.825181366096544
18180,6,1843.75,6,4,4,1241.9,601.8499999999999,108,1,0,0.0,5,143,307.2916666666667,286.8333333333333,27.6,0,0.0,0.7235342281881456
13949,6,2427.32,6,4,5,1889.42,537.9,124,1,0,0.0,3,95,404.55333333333334,412.3333333333333,18.4,0,0.0,1.255024280648759
15919,2,525.69,2,2,1,311.61,0.0,103,1,0,0.0,20,369,262.845,192.5,349.0,0,0.0,5.74495640723899
15109,3,983.0999999999999,3,3,0,0.0,0.0,46,1,1,21.2,246,736,327.7,86.0,245.0,0,0.021109230309668426,0.0
14468,1,204.24,1,1,0,0.0,0.0,12,1,0,0.0,734,734,204.24,164.0,,1,0.0,0.0
15911,8,1683.79,7,4,0,0.0,0.0,161,1,0,0.0,624,731,210.47375,98.0,17.833333333333332,0,0.0,0.0
17222,6,1563.61,6,5,1,328.65,0.0,93,1,0,0.0,66,699,260.60166666666663,142.5,126.6,0,0.0,5.798031485559308
15022,5,1133.4399999999998,4,3,4,852.3899999999999,0.0,115,1,0,0.0,12,678,226.68799999999996,128.0,222.0,0,0.0,6.749216652850701
16947,4,946.71,4,4,0,0.0,0.0,49,1,3,40.400000000000006,236,647,236.6775,163.5,137.0,0,0.04092755619941041,0.0
15474,1,150.35000000000002,1,1,0,0.0,0.0,19,1,0,0.0,596,596,150.35000000000002,55.0,,1,0.0,0.0
18234,1,179.6,1,1,0,0.0,0.0,30,1,0,0.0,552,552,179.6,80.0,,1,0.0,0.0
15784,2,848.33,2,2,0,0.0,0.0,33,1,0,0.0,468,673,424.165,190.5,205.0,0,0.0,0.0
12631,6,3321.5699999999997,5,5,1,480.50000000000006,0.0,130,0,1,29.3,58,694,553.5949999999999,267.1666666666667,159.0,0,0.008743997827429892,6.17690623123818
15660,15,2603.69,12,12,3,716.52,145.32000000000002,73,1,3,48.85,26,673,173.57933333333332,118.86666666666666,58.81818181818182,0,0.018416310404367135,1.590004817727137
15962,1,289.48,1,1,0,0.0,0.0,43,1,0,0.0,450,450,289.48,228.0,,1,0.0,0.0
16264,2,823.53,2,1,0,0.0,0.0,62,1,0,0.0,439,447,411.765,308.0,8.0,0,0.0,0.0
12467,1,132.79999999999998,1,1,0,0.0,0.0,9,0,1,132.8,424,424,132.79999999999998,129.0,,1,0.5,0.0
17091,19,7495.750000000001,17,16,2,1135.76,697.5900000000001,242,1,4,33.599999999999994,3,724,394.5131578947369,196.42105263157896,45.0625,0,0.0044625366067456,0.4868733717481346
14082,2,413.36,2,2,0,0.0,0.0,48,1,0,0.0,365,393,206.68,123.0,28.0,0,0.0,0.0
17796,7,1236.3899999999999,7,5,1,75.9,0.0,149,1,0,0.0,41,422,176.62714285714284,49.57142857142857,63.5,0,0.0,4.3425058765115985
18069,11,4449.02,10,10,2,1030.92,0.0,601,1,2,14.850000000000001,27,650,404.4563636363637,287.8181818181818,69.22222222222223,0,0.0033267097832150126,6.939176423656881
14395,20,7801.93,19,15,3,1527.5900000000001,326.38,320,1,4,47.2,3,601,390.0965,193.6,33.22222222222222,0,0.0060134053073397946,1.5409794451373813
14457,1,113.64,1,1,0,0.0,0.0,4,1,0,0.0,311,311,113.64,88.0,,1,0.0,0.0
16667,2,567.18,2,2,1,366.78,0.0,52,1,0,0.0,69,285,283.59,118.0,216.0,0,0.0,5.907484933312707
16324,3,408.59,2,2,0,0.0,408.59,100,1,0,0.0,129,178,136.19666666666666,90.0,49.0,0,0.0,-6.01515665936477
12689,2,1139.61,2,2,1,664.5799999999999,475.03,56,0,0,0.0,26,128,569.805,311.0,102.0,0,0.0,0.33517796352312423
17528,8,3628.5,7,4,8,3628.5,0.0,183,1,3,88.4,2,72,453.5625,267.25,11.666666666666666,0,0.023783260243751516,8.196850176724896
15708,9,3887.15,9,8,1,645.9100000000001,632.13,135,1,5,46.419999999999995,41,426,431.90555555555557,162.77777777777777,48.125,0,0.011800984855995952,0.02153140896382144
14234,4,754.1199999999999,4,2,4,754.1199999999999,0.0,122,1,0,0.0,23,58,188.52999999999997,237.75,11.666666666666666,0,0.0,6.626876677016689
17466,2,763.28,2,2,2,763.28,0.0,41,1,0,0.0,11,79,381.64,153.0,68.0,0,0.0,6.638934214171274
14432,6,2248.5,6,3,6,2248.5,0.0,256,1,0,0.0,10,90,374.75,335.5,16.0,0,0.0,7.7184632482812265
14882,14,3546.65,12,6,2,589.7,0.0,32,1,1,201.6,27,620,253.33214285714286,115.28571428571429,53.90909090909091,0,0.05378509971319949,6.38130827431319
15252,5,2103.41,5,5,1,440.23,0.0,106,1,2,50.349999999999994,37,612,420.68199999999996,286.0,143.75,0,0.02337772082311864,6.0895662814412255
14111,4,692.85,4,4,1,397.35,201.3,10,1,1,4.25,15,242,173.2125,114.5,75.66666666666667,0,0.00609668627169703,0.6775792716526752
13808,5,1747.6599999999999,5,3,3,1024.56,723.1,70,1,0,0.0,6,97,349.532,156.4,22.75,0,0.0,0.3480645794509867
17439,1,325.74,1,1,0,0.0,0.0,8,1,0,0.0,656,656,325.74,370.0,,1,0.0,0.0
12933,8,1636.63,7,6,1,250.04000000000002,246.74,227,1,3,59.75,25,730,204.57875,118.625,117.5,0,0.03522206109480187,0.013232479858667823
14676,12,8356.79,12,9,2,857.3199999999999,542.4,77,1,4,71.3,32,640,696.3991666666667,732.6666666666666,55.27272727272727,0,0.008459805246503062,0.4571312933362428
16801,4,1594.2299999999998,4,3,0,0.0,140.85,72,1,1,751.9,164,274,398.55749999999995,123.25,36.666666666666664,0,0.32048522460392226,-4.95477016125486
13562,8,4838.18,7,7,1,589.5999999999999,606.46,88,1,0,0.0,82,695,604.7725,200.375,102.16666666666667,0,0.0,-0.028147360115696074
15566,2,227.87,2,2,0,0.0,0.0,9,1,0,0.0,393,725,113.935,76.5,332.0,0,0.0,0.0
17402,22,4600.5599999999995,20,16,4,866.3999999999999,721.8,104,1,3,34.15,5,724,209.11636363636362,65.86363636363636,37.8421052631579,0,0.007368314306612497,0.18236767268319198
14551,7,878.09,5,5,1,60.8,0.0,69,1,2,21.45,19,682,125.44142857142857,69.42857142857143,165.75,0,0.0238455210440892,4.123903364463645
12464,8,957.05,7,5,2,341.5,175.7,5,0,0,0.0,11,310,119.63125,11.875,49.833333333333336,0,0.0,0.6618182783766295
13135,2,3371.45,2,2,0,0.0,0.0,18,1,0,0.0,197,492,1685.725,2211.5,295.0,0,0.0,0.0
16199,7,942.75,7,6,0,0.0,0.0,2,1,0,0.0,393,632,134.67857142857142,45.857142857142854,39.833333333333336,0,0.0,0.0
16390,3,467.5,3,2,0,0.0,0.0,16,1,0,0.0,537,680,155.83333333333334,40.666666666666664,71.5,0,0.0,0.0
17631,7,998.49,7,6,1,111.83000000000001,113.95,66,1,0,0.0,2,731,142.64142857142858,84.42857142857143,121.5,0,0.0,-0.018614990058835268
17200,4,356.71000000000004,2,2,0,0.0,0.0,25,1,0,0.0,388,653,89.17750000000001,91.75,265.0,0,0.0,0.0
16453,2,251.71,2,1,0,0.0,0.0,15,1,0,0.0,531,549,125.855,69.5,18.0,0,0.0,0.0
12567,15,10741.48,14,12,1,1443.3,3122.98,364,0,2,316.04,23,667,716.0986666666666,350.06666666666666,49.53846153846154,0,0.02858145406926689,-0.7714830547833067
13296,6,792.51,6,6,0,0.0,87.4,50,1,0,0.0,138,578,132.085,108.83333333333333,88.0,0,0.0,-4.481871969643597
12440,2,739.1999999999999,2,2,0,0.0,0.0,20,0,1,91.05,463,718,369.59999999999997,164.0,255.0,0,0.10966576332429992,0.0
12476,18,12319.91,16,13,5,3210.75,620.57,357,0,15,399.78999999999996,16,502,684.4394444444445,307.3888888888889,32.4,0,0.031430772738350744,1.6423227035712182
17524,3,539.1399999999999,2,2,0,0.0,0.0,37,1,1,30.24,362,439,179.71333333333328,120.66666666666667,77.0,0,0.05311040078682076,0.0
18276,6,1656.5200000000002,6,6,1,335.86,0.0,81,1,4,35.85,44,730,276.0866666666667,207.66666666666666,137.2,0,0.021183310978095806,5.81966741377024
18076,1,151.49,1,1,0,0.0,0.0,8,1,0,0.0,381,381,151.49,164.0,,1,0.0,0.0
13370,1,754.87,1,1,0,0.0,0.0,39,1,1,33.55,372,372,754.87,343.0,,1,0.042553461353085915,0.0
16869,4,817.1199999999999,4,3,2,429.43999999999994,387.67999999999995,113,1,1,19.8,23,176,204.27999999999997,145.75,51.0,0,0.02365817521387947,0.10205155836095336
13000,4,1032.5,4,4,0,0.0,76.32000000000001,57,1,1,67.5,107,726,258.125,137.0,206.33333333333334,0,0.06136363636363636,-4.34795265434013
16734,3,646.76,2,2,1,344.35,302.40999999999997,44,1,0,0.0,53,115,215.58666666666667,115.0,62.0,0,0.0,0.12947336937465437
16240,2,3718.8,2,2,2,3718.8,0.0,126,1,3,24.990000000000002,25,78,1859.4,820.5,53.0,0,0.006675053889240583,8.221425182381026
17506,1,302.20000000000005,1,1,1,302.20000000000005,0.0,14,1,1,7.91,76,76,302.20000000000005,139.0,,1,0.025507078133565505,5.714392653768217
17520,1,546.8100000000001,1,1,1,546.8100000000001,0.0,30,1,0,0.0,54,54,546.8100000000001,365.0,,1,0.0,6.305928511499892
17354,4,3133.96,2,2,1,1393.06,0.0,85,1,0,0.0,51,429,783.49,632.75,378.0,0,0.0,7.239975632001093
16361,4,891.21,4,3,4,891.21,0.0,87,1,0,0.0,10,72,222.8025,104.5,20.666666666666668,0,0.0,6.793701530880624
12508,2,397.88,2,1,2,397.88,0.0,57,0,0,0.0,27,30,198.94,135.5,3.0,0,0.0,5.988660619775247
12444,5,4085.4600000000005,5,5,3,1738.1899999999998,2347.27,137,0,0,0.0,22,172,817.0920000000001,226.0,37.5,0,0.0,-0.30025939923867995
17232,2,417.77,2,2,2,417.77,0.0,30,1,0,0.0,3,15,208.885,101.0,12.0,0,0.0,6.037321843192776
14219,3,633.83,3,3,1,89.94000000000003,0.0,39,1,0,0.0,5,494,211.27666666666667,121.0,244.5,0,0.0,4.510199948396865
17776,2,329.3,2,2,0,0.0,0.0,73,1,1,6.75,387,724,164.65,135.0,337.0,0,0.02008629668204136,0.0
12854,7,2970.9700000000003,7,6,1,505.88,0.0,188,1,4,71.65,79,729,424.42428571428576,232.85714285714286,108.33333333333333,0,0.023548783614122038,6.228274289186007
13164,2,372.2,2,2,0,0.0,0.0,7,1,1,63.75,570,668,186.1,60.0,98.0,0,0.14623236609702947,0.0
16508,1,240.95000000000002,1,1,0,0.0,0.0,42,1,0,0.0,631,631,240.95000000000002,103.0,,1,0.0,0.0
16946,5,1222.0400000000002,5,4,0,0.0,0.0,69,1,1,22.5,384,648,244.40800000000004,101.8,66.0,0,0.018078968936313815,0.0
17543,1,120.05,1,1,0,0.0,0.0,13,1,0,0.0,550,550,120.05,62.0,,1,0.0,0.0
15926,1,134.44,1,1,0,0.0,0.0,7,1,0,0.0,543,543,134.44,155.0,,1,0.0,0.0
16683,1,320.25000000000006,1,1,0,0.0,0.0,18,1,1,10.9,534,534,320.25000000000006,190.0,,1,0.03291559716140721,0.0
17122,4,570.5,4,4,0,0.0,138.32,23,1,0,0.0,120,500,142.625,92.0,126.66666666666667,0,0.0,-4.9367734454978
18220,6,1921.76,6,6,0,0.0,0.0,17,1,5,150.06,227,725,320.29333333333335,225.33333333333334,99.6,0,0.07242907202363139,0.0
17482,2,775.64,2,2,0,0.0,0.0,50,1,0,0.0,488,579,387.82,120.0,91.0,0,0.0,0.0
15677,3,1305.63,3,3,1,657.23,0.0,63,1,0,0.0,50,464,435.21000000000004,225.0,207.0,0,0.0,6.489554414321968
17730,20,7773.8,19,16,5,2242.71,1024.37,177,1,3,16.45,4,590,388.69,265.0,32.55555555555556,0,0.0021116138763197585,0.7830772227333878
12797,2,468.0799999999999,2,2,0,0.0,0.0,26,0,4,80.65,366,425,234.03999999999996,106.0,59.0,0,0.1469757439906694,0.0
14988,7,2038.65,7,5,0,0.0,0.0,171,1,0,0.0,212,603,291.2357142857143,180.0,65.16666666666667,0,0.0,0.0
15506,6,2030.33,6,6,2,763.31,208.77,180,1,0,0.0,23,478,338.3883333333333,272.8333333333333,91.0,0,0.0,1.2929617736201378
15395,1,107.45,1,1,0,0.0,0.0,7,1,0,0.0,326,326,107.45,17.0,,1,0.0,0.0
13533,3,269.09,2,2,0,0.0,0.0,61,1,0,0.0,183,268,89.69666666666666,67.33333333333333,85.0,0,0.0,0.0
13341,1,775.8500000000001,1,1,0,0.0,0.0,42,1,0,0.0,261,261,775.8500000000001,301.0,,1,0.0,0.0
15073,8,2788.02,8,6,1,181.45,0.0,115,1,1,430.98,10,682,348.5025,176.25,96.0,0,0.13388630009319666,5.206476162882456
18094,13,6391.52,10,8,2,615.0,625.0999999999999,55,1,2,68.9,82,702,491.65538461538466,320.3076923076923,68.88888888888889,0,0.01066494128864687,-0.01626313921774525
16626,17,4413.1,17,8,10,2247.76,773.46,86,1,3,33.45,1,267,259.59411764705885,158.23529411764707,16.625,0,0.007522686127447122,1.0659682198699665
16053,6,3634.8399999999997,5,5,1,387.76,1124.1899999999998,169,1,2,28.7,33,611,605.8066666666666,511.1666666666667,144.5,0,0.00783395295260868,-1.062745002632016
18173,5,2696.36,5,5,1,378.0,0.0,34,1,0,0.0,87,613,539.272,346.0,131.5,0,0.0,5.937536205082426
18235,3,1796.4799999999998,3,3,1,1046.6799999999998,319.34,100,1,0,0.0,72,218,598.8266666666666,526.0,73.0,0,0.0,1.1849505430025653
16758,1,369.3399999999999,1,1,1,369.3399999999999,0.0,22,1,0,0.0,66,66,369.3399999999999,203.0,,1,0.0,5.914421502609669
16026,1,236.09,1,1,1,236.09,0.0,30,1,0,0.0,44,44,236.09,243.0,,1,0.0,5.468439815884993
12856,6,2170.7799999999997,6,3,6,2170.7799999999997,0.0,155,1,2,17.25,8,64,361.7966666666666,179.33333333333334,11.2,0,0.007883804152593887,7.683302386789297
13500,4,1466.3,4,3,2,840.3699999999999,326.4,77,1,1,30.0,24,402,366.575,209.5,126.0,0,0.020049455323130388,0.94384885072279
14121,4,2780.15,4,3,4,2780.15,0.0,148,1,2,39.85,4,60,695.0375,520.5,18.666666666666668,0,0.014131205673758866,7.930619790211972
17029,7,2137.3,7,7,0,0.0,358.0,19,1,0,0.0,111,664,305.3285714285715,180.71428571428572,92.16666666666667,0,0.0,-5.883322388488279
15430,2,954.75,2,2,0,0.0,0.0,36,1,1,51.0,468,529,477.375,154.5,61.0,0,0.05070842654735272,0.0
18035,5,1260.23,3,3,3,713.89,0.0,52,1,0,0.0,36,386,252.046,226.8,175.0,0,0.0,6.572128684704628
15181,5,1200.2,5,5,1,254.48,135.0,15,1,2,242.55,67,732,240.04000000000002,137.6,166.25,0,0.1681164442904176,0.6304892429573359
15301,17,6909.67,14,12,3,1322.5499999999997,951.4900000000002,231,1,2,42.23,51,451,406.4511764705882,221.35294117647058,30.76923076923077,0,0.006074598311253039,0.32899319131278393
12897,4,514.25,4,4,0,0.0,0.0,10,1,0,0.0,205,544,128.5625,62.25,113.0,0,0.0,0.0
16148,2,386.62,2,2,0,0.0,0.0,9,1,2,16.25,297,437,193.31,125.0,140.0,0,0.04033559212649242,0.0
17763,4,86.15,3,2,0,0.0,0.0,11,1,1,35.0,264,660,21.5375,10.25,198.0,0,0.2888980602558811,0.0
13561,11,1803.3999999999999,10,9,0,0.0,0.0,131,1,0,0.0,216,650,163.94545454545454,102.27272727272727,48.22222222222222,0,0.0,0.0
12920,4,486.64,3,3,1,162.78,0.0,59,1,0,0.0,18,726,121.66,105.0,354.0,0,0.0,5.098524063842042
14033,1,109.44,1,1,0,0.0,0.0,1,1,0,0.0,556,556,109.44,576.0,,1,0.0,0.0
16356,6,415.87000000000006,5,5,0,0.0,0.0,27,1,1,1.45,198,552,69.31166666666668,31.666666666666668,88.5,0,0.0034745519026166964,0.0
14489,4,1574.9299999999998,4,4,0,0.0,0.0,65,1,0,0.0,208,613,393.73249999999996,252.75,135.0,0,0.0,0.0
14929,2,836.6899999999999,2,2,1,223.88,0.0,34,1,0,0.0,33,422,418.34499999999997,243.5,389.0,0,0.0,5.415566926598276
15285,1,94.92,1,1,0,0.0,0.0,6,1,0,0.0,408,408,94.92,120.0,,1,0.0,0.0
12372,3,1196.0400000000002,3,3,1,353.12000000000006,0.0,33,0,0,0.0,72,297,398.68000000000006,262.6666666666667,112.5,0,0.0,5.869635838742848
12865,4,3323.4700000000003,4,4,1,586.85,981.3800000000001,156,0,1,20.16,27,477,830.8675000000001,493.25,150.0,0,0.006029375259822408,-0.513506385565706
17904,1,181.07000000000002,1,1,1,181.07000000000002,0.0,33,1,1,12.75,22,22,181.07000000000002,59.0,,1,0.06578268496543184,5.204391228515874
13429,4,1006.8000000000001,4,3,4,1006.8000000000001,0.0,55,1,0,0.0,11,76,251.70000000000002,347.5,21.666666666666668,0,0.0,6.915525016246498
12599,13,2026.7200000000003,13,11,1,157.54000000000002,339.18000000000006,46,0,0,0.0,30,578,155.90153846153848,167.23076923076923,45.666666666666664,0,0.0,-0.7634679618769358
18002,4,237.62000000000003,4,4,0,0.0,0.0,51,1,0,0.0,376,732,59.40500000000001,17.5,118.66666666666667,0,0.0,0.0
17039,1,1954.9899999999998,1,1,0,0.0,0.0,44,1,0,0.0,605,605,1954.9899999999998,689.0,,1,0.0,0.0
12383,5,1628.56,5,5,0,0.0,0.0,83,0,1,11.25,185,353,325.712,303.6,42.0,0,0.006860550917484343,0.0
16584,5,3156.17,5,5,1,324.14,0.0,61,1,2,78.2,81,662,631.234,382.6,145.25,0,0.024177815154110386,5.784255858806078
15267,5,1717.36,5,4,3,309.6,372.0,8,1,0,0.0,23,183,343.472,188.8,40.0,0,0.0,-0.18307250892922955
18115,1,9.7,1,1,0,0.0,0.0,3,1,0,0.0,698,698,9.7,3.0,,1,0.0,0.0
12969,1,122.45,1,1,0,0.0,0.0,5,1,0,0.0,603,603,122.45,55.0,,1,0.0,0.0
14039,2,267.28,2,2,1,152.2,0.0,10,1,0,0.0,34,576,133.64,96.0,542.0,0,0.0,5.0317442573064906
16234,3,333.18,3,3,0,0.0,0.0,13,1,1,20.4,477,562,111.06,56.666666666666664,42.5,0,0.0576955710164602,0.0
16382,2,353.1,2,2,0,0.0,0.0,42,1,0,0.0,409,551,176.55,83.5,142.0,0,0.0,0.0
15143,2,563.63,2,2,0,0.0,0.0,27,1,0,0.0,226,433,281.815,160.0,207.0,0,0.0,0.0
17548,4,731.26,4,2,0,0.0,0.0,22,1,2,244.77999999999997,234,397,182.815,123.5,54.333333333333336,0,0.2507889020941764,0.0
18186,1,329.5799999999999,1,1,0,0.0,0.0,11,1,0,0.0,723,723,329.5799999999999,338.0,,1,0.0,0.0
14942,4,746.56,4,4,0,0.0,0.0,12,1,0,0.0,402,730,186.64,88.5,109.33333333333333,0,0.0,0.0
15534,1,162.25,1,1,0,0.0,0.0,8,1,0,0.0,726,726,162.25,63.0,,1,0.0,0.0
14826,2,385.20000000000005,2,2,0,0.0,0.0,10,1,0,0.0,582,696,192.60000000000002,76.0,114.0,0,0.0,0.0
16071,4,1076.8000000000002,4,4,1,326.24,0.0,62,1,0,0.0,45,656,269.20000000000005,174.25,203.66666666666666,0,0.0,5.790693846645498
16854,2,1408.96,2,2,0,0.0,0.0,72,1,0,0.0,418,641,704.48,498.5,223.0,0,0.0,0.0
15008,2,360.0,2,2,0,0.0,0.0,6,1,0,0.0,481,638,180.0,750.0,157.0,0,0.0,0.0
15800,7,1227.0700000000002,4,4,0,0.0,452.39000000000004,198,1,0,0.0,108,619,175.2957142857143,82.14285714285714,170.33333333333334,0,0.0,-6.116752682250139
12773,1,124.25,1,1,0,0.0,0.0,6,0,1,124.25,565,565,124.25,109.0,,1,0.5,0.0
15901,6,667.8900000000001,6,5,2,239.26,110.49000000000001,144,1,0,0.0,17,544,111.31500000000001,114.33333333333333,105.4,0,0.0,0.7677867695137488
13897,3,1160.72,3,3,1,311.15999999999997,0.0,58,1,0,0.0,51,678,386.9066666666667,273.3333333333333,313.5,0,0.0,5.743515876874801
13246,11,3351.7499999999995,11,9,1,123.00999999999999,212.47000000000003,229,1,3,109.75,19,526,304.70454545454544,254.1818181818182,50.7,0,0.031705907843420485,-0.5431341000583272
13919,4,1252.6799999999998,4,4,1,153.66,195.14999999999998,64,0,1,34.65,60,541,313.16999999999996,281.75,160.33333333333334,0,0.026916175339656498,-0.23765051347467203
15257,2,685.9,2,2,0,0.0,0.0,11,1,1,85.0,284,415,342.95,35.5,131.0,0,0.11026073420677131,0.0
15665,5,3987.0700000000006,5,5,0,0.0,765.79,163,1,0,0.0,169,636,797.4140000000001,555.4,116.75,0,0.0,-6.642212969876228
16143,12,4555.08,12,11,1,475.58000000000004,375.19,107,1,4,43.95,4,730,379.59,155.5,66.0,0,0.009556362972191963,0.23654126496499206
13601,4,1159.99,4,4,1,320.12,0.0,160,1,0,0.0,46,547,289.9975,239.25,167.0,0,0.0,5.771814885048028
14614,1,295.13,1,1,0,0.0,0.0,19,1,0,0.0,387,387,295.13,189.0,,1,0.0,0.0
12629,2,1198.2199999999998,2,2,0,0.0,0.0,39,0,0,0.0,386,424,599.1099999999999,356.5,38.0,0,0.0,0.0
12352,9,1729.54,9,5,3,744.23,0.0,68,0,1,120.32999999999998,37,393,192.17111111111112,79.33333333333333,44.5,0,0.06504781417072551,6.61369289556607
16427,2,241.06,2,2,0,0.0,0.0,8,1,0,0.0,264,285,120.53,78.0,21.0,0,0.0,0.0
15643,3,664.0,2,2,0,0.0,0.0,31,1,3,16.6,192,283,221.33333333333334,82.0,91.0,0,0.024390243902439025,0.0
14286,7,8479.76,6,6,2,2578.67,0.0,270,1,5,83.06,24,736,1211.3942857142858,1256.4285714285713,142.4,0,0.00970007544243602,7.855416762758124
14005,5,2874.7200000000003,5,5,2,2178.16,509.4,53,1,0,0.0,10,216,574.9440000000001,495.6,51.5,0,0.0,1.4515000283963868
13908,4,2319.5499999999997,4,4,1,907.9399999999998,630.5,103,1,1,22.5,80,277,579.8874999999999,369.25,65.66666666666667,0,0.009606968254307124,0.3641811436077411
14823,3,321.42999999999995,2,2,0,0.0,0.0,56,1,0,0.0,181,195,107.14333333333332,29.333333333333332,14.0,0,0.0,0.0
16484,2,404.30000000000007,2,1,0,0.0,118.6,25,1,1,24.900000000000002,174,191,202.15000000000003,100.0,17.0,0,0.058014911463187324,-4.784152841516532
12526,3,1172.6599999999999,3,3,2,688.36,484.29999999999995,63,0,0,0.0,1,95,390.8866666666666,208.0,47.0,0,0.0,0.35099637452034127
13486,3,1122.4099999999999,3,3,1,302.79999999999995,819.61,69,1,0,0.0,79,156,374.1366666666666,223.0,38.5,0,0.0,-0.9936783759773773
12517,4,2301.6000000000004,4,4,2,870.1500000000001,681.75,231,0,1,37.949999999999996,29,191,575.4000000000001,337.75,54.0,0,0.016221068154132202,0.24368541751509998
14960,2,221.26999999999998,2,2,1,132.96999999999997,88.3,23,1,0,0.0,9,172,110.63499999999999,110.5,163.0,0,0.0,0.40561440640644086
17266,5,501.71999999999997,5,4,2,183.51999999999998,113.06,95,1,0,0.0,3,641,100.344,48.6,159.5,0,0.0,0.48103323296122724
12657,4,1427.18,3,3,4,1427.18,0.0,34,0,1,419.12,12,79,356.795,258.0,33.5,0,0.22700536207550234,7.264156185376011
18127,4,556.1299999999999,3,3,2,207.48,139.6,56,1,0,0.0,20,404,139.03249999999997,62.5,192.0,0,0.0,0.3939241339999704
13494,1,316.26000000000005,1,1,0,0.0,0.0,18,1,0,0.0,312,312,316.26000000000005,162.0,,1,0.0,0.0
17127,5,1155.0300000000002,5,5,0,0.0,0.0,27,1,0,0.0,429,736,231.00600000000003,68.0,76.75,0,0.0,0.0
16147,5,2398.91,5,5,0,0.0,375.0,113,1,2,31.89,134,673,479.782,279.0,134.75,0,0.013119137732433768,-5.929589143389895
12389,3,1433.33,3,3,0,0.0,0.0,41,0,0,0.0,403,656,477.77666666666664,204.66666666666666,126.5,0,0.0,0.0
18157,1,213.9,1,1,0,0.0,0.0,25,1,0,0.0,572,572,213.9,145.0,,1,0.0,0.0
15217,1,426.24000000000007,1,1,0,0.0,0.0,28,1,0,0.0,564,564,426.24000000000007,190.0,,1,0.0,0.0
12424,4,3340.03,3,3,0,0.0,1760.9600000000003,78,0,3,50.25,163,549,835.0075,506.25,193.0,0,0.01482178463135788,-7.474182104762846
12575,2,568.8199999999999,2,2,0,0.0,0.0,33,0,0,0.0,458,527,284.40999999999997,156.0,69.0,0,0.0,0.0
12840,7,4041.9700000000003,7,7,0,0.0,576.0,109,1,4,28.1,144,675,577.4242857142857,322.57142857142856,88.5,0,0.006904058161161847,-6.3578422665081
14270,1,492.65000000000003,1,1,0,0.0,0.0,29,1,0,0.0,332,332,492.65000000000003,197.0,,1,0.0,0.0
13675,2,486.82,2,2,0,0.0,178.38,25,1,0,0.0,152,285,243.41,165.0,133.0,0,0.0,-5.189506460689857
17088,4,1991.0100000000002,4,4,2,591.9,0.0,96,1,0,0.0,29,254,497.75250000000005,217.0,75.0,0,0.0,6.385025750713322
18150,3,566.58,3,3,1,153.29999999999998,185.7,29,1,0,0.0,33,202,188.86,110.66666666666667,84.5,0,0.0,-0.1906042911785617
12541,3,841.1800000000001,3,3,1,361.03999999999996,195.73999999999998,45,0,0,0.0,30,281,280.3933333333334,225.0,125.5,0,0.0,0.6098716428743582
17899,1,154.54999999999998,1,1,0,0.0,154.54999999999998,29,1,0,0.0,160,160,154.54999999999998,170.0,,1,0.0,-5.046967223343646
16387,5,882.46,5,5,0,0.0,0.0,68,1,0,0.0,323,639,176.49200000000002,89.6,79.0,0,0.0,0.0
14261,2,1163.45,2,2,2,1163.45,0.0,52,1,0,0.0,51,79,581.725,203.0,28.0,0,0.0,7.060004151519799
14757,1,420.5,1,1,1,420.5,0.0,19,1,0,0.0,76,76,420.5,160.0,,1,0.0,6.04381977744191
17791,1,106.1,1,1,1,106.1,0.0,10,1,0,0.0,30,30,106.1,46.0,,1,0.0,4.673762977453703
16433,2,384.52,2,2,1,184.26,0.0,33,1,0,0.0,29,409,192.26,107.0,380.0,0,0.0,5.221760243825881
15098,3,39916.5,1,1,0,0.0,0.0,1,1,1,297.0,183,183,13305.5,40.333333333333336,,1,0.007385579469581111,0.0
14276,7,2102.68,6,6,0,0.0,399.34,75,1,5,168.95,99,661,300.3828571428571,200.85714285714286,112.4,0,0.0743739077226485,-5.9923141860625595
15888,3,423.49,3,3,1,162.64,0.0,32,1,1,27.04,81,527,141.16333333333333,43.333333333333336,223.0,0,0.06001820078574123,5.097668893061198
16596,4,458.98,4,4,1,129.5,0.0,23,1,0,0.0,16,730,114.745,45.0,238.0,0,0.0,4.871373226762748
16888,3,434.2,3,3,0,0.0,0.0,44,1,0,0.0,401,702,144.73333333333332,48.333333333333336,150.5,0,0.0,0.0
15693,1,37.5,1,1,0,0.0,0.0,1,1,0,0.0,660,660,37.5,30.0,,1,0.0,0.0
15229,1,160.5,1,1,0,0.0,0.0,9,1,0,0.0,587,587,160.5,114.0,,1,0.0,0.0
13973,1,264.7,1,1,0,0.0,0.0,11,1,0,0.0,288,288,264.7,109.0,,1,0.0,0.0
17871,5,1068.95,5,5,0,0.0,0.0,64,1,0,0.0,205,694,213.79000000000002,133.0,122.25,0,0.0,0.0
17668,2,347.75,2,2,2,347.75,0.0,14,1,0,0.0,2,39,173.875,46.5,37.0,0,0.0,5.854355333135575
12414,4,532.41,4,4,0,0.0,0.0,19,0,1,90.0,218,464,133.1025,122.25,82.0,0,0.14459921916421653,0.0
13915,1,70.80000000000001,1,1,0,0.0,0.0,2,1,1,39.6,395,395,70.80000000000001,24.0,,1,0.358695652173913,0.0
12503,1,896.0,1,1,0,0.0,0.0,1,0,0,0.0,585,585,896.0,560.0,,1,0.0,0.0
16833,6,2409.04,5,5,1,435.24,0.0,87,1,0,0.0,2,624,401.50666666666666,146.33333333333334,155.5,0,0.0,6.078192550617806
17395,1,97.5,1,1,0,0.0,0.0,3,1,0,0.0,509,509,97.5,66.0,,1,0.0,0.0
16605,1,60.48,1,1,0,0.0,0.0,1,1,0,0.0,725,725,60.48,144.0,,1,0.0,0.0
16439,1,310.70000000000005,1,1,0,0.0,0.0,9,1,0,0.0,723,723,310.70000000000005,74.0,,1,0.0,0.0
12484,9,5557.1,9,8,1,728.67,2183.98,328,0,4,66.3,36,682,617.4555555555556,359.6666666666667,80.75,0,0.011790020272433047,-1.0967695770293764
13442,3,419.87,3,3,0,0.0,0.0,33,1,0,0.0,668,739,139.95666666666668,38.333333333333336,35.5,0,0.0,0.0
13696,3,2020.4,3,3,0,0.0,0.0,24,1,1,11.7,422,667,673.4666666666667,184.0,122.5,0,0.005757590669750503,0.0
16118,1,4376.25,1,1,0,0.0,0.0,41,1,4,120.82000000000001,653,653,4376.25,2851.0,,1,0.02686638188865195,0.0
15792,2,933.8400000000001,2,2,0,0.0,0.0,57,1,0,0.0,400,619,466.9200000000001,303.0,219.0,0,0.0,0.0
14010,2,445.15,1,1,0,0.0,0.0,20,1,1,157.05,566,566,222.575,88.5,,1,0.26079375622716705,0.0
14934,5,3403.5,4,4,1,1062.1,0.0,114,0,3,932.4300000000001,82,442,680.7,419.6,120.0,0,0.21504729089261126,6.968944447294559
17823,2,449.25,1,1,0,0.0,0.0,88,1,0,0.0,422,422,224.625,126.0,,1,0.0,0.0
16006,2,332.82,2,2,0,0.0,0.0,75,1,0,0.0,212,388,166.41,102.5,176.0,0,0.0,0.0
16194,1,308.59999999999997,1,1,0,0.0,0.0,8,1,0,0.0,376,376,308.59999999999997,140.0,,1,0.0,0.0
15178,1,40.5,1,1,0,0.0,0.0,3,1,0,0.0,261,261,40.5,30.0,,1,0.0,0.0
15108,3,1159.25,3,3,0,0.0,616.8,49,0,1,8.5,142,228,386.4166666666667,163.33333333333334,43.0,0,0.007278955255833868,-6.4261647804844815
14959,4,695.4200000000001,4,4,1,158.1,114.94,37,1,1,10.45,65,297,173.85500000000002,123.5,77.33333333333333,0,0.014804425744117186,0.31646011943215413
16674,2,304.24,2,2,1,189.14000000000001,115.1,89,1,0,0.0,55,99,152.12,90.5,44.0,0,0.0,0.493308754227038
14504,4,673.26,4,3,1,130.54999999999998,0.0,85,1,0,0.0,48,279,168.315,77.0,77.0,0,0.0,4.879387007486302
17733,2,692.19,2,2,1,475.24,0.0,33,1,0,0.0,39,262,346.095,231.5,223.0,0,0.0,6.165921928845135
13924,6,1838.85,6,4,6,1838.85,0.0,90,1,5,156.77,2,73,306.47499999999997,262.5,14.2,0,0.07855703991741916,7.517439325540823
17695,5,1746.04,5,5,0,0.0,765.3399999999999,46,1,1,25.5,132,681,349.20799999999997,361.8,137.25,0,0.014394255845196834,-6.641625935491769
15862,13,2507.1399999999994,10,9,1,173.15,168.71999999999997,416,1,0,0.0,9,723,192.85692307692304,116.53846153846153,79.33333333333333,0,0.0,0.02576697647788606
13057,3,709.59,3,2,0,0.0,0.0,34,1,1,181.34999999999997,531,632,236.53,152.0,50.5,0,0.20354906054279745,0.0
13739,2,292.2,2,2,1,216.9,0.0,6,1,0,0.0,19,528,146.1,38.0,509.0,0,0.0,5.384036241950574
13425,5,3390.4299999999994,5,5,0,0.0,1222.6399999999999,124,1,3,27.700000000000003,109,580,678.0859999999999,471.6,117.75,0,0.008103846255116105,-7.109585302164135
13839,1,139.95,1,1,0,0.0,0.0,7,1,0,0.0,487,487,139.95,25.0,,1,0.0,0.0
14972,2,145.07,2,2,0,0.0,114.77,20,1,0,0.0,129,382,72.535,20.0,253.0,0,0.0,-4.751605464217637
12401,1,69.3,1,1,0,0.0,0.0,4,0,0,0.0,304,304,69.3,10.0,,1,0.0,0.0
16084,1,436.17999999999995,1,1,0,0.0,0.0,38,1,0,0.0,300,300,436.17999999999995,216.0,,1,0.0,0.0
13899,2,388.52,2,2,1,90.02000000000001,0.0,19,1,0,0.0,17,275,194.26,78.0,258.0,0,0.0,4.511079262588496
17250,2,381.96999999999997,2,2,1,219.32,0.0,55,1,0,0.0,4,262,190.98499999999999,83.5,258.0,0,0.0,5.395081034980345
15147,1,623.5,1,1,0,0.0,0.0,28,1,1,14.850000000000001,241,241,623.5,366.0,,1,0.023263100180151954,0.0
15636,4,1444.58,4,4,1,418.06,0.0,39,1,0,0.0,90,570,361.145,140.0,160.0,0,0.0,6.038014107760962
16107,7,3204.1600000000003,7,6,4,1710.0400000000002,961.22,16,1,0,0.0,18,184,457.7371428571429,168.0,27.666666666666668,0,0.0,0.5756135370115949
14184,1,452.89000000000004,1,1,1,452.89000000000004,0.0,24,1,0,0.0,67,67,452.89000000000004,127.0,,1,0.0,6.1178548779353035
18033,1,93.82,1,1,1,93.82,0.0,32,1,0,0.0,66,66,93.82,252.0,,1,0.0,4.551980357473973
17590,3,1466.77,3,3,3,1466.77,0.0,161,1,0,0.0,3,41,488.92333333333335,273.6666666666667,19.0,0,0.0,7.2914995211502145
18110,2,392.28,2,2,1,198.8,0.0,58,1,1,30.25,20,412,196.14,84.5,392.0,0,0.07159254964144558,5.297316866214453
16760,1,228.0,1,1,0,0.0,0.0,17,1,0,0.0,431,431,228.0,168.0,,1,0.0,0.0
13525,2,628.78,2,2,1,345.9,0.0,5,1,0,0.0,15,249,314.39,197.0,234.0,0,0.0,5.849036553975704
13685,7,3119.44,6,2,7,3119.44,0.0,29,1,0,0.0,3,61,445.63428571428574,722.2857142857143,11.6,0,0.0,8.045729296501372
17918,3,388.44,3,1,0,0.0,0.0,33,1,0,0.0,501,506,129.48,117.0,2.5,0,0.0,0.0
17298,5,938.3600000000001,5,4,0,0.0,498.4200000000001,60,1,1,5.04,102,642,187.67200000000003,170.0,135.0,0,0.005342378630485477,-6.21344742510144
17801,3,770.03,3,3,0,0.0,0.0,66,1,1,2.55,452,692,256.6766666666667,273.3333333333333,120.0,0,0.0033006290610681096,0.0
17568,1,374.45000000000005,1,1,0,0.0,0.0,61,1,0,0.0,634,634,374.45000000000005,275.0,,1,0.0,0.0
14694,1,244.31,1,1,0,0.0,0.0,15,1,0,0.0,618,618,244.31,193.0,,1,0.0,0.0
17808,4,262.64,4,2,0,0.0,0.0,29,1,0,0.0,549,582,65.66,35.75,11.0,0,0.0,0.0
14463,4,786.5699999999999,4,4,0,0.0,413.7,7,1,0,0.0,99,500,196.64249999999998,52.5,133.66666666666666,0,0.0,-6.027555367252336
15200,1,549.05,1,1,0,0.0,0.0,30,1,0,0.0,495,495,549.05,195.0,,1,0.0,0.0
12761,1,712.9499999999999,1,1,0,0.0,0.0,25,0,0,0.0,465,465,712.9499999999999,277.0,,1,0.0,0.0
13194,2,472.78,2,2,0,0.0,60.7,10,1,0,0.0,136,422,236.39,163.0,286.0,0,0.0,-4.122283930911342
13840,1,651.4,1,1,0,0.0,0.0,40,1,0,0.0,417,417,651.4,358.0,,1,0.0,0.0
17977,2,1511.4499999999998,2,2,1,288.14,0.0,94,1,1,57.900000000000006,30,401,755.7249999999999,974.0,371.0,0,0.03689425558352184,5.6669109998802965
16903,3,1041.75,3,3,1,363.2,0.0,148,1,1,32.3,30,416,347.25,239.0,193.0,0,0.03007308784507239,5.897703167293508
16135,2,819.45,2,2,0,0.0,0.0,35,1,0,0.0,263,584,409.725,197.5,321.0,0,0.0,0.0
15135,2,305.68,2,2,0,0.0,0.0,17,1,1,11.9,240,557,152.84,42.0,317.0,0,0.03747087348069778,0.0
13258,5,1009.4300000000001,5,3,2,473.96000000000004,0.0,29,1,0,0.0,12,401,201.88600000000002,89.2,97.25,0,0.0,6.16323058996242
13083,3,395.43,3,3,2,303.75,0.0,19,1,0,0.0,5,426,131.81,102.33333333333333,210.5,0,0.0,5.719491768361381
14954,2,462.12,2,2,1,294.85,0.0,111,1,0,0.0,13,704,231.06,104.5,691.0,0,0.0,5.689852569122703
14241,2,333.7,2,2,0,0.0,0.0,12,1,0,0.0,184,697,166.85,121.0,513.0,0,0.0,0.0
17780,3,346.56,2,2,0,0.0,0.0,76,1,0,0.0,668,685,115.52,52.0,17.0,0,0.0,0.0
14585,5,1143.27,5,3,1,157.04999999999998,0.0,88,1,0,0.0,51,417,228.654,126.0,91.5,0,0.0,5.062911438661627
15328,1,107.24000000000001,1,1,0,0.0,0.0,8,1,0,0.0,408,408,107.24000000000001,88.0,,1,0.0,0.0
14848,1,310.56,1,1,0,0.0,0.0,11,1,0,0.0,405,405,310.56,260.0,,1,0.0,0.0
16624,2,810.57,2,2,1,384.14,0.0,44,1,0,0.0,81,198,405.285,244.0,117.0,0,0.0,5.953606904551742
14143,1,115.8,1,1,0,0.0,115.8,7,1,0,0.0,134,134,115.8,30.0,,1,0.0,-4.760463070394127
15193,1,499.32,1,1,1,499.32,0.0,19,1,0,0.0,61,61,499.32,144.0,,1,0.0,6.215247893709531
18216,1,481.75,1,1,1,481.75,0.0,26,1,0,0.0,32,32,481.75,200.0,,1,0.0,6.179498921308624
16051,1,188.44,1,1,0,0.0,0.0,12,1,0,0.0,682,682,188.44,80.0,,1,0.0,0.0
14973,3,1314.4499999999998,3,3,0,0.0,659.8499999999999,29,1,0,0.0,108,226,438.1499999999999,123.0,59.0,0,0.0,-6.493526885203815
15286,1,240.55,1,1,1,240.55,0.0,3,1,0,0.0,50,50,240.55,55.0,,1,0.0,5.4870764910004155
15595,1,357.6,1,1,0,0.0,0.0,4,1,0,0.0,488,488,357.6,144.0,,1,0.0,0.0
13877,3,449.68,3,3,1,117.24,0.0,23,1,2,3.3499999999999996,87,690,149.89333333333335,159.33333333333334,301.5,0,0.007394653775688143,4.772716457199891
16564,1,87.8,1,1,0,0.0,0.0,5,1,0,0.0,570,570,87.8,40.0,,1,0.0,0.0
13805,2,924.5999999999999,2,2,1,424.35999999999996,500.24,10,1,0,0.0,53,130,462.29999999999995,950.0,77.0,0,0.0,-0.1641491591010018
17539,3,1161.84,3,3,0,0.0,0.0,131,1,2,164.5,629,727,387.28,235.66666666666666,49.0,0,0.12402551381998583,0.0
13294,3,1689.5299999999997,3,3,0,0.0,0.0,93,1,0,0.0,190,647,563.1766666666666,332.0,228.5,0,0.0,0.0
15180,3,816.9300000000001,3,3,0,0.0,0.0,46,1,0,0.0,368,590,272.31,218.0,111.0,0,0.0,0.0
15429,2,397.35,2,2,2,397.35,0.0,77,1,1,32.45,27,76,198.675,190.0,49.0,0,0.07550023266635644,5.987331015826375
16645,1,160.39,1,1,0,0.0,0.0,14,1,0,0.0,736,736,160.39,117.0,,1,0.0,0.0
17579,4,753.28,4,4,1,178.04,270.86,89,1,1,8.7,5,579,188.32,93.75,191.33333333333334,0,0.011417622509777159,-0.41767798334348694
12387,1,143.94,1,1,0,0.0,0.0,9,0,0,0.0,416,416,143.94,134.0,,1,0.0,0.0
15519,2,344.61,2,2,0,0.0,0.0,34,1,0,0.0,384,447,172.305,58.0,63.0,0,0.0,0.0
13301,4,600.1899999999999,4,4,0,0.0,272.41999999999996,74,1,0,0.0,104,293,150.04749999999999,85.75,63.0,0,0.0,-5.611009074503846
12590,1,9341.26,1,1,0,0.0,0.0,67,0,3,10.780000000000001,212,212,9341.26,4282.0,,1,0.0011526896805402885,0.0
16617,1,151.85,1,1,0,0.0,0.0,5,1,0,0.0,236,236,151.85,91.0,,1,0.0,0.0
18136,5,1631.3600000000001,5,5,1,183.48000000000002,0.0,77,1,4,99.65,64,452,326.27200000000005,172.0,97.0,0,0.05756754727009087,5.217541056520749
17100,2,971.7400000000001,1,1,2,971.7400000000001,0.0,65,1,0,0.0,19,19,485.87000000000006,400.0,,1,0.0,6.880116831678181
14799,2,338.15,2,2,1,157.7,0.0,20,1,0,0.0,52,738,169.075,247.5,686.0,0,0.0,5.0670156275323635
13604,1,717.62,1,1,0,0.0,0.0,21,1,1,4.23,659,659,717.62,242.0,,1,0.005859943201496156,0.0
16442,5,891.98,5,5,1,176.87,0.0,226,1,0,0.0,2,727,178.39600000000002,116.0,181.25,0,0.0,5.1810529463873864
13123,2,506.75000000000006,2,2,0,0.0,0.0,36,1,0,0.0,473,530,253.37500000000003,134.0,57.0,0,0.0,0.0
12410,3,773.7099999999999,2,2,0,0.0,0.0,35,0,1,12.25,309,503,257.9033333333333,111.66666666666667,194.0,0,0.015586034912718205,0.0
13909,2,282.85,2,2,0,0.0,0.0,35,1,0,0.0,424,522,141.425,150.5,98.0,0,0.0,0.0
18250,1,349.27000000000004,1,1,0,0.0,0.0,21,1,1,6.35,311,311,349.27000000000004,199.0,,1,0.017856138574883298,0.0
17507,2,605.58,2,2,0,0.0,0.0,79,1,0,0.0,262,310,302.79,179.5,48.0,0,0.0,0.0
14331,2,462.65999999999997,2,2,0,0.0,462.65999999999997,27,1,0,0.0,125,136,231.32999999999998,126.0,11.0,0,0.0,-6.139151525006747
16031,2,547.9000000000001,2,2,0,0.0,242.27000000000004,91,1,0,0.0,93,248,273.95000000000005,210.5,155.0,0,0.0,-5.494171937624576
13669,3,413.54999999999995,3,3,1,170.39999999999998,48.150000000000006,13,1,0,0.0,51,408,137.85,131.0,178.5,0,0.0,1.249123159570504
18067,1,396.3299999999999,1,1,1,396.3299999999999,0.0,36,1,0,0.0,41,41,396.3299999999999,189.0,,1,0.0,5.98476716966025
16505,1,777.6,1,1,1,777.6,0.0,4,1,0,0.0,32,32,777.6,576.0,,1,0.0,6.657497435176356
13188,1,114.60000000000001,1,1,1,114.60000000000001,0.0,2,1,0,0.0,12,12,114.60000000000001,25.0,,1,0.0,4.750135956238277
15520,1,343.5,1,1,1,343.5,0.0,18,1,0,0.0,2,2,343.5,314.0,,1,0.0,5.842094090453713
18108,3,848.81,3,3,0,0.0,0.0,43,1,1,6.35,255,738,282.93666666666667,87.0,241.5,0,0.007425511015482483,0.0
16651,1,136.2,1,1,0,0.0,0.0,6,1,0,0.0,587,587,136.2,60.0,,1,0.0,0.0
16630,1,106.80000000000001,1,1,0,0.0,0.0,4,1,1,2.5,408,408,106.80000000000001,72.0,,1,0.022872827081427263,0.0
13229,1,160.95,1,1,0,0.0,0.0,10,1,0,0.0,226,226,160.95,63.0,,1,0.0,0.0
15683,2,524.54,2,2,0,0.0,193.75,25,1,0,0.0,118,474,262.27,166.0,356.0,0,0.0,-5.271716684750857
12739,2,2421.2299999999996,2,2,0,0.0,975.54,83,0,0,0.0,100,395,1210.6149999999998,474.0,295.0,0,0.0,-6.884015712099396
15099,1,410.48,1,1,1,410.48,0.0,23,1,0,0.0,85,85,410.48,343.0,,1,0.0,6.019760416262829
17357,2,384.38999999999993,1,1,2,384.38999999999993,0.0,41,1,0,0.0,25,25,192.19499999999996,76.0,,1,0.0,5.954255808575653
14703,1,318.1700000000001,1,1,1,318.1700000000001,0.0,22,1,0,0.0,15,15,318.1700000000001,183.0,,1,0.0,5.765723876196384
18256,1,110.7,1,1,0,0.0,0.0,10,1,1,50.10000000000001,388,388,110.7,180.0,,1,0.3115671641791045,0.0
12837,2,662.66,2,2,0,0.0,134.1,83,1,0,0.0,174,570,331.33,97.0,396.0,0,0.0,-4.906015244966153
14091,2,9530.08,2,2,0,0.0,0.0,13,1,0,0.0,655,699,4765.04,1658.0,44.0,0,0.0,0.0
14699,4,702.6,4,4,0,0.0,0.0,45,1,0,0.0,215,526,175.65,121.0,103.66666666666667,0,0.0,0.0
17131,5,2463.17,4,4,5,2463.17,0.0,78,1,0,0.0,6,76,492.634,196.6,23.333333333333332,0,0.0,7.8096103157799615
16786,1,51.839999999999996,1,1,0,0.0,0.0,1,1,0,0.0,394,394,51.839999999999996,72.0,,1,0.0,0.0
15714,5,783.96,5,4,2,330.0300000000001,0.0,45,1,0,0.0,12,556,156.792,72.2,136.0,0,0.0,5.802209005711098
16459,1,71.79,1,1,0,0.0,0.0,5,1,0,0.0,730,730,71.79,59.0,,1,0.0,0.0
12973,1,385.54999999999995,1,1,0,0.0,0.0,6,1,0,0.0,414,414,385.54999999999995,31.0,,1,0.0,0.0
15773,2,774.52,2,2,1,635.68,0.0,46,1,0,0.0,6,410,387.26,205.0,404.0,0,0.0,6.4562671745616536
15942,1,337.44,1,1,0,0.0,337.44,14,1,0,0.0,134,134,337.44,232.0,,1,0.0,-5.8243468240563
15307,1,205.29999999999998,1,1,0,0.0,205.29999999999998,12,1,0,0.0,96,96,205.29999999999998,37.0,,1,0.0,-5.329331420077206
12611,1,1193.32,1,1,1,1193.32,0.0,65,0,0,0.0,53,53,1193.32,846.0,,1,0.0,7.085332264745334
17038,2,743.17,2,2,1,112.39999999999999,0.0,61,1,0,0.0,31,416,371.585,267.5,385.0,0,0.0,4.730921391293651
13896,1,388.54999999999995,1,1,0,0.0,0.0,21,1,0,0.0,626,626,388.54999999999995,149.0,,1,0.0,0.0
13775,1,1049.6599999999999,1,1,0,0.0,0.0,63,1,0,0.0,591,591,1049.6599999999999,455.0,,1,0.0,0.0
13585,3,684.54,3,3,0,0.0,0.0,29,1,1,10.08,531,739,228.17999999999998,462.0,104.0,0,0.014511531484840632,0.0
16922,1,611.08,1,1,0,0.0,0.0,122,1,0,0.0,573,573,611.08,281.0,,1,0.0,0.0
12673,3,1140.02,3,3,1,353.62,0.0,67,0,0,0.0,6,402,380.00666666666666,231.66666666666666,198.0,0,0.0,5.871046793628842
13275,2,238.85999999999999,2,2,0,0.0,0.0,48,1,0,0.0,384,633,119.42999999999999,69.0,249.0,0,0.0,0.0
16270,1,1141.24,1,1,0,0.0,0.0,54,1,0,0.0,354,354,1141.24,688.0,,1,0.0,0.0
12501,1,2025.3899999999999,1,1,0,0.0,0.0,148,0,1,79.71,337,337,2025.3899999999999,1775.0,,1,0.037865184551802766,0.0
13385,1,534.57,1,1,0,0.0,0.0,35,1,0,0.0,330,330,534.57,281.0,,1,0.0,0.0
17697,1,338.95,1,1,0,0.0,0.0,19,1,0,0.0,237,237,338.95,93.0,,1,0.0,0.0
13596,2,664.1100000000001,2,2,2,664.1100000000001,0.0,133,1,0,0.0,6,13,332.05500000000006,192.0,7.0,0,0.0,6.499952440510379
13257,1,149.75,1,1,0,0.0,0.0,7,1,2,31.8,437,437,149.75,33.0,,1,0.17515835857890388,0.0
17698,1,154.95,1,1,0,0.0,0.0,8,1,0,0.0,261,261,154.95,93.0,,1,0.0,0.0
14095,1,2.95,1,1,0,0.0,0.0,1,1,0,0.0,723,723,2.95,1.0,,1,0.0,0.0
17660,2,342.22,2,2,0,0.0,178.75,75,1,0,0.0,142,738,171.11,129.5,596.0,0,0.0,-5.191566996601156
17168,1,400.2,1,1,0,0.0,0.0,21,1,0,0.0,499,499,400.2,220.0,,1,0.0,0.0
13710,3,509.52,3,3,1,180.48,0.0,13,1,0,0.0,32,613,169.84,112.0,290.5,0,0.0,5.201145454795763
14488,1,1064.28,1,1,1,1064.28,0.0,46,1,1,16.85,68,68,1064.28,799.0,,1,0.01558554475409988,6.97099295438666
17489,2,376.64,2,2,1,168.08,0.0,28,1,0,0.0,59,213,188.32,214.0,154.0,0,0.0,5.130371975698589
13186,3,1575.8900000000003,3,3,1,273.95000000000005,1301.94,69,1,2,36.2,40,129,525.2966666666667,273.3333333333333,44.5,0,0.022455321973338955,-1.555789265528297
17303,1,250.04,1,1,0,0.0,0.0,53,1,0,0.0,362,362,250.04,144.0,,1,0.0,0.0
13850,1,1595.48,1,1,0,0.0,1595.48,93,1,1,8.67,130,130,1595.48,944.0,,1,0.005404731477729638,-7.375556484672672
15075,1,773.03,1,1,1,773.03,0.0,27,1,0,0.0,78,78,773.03,447.0,,1,0.0,6.651610632528512
13833,2,700.41,2,2,0,0.0,383.84999999999997,43,1,0,0.0,160,405,350.205,121.5,245.0,0,0.0,-5.9528536479803265
16976,1,251.51999999999998,1,1,0,0.0,0.0,2,1,0,0.0,268,268,251.51999999999998,88.0,,1,0.0,0.0
16536,1,548.12,1,1,0,0.0,548.12,49,1,1,9.95,111,111,548.12,250.0,,1,0.01782930456752737,-6.308316996859543
12566,1,297.65,1,1,1,297.65,0.0,18,0,1,4.95,87,87,297.65,262.0,,1,0.016358228684732322,5.699272319178315
13364,1,134.96,1,1,1,134.96,0.0,10,1,1,134.95999999999998,72,72,134.96,71.0,,1,0.5,4.9123607248279155
16269,1,717.57,1,1,0,0.0,0.0,53,1,1,2.98,438,438,717.57,579.0,,1,0.004135729650961071,0.0
14622,1,320.58000000000004,1,1,0,0.0,0.0,21,1,0,0.0,185,185,320.58000000000004,146.0,,1,0.0,0.0
13524,5,680.1800000000001,5,5,2,271.32,249.66000000000003,17,1,0,0.0,41,220,136.036,64.8,44.75,0,0.0,0.0828804062016335
16192,1,351.3,1,1,0,0.0,0.0,11,1,0,0.0,736,736,351.3,208.0,,1,0.0,0.0
13071,1,129.22,1,1,0,0.0,0.0,12,1,0,0.0,613,613,129.22,30.0,,1,0.0,0.0
16944,1,101.36000000000001,1,1,0,0.0,0.0,7,1,0,0.0,610,610,101.36000000000001,27.0,,1,0.0,0.0
13472,2,592.24,2,2,0,0.0,0.0,24,1,0,0.0,464,556,296.12,155.0,92.0,0,0.0,0.0
12900,1,340.33000000000004,1,1,0,0.0,0.0,13,1,0,0.0,423,423,340.33000000000004,139.0,,1,0.0,0.0
12858,1,147.26999999999998,1,1,0,0.0,0.0,36,1,0,0.0,384,384,147.26999999999998,51.0,,1,0.0,0.0
12351,1,300.92999999999995,1,1,0,0.0,0.0,21,0,0,0.0,376,376,300.92999999999995,261.0,,1,0.0,0.0
14393,1,67.95,1,1,0,0.0,0.0,5,1,0,0.0,219,219,67.95,13.0,,1,0.0,0.0
15705,1,143.1,1,1,0,0.0,0.0,6,1,0,0.0,202,202,143.1,62.0,,1,0.0,0.0
16842,3,1264.1899999999998,3,3,0,0.0,743.6199999999999,45,1,1,3.75,101,303,421.3966666666666,231.0,101.0,0,0.0029575531965234953,-6.612874021136983
13690,1,172.25,1,1,1,172.25,0.0,9,1,0,0.0,60,60,172.25,67.0,,1,0.0,5.1547356380700124
18209,1,139.10000000000002,1,1,1,139.10000000000002,0.0,8,1,0,0.0,29,29,139.10000000000002,58.0,,1,0.0,4.942356453342962
16847,2,614.89,2,2,1,193.44,0.0,37,1,0,0.0,44,619,307.445,127.5,575.0,0,0.0,5.270123632177254
13732,1,491.86,1,1,1,491.86,0.0,33,1,0,0.0,29,29,491.86,498.0,,1,0.0,6.200225158054739
12650,1,242.44,1,1,1,242.44,0.0,19,0,0,0.0,4,4,242.44,250.0,,1,0.0,5.4948705055887155
13114,1,234.38,1,1,0,0.0,0.0,16,1,0,0.0,731,731,234.38,74.0,,1,0.0,0.0
15188,1,310.43,1,1,0,0.0,0.0,23,1,0,0.0,726,726,310.43,233.0,,1,0.0,0.0
18148,1,112.85000000000001,1,1,0,0.0,0.0,9,1,0,0.0,647,647,112.85000000000001,63.0,,1,0.0,0.0
15391,1,289.87,1,1,0,0.0,0.0,12,1,1,6.95,585,585,289.87,109.0,,1,0.023414864227477933,0.0
14278,1,205.83,1,1,0,0.0,0.0,13,1,0,0.0,410,410,205.83,131.0,,1,0.0,0.0
16829,2,513.32,2,2,0,0.0,197.22,25,1,0,0.0,157,389,256.66,107.5,232.0,0,0.0,-5.289377524978562
14252,1,350.99,1,1,0,0.0,0.0,10,1,0,0.0,382,382,350.99,111.0,,1,0.0,0.0
18232,4,592.97,4,3,1,92.35,129.64,31,1,1,10.5,82,198,148.2425,75.5,38.666666666666664,0,0.017399373622549587,-0.33608957867447753
14806,2,303.42999999999995,2,2,1,193.39,0.0,17,1,0,0.0,76,440,151.71499999999997,211.5,364.0,0,0.0,5.269866450374021
12420,1,600.39,1,1,1,600.39,0.0,29,0,0,0.0,64,64,600.39,345.0,,1,0.0,6.3992436425478765
16413,2,522.03,2,2,1,262.2,0.0,55,1,0,0.0,57,376,261.015,141.5,319.0,0,0.0,5.572914199451162
12459,1,398.36,1,1,0,0.0,0.0,22,0,0,0.0,606,606,398.36,256.0,,1,0.0,0.0
14816,1,271.84999999999997,1,1,0,0.0,0.0,4,1,0,0.0,198,198,271.84999999999997,5.0,,1,0.0,0.0
12881,1,298.0,1,1,0,0.0,0.0,7,1,0,0.0,276,276,298.0,21.0,,1,0.0,0.0
12888,2,354.12,2,2,0,0.0,0.0,4,1,2,40.349999999999994,215,256,177.06,38.0,41.0,0,0.10228914746368543,0.0
13407,3,2244.7,3,3,0,0.0,0.0,85,1,3,132.81,579,662,748.2333333333332,563.3333333333334,41.5,0,0.05586096378143521,0.0
16495,3,648.26,2,2,1,401.75,0.0,78,1,0,0.0,4,277,216.08666666666667,109.33333333333333,273.0,0,0.0,5.998316022057084
12368,1,917.6999999999999,1,1,0,0.0,0.0,18,0,0,0.0,629,629,917.6999999999999,330.0,,1,0.0,0.0
15770,1,321.45,1,1,0,0.0,0.0,18,1,0,0.0,613,613,321.45,67.0,,1,0.0,0.0
16035,1,217.73,1,1,0,0.0,0.0,21,1,0,0.0,561,561,217.73,33.0,,1,0.0,0.0
16492,1,385.55999999999995,1,1,0,0.0,0.0,23,1,0,0.0,541,541,385.55999999999995,235.0,,1,0.0,0.0
18132,1,220.13,1,1,0,0.0,0.0,60,1,0,0.0,505,505,220.13,212.0,,1,0.0,0.0
15490,1,210.85000000000002,1,1,0,0.0,0.0,22,1,1,29.5,431,431,210.85000000000002,82.0,,1,0.1227376742250884,0.0
18176,1,476.35,1,1,0,0.0,0.0,30,1,1,27.7,359,359,476.35,283.0,,1,0.05495486558873127,0.0
15019,1,252.81,1,1,0,0.0,0.0,64,1,0,0.0,267,267,252.81,150.0,,1,0.0,0.0
18129,1,112.55000000000001,1,1,0,0.0,0.0,13,1,0,0.0,244,244,112.55000000000001,48.0,,1,0.0,0.0
13343,1,303.43,1,1,0,0.0,303.43,18,1,1,49.5,178,178,303.43,134.0,,1,0.14025444139064402,-5.718441175664861
13618,1,177.33999999999997,1,1,0,0.0,177.33999999999997,13,1,0,0.0,174,174,177.33999999999997,246.0,,1,0.0,-5.183691840706733
12667,1,460.13000000000005,1,1,1,460.13000000000005,0.0,32,0,0,0.0,59,59,460.13000000000005,391.0,,1,0.0,6.133679998904951
17798,1,172.17000000000002,1,1,0,0.0,0.0,42,1,0,0.0,582,582,172.17000000000002,136.0,,1,0.0,0.0
17417,1,164.18,1,1,0,0.0,0.0,16,1,0,0.0,549,549,164.18,76.0,,1,0.0,0.0
13063,1,188.4,1,1,0,0.0,0.0,12,1,0,0.0,481,481,188.4,116.0,,1,0.0,0.0
16476,1,350.35,1,1,0,0.0,0.0,24,1,2,13.35,432,432,350.35,187.0,,1,0.03670607643662359,0.0
14536,1,170.95,1,1,0,0.0,0.0,18,1,0,0.0,260,260,170.95,39.0,,1,0.0,0.0
14348,1,409.57,1,1,0,0.0,0.0,18,1,0,0.0,261,261,409.57,183.0,,1,0.0,0.0
13182,1,121.17999999999998,1,1,1,121.17999999999998,0.0,11,1,0,0.0,46,46,121.17999999999998,201.0,,1,0.0,4.805495367221621
18019,1,38.45,1,1,1,38.45,0.0,5,1,0,0.0,52,52,38.45,7.0,,1,0.0,3.6750340472918834
13348,1,233.76000000000002,1,1,1,233.76000000000002,0.0,14,1,0,0.0,65,65,233.76000000000002,136.0,,1,0.0,5.458563715690134
13193,1,112.08,1,1,1,112.08,0.0,22,1,0,0.0,62,62,112.08,46.0,,1,0.0,4.72809553282539
13396,2,1360.99,2,2,1,973.7199999999999,0.0,42,1,2,35.7,30,320,680.495,300.0,290.0,0,0.025560432164617775,6.882150250266742
15667,1,301.32000000000005,1,1,1,301.32000000000005,0.0,13,1,0,0.0,40,40,301.32000000000005,240.0,,1,0.0,5.711486059041234
14767,1,382.80999999999995,1,1,0,0.0,0.0,18,1,0,0.0,475,475,382.80999999999995,117.0,,1,0.0,0.0
15347,4,1162.0,4,3,0,0.0,0.0,29,1,2,29.700000000000003,367,438,290.5,135.5,23.666666666666668,0,0.02492237979357221,0.0
12729,1,417.01,1,1,0,0.0,417.01,25,0,0,0.0,114,114,417.01,231.0,,1,0.0,-6.035505355683571
12984,1,97.5,1,1,1,97.5,0.0,4,1,0,0.0,19,19,97.5,26.0,,1,0.0,4.590056548178043
12478,1,545.99,1,1,1,545.99,0.0,35,0,0,0.0,4,4,545.99,233.0,,1,0.0,6.304430520719223
16821,1,113.35000000000001,1,1,0,0.0,0.0,7,1,0,0.0,382,382,113.35000000000001,13.0,,1,0.0,0.0
14066,1,152.55,1,1,0,0.0,0.0,7,1,0,0.0,267,267,152.55,45.0,,1,0.0,0.0
18278,2,414.2,2,2,1,173.89999999999998,0.0,22,1,0,0.0,74,405,207.1,70.0,331.0,0,0.0,5.164214382024556
13828,1,209.49,1,1,1,209.49,0.0,15,1,0,0.0,23,23,209.49,311.0,,1,0.0,5.349438146055751
13765,1,352.81999999999994,1,1,0,0.0,0.0,16,1,0,0.0,654,654,352.81999999999994,296.0,,1,0.0,0.0
14200,1,379.20000000000005,1,1,0,0.0,0.0,21,1,0,0.0,618,618,379.20000000000005,140.0,,1,0.0,0.0
13996,2,845.76,2,1,0,0.0,0.0,28,1,0,0.0,387,400,422.88,306.0,13.0,0,0.0,0.0
15515,1,171.81,1,1,0,0.0,0.0,7,1,0,0.0,388,388,171.81,131.0,,1,0.0,0.0
13893,1,821.1,1,1,0,0.0,0.0,21,1,0,0.0,298,298,821.1,190.0,,1,0.0,0.0
12752,1,4366.779999999999,1,1,1,4366.779999999999,0.0,53,0,0,0.0,82,82,4366.779999999999,2262.0,,1,0.0,8.38201014985595
15300,1,496.44000000000005,1,1,1,496.44000000000005,0.0,28,1,0,0.0,65,65,496.44000000000005,292.0,,1,0.0,6.2094749463104435
18120,1,111.14999999999998,1,1,0,0.0,0.0,17,1,0,0.0,215,215,111.14999999999998,31.0,,1,0.0,0.0
15327,1,208.74999999999997,1,1,1,208.74999999999997,0.0,10,1,0,0.0,53,53,208.74999999999997,116.0,,1,0.0,5.345916345347315
16467,7,2869.16,7,6,0,0.0,0.0,14,1,1,6.76,509,738,409.88,1054.857142857143,38.166666666666664,0,0.002350552171131325,0.0
13786,6,3127.9900000000002,6,5,0,0.0,0.0,80,1,1,15.0,368,737,521.3316666666667,252.5,73.8,0,0.00477252552505735,0.0
12970,10,1452.54,5,4,2,381.66999999999996,0.0,279,1,0,0.0,8,736,145.254,95.2,182.0,0,0.0,5.947172998974857
16485,5,2287.19,5,5,1,363.65000000000003,0.0,126,1,2,157.0,78,734,457.438,230.6,164.0,0,0.06423395889844898,5.898937989430242
14841,14,7163.0,14,10,2,920.19,593.7199999999999,196,1,0,0.0,54,738,511.64285714285717,297.42857142857144,52.61538461538461,0,0.0,0.4375756059326754
14080,5,1115.68,5,4,1,45.599999999999994,0.0,74,1,1,39.95,33,738,223.13600000000002,53.6,176.25,0,0.03456988828604311,3.8416005411316
14415,23,11980.09,23,21,4,2089.44,1040.26,445,1,9,176.46999999999997,2,724,520.8734782608695,272.30434782608694,32.81818181818182,0,0.014516442151398091,0.696943051840619
18097,11,4627.92,10,10,1,676.2,529.6400000000001,86,1,3,11.149999999999999,8,723,420.72,246.9090909090909,79.44444444444444,0,0.0024034989771656817,0.24388282504167957
17323,12,1547.64,12,11,3,375.57,239.88,167,1,2,12.08,16,699,128.97,118.5,62.09090909090909,0,0.0077449798681814685,0.44680506875970316
16200,12,5608.099999999999,9,8,1,518.3,550.57,361,1,1,13.5,5,738,467.34166666666664,255.66666666666666,91.625,0,0.0024014515440444004,-0.060287006352705674
17700,14,6679.969999999999,13,13,1,852.8100000000001,556.26,259,1,3,39.25,17,739,477.14071428571424,247.78571428571428,60.166666666666664,0,0.005841451835183251,0.42667676922818476
13542,17,3959.4900000000002,17,12,0,0.0,0.0,98,1,1,35.4,377,730,232.91117647058826,47.294117647058826,22.0625,0,0.008861320336730172,0.0
15279,5,1580.54,5,5,0,0.0,0.0,74,1,2,25.700000000000003,355,676,316.108,160.4,80.25,0,0.016000099611515092,0.0
16067,3,3269.1099999999997,3,3,0,0.0,0.0,60,1,3,369.1,563,676,1089.7033333333331,412.0,56.5,0,0.10145098826071064,0.0
16891,11,1727.94,11,10,2,226.64000000000004,298.53,335,1,0,0.0,2,736,157.08545454545455,59.27272727272727,73.4,0,0.0,-0.2744491457491156
14606,184,29648.750000000004,177,25,22,2567.24,2326.4300000000003,1259,1,66,735.5299999999999,2,737,161.13451086956525,82.58152173913044,4.176136363636363,0,0.024207583658391766,0.09845618487587071
15493,9,4113.19,8,8,2,666.46,367.50000000000006,288,1,2,34.55,33,655,457.02111111111105,133.88888888888889,88.85714285714286,0,0.008329837453649456,0.5940387517558001
14646,145,526751.52,91,25,30,101408.4,62151.7,960,0,7,3548.78,2,738,3632.769103448276,2531.5310344827585,8.177777777777777,0,0.006692019597198041,0.4895715287346576
16670,20,8030.150000000001,18,15,3,855.9300000000001,1291.75,258,1,13,243.48999999999998,17,730,401.50750000000005,226.7,41.94117647058823,0,0.029429610183667642,-0.41117077629461285
18166,1,175.5,1,1,0,0.0,0.0,10,1,0,0.0,624,624,175.5,90.0,,1,0.0,0.0
17576,41,8705.6,39,25,5,1298.5800000000002,568.81,416,1,4,171.15,9,737,212.33170731707318,111.51219512195122,19.157894736842106,0,0.01928070521305658,0.8244934423985999
16746,42,18045.05,41,22,6,2276.58,1531.9,389,1,4,34.55,5,736,429.6440476190476,283.2857142857143,18.275,0,0.0019109936060532312,0.3959521095800467
16456,13,6000.9400000000005,12,11,0,0.0,581.7600000000001,226,1,0,0.0,100,621,461.6107692307693,253.53846153846155,47.36363636363637,0,0.0,-6.367775437785795
14912,5,1849.58,4,4,1,385.06,0.0,43,0,1,19.799999999999997,17,591,369.916,363.6,191.33333333333334,0,0.010591746996330333,5.95599279779973
15253,8,2055.09,6,6,4,744.3499999999999,173.85,102,1,4,21.8,17,587,256.88625,198.5,114.0,0,0.010496463462195878,1.4499254432070545
17389,61,57215.33,53,20,9,22329.6,4376.54,63,1,14,2269.6499999999996,1,736,937.9562295081968,293.11475409836066,14.134615384615385,0,0.03815500988652933,1.6294710124013658
17442,15,4620.300000000001,14,12,1,326.87000000000006,1106.8600000000001,188,1,8,102.60000000000001,37,663,308.0200000000001,208.93333333333334,48.15384615384615,0,0.021723940799085302,-1.2175683171766112
14134,15,11123.35,11,9,0,0.0,0.0,130,1,0,0.0,383,730,741.5566666666667,387.6,34.7,0,0.0,0.0
16103,22,6191.71,21,15,2,273.24,351.14,111,1,5,188.95,8,701,281.44136363636363,119.95454545454545,34.65,0,0.029612924054878333,-0.2500251883888831
15183,3,639.9300000000001,3,2,0,0.0,0.0,33,1,1,2.9,548,585,213.31000000000003,99.0,18.5,0,0.004511301588289283,0.0
12909,8,3088.3399999999997,7,7,2,650.3,0.0,120,1,5,68.42,40,654,386.04249999999996,243.125,102.33333333333333,0,0.02167412156768332,6.478970365552356
17189,5,953.6300000000001,5,4,0,0.0,157.18,101,1,0,0.0,107,738,190.72600000000003,120.2,157.75,0,0.0,-5.063733625091271
13767,73,33903.57,59,23,9,7543.99,2435.08,117,1,23,422.75000000000006,3,739,464.43246575342465,199.93150684931507,12.689655172413794,0,0.012315622531049062,1.1304935768069848
17990,6,1527.6100000000001,6,5,0,0.0,0.0,40,1,1,5.04,237,733,254.6016666666667,129.5,99.2,0,0.0032884220141584835,0.0
17160,17,10209.16,17,14,1,516.85,1796.1100000000001,215,1,1,7.8,32,736,600.5388235294117,493.52941176470586,44.0,0,0.0007634364820846906,-1.2442494730082228
15483,10,810.68,6,6,0,0.0,114.31,215,1,0,0.0,162,685,81.068,87.1,104.6,0,0.0,-4.747624153783025
16391,4,1048.8600000000001,4,4,0,0.0,0.0,260,1,0,0.0,401,562,262.21500000000003,178.25,53.666666666666664,0,0.0,0.0
14058,2,469.19,2,2,0,0.0,0.0,23,1,0,0.0,463,531,234.595,105.5,68.0,0,0.0,0.0
14437,5,873.3399999999999,5,5,0,0.0,0.0,34,1,1,22.5,366,584,174.66799999999998,84.0,54.5,0,0.025116092159314166,0.0
16733,1,259.68,1,1,0,0.0,0.0,12,1,0,0.0,530,530,259.68,112.0,,1,0.0,0.0
15291,39,13472.76,38,17,3,983.2800000000001,704.01,115,1,13,395.32,26,737,345.4553846153846,125.74358974358974,19.216216216216218,0,0.028505748452561566,0.33369842231146585
16032,6,1965.72,6,3,0,0.0,0.0,130,1,0,0.0,457,524,327.62,244.5,13.4,0,0.0,0.0
16435,3,1003.07,2,1,0,0.0,0.0,119,1,0,0.0,513,515,334.3566666666667,202.66666666666666,2.0,0,0.0,0.0
12788,4,384.9,4,3,0,0.0,0.0,19,0,0,0.0,464,529,96.225,47.5,21.666666666666668,0,0.0,0.0
16170,20,6869.0,20,14,1,324.39,615.79,254,1,5,55.33,51,660,343.45,302.8,32.05263157894737,0,0.00799066480078217,-0.6395041465017073
14129,9,2591.3399999999997,8,8,2,397.63,367.33,40,1,0,0.0,2,580,287.9266666666666,157.11111111111111,82.57142857142857,0,0.0,0.0790543928994838
16101,4,3229.16,4,4,1,1290.7,0.0,153,1,3,61.739999999999995,71,562,807.29,461.0,163.66666666666666,0,0.018760825306147255,7.16371445923797
17107,10,16052.720000000001,9,9,3,4464.87,2215.25,377,1,3,457.34999999999997,34,678,1605.2720000000002,753.0,80.5,0,0.027701275645711978,0.7006474657658037
15039,93,39141.479999999996,83,24,9,1381.94,4408.31,562,1,14,288.44,10,730,420.876129032258,191.18279569892474,8.78048780487805,0,0.007315257043382284,-1.1595065468386014
12408,8,3905.7700000000004,7,7,1,679.5,1176.46,103,0,5,46.129999999999995,33,499,488.22125000000005,275.0,77.66666666666667,0,0.011672866216250409,-0.5482870329460408
14291,23,7904.1,14,13,4,1527.7099999999998,742.0799999999999,241,1,2,59.7,2,731,343.6565217391304,267.2173913043478,56.07692307692308,0,0.007496421306411512,0.7213758109682438
15167,5,1627.62,4,4,0,0.0,0.0,262,1,0,0.0,321,674,325.524,172.6,117.66666666666667,0,0.0,0.0
16723,4,1231.3600000000001,4,4,0,0.0,576.4,108,1,0,0.0,92,736,307.84000000000003,239.5,214.66666666666666,0,0.0,-6.358535267228834
13639,2,1346.27,2,2,1,1033.34,0.0,49,1,0,0.0,75,437,673.135,498.5,362.0,0,0.0,6.941518821134943
12946,1,324.45000000000005,1,1,0,0.0,0.0,20,1,0,0.0,437,437,324.45000000000005,149.0,,1,0.0,0.0
12926,4,1523.5900000000001,4,3,0,0.0,0.0,201,1,0,0.0,412,726,380.89750000000004,188.0,104.66666666666667,0,0.0,0.0
14296,2,456.4000000000001,2,2,0,0.0,0.0,27,1,1,7.95,422,575,228.20000000000005,157.0,153.0,0,0.01712070636373425,0.0
17676,10,2448.6400000000003,10,8,2,640.34,430.14,85,1,2,38.91,5,620,244.86400000000003,176.4,68.33333333333333,0,0.01564189664529356,0.397126874168622
13166,2,875.9300000000001,2,2,0,0.0,0.0,55,1,1,2.5,284,415,437.96500000000003,261.0,131.0,0,0.002845986589711189,0.0
12418,4,2021.2000000000003,4,4,0,0.0,668.58,90,0,1,4.25,113,631,505.30000000000007,272.0,172.66666666666666,0,0.002098299143400232,-6.506650650150935
17190,7,1724.73,5,5,1,249.74,0.0,159,1,1,195.0,59,645,246.39000000000001,316.2857142857143,146.5,0,0.10157678423528309,5.524416545687879
13331,1,262.4,1,1,0,0.0,0.0,12,1,0,0.0,402,402,262.4,54.0,,1,0.0,0.0
17210,1,251.72,1,1,0,0.0,0.0,47,1,0,0.0,393,393,251.72,242.0,,1,0.0,0.0
16817,13,2560.7,13,9,2,425.32,0.0,107,1,5,167.85000000000002,3,432,196.97692307692307,107.76923076923077,35.75,0,0.061516189917721883,6.055190237988527
15161,1,119.91999999999999,1,1,0,0.0,0.0,33,1,0,0.0,389,389,119.91999999999999,144.0,,1,0.0,0.0
15107,9,824.35,9,5,0,0.0,0.0,32,1,3,71.75,312,452,91.59444444444445,36.666666666666664,17.5,0,0.08006918870661757,0.0
16050,3,300.7,3,2,0,0.0,137.89999999999998,19,1,0,0.0,174,402,100.23333333333333,129.33333333333334,114.0,0,0.0,-4.933754249760298
14729,3,586.24,2,2,0,0.0,0.0,126,1,0,0.0,374,626,195.41333333333333,124.0,252.0,0,0.0,0.0
13305,16,3616.41,16,14,2,529.6099999999999,831.0,153,1,0,0.0,5,640,226.025625,139.25,42.333333333333336,0,0.0,-0.4498051527063973
17722,5,3520.22,5,5,0,0.0,323.15999999999997,163,1,2,43.4,97,376,704.044,482.4,69.75,0,0.012178627350839877,-5.7812372210603185
17095,7,2572.25,7,7,1,780.2,0.0,110,1,4,51.50000000000001,23,725,367.4642857142857,242.14285714285714,117.0,0,0.019628394473558842,6.660831199002524
15171,1,1289.5,1,1,0,0.0,0.0,5,1,1,254.99999999999997,332,332,1289.5,290.0,,1,0.16510197474910973,0.0
12727,10,4905.53,9,9,1,571.0,429.3,131,0,1,15.0,11,655,490.553,278.9,80.5,0,0.0030484520976398885,0.2846563515352436
13168,5,1840.7300000000002,5,5,1,346.53000000000003,0.0,127,1,1,9.05,37,543,368.1460000000001,179.6,126.5,0,0.004892473699575084,5.850850992213798
13110,12,2957.4700000000007,11,10,2,446.43,309.75000000000006,167,1,2,61.3,32,739,246.4558333333334,63.583333333333336,70.7,0,0.020306283685077028,0.36453137050748285
14411,1,1063.0,1,1,0,0.0,0.0,14,1,0,0.0,311,311,1063.0,196.0,,1,0.0,0.0
13581,2,280.53,2,2,0,0.0,0.0,32,1,0,0.0,310,415,140.265,59.5,105.0,0,0.0,0.0
14447,6,1711.73,5,5,3,562.2,0.0,81,1,0,0.0,19,401,285.28833333333336,152.16666666666666,95.5,0,0.0,6.3336348048438325
15681,14,2989.7000000000003,10,8,2,722.94,0.0,48,1,2,509.5,26,565,213.55,99.42857142857143,59.888888888888886,0,0.14560470964791952,6.5847085160233885
13871,17,7885.85,16,14,4,1790.6100000000001,2216.9100000000003,183,1,4,80.9,23,720,463.8735294117647,206.0,46.46666666666667,0,0.0101547054947124,-0.21345065406995278
15671,7,2657.13,7,5,2,684.24,939.7600000000001,52,1,3,21.64,19,271,379.59000000000003,242.71428571428572,42.0,0,0.008078334459472071,-0.31691891737142885
14041,1,141.40999999999997,1,1,0,0.0,0.0,21,1,0,0.0,267,267,141.40999999999997,94.0,,1,0.0,0.0
14245,2,1693.45,2,2,0,0.0,0.0,107,1,3,15.97,220,264,846.725,488.0,44.0,0,0.009342350036854605,0.0
13408,106,50174.77999999999,76,25,21,10280.360000000002,6331.769999999999,320,1,21,423.4200000000001,2,736,473.34698113207537,270.5,9.786666666666667,0,0.008368281875639849,0.4845948078226989
15373,17,3084.54,16,13,3,729.01,495.1500000000001,107,1,1,202.79999999999998,9,587,181.4435294117647,42.705882352941174,38.53333333333333,0,0.06169121538995053,0.38617993231849734
15777,7,1762.61,6,6,0,0.0,0.0,29,1,2,30.45,242,569,251.80142857142854,85.57142857142857,65.4,0,0.016982142259600905,0.0
17735,26,16790.33,25,17,3,2018.78,4970.08,391,1,3,82.35,3,498,645.7819230769231,410.88461538461536,20.625,0,0.004880671001879962,-0.900648525733617
16755,7,2864.68,7,7,0,0.0,566.96,219,1,3,18.55,115,731,409.23999999999995,283.57142857142856,102.66666666666667,0,0.006433756585496128,-6.342050993706157
15491,6,3100.09,5,5,0,0.0,1455.17,108,1,1,9.24,96,236,516.6816666666667,274.3333333333333,35.0,0,0.002971701298993674,-7.2835649801826765
13456,6,1766.7200000000003,6,5,3,911.6600000000001,647.4000000000001,43,1,1,28.9,18,208,294.4533333333334,127.5,38.0,0,0.016094719372695777,0.34185562269018543
13654,11,6307.999999999999,10,10,2,993.06,541.4300000000001,262,1,0,0.0,44,738,573.4545454545454,432.90909090909093,77.11111111111111,0,0.0,0.6057385221767175
13885,2,506.79999999999995,2,2,0,0.0,0.0,28,1,0,0.0,190,201,253.39999999999998,91.0,11.0,0,0.0,0.0
12597,4,3195.2199999999993,4,4,2,2074.4099999999994,0.0,183,0,1,128.08999999999997,20,269,798.8049999999998,553.5,83.0,0,0.0385428984957768,7.63791400350784
13750,11,3602.1800000000003,11,10,1,330.63000000000005,627.8299999999999,51,1,2,38.58,54,618,327.4709090909091,124.54545454545455,56.4,0,0.010596688603478394,-0.6398410602853213
12704,8,1740.8399999999997,7,5,5,839.9200000000001,900.92,63,0,0,0.0,8,170,217.60499999999996,123.875,27.0,0,0.0,-0.07002929373634004
16550,18,8807.68,18,15,0,0.0,872.6400000000001,273,1,11,256.76,109,738,489.3155555555556,300.1666666666667,37.0,0,0.02832607419763383,-6.77266839148821
17063,13,3638.53,10,10,3,789.2699999999999,352.50000000000006,150,1,10,61.64999999999999,22,739,279.8869230769231,146.07692307692307,79.66666666666667,0,0.016661351609921677,0.8044911738855403
14390,13,6150.03,11,8,5,3051.86,556.58,197,1,5,70.55,11,426,473.0792307692308,217.69230769230768,41.5,0,0.011341386172993516,1.7002281443515743
18073,12,3859.8200000000006,10,4,0,0.0,3355.5800000000004,23,1,1,13.08,115,198,321.6516666666667,258.5,9.222222222222221,0,0.003377314157349789,-8.118677877446032
16638,15,2380.13,14,10,1,129.78,339.50000000000006,130,1,1,4.25,23,479,158.67533333333333,108.46666666666667,35.07692307692308,0,0.0017824340080020802,-0.9568986034564375
18047,2,326.09,1,1,0,0.0,0.0,74,1,0,0.0,382,382,163.045,65.0,,1,0.0,0.0
17386,7,2812.77,5,5,1,989.0799999999999,1697.3400000000001,32,1,0,0.0,8,386,401.82428571428574,279.2857142857143,94.5,0,0.0,-0.5396208344534399
17073,4,1444.84,4,4,3,991.05,453.79,141,1,0,0.0,18,110,361.21,189.5,30.666666666666668,0,0.0,0.7799377352927266
14523,1,241.09000000000003,1,1,0,0.0,241.09000000000003,12,1,0,0.0,109,109,241.09000000000003,251.0,,1,0.0,-5.489309557845162
13862,9,2556.09,9,9,2,428.05999999999995,628.7900000000001,113,1,2,22.05,19,390,284.01,214.11111111111111,46.375,0,0.008552677511694477,-0.3837896611959817
14096,17,53258.42999999999,17,5,14,53054.53999999999,203.88999999999996,1118,1,0,0.0,5,102,3132.848823529411,960.9411764705883,6.0625,0,0.0,5.556621318613835
16796,1,305.62,1,1,1,305.62,0.0,18,1,0,0.0,90,90,305.62,186.0,,1,0.0,5.725609195882308
13134,6,2475.23,6,5,1,907.84,0.0,110,1,3,52.95,86,417,412.53833333333336,227.33333333333334,66.2,0,0.020943920132269065,6.812169061082803
15365,13,4557.13,7,6,5,1353.04,752.6700000000001,126,1,1,765.15,26,674,350.54846153846154,163.92307692307693,108.0,0,0.14376357500920658,0.5858933887115105
15571,14,3892.35,13,8,4,650.4300000000001,0.0,442,1,0,0.0,12,734,278.025,172.21428571428572,60.166666666666664,0,0.0,6.47916994643317
17490,9,2750.5,8,6,6,1787.12,305.2,93,1,4,155.49,1,570,305.6111111111111,170.11111111111111,81.28571428571429,0,0.05350672232182493,1.7646815843517851
16115,12,2553.8,12,12,3,736.29,273.02000000000004,230,1,0,0.0,10,575,212.8166666666667,132.41666666666666,51.36363636363637,0,0.0,0.989780205478529
15050,5,4087.1899999999996,4,4,3,1737.69,0.0,116,1,2,54.919999999999995,26,481,817.4379999999999,520.0,151.66666666666666,0,0.013258942905910273,7.460887235093727
16393,23,5297.77,23,17,4,1278.9900000000002,792.43,313,1,7,105.16000000000001,3,739,230.33782608695654,130.47826086956522,33.45454545454545,0,0.01946351331592303,0.47824222506919334
15807,5,1817.52,4,4,3,903.9,0.0,85,1,1,9.95,51,667,363.504,306.4,205.33333333333334,0,0.005444685822475881,6.807824440357088
17432,9,1728.99,7,6,2,365.76,0.0,213,1,0,0.0,19,737,192.11,112.0,119.66666666666667,0,0.0,5.9047076831817
15605,9,1741.95,9,8,2,508.05,0.0,80,1,1,3.4,37,695,193.55,71.22222222222223,82.25,0,0.0019480333457472711,6.232546243553204
17937,7,4301.22,7,6,2,686.7,287.04,19,1,0,0.0,9,363,614.46,250.57142857142858,59.0,0,0.0,0.8702533369451242
15556,1,279.77000000000004,1,1,1,279.77000000000004,0.0,31,1,0,0.0,25,25,279.77000000000004,236.0,,1,0.0,5.637535828837275
16855,2,328.4,2,2,2,328.4,0.0,19,1,0,0.0,24,44,164.2,82.0,20.0,0,0.0,5.79727281774354
14482,12,4306.719999999999,10,7,4,1556.8600000000001,227.85,185,1,2,165.66,19,471,358.89333333333326,239.08333333333334,50.22222222222222,0,0.03704068080082641,1.9180015965001749
15525,4,887.72,4,4,2,456.94,0.0,151,1,1,14.899999999999999,3,383,221.93,131.25,126.66666666666667,0,0.016507500387760075,6.1267381711655515
15793,8,2399.57,8,8,2,658.97,0.0,12,1,1,16.65,15,739,299.94625,210.625,103.42857142857143,0,0.006890928806151757,6.492194379441927
17019,11,3586.99,10,9,1,262.15000000000003,0.0,343,1,2,60.7,12,738,326.09,217.27272727272728,80.66666666666667,0,0.016640668477858594,5.572724211799788
12963,12,3235.79,11,8,7,1490.8300000000002,0.0,129,1,1,73.20000000000002,9,520,269.64916666666664,136.41666666666666,51.1,0,0.022121553706720185,7.307758833253168
17593,11,8092.32,11,9,1,678.1999999999999,2582.76,311,1,4,51.800000000000004,4,736,735.6654545454545,508.6363636363636,73.2,0,0.006360417086192247,-1.336085346334844
12720,29,6905.28,25,16,8,1839.89,1258.07,261,0,10,194.79000000000002,3,507,238.11310344827587,205.82758620689654,21.0,0,0.027434940782273983,0.3798757971311426
14577,7,1364.15,7,7,1,213.07000000000002,178.63,104,1,0,0.0,13,729,194.87857142857143,81.28571428571429,119.33333333333333,0,0.0,0.17540388455838762
14980,1,150.68,1,1,0,0.0,0.0,24,1,0,0.0,738,738,150.68,79.0,,1,0.0,0.0
13202,7,1580.3000000000002,7,7,0,0.0,0.0,55,1,1,8.95,395,731,225.7571428571429,81.71428571428571,56.0,0,0.0056315872266792496,0.0
15841,9,2742.41,9,7,2,610.8000000000001,0.0,60,1,3,25.909999999999997,73,730,304.7122222222222,265.6666666666667,82.125,0,0.009359467113628481,6.416405431716803
12956,4,521.89,4,3,0,0.0,0.0,42,1,0,0.0,307,725,130.4725,85.0,139.33333333333334,0,0.0,0.0
12989,33,13551.75,28,20,7,2454.97,1141.2,50,1,6,704.95,4,730,410.65909090909093,210.15151515151516,26.88888888888889,0,0.04944692670814424,0.765565567977954
16137,1,422.70000000000005,1,1,0,0.0,0.0,28,1,0,0.0,681,681,422.70000000000005,210.0,,1,0.0,0.0
15874,21,11284.759999999998,16,14,1,2198.13,44.95,262,1,4,149.76,64,702,537.3695238095237,242.95238095238096,42.53333333333333,0,0.01309718291629207,3.8682632577864875
16948,7,868.77,7,7,0,0.0,194.48000000000002,20,1,0,0.0,139,657,124.11,298.7142857142857,86.33333333333333,0,0.0,-5.275458072401954
15266,5,852.21,5,4,0,0.0,0.0,38,1,0,0.0,339,702,170.442,47.2,90.75,0,0.0,0.0
15943,2,271.28999999999996,2,2,0,0.0,0.0,12,1,0,0.0,650,678,135.64499999999998,91.5,28.0,0,0.0,0.0
16859,7,1932.41,6,6,0,0.0,487.97,87,1,3,274.67,145,646,276.05857142857144,271.2857142857143,100.2,0,0.12444949888540516,-6.192301137899651
16329,4,1664.92,4,4,0,0.0,0.0,83,1,0,0.0,428,739,416.23,199.25,103.66666666666667,0,0.0,0.0
17542,3,340.85,2,2,0,0.0,0.0,57,1,0,0.0,270,642,113.61666666666667,107.66666666666667,372.0,0,0.0,0.0
12514,2,1597.76,2,2,0,0.0,0.0,76,0,0,0.0,268,642,798.88,420.0,374.0,0,0.0,0.0
13141,17,7656.08,15,12,1,987.7200000000001,0.0,285,1,4,131.95,85,731,450.35764705882355,303.47058823529414,46.142857142857146,0,0.01694266714432276,6.89641117728148
17594,4,2497.88,4,4,1,678.18,0.0,70,1,0,0.0,86,605,624.47,342.0,173.0,0,0.0,6.520886188156045
16631,7,1892.52,6,6,0,0.0,0.0,46,1,1,25.5,482,652,270.36,110.71428571428571,34.0,0,0.013294960427941314,0.0
17511,60,172132.87,51,25,10,31686.63,23625.350000000002,657,1,24,3628.4300000000003,3,738,2868.8811666666666,1952.9,14.7,0,0.020644078076345593,0.29356376930273065
17382,8,902.2800000000001,7,5,1,65.4,0.0,16,1,0,0.0,66,570,112.78500000000001,57.125,84.0,0,0.0,4.1956970564823886
17311,6,3566.56,6,6,1,828.39,0.0,124,1,1,75.9,79,675,594.4266666666666,459.1666666666667,119.2,0,0.02083756582090126,6.720690490830987
14388,16,6388.200000000001,16,15,2,935.07,1104.58,184,1,4,98.25,11,689,399.26250000000005,261.875,45.2,0,0.015146960201651133,-0.16643510311872678
14114,7,1364.0900000000001,7,7,0,0.0,0.0,72,1,0,0.0,274,607,194.87000000000003,92.85714285714286,55.5,0,0.0,0.0
13634,15,4988.08,14,11,2,791.39,158.35999999999999,267,1,1,553.9200000000001,34,699,332.53866666666664,139.0,51.15384615384615,0,0.09994947672320463,1.6038879010195313
14790,10,2526.62,10,8,2,381.02,211.88,65,1,0,0.0,17,729,252.66199999999998,264.2,79.11111111111111,0,0.0,0.5847443365875558
15852,3,257.26,3,3,0,0.0,0.0,31,1,0,0.0,187,527,85.75333333333333,20.0,170.0,0,0.0,0.0
14258,25,32051.339999999997,22,19,2,3283.66,1778.5,97,1,7,1023.9900000000001,10,736,1282.0536,699.52,34.57142857142857,0,0.030959328296951243,0.6129307198508558
14855,7,6520.299999999999,5,5,0,0.0,645.6499999999999,168,1,0,0.0,120,611,931.4714285714284,501.42857142857144,122.75,0,0.0,-6.471805189861253
18245,20,6324.9800000000005,15,12,1,894.25,366.52,336,1,3,88.75,8,642,316.249,254.9,45.285714285714285,0,0.013837501734560076,0.8903252699377546
14283,4,628.44,4,4,0,0.0,0.0,36,1,0,0.0,464,570,157.11,137.5,35.333333333333336,0,0.0,0.0
15666,2,632.9399999999999,2,1,0,0.0,0.0,62,1,0,0.0,473,496,316.46999999999997,234.5,23.0,0,0.0,0.0
16396,1,137.8,1,1,0,0.0,0.0,8,1,2,35.1,477,477,137.8,80.0,,1,0.20300751879699247,0.0
13579,5,1374.3400000000001,5,5,1,302.34,0.0,72,1,1,3.2,15,660,274.86800000000005,143.6,161.25,0,0.0023229815468153374,5.7148542886232505
18251,9,26278.86,8,6,1,4314.719999999999,0.0,87,1,0,0.0,88,718,2919.8733333333334,4404.333333333333,90.0,0,0.0,8.370019449389407
16362,6,922.16,4,4,2,349.34000000000003,360.6499999999999,67,1,5,105.19999999999999,33,438,153.69333333333333,77.83333333333333,135.0,0,0.10239838031459274,-0.031772781771787884
16992,13,5476.5,13,10,2,641.96,301.2,212,1,2,16.4,11,667,421.2692307692308,158.53846153846155,54.666666666666664,0,0.0029856724134792187,0.7549934640658238
14829,7,1455.87,6,5,1,165.92,0.0,77,1,2,52.9,30,437,207.98142857142855,136.71428571428572,81.4,0,0.03506167275330236,5.117514655723352
12511,1,3084.02,1,1,0,0.0,0.0,190,0,1,18.25,429,429,3084.02,1753.0,,1,0.005882789054466568,0.0
13565,3,414.79999999999995,3,3,1,130.04,0.0,45,1,0,0.0,20,412,138.26666666666665,86.66666666666667,196.0,0,0.0,4.8755026201047595
17034,5,1276.4199999999998,5,5,2,603.72,0.0,49,1,2,44.6,17,514,255.28399999999996,138.8,124.25,0,0.03376179013186781,6.404765540983921
15501,2,399.95000000000005,2,1,0,0.0,0.0,64,1,0,0.0,405,416,199.97500000000002,102.5,11.0,0,0.0,0.0
13037,12,3914.9500000000003,11,11,0,0.0,303.75,181,1,4,72.4,139,737,326.24583333333334,177.5,59.8,0,0.018157422849762375,-5.719491768361381
14776,15,3708.2999999999997,13,10,3,676.0800000000002,787.6199999999999,68,1,4,369.28000000000003,52,447,247.21999999999997,310.53333333333336,32.916666666666664,0,0.09056352051952385,-0.15249514820098398
13875,14,4814.37,13,13,1,361.99,356.92,159,1,0,0.0,54,723,343.88357142857143,219.42857142857142,55.75,0,0.0,0.014065787934205431
18160,3,1003.8799999999999,3,3,1,319.50999999999993,0.0,56,1,0,0.0,58,387,334.6266666666666,173.0,164.5,0,0.0,5.769913477122025
12880,2,640.1300000000001,2,2,0,0.0,0.0,32,1,0,0.0,382,575,320.06500000000005,139.5,193.0,0,0.0,0.0
13145,7,1128.52,7,7,1,118.80000000000001,204.72000000000003,5,1,1,3.75,40,600,161.21714285714285,37.857142857142854,93.33333333333333,0,0.003311930899873705,-0.5406923352253665
17097,9,1143.3600000000001,8,6,2,314.89,351.89,182,0,1,16.5,3,431,127.04000000000002,64.66666666666667,61.142857142857146,0,0.014225854844550202,-0.11076234192068046
15454,2,303.89,2,2,0,0.0,0.0,34,1,0,0.0,363,619,151.945,70.5,256.0,0,0.0,0.0
17580,5,538.07,5,5,0,0.0,0.0,77,1,0,0.0,253,423,107.614,44.4,42.5,0,0.0,0.0
16449,2,707.69,2,2,0,0.0,0.0,40,1,1,33.0,198,281,353.845,183.5,83.0,0,0.044553051884054055,0.0
16040,7,2416.9,7,7,1,437.37,453.74999999999994,95,1,1,33.2,66,610,345.2714285714286,169.28571428571428,90.66666666666667,0,0.01355046732786417,-0.03668451476284407
17139,25,19566.760000000002,18,16,5,3798.9500000000003,2145.92,447,1,4,92.85000000000001,16,698,782.6704000000001,394.12,40.11764705882353,0,0.0047228810744465435,0.5709536518434417
14573,13,2163.12,11,7,0,0.0,116.75999999999999,183,1,4,49.7,180,701,166.39384615384614,52.53846153846154,52.1,0,0.022460028380076106,-4.7686486549805664
17783,3,376.96000000000004,3,3,1,171.06,0.0,91,1,0,0.0,73,513,125.65333333333335,146.0,220.0,0,0.0,5.147843253193202
17574,1,185.64999999999998,1,1,0,0.0,0.0,8,1,0,0.0,243,243,185.64999999999998,77.0,,1,0.0,0.0
16678,12,3109.99,12,8,4,972.6899999999998,870.6500000000001,92,1,3,84.75,3,283,259.1658333333333,199.75,25.454545454545453,0,0.026527980367729458,0.1107050106390206
17809,20,10085.89,17,14,4,2555.2,206.01,59,1,3,71.31,17,738,504.29449999999997,149.75,45.0625,0,0.007020635608238492,2.513509958420351
17516,6,947.5,5,5,1,159.23000000000002,153.64000000000001,150,1,0,0.0,16,379,157.91666666666666,87.0,90.75,0,0.0,0.03551044811971327
12355,2,947.6099999999999,2,2,0,0.0,0.0,35,0,0,0.0,215,568,473.80499999999995,271.5,353.0,0,0.0,0.0
14367,16,9227.82,13,9,6,3808.12,1302.9300000000003,270,1,3,93.7,9,277,576.73875,276.625,22.333333333333332,0,0.010052008685278795,1.0720154102500707
16116,1,612.78,1,1,0,0.0,0.0,34,1,1,19.9,212,212,612.78,248.0,,1,0.031453499399380414,0.0
15333,1,1028.56,1,1,0,0.0,0.0,16,1,0,0.0,209,209,1028.56,344.0,,1,0.0,0.0
13192,6,2558.58,5,5,0,0.0,447.62000000000006,135,1,2,14.05,96,687,426.43,271.5,147.75,0,0.005461337230771622,-6.10617620423988
14561,3,1080.76,3,2,1,513.77,344.91999999999996,67,1,0,0.0,76,185,360.25333333333333,338.0,54.5,0,0.0,0.39751266451479594
12697,3,757.5899999999999,3,3,1,183.67999999999998,573.91,36,0,2,18.57,29,170,252.52999999999997,167.66666666666666,70.5,0,0.02392547928262214,-1.135588909168626
15578,1,127.10000000000001,1,1,0,0.0,127.10000000000001,13,1,0,0.0,163,163,127.10000000000001,52.0,,1,0.0,-4.852811208902689
17984,5,1148.69,5,4,0,0.0,152.68,208,1,0,0.0,146,739,229.738,187.6,148.25,0,0.0,-5.034872518460301
16364,2,705.79,2,2,1,359.49,346.29999999999995,48,1,0,0.0,12,138,352.895,139.5,126.0,0,0.0,0.037275257339195456
17513,3,1158.8000000000002,3,3,1,513.2,0.0,18,1,0,0.0,73,480,386.2666666666667,146.66666666666666,203.5,0,0.0,6.2426122948317895
12643,11,7803.820000000001,10,9,0,0.0,1299.72,13,0,2,469.52,129,612,709.4381818181819,422.0,53.666666666666664,0,0.05675096152219055,-7.1706732362873
16757,2,270.48,2,2,0,0.0,0.0,13,1,0,0.0,319,410,135.24,90.0,91.0,0,0.0,0.0
12584,9,2254.15,9,8,5,1555.56,159.85,43,0,9,444.2,4,281,250.4611111111111,45.888888888888886,34.625,0,0.16461911909129653,2.2697612834780854
14414,8,2399.33,8,5,0,0.0,1279.78,99,1,1,11.850000000000001,92,375,299.91625,359.625,40.42857142857143,0,0.0049146061264609036,-7.155224546320111
14116,5,1382.7399999999998,5,4,3,753.8699999999999,628.87,61,1,0,0.0,20,122,276.54799999999994,141.4,25.5,0,0.0,0.18103210010664572
13888,7,2001.5900000000001,5,5,0,0.0,366.11,124,1,0,0.0,120,576,285.9414285714286,113.57142857142857,114.0,0,0.0,-5.905661530665687
15152,14,5263.830000000001,14,7,7,2362.48,1627.1100000000001,214,1,3,61.449999999999996,10,702,375.9878571428572,213.85714285714286,53.23076923076923,0,0.011539299342006428,0.37271527632336454
13273,1,138.98,1,1,0,0.0,138.98,16,1,0,0.0,114,114,138.98,153.0,,1,0.0,-4.941499555261394
12627,6,4082.5300000000007,6,5,2,1588.7,2493.8300000000004,161,0,0,0.0,11,141,680.4216666666667,455.0,26.0,0,0.0,-0.45067527142486696
12610,4,1747.54,4,3,2,643.29,1104.25,84,0,2,41.55,23,127,436.885,259.75,34.666666666666664,0,0.02322409716671604,-0.539677897402365
17656,5,1674.6900000000003,5,2,2,747.0400000000001,927.6500000000001,67,1,0,0.0,74,129,334.93800000000005,279.8,13.75,0,0.0,-0.21627546615283144
18261,2,324.24,2,2,1,99.44,224.8,19,1,0,0.0,44,96,162.12,73.0,52.0,0,0.0,-0.8100891174261777
12490,20,8764.64,20,17,4,1649.34,2140.8700000000003,194,0,1,5.0,6,739,438.23199999999997,292.45,38.578947368421055,0,0.0005701488316510143,-0.26069795194976386
13321,2,567.3599999999999,2,1,2,567.3599999999999,0.0,10,1,0,0.0,73,87,283.67999999999995,186.0,14.0,0,0.0,6.342755020769874
13792,3,383.95000000000005,3,3,1,120.95,0.0,23,1,0,0.0,67,423,127.98333333333335,52.0,178.0,0,0.0,4.80361112466193
12594,14,4890.110000000001,14,14,2,808.32,721.9499999999999,77,0,1,27.599999999999998,38,647,349.29357142857145,197.21428571428572,46.84615384615385,0,0.005612368358443257,0.11285432543685925
16851,3,342.45000000000005,3,2,3,342.45000000000005,0.0,17,1,0,0.0,5,52,114.15000000000002,90.33333333333333,23.5,0,0.0,5.839041540659891
17481,4,1255.5900000000001,4,3,3,994.9599999999999,260.62999999999994,69,1,1,6.25,4,94,313.89750000000004,265.25,30.0,0,0.004953084384708045,1.336775804228564
15153,1,329.25,1,1,1,329.25,0.0,22,1,0,0.0,32,32,329.25,198.0,,1,0.0,5.799849943402434
13692,5,3114.3999999999996,5,4,1,616.7399999999999,0.0,83,1,2,91.45,25,421,622.8799999999999,420.2,99.0,0,0.028525975950216016,6.426067656959468
14984,6,1260.51,5,5,1,100.14,0.0,48,1,0,0.0,20,698,210.085,58.0,169.5,0,0.0,4.616505695651837
13838,10,1690.07,6,5,1,207.28000000000003,236.87999999999997,328,1,0,0.0,6,580,169.007,69.4,114.8,0,0.0,-0.13288301654369494
12782,11,3862.24,11,9,1,224.24999999999997,403.72,141,0,3,92.2,5,520,351.1127272727272,180.9090909090909,51.5,0,0.023315564277116358,-0.5859845734952343
15918,3,582.88,3,3,0,0.0,0.0,49,1,0,0.0,191,632,194.29333333333332,80.0,220.5,0,0.0,0.0
13890,14,2927.38,13,9,8,1382.6999999999998,310.76,100,1,8,68.65000000000002,2,734,209.09857142857143,99.42857142857143,61.0,0,0.02291365573775964,1.4902826886448848
13009,1,234.0,1,1,0,0.0,0.0,4,1,0,0.0,673,673,234.0,120.0,,1,0.0,0.0
17519,15,4774.17,15,15,1,356.02000000000004,532.4,142,1,1,4.949999999999999,18,739,318.278,215.33333333333334,51.5,0,0.0010357555365841408,-0.40147980912850834
14734,4,1056.42,4,4,0,0.0,0.0,48,1,1,10.95,426,552,264.105,94.5,42.0,0,0.010258860563815732,0.0
16705,42,43515.05,26,19,10,4254.64,3171.8599999999997,399,1,19,861.91,1,731,1036.0726190476191,530.9761904761905,29.2,0,0.019422466072484455,0.2936117726496512
15100,7,2193.9,7,4,0,0.0,0.0,11,1,7,443.7999999999999,334,702,313.4142857142857,38.57142857142857,61.333333333333336,0,0.16825264434924364,0.0
17214,6,1059.1200000000001,6,5,2,447.15,0.0,79,1,1,85.0,61,360,176.52,45.333333333333336,59.8,0,0.07429290633849596,6.105127997803371
15062,8,2585.6200000000003,8,7,1,173.82,0.0,98,1,0,0.0,72,611,323.20250000000004,234.0,77.0,0,0.0,5.163756873152342
12654,5,529.98,4,3,2,228.23,0.0,30,0,0,0.0,11,296,105.99600000000001,52.0,95.0,0,0.0,5.434725866327585
14916,8,3042.95,8,6,1,301.21999999999997,672.71,113,1,3,154.74,71,618,380.36875,301.875,78.14285714285714,0,0.04839118238478402,-0.8016445222729454
14002,2,529.73,2,1,0,0.0,529.73,47,1,0,0.0,135,157,264.865,438.5,22.0,0,0.0,-6.274253417348632
12977,4,513.88,3,2,0,0.0,39.24,54,1,0,0.0,157,512,128.47,32.0,177.5,0,0.0,-3.6948615257914836
16565,4,773.05,4,4,0,0.0,0.0,7,1,1,72.6,365,556,193.2625,52.75,63.666666666666664,0,0.0858511204398983,0.0
13826,1,189.5,1,1,0,0.0,189.5,10,1,1,9.95,177,177,189.5,82.0,,1,0.04988718977187265,-5.249652194566756
13791,2,1516.0,2,2,0,0.0,1516.0,7,1,1,468.32000000000005,128,169,758.0,600.0,41.0,0,0.2360103209159813,-7.324489979348532
13657,2,382.14,2,2,1,229.79999999999998,0.0,16,1,0,0.0,11,202,191.07,104.5,191.0,0,0.0,5.441551534633945
15769,46,88612.51999999999,40,25,7,14389.0,13974.0,26,1,3,4429.0,8,729,1926.3591304347824,1066.695652173913,18.487179487179485,0,0.0476024037440489,0.029263501858114438
13433,4,658.32,4,3,0,0.0,0.0,22,1,1,1.45,502,697,164.58,47.5,65.0,0,0.002197735574518392,0.0
13911,20,4234.99,19,12,1,143.28,733.7199999999999,178,1,2,34.949999999999996,58,649,211.74949999999998,224.35,32.833333333333336,0,0.008185126723092127,-1.6277336182157534
18084,3,795.23,3,2,1,90.47999999999999,0.0,7,1,2,619.2,17,389,265.07666666666665,251.66666666666666,186.0,0,0.4377735200752247,4.516120369154581
17708,4,884.18,4,4,0,0.0,0.0,57,1,0,0.0,188,424,221.045,96.75,78.66666666666667,0,0.0,0.0
13131,7,3313.77,6,6,2,748.4000000000001,0.0,107,1,1,34.0,24,669,473.3957142857143,217.57142857142858,129.0,0,0.010156014302057788,6.619272886359587
12455,9,5722.95,9,9,1,262.5,157.06,198,0,0,0.0,74,722,635.8833333333333,366.1111111111111,81.0,0,0.0,0.5110786602045874
14214,5,1004.38,5,5,2,105.22,260.51000000000005,64,1,2,4.15,31,278,200.876,150.2,61.75,0,0.004114899903820413,-0.9009601086973413
13211,10,2618.77,9,8,1,310.78,673.9399999999999,98,1,2,22.45,11,734,261.877,184.5,90.375,0,0.00849985991322192,-0.7723259871482551
17572,10,652.21,10,8,1,30.75,43.8,14,1,0,0.0,72,725,65.221,32.7,72.55555555555556,0,0.0,-0.34431541408223865
14034,3,648.89,2,2,1,174.97999999999996,473.91,82,1,1,139.8,23,158,216.29666666666665,140.0,135.0,0,0.17725595607906783,-0.9927549601806103
16586,3,1462.78,3,3,0,0.0,0.0,27,1,0,0.0,249,636,487.5933333333333,116.0,193.5,0,0.0,0.0
14430,3,1220.9,2,2,0,0.0,0.0,29,1,2,228.8,512,608,406.9666666666667,148.66666666666666,96.0,0,0.1578257570531834,0.0
14794,10,1953.8999999999999,10,8,3,640.37,0.0,85,1,3,64.75,3,488,195.39,78.3,53.888888888888886,0,0.03207589230426275,6.463606513480427
18252,7,1533.69,7,6,1,448.37,69.9,125,1,1,76.5,51,722,219.09857142857143,133.14285714285714,111.83333333333333,0,0.04750992118942485,1.8465761683106559
18217,4,945.0400000000002,4,3,2,621.7500000000001,0.0,33,1,2,42.239999999999995,30,527,236.26000000000005,185.0,165.66666666666666,0,0.042784215217567444,6.43414515414229
16293,15,4279.2,10,10,4,794.66,324.59000000000003,168,1,4,25.75,22,729,285.28,122.2,78.55555555555556,0,0.005981486428413803,0.8935330377915287
17461,3,735.82,2,1,3,735.82,0.0,104,1,0,0.0,23,30,245.27333333333334,256.6666666666667,7.0,0,0.0,6.602343628980947
15468,3,1430.48,2,2,2,467.51000000000005,0.0,80,1,4,43.0,52,393,476.82666666666665,466.6666666666667,341.0,0,0.02918261530526373,6.149557446167864
15317,1,129.75,1,1,0,0.0,0.0,5,1,1,17.700000000000003,678,678,129.75,45.0,,1,0.12004069175991865,0.0
15838,34,73205.5,29,18,7,19489.58,5944.62,61,1,3,466.57,12,725,2153.1029411764707,1885.7058823529412,25.464285714285715,0,0.006333064891484655,1.1872764579036303
15144,29,12160.310000000001,24,17,7,3019.6000000000004,1865.8200000000002,199,1,4,153.8,9,727,419.32103448275865,181.06896551724137,31.217391304347824,0,0.01248973738256358,0.48121903859350734
14373,1,76.55,1,1,0,0.0,0.0,4,1,0,0.0,359,359,76.55,17.0,,1,0.0,0.0
16286,2,328.95,2,2,0,0.0,0.0,17,1,2,65.30000000000001,478,624,164.475,50.5,146.0,0,0.16563094483195945,0.0
16321,7,604.55,5,5,2,150.0,0.0,15,0,3,339.05,73,739,86.36428571428571,37.0,166.5,0,0.3593153878762188,5.017279836814924
15284,1,24.75,1,1,0,0.0,0.0,1,1,0,0.0,501,501,24.75,5.0,,1,0.0,0.0
17396,13,8391.6,10,5,2,2529.0,4386.3,28,1,2,232.5,40,442,645.5076923076923,177.84615384615384,44.666666666666664,0,0.026959334887118654,-0.5504947009679872
13485,11,3015.2200000000003,9,7,0,0.0,0.0,130,1,4,61.300000000000004,234,737,274.1109090909091,163.36363636363637,62.875,0,0.019925110189434814,0.0
14147,9,2590.2,7,6,1,300.6,0.0,24,1,3,570.9,79,641,287.79999999999995,110.55555555555556,93.66666666666667,0,0.18060168928537534,5.709101636133801
12722,4,979.63,4,3,1,49.980000000000004,929.65,49,0,2,93.3,86,151,244.9075,141.25,21.666666666666668,0,0.08695814265609125,-2.9044498677963726
16156,20,6188.180000000001,18,16,4,1676.8700000000003,384.59999999999997,199,1,6,257.16999999999996,9,738,309.40900000000005,160.25,42.88235294117647,0,0.03990008300557765,1.4704798481071997
13003,3,149.05,3,3,0,0.0,90.0,4,1,0,0.0,106,215,49.68333333333334,34.333333333333336,54.5,0,0.0,-4.51085950651685
13394,19,6621.7,19,18,3,976.57,608.12,254,1,4,292.32,2,739,348.5105263157895,281.7894736842105,40.94444444444444,0,0.04227931073384225,0.473054607914567
16727,4,1377.77,4,4,0,0.0,0.0,158,1,0,0.0,365,689,344.4425,266.5,108.0,0,0.0,0.0
15125,24,17024.87,15,13,3,733.0,3484.76,151,1,12,900.5400000000001,26,619,709.3695833333333,351.375,42.357142857142854,0,0.050238181441874974,-1.5579323482795662
13983,21,6753.889999999999,19,17,4,922.37,0.0,238,1,9,115.03999999999999,30,731,321.6138095238095,186.9047619047619,38.94444444444444,0,0.01674787776262096,6.828030020916142
12378,2,5416.32,2,2,0,0.0,4008.62,281,0,0,0.0,130,563,2708.16,1658.0,433.0,0,0.0,-8.29645175271804
13874,7,2049.15,7,6,0,0.0,0.0,46,1,3,59.95,359,674,292.7357142857143,123.42857142857143,52.5,0,0.028424446446351528,0.0
17050,10,4348.459999999999,10,9,0,0.0,568.25,192,1,0,0.0,97,683,434.8459999999999,243.1,65.11111111111111,0,0.0,-6.344319704943849
15362,2,613.0799999999999,2,2,0,0.0,0.0,38,1,0,0.0,449,739,306.53999999999996,184.0,290.0,0,0.0,0.0
15638,6,2265.2,5,4,0,0.0,0.0,20,1,3,128.0,379,611,377.5333333333333,189.0,58.0,0,0.05348487380912586,0.0
13873,8,1038.9199999999998,8,7,0,0.0,159.2,55,1,1,7.9,120,647,129.86499999999998,59.0,75.28571428571429,0,0.007546665138228158,-5.076423034634259
16054,4,2111.88,4,4,0,0.0,783.9000000000001,109,1,3,21.2,146,618,527.97,197.75,157.33333333333334,0,0.00993868021827592,-6.665556321132768
13941,15,10027.18,14,12,2,2281.7,712.3,42,1,2,200.55,22,724,668.4786666666666,318.8,54.0,0,0.019608456617450795,1.1632121425665938
17672,6,5663.74,5,5,1,2000.33,0.0,178,1,2,71.55,51,642,943.9566666666666,459.5,147.75,0,0.012475393572077435,7.60156723852756
15900,4,886.5699999999999,4,3,1,337.28000000000003,0.0,100,1,1,9.9,24,563,221.64249999999998,164.0,179.66666666666666,0,0.011043314332883422,5.8238739549140215
16863,3,834.27,3,3,1,338.54999999999995,0.0,43,1,2,21.45,32,410,278.09,213.33333333333334,189.0,0,0.025066610573552094,5.8276212115598005
15458,2,370.43999999999994,2,2,1,161.64,0.0,13,1,0,0.0,26,403,185.21999999999997,150.0,377.0,0,0.0,5.091539169320091
12497,3,5996.5,3,3,1,953.1,0.0,40,0,0,0.0,82,645,1998.8333333333333,1890.3333333333333,281.5,0,0.0,6.860768487757801
14001,9,4228.849999999999,8,7,1,733.9399999999999,0.0,60,1,0,0.0,46,494,469.87222222222215,197.66666666666666,64.0,0,0.0,6.599788863227649
17882,2,291.56000000000006,1,1,0,0.0,0.0,47,1,0,0.0,380,380,145.78000000000003,65.0,,1,0.0,0.0
13304,4,1217.99,4,4,0,0.0,0.0,59,1,3,97.2,352,670,304.4975,179.0,106.0,0,0.07390567142390073,0.0
14462,12,2237.81,10,10,2,469.92,393.38,181,1,3,33.12,67,433,186.48416666666665,88.41666666666667,40.666666666666664,0,0.014584333290766338,0.17737331670645595
13121,1,283.72999999999996,1,1,0,0.0,0.0,50,1,1,29.0,270,270,283.72999999999996,252.0,,1,0.09273174943241776,0.0
14154,8,6460.700000000001,6,5,0,0.0,0.0,236,1,2,197.1,240,696,807.5875000000001,402.75,91.2,0,0.02960437381717684,0.0
16676,6,2361.9,6,6,1,493.62,0.0,106,1,1,33.4,34,419,393.65000000000003,154.5,77.0,0,0.013943973614996032,6.2037897909863124
16940,8,6427.660000000002,8,8,1,1181.52,1110.6800000000003,360,1,3,182.25,53,732,803.4575000000002,562.875,97.0,0,0.027572236233171094,0.06177536992961308
14535,9,5961.89,9,9,1,1202.0300000000002,799.9399999999998,588,1,2,158.1,61,654,662.4322222222222,354.1111111111111,74.125,0,0.02583337554473128,0.4068126154239051
14842,4,2824.6899999999996,4,4,1,923.17,213.04000000000002,128,1,4,367.89,44,309,706.1724999999999,291.5,88.33333333333333,0,0.11523282110393476,1.4627331239598238
12674,4,1844.6000000000004,4,4,1,532.6,761.26,51,0,3,48.34,39,208,461.1500000000001,281.5,56.333333333333336,0,0.025536995361712465,-0.3566412102363241
15399,3,815.7700000000001,3,3,3,815.7700000000001,0.0,45,1,0,0.0,2,80,271.92333333333335,203.66666666666666,39.0,0,0.0,6.705357537478585
15241,11,3050.16,11,10,2,411.58000000000004,279.5,120,1,1,17.85,67,655,277.2872727272727,302.54545454545456,58.8,0,0.005818103591578907,0.3858564014021102
15048,4,381.0,4,4,1,59.519999999999996,67.23,86,1,1,3.4799999999999995,66,369,95.25,48.0,101.0,0,0.00905118601747815,-0.11991046190717736
13882,5,1191.13,5,3,5,1191.13,0.0,54,1,1,59.849999999999994,3,65,238.22600000000003,190.6,15.5,0,0.047842491486674445,7.083496902081326
16910,8,1508.96,8,4,7,1397.18,111.77999999999999,318,1,0,0.0,5,92,188.62,110.5,12.428571428571429,0,0.0,2.5174876514912663
15637,5,797.59,5,5,1,223.36,0.0,37,1,0,0.0,53,725,159.518,130.2,168.0,0,0.0,5.413251904640136
17255,4,781.7,4,4,1,183.22000000000003,0.0,163,1,0,0.0,41,447,195.425,145.75,135.33333333333334,0,0.0,5.216130695560089
15707,4,916.98,4,3,4,916.98,0.0,126,1,0,0.0,36,87,229.245,148.5,17.0,0,0.0,6.822175603890787
14480,4,1299.52,4,4,1,279.05,0.0,52,1,1,4.25,12,719,324.88,167.5,235.66666666666666,0,0.003259777414728058,5.634968158655841
14419,7,1254.6399999999999,7,6,4,744.65,0.0,118,1,0,0.0,11,383,179.2342857142857,78.85714285714286,62.0,0,0.0,6.614256321208791
13309,6,1706.37,6,6,3,910.15,0.0,95,1,0,0.0,8,393,284.395,319.0,77.0,0,0.0,6.8147075379320645
14550,4,1345.0600000000002,4,4,2,757.37,0.0,77,1,0,0.0,11,484,336.26500000000004,192.75,157.66666666666666,0,0.0,6.631171393196389
14957,2,261.69,2,2,0,0.0,0.0,27,1,0,0.0,254,645,130.845,48.5,391.0,0,0.0,0.0
12755,11,5236.26,10,7,0,0.0,0.0,34,0,10,2606.7599999999998,281,694,476.0236363636364,208.45454545454547,45.888888888888886,0,0.3323668688846898,0.0
17285,2,400.43999999999994,2,2,0,0.0,0.0,40,1,0,0.0,629,664,200.21999999999997,66.0,35.0,0,0.0,0.0
14040,35,12523.809999999998,32,20,2,825.8600000000001,789.3,335,1,6,183.68,41,739,357.8231428571428,142.05714285714285,22.516129032258064,0,0.014454467404656626,0.045222773904179725
18057,3,1168.14,3,3,0,0.0,0.0,120,1,0,0.0,394,691,389.38000000000005,310.0,148.5,0,0.0,0.0
18236,12,1795.35,10,10,2,241.05,336.69,80,1,0,0.0,30,604,149.61249999999998,58.0,63.77777777777778,0,0.0,-0.3329839984856431
16611,6,1785.1299999999999,6,5,0,0.0,0.0,86,1,1,8.5,187,640,297.52166666666665,145.66666666666666,90.6,0,0.004738992991865658,0.0
14442,7,5367.0199999999995,6,6,0,0.0,0.0,128,0,5,95.0,205,691,766.7171428571428,204.42857142857142,97.2,0,0.01739283268827284,0.0
18137,2,145.99,1,1,0,0.0,0.0,26,1,0,0.0,552,552,72.995,29.5,,1,0.0,0.0
16072,4,4180.09,3,3,0,0.0,0.0,414,1,0,0.0,289,550,1045.0225,395.0,130.5,0,0.0,0.0
17743,1,229.2,1,1,0,0.0,0.0,3,1,1,20.349999999999998,449,449,229.2,96.0,,1,0.08154678421158085,0.0
15599,3,1250.06,3,3,1,312.90999999999997,0.0,77,1,0,0.0,27,446,416.68666666666667,366.0,209.5,0,0.0,5.749106320619863
17864,5,876.57,5,5,2,354.0,0.0,93,1,0,0.0,13,428,175.31400000000002,203.0,103.75,0,0.0,5.872117789475416
14571,1,160.0,1,1,0,0.0,0.0,30,1,0,0.0,426,426,160.0,56.0,,1,0.0,0.0
13959,6,1064.77,6,6,1,256.6,0.0,120,1,0,0.0,80,512,177.46166666666667,115.66666666666667,86.4,0,0.0,5.551407994230199
13964,2,438.9,2,2,0,0.0,0.0,22,1,1,17.0,388,431,219.45,114.0,43.0,0,0.037288879140162316,0.0
16049,6,1852.15,6,4,3,1074.81,0.0,383,1,0,0.0,41,517,308.69166666666666,188.66666666666666,95.2,0,0.0,6.980829145204009
17989,1,207.33,1,1,0,0.0,0.0,26,1,0,0.0,380,380,207.33,300.0,,1,0.0,0.0
12928,12,4304.89,11,9,2,926.5600000000002,356.09999999999997,94,1,0,0.0,36,550,358.74083333333334,241.58333333333334,51.4,0,0.0,0.954541627815833
17671,5,2009.1599999999999,5,5,1,474.15999999999997,311.82,54,1,2,288.63,16,376,401.832,197.4,90.0,0,0.12561200109670598,0.4180236441752436
12705,13,11114.099999999999,12,11,4,2453.7700000000004,998.42,319,0,8,208.10000000000002,16,534,854.9307692307691,550.1538461538462,47.09090909090909,0,0.01837982017629083,0.8986132387683305
15543,2,242.26,2,2,0,0.0,0.0,50,1,0,0.0,289,460,121.13,83.5,171.0,0,0.0,0.0
15440,3,383.68,3,3,1,146.01999999999998,111.86,50,1,0,0.0,55,209,127.89333333333333,65.66666666666667,77.0,0,0.0,0.2644205194049478
12363,2,552.0,2,2,0,0.0,252.90000000000003,23,0,0,0.0,110,243,276.0,204.0,133.0,0,0.0,-5.536940488710633
15500,4,1131.56,4,3,4,1131.56,0.0,64,1,0,0.0,9,82,282.89,143.0,24.333333333333332,0,0.0,7.032235836086242
16440,6,3856.97,6,5,4,3368.21,0.0,202,1,0,0.0,8,494,642.8283333333333,351.3333333333333,97.2,0,0.0,8.12243357450044
13573,6,903.0700000000002,5,5,1,258.48,0.0,72,1,0,0.0,51,638,150.51166666666668,107.66666666666667,146.75,0,0.0,5.558679628344855
18219,17,3352.7,16,14,2,702.64,454.82000000000005,87,1,2,55.5,3,733,197.21764705882353,93.29411764705883,48.666666666666664,0,0.016284255618801716,0.4341688669875188
18205,2,517.3600000000001,2,2,2,517.3600000000001,0.0,30,1,0,0.0,37,75,258.68000000000006,96.0,38.0,0,0.0,6.2506699815672135
15993,7,2768.9700000000003,5,3,7,2768.9700000000003,0.0,334,1,3,40.75,9,45,395.56714285714287,290.14285714285717,9.0,0,0.014503224520592798,7.9265917687978265
15156,3,961.49,3,2,3,961.49,0.0,51,1,0,0.0,2,34,320.49666666666667,199.0,16.0,0,0.0,6.869523676497577
16201,5,2112.12,5,5,3,1559.6699999999998,303.80000000000007,86,1,1,41.95,4,416,422.424,284.2,103.0,0,0.019474761730120194,1.6332146714073588
17305,1,2135.46,1,1,0,0.0,0.0,9,1,0,0.0,649,649,2135.46,1006.0,,1,0.0,0.0
17862,4,1254.8899999999999,4,3,0,0.0,0.0,90,1,0,0.0,324,564,313.72249999999997,110.0,80.0,0,0.0,0.0
16865,1,130.95,1,1,0,0.0,0.0,15,1,0,0.0,402,402,130.95,157.0,,1,0.0,0.0
17128,1,157.09000000000003,1,1,0,0.0,0.0,14,1,0,0.0,335,335,157.09000000000003,76.0,,1,0.0,0.0
13242,7,699.4,6,6,0,0.0,166.4,19,1,0,0.0,113,669,99.91428571428571,50.0,111.2,0,0.0,-5.120386158055375
16663,1,165.0,1,1,0,0.0,0.0,1,1,0,0.0,730,730,165.0,100.0,,1,0.0,0.0
13027,19,17239.2,19,14,0,0.0,3072.0,7,1,1,96.0,114,689,907.3263157894737,2254.7368421052633,31.944444444444443,0,0.005537865152983525,-8.030409562130485
16298,7,1085.7,7,6,2,483.90000000000003,0.0,32,1,2,5.7,23,443,155.1,44.0,70.0,0,0.0052226498075865855,6.183942684111306
15908,2,758.6200000000001,2,2,0,0.0,0.0,37,1,0,0.0,491,513,379.31000000000006,86.5,22.0,0,0.0,0.0
14522,8,1748.42,8,7,2,213.83999999999997,482.07000000000005,34,1,0,0.0,25,685,218.5525,119.5,94.28571428571429,0,0.0,-0.810268005650566
16593,8,1071.14,8,7,1,74.53,0.0,57,1,1,19.9,51,735,133.8925,47.125,97.71428571428571,0,0.018239477929315143,4.324529928325356
14083,11,1082.19,10,8,2,469.51000000000005,59.45,169,1,0,0.0,5,722,98.3809090909091,69.0909090909091,79.66666666666667,0,0.0,2.052000635723892
15946,3,2304.18,2,2,0,0.0,0.0,25,1,0,0.0,503,634,768.06,538.0,131.0,0,0.0,0.0
13551,2,244.2,2,2,0,0.0,0.0,5,1,0,0.0,320,667,122.1,18.0,347.0,0,0.0,0.0
15864,7,2180.76,7,6,3,978.4600000000002,715.44,18,1,2,166.54000000000002,23,382,311.5371428571429,212.28571428571428,59.833333333333336,0,0.07094960167000383,0.3127068960318615
16468,3,787.52,3,2,1,74.9,0.0,38,1,0,0.0,75,482,262.50666666666666,123.66666666666667,203.5,0,0.0,4.3294166844015844
16088,2,1437.4299999999998,2,2,0,0.0,0.0,3,1,0,0.0,576,592,718.7149999999999,186.5,16.0,0,0.0,0.0
17457,14,5984.8099999999995,14,12,0,0.0,340.05999999999995,30,1,4,185.8,127,733,427.4864285714285,192.5,46.61538461538461,0,0.03011047530146939,-5.832058414884768
15431,1,153.24,1,1,0,0.0,0.0,2,1,0,0.0,503,503,153.24,84.0,,1,0.0,0.0
17955,6,949.8999999999999,5,2,0,0.0,0.0,16,1,0,0.0,199,666,158.31666666666663,113.5,116.75,0,0.0,0.0
17321,6,1665.2100000000003,5,5,2,657.1600000000001,0.0,241,1,0,0.0,9,578,277.535,131.66666666666666,142.25,0,0.0,6.489448062860675
12633,7,5156.16,7,7,1,197.23000000000002,201.2,219,0,3,82.94999999999999,59,526,736.5942857142857,458.42857142857144,77.83333333333333,0,0.01583284183764036,-0.019829333884251454
13615,8,6272.530000000001,8,7,0,0.0,0.0,259,1,4,60.300000000000004,319,681,784.0662500000001,363.75,51.714285714285715,0,0.009521809364849521,0.0
14822,1,157.70000000000002,1,1,0,0.0,0.0,9,1,0,0.0,486,486,157.70000000000002,94.0,,1,0.0,0.0
14012,1,328.79999999999995,1,1,0,0.0,0.0,11,1,0,0.0,278,278,328.79999999999995,160.0,,1,0.0,0.0
18263,3,1213.1599999999999,3,3,1,401.75999999999993,503.79999999999995,59,1,1,2.08,26,253,404.3866666666666,489.3333333333333,113.5,0,0.0017115960633290548,-0.22582146017958937
13630,7,2031.78,7,6,2,670.3199999999999,309.62,51,1,4,36.1,6,286,290.2542857142857,198.71428571428572,46.666666666666664,0,0.017457492697835465,0.7706756232981133
12808,5,748.6999999999999,5,4,1,202.3,0.0,45,0,0,0.0,37,463,149.73999999999998,64.2,106.5,0,0.0,5.314682720634301
12518,5,1840.8899999999999,5,5,4,1552.06,288.83,83,0,0,0.0,1,111,368.178,261.2,27.5,0,0.0,1.678687913105044
14904,4,1630.49,4,3,2,1025.44,0.0,127,1,0,0.0,3,428,407.6225,630.5,141.66666666666666,0,0.0,6.933851783703411
13389,3,797.9599999999999,3,3,2,540.0699999999999,0.0,50,1,0,0.0,12,233,265.9866666666666,143.0,110.5,0,0.0,6.2935486604948
17618,11,4001.6400000000003,11,9,1,304.8,0.0,202,1,2,25.299999999999997,6,685,363.78545454545457,163.45454545454547,67.9,0,0.006282686109055509,5.722931293494962
14272,4,920.8100000000001,4,3,1,305.87,0.0,62,1,0,0.0,74,583,230.20250000000001,274.25,169.66666666666666,0,0.0,5.726424205137025
17657,1,125.99999999999999,1,1,0,0.0,0.0,7,1,0,0.0,431,431,125.99999999999999,60.0,,1,0.0,0.0
16120,6,2967.5099999999993,2,2,4,1309.1399999999999,0.0,84,1,1,15.0,60,423,494.58499999999987,360.1666666666667,363.0,0,0.005029320941086535,7.1778892807139885
13195,1,136.73,1,1,0,0.0,0.0,43,1,0,0.0,415,415,136.73,70.0,,1,0.0,0.0
15336,1,240.5,1,1,0,0.0,0.0,15,1,0,0.0,402,402,240.5,84.0,,1,0.0,0.0
17768,7,3292.7299999999996,6,6,2,1696.07,385.83000000000004,134,1,1,4.95,9,738,470.38999999999993,334.14285714285717,145.8,0,0.0015010552873535338,1.4786731936130906
12463,4,1200.7800000000002,4,4,1,322.99,301.84000000000003,64,0,2,35.15,54,242,300.19500000000005,192.0,62.666666666666664,0,0.028440122013382627,0.06750803788338278
13517,3,2128.42,3,3,1,516.24,1612.1799999999998,125,1,2,19.35,60,180,709.4733333333334,456.3333333333333,60.0,0,0.009009344576002087,-1.13745568177589
15958,4,462.12,4,4,1,104.35000000000001,0.0,50,1,0,0.0,75,551,115.53,38.5,158.66666666666666,0,0.0,4.657288140250198
16751,1,1764.72,1,1,1,1764.72,0.0,24,1,0,0.0,31,31,1764.72,1031.0,,1,0.0,7.476313818197086
12618,1,137.31,1,1,1,137.31,0.0,10,0,0,0.0,22,22,137.31,95.0,,1,0.0,4.929497542636617
15136,4,1286.6999999999998,3,3,3,703.8,582.8999999999999,61,1,1,4.25,3,97,321.67499999999995,194.0,47.0,0,0.0032921491924551693,0.18818433933247736
17327,2,152.35,2,2,0,0.0,0.0,3,1,0,0.0,410,563,76.175,29.5,153.0,0,0.0,0.0
13512,4,713.39,4,4,0,0.0,0.0,31,1,0,0.0,261,584,178.3475,104.75,107.66666666666667,0,0.0,0.0
16872,6,1213.13,6,5,1,215.34000000000003,76.32000000000001,12,1,0,0.0,78,464,202.18833333333336,179.83333333333334,77.2,0,0.0,1.0288985898620133
17045,5,827.68,5,5,0,0.0,299.49,44,1,0,0.0,114,430,165.536,58.8,79.0,0,0.0,-5.705414475551326
14483,2,257.1,2,2,0,0.0,0.0,13,1,1,7.9,282,737,128.55,96.5,455.0,0,0.029811320754716982,0.0
14015,1,917.3399999999999,1,1,1,917.3399999999999,0.0,20,1,0,0.0,53,53,917.3399999999999,378.0,,1,0.0,6.8225676924206855
17272,4,2148.63,4,3,2,739.1899999999999,0.0,70,1,1,4.1,43,263,537.1575,444.5,73.33333333333333,0,0.0019045583979412186,6.606906909998597
17183,6,3347.31,6,4,5,3017.64,329.67,42,1,2,60.4,8,106,557.885,216.0,19.6,0,0.017724512942709325,2.2114407786024586
14108,4,1044.96,4,3,1,306.58,291.33000000000004,49,1,1,3.75,31,739,261.24,165.0,236.0,0,0.0035758217238321365,0.050851914881265614
13020,2,618.96,2,2,0,0.0,0.0,38,1,3,12.0,563,660,309.48,139.0,97.0,0,0.01901863826550019,0.0
15400,8,1302.3000000000002,8,7,0,0.0,257.4,16,1,1,49.5,93,561,162.78750000000002,82.75,66.85714285714286,0,0.03661784287616511,-5.554508771908447
14460,9,1093.5,9,8,0,0.0,404.34,33,1,3,173.9,111,725,121.5,208.77777777777777,76.75,0,0.1372100362947767,-6.004726221091167
14751,2,126.45000000000002,2,2,0,0.0,0.0,7,1,0,0.0,685,727,63.22500000000001,32.5,42.0,0,0.0,0.0
14933,4,1770.0,2,1,0,0.0,0.0,1,0,1,885.0,444,445,442.5,150.0,1.0,0,0.3333333333333333,0.0
13019,6,1229.95,6,5,0,0.0,0.0,46,1,2,17.0,380,734,204.99166666666667,66.16666666666667,70.8,0,0.013633265167007498,0.0
14758,7,2864.97,7,7,0,0.0,277.12,91,1,0,0.0,145,611,409.28142857142853,120.0,77.66666666666667,0,0.0,-5.628052675230817
17239,4,1189.4499999999998,4,4,0,0.0,0.0,18,1,2,15.3,313,527,297.36249999999995,128.75,71.33333333333333,0,0.012699730234488485,0.0
17824,1,298.4,1,1,1,298.4,0.0,13,1,0,0.0,52,52,298.4,408.0,,1,0.0,5.701780471985528
17911,1,366.23,1,1,1,366.23,0.0,39,1,0,0.0,10,10,366.23,223.0,,1,0.0,5.9059883547555305
17736,3,377.43999999999994,3,3,2,69.95,307.48999999999995,24,1,1,39.95,10,114,125.81333333333332,79.33333333333333,52.0,0,0.09571384077241911,-1.4697140243031575
17300,2,393.64000000000004,2,2,0,0.0,0.0,37,1,0,0.0,391,482,196.82000000000002,233.5,91.0,0,0.0,0.0
12385,1,1668.4,1,1,0,0.0,0.0,64,0,0,0.0,380,380,1668.4,594.0,,1,0.0,0.0
13049,4,1408.24,4,3,1,502.9,0.0,19,1,1,24.1,65,402,352.06,155.0,112.33333333333333,0,0.016825614030188365,6.222377835686553
15494,5,3702.6000000000004,5,5,1,160.70000000000002,1119.88,307,1,0,0.0,22,730,740.5200000000001,610.4,177.0,0,0.0,-1.9361266034799147
16880,8,1813.2099999999998,7,6,1,398.30999999999995,823.24,130,1,0,0.0,31,494,226.65124999999998,113.0,77.16666666666667,0,0.0,-0.724723692054531
18158,2,453.4,2,2,2,453.4,0.0,24,1,1,1.65,10,89,226.7,177.0,79.0,0,0.003625975167564004,6.118977867406942
15345,1,393.54,1,1,1,393.54,0.0,20,1,1,25.849999999999998,46,46,393.54,81.0,,1,0.061637139655213516,5.9777205293157225
13689,2,1259.5,2,2,1,910.0,0.0,6,1,0,0.0,64,445,629.75,361.0,381.0,0,0.0,6.814542897259958
16516,1,101.7,1,1,1,101.7,0.0,6,1,0,0.0,31,31,101.7,58.0,,1,0.0,4.631812116934513
16571,10,4248.74,10,10,1,524.9,460.11,151,1,7,223.69,27,632,424.87399999999997,370.3,67.22222222222223,0,0.05001531605860797,0.1314744543482309
13836,2,620.37,2,2,0,0.0,0.0,29,1,1,17.85,400,415,310.185,136.5,15.0,0,0.027968412146281846,0.0
15917,5,530.1700000000001,4,3,0,0.0,0.0,127,1,0,0.0,248,738,106.03400000000002,49.6,163.33333333333334,0,0.0,0.0
17788,2,1112.95,2,2,1,1101.2,11.75,2,1,0,0.0,74,130,556.475,105.0,56.0,0,0.0,4.459532189844699
18030,2,230.64999999999998,2,2,2,230.64999999999998,0.0,8,1,1,9.95,5,43,115.32499999999999,33.5,38.0,0,0.041354945968412306,5.4452276118626575
14750,1,112.03000000000002,1,1,0,0.0,0.0,32,1,0,0.0,737,737,112.03000000000002,65.0,,1,0.0,0.0
16282,3,1307.5800000000002,3,3,0,0.0,0.0,31,1,0,0.0,340,719,435.86000000000007,263.3333333333333,189.5,0,0.0,0.0
16246,2,821.3499999999999,2,2,0,0.0,0.0,79,1,0,0.0,460,670,410.67499999999995,168.0,210.0,0,0.0,0.0
13478,5,2215.7799999999997,4,4,0,0.0,0.0,114,1,2,147.75,470,678,443.15599999999995,237.8,69.33333333333333,0,0.06251242844389536,0.0
15979,1,329.22,1,1,0,0.0,0.0,22,1,0,0.0,603,603,329.22,450.0,,1,0.0,0.0
17842,1,430.69000000000005,1,1,0,0.0,0.0,18,1,0,0.0,603,603,430.69000000000005,89.0,,1,0.0,0.0
16614,3,1179.7900000000002,3,3,0,0.0,0.0,37,1,0,0.0,183,579,393.2633333333334,116.33333333333333,198.0,0,0.0,0.0
17699,2,442.0,2,2,0,0.0,0.0,17,1,0,0.0,477,562,221.0,104.0,85.0,0,0.0,0.0
12648,4,1039.0,4,4,0,0.0,300.04999999999995,37,0,1,15.0,155,702,259.75,128.25,182.33333333333334,0,0.014231499051233396,-5.707276363910457
12492,3,607.21,3,3,1,118.82000000000001,108.39,37,0,0,0.0,64,404,202.40333333333334,146.0,170.0,0,0.0,0.09107113852407966
17987,5,965.44,5,3,0,0.0,0.0,139,1,1,75.52,186,551,193.08800000000002,196.2,91.25,0,0.07254841684598831,0.0
13671,1,172.6,1,1,0,0.0,0.0,61,1,0,0.0,395,395,172.6,95.0,,1,0.0,0.0
17903,1,381.09,1,1,0,0.0,0.0,44,1,0,0.0,395,395,381.09,142.0,,1,0.0,0.0
16244,2,1522.75,2,2,0,0.0,0.0,88,1,0,0.0,212,373,761.375,427.5,161.0,0,0.0,0.0
18156,2,675.64,2,2,1,488.76,0.0,100,1,0,0.0,13,370,337.82,141.5,357.0,0,0.0,6.193915475197103
15723,4,930.6999999999999,4,4,0,0.0,0.0,108,1,0,0.0,365,575,232.67499999999998,106.75,70.0,0,0.0,0.0
15512,4,331.58,4,4,0,0.0,19.799999999999997,29,1,0,0.0,156,677,82.895,58.75,173.66666666666666,0,0.0,-3.034952986707272
14886,1,364.79999999999995,1,1,0,0.0,0.0,18,1,0,0.0,253,253,364.79999999999995,160.0,,1,0.0,0.0
16172,8,1884.5500000000002,7,6,0,0.0,940.8299999999999,81,1,0,0.0,96,514,235.56875000000002,177.375,69.66666666666667,0,0.0,-6.8478247911989225
17664,4,1166.23,4,4,1,278.45000000000005,0.0,68,1,0,0.0,19,621,291.5575,264.5,200.66666666666666,0,0.0,5.6328233857157075
12930,2,415.79999999999995,2,2,1,194.23999999999998,221.56,20,1,2,5.9,79,172,207.89999999999998,126.0,93.0,0,0.013990988854636,-0.1309671571561859
15584,6,1268.1999999999998,6,6,3,570.46,150.4,174,1,1,2.5,24,671,211.36666666666665,80.5,129.4,0,0.0019674195325411195,1.3282691485309206
16660,7,1879.55,6,6,2,883.29,0.0,20,1,1,457.2,17,695,268.50714285714287,141.57142857142858,135.6,0,0.1956563603295175,6.78478506313824
16404,1,443.05,1,1,1,443.05,0.0,23,1,1,12.75,71,71,443.05,157.0,,1,0.027972795085563842,6.095937168704513
12719,2,572.95,2,2,2,572.95,0.0,33,0,1,36.85000000000001,6,66,286.475,185.0,60.0,0,0.06042964906526731,6.352542284511506
16708,1,656.6300000000001,1,1,1,656.6300000000001,0.0,27,1,0,0.0,46,46,656.6300000000001,285.0,,1,0.0,6.488642463139346
16601,3,675.8299999999999,3,3,1,241.52999999999997,0.0,59,1,0,0.0,41,624,225.27666666666664,129.33333333333334,291.5,0,0.0,5.491125414066127
16914,1,183.76,1,1,1,183.76,0.0,25,1,0,0.0,37,37,183.76,112.0,,1,0.0,5.2190576855624045
16612,9,3245.4300000000003,9,8,1,317.36,161.39999999999998,105,1,1,1.95,33,737,360.60333333333335,157.66666666666666,88.0,0,0.000600484082552704,0.6731203902100713
17573,3,380.6,3,2,2,205.89000000000001,174.71,24,1,1,17.700000000000003,30,94,126.86666666666667,102.66666666666667,32.0,0,0.04443886517700227,0.16335234228585094
14664,2,636.2399999999999,2,1,2,636.2399999999999,0.0,78,1,0,0.0,20,34,318.11999999999995,232.5,14.0,0,0.0,6.457146350704694
18210,7,2768.8299999999995,7,5,5,2478.9799999999996,0.0,116,1,0,0.0,2,383,395.5471428571428,214.14285714285714,63.5,0,0.0,7.81600577461038
15712,12,3472.4100000000003,12,12,2,306.05,307.65999999999997,86,1,1,4.95,10,739,289.3675,106.41666666666667,66.27272727272727,0,0.00142349368486438,-0.005229746697277271
12625,4,4678.88,4,4,0,0.0,0.0,143,0,1,51.5,212,597,1169.72,820.5,128.33333333333334,0,0.010887074611342007,0.0
15405,2,659.8399999999999,2,2,0,0.0,0.0,29,1,0,0.0,190,577,329.91999999999996,174.0,387.0,0,0.0,0.0
13640,1,405.0,1,1,0,0.0,0.0,4,1,0,0.0,612,612,405.0,108.0,,1,0.0,0.0
15378,2,246.5,2,2,0,0.0,0.0,8,1,0,0.0,463,502,123.25,65.0,39.0,0,0.0,0.0
15186,5,1403.2,5,5,1,182.15,229.26000000000002,29,1,0,0.0,15,697,280.64,143.2,170.5,0,0.0,-0.22890361602069476
12889,4,385.46000000000004,4,4,0,0.0,0.0,25,1,2,19.8,382,503,96.36500000000001,31.0,40.333333333333336,0,0.04885752356511869,0.0
12605,3,1124.95,3,3,0,0.0,0.0,62,0,1,7.5,377,459,374.98333333333335,307.0,41.0,0,0.006622808954037706,0.0
18031,1,451.3,1,1,0,0.0,0.0,49,1,0,0.0,379,379,451.3,298.0,,1,0.0,0.0
15554,1,217.20000000000002,1,1,0,0.0,0.0,14,1,0,0.0,278,278,217.20000000000002,74.0,,1,0.0,0.0
12778,9,1541.6799999999998,9,8,2,261.16999999999996,0.0,76,0,0,0.0,20,603,171.29777777777775,191.11111111111111,72.875,0,0.0,5.5689931483075625
13835,7,1095.27,7,6,2,297.23,208.89,60,1,1,50.45,26,646,156.46714285714285,74.28571428571429,103.33333333333333,0,0.04403344621722585,0.351281416934639
16038,3,471.78,3,3,1,78.45,76.38,24,1,1,17.45,8,202,157.26,81.33333333333333,97.0,0,0.035668295075935656,0.02639954371035813
15925,1,207.15,1,1,0,0.0,0.0,12,1,0,0.0,195,195,207.15,93.0,,1,0.0,0.0
16957,2,416.64,2,2,0,0.0,0.0,15,1,0,0.0,240,282,208.32,86.0,42.0,0,0.0,0.0
15132,5,977.9300000000001,5,5,2,135.70000000000002,352.36,49,1,0,0.0,19,263,195.586,135.8,61.0,0,0.0,-0.9496986235583673
17064,3,855.45,3,3,1,398.04999999999995,0.0,53,1,0,0.0,59,328,285.15000000000003,105.33333333333333,134.5,0,0.0,5.989086722322018
16846,3,842.4100000000001,3,3,1,214.32000000000002,0.0,47,1,0,0.0,51,640,280.80333333333334,172.33333333333334,294.5,0,0.0,5.372125293692757
16311,2,616.26,2,2,2,616.26,0.0,35,1,0,0.0,18,50,308.13,197.0,32.0,0,0.0,6.425290328985104
17637,2,547.06,2,2,1,208.11,338.95,35,1,0,0.0,32,116,273.53,140.0,84.0,0,0.0,-0.4859381186737597
17197,1,1013.01,1,1,1,1013.01,0.0,29,1,0,0.0,30,30,1013.01,191.0,,1,0.0,6.921668046035439
14731,3,380.02,3,2,1,129.0,0.0,38,1,0,0.0,48,213,126.67333333333333,85.33333333333333,82.5,0,0.0,4.867534450455582
13449,1,291.88,1,1,1,291.88,0.0,19,1,0,0.0,24,24,291.88,222.0,,1,0.0,5.679762968811981
15745,4,1094.5900000000001,4,3,3,791.74,0.0,57,1,2,23.35,20,237,273.64750000000004,105.25,72.33333333333333,0,0.02088663076730415,6.675495299021645
14106,1,214.79999999999998,1,1,0,0.0,0.0,1,1,0,0.0,738,738,214.79999999999998,24.0,,1,0.0,0.0
12848,1,208.0,1,1,0,0.0,0.0,16,1,0,0.0,676,676,208.0,58.0,,1,0.0,0.0
15684,3,173.95,3,3,0,0.0,0.0,9,1,3,26.15,548,736,57.98333333333333,25.666666666666668,94.0,0,0.1306846576711644,0.0
17304,1,111.5,1,1,0,0.0,0.0,5,1,0,0.0,535,535,111.5,73.0,,1,0.0,0.0
14674,1,173.66,1,1,0,0.0,0.0,14,1,0,0.0,510,510,173.66,103.0,,1,0.0,0.0
16227,3,1027.22,3,3,0,0.0,0.0,28,1,3,78.4,226,536,342.4066666666667,145.33333333333334,155.0,0,0.07091043939147265,0.0
13556,2,200.82,2,2,0,0.0,0.0,8,1,0,0.0,430,436,100.41,67.0,6.0,0,0.0,0.0
16606,2,357.65999999999997,2,1,0,0.0,0.0,16,1,0,0.0,405,435,178.82999999999998,74.0,30.0,0,0.0,0.0
15346,3,596.12,3,2,0,0.0,0.0,36,1,1,4.47,333,432,198.70666666666668,86.66666666666667,49.5,0,0.0074426813633260615,0.0
13157,9,5687.360000000001,8,8,1,868.0200000000001,375.26000000000005,173,1,1,19.65,50,642,631.928888888889,529.1111111111111,84.57142857142857,0,0.0034431339703277193,0.8370857461772916
13487,5,846.87,5,5,1,166.6,0.0,31,1,0,0.0,58,735,169.374,72.4,169.25,0,0.0,5.121580188047982
16436,3,319.14,3,2,0,0.0,0.0,37,1,1,87.3,669,734,106.38,75.66666666666667,32.5,0,0.21479185119574845,0.0
16610,1,75.66,1,1,0,0.0,0.0,6,1,0,0.0,220,220,75.66,66.0,,1,0.0,0.0
17653,4,1207.56,4,3,2,864.22,343.34000000000003,44,1,1,31.68,37,121,301.89,352.25,28.0,0,0.025564055388786675,0.9213542685059393
15642,1,105.78000000000003,1,1,0,0.0,0.0,6,1,0,0.0,730,730,105.78000000000003,270.0,,1,0.0,0.0
18080,2,1231.5,2,2,1,390.0,0.0,2,1,0,0.0,19,243,615.75,321.0,224.0,0,0.0,5.968707559985366
16079,3,1352.0,3,2,3,1352.0,0.0,18,1,0,0.0,17,41,450.6666666666667,288.0,12.0,0,0.0,7.210079628170788
17747,1,71.4,1,1,0,0.0,71.4,1,1,1,6.75,113,113,71.4,12.0,,1,0.08637236084452975,-4.282206299391671
14785,2,77.4,2,1,2,77.4,0.0,2,1,0,0.0,11,16,38.7,42.0,5.0,0,0.0,4.361823927356363
16802,2,582.61,2,2,0,0.0,0.0,48,1,0,0.0,680,731,291.305,184.5,51.0,0,0.0,0.0
18153,1,246.22,1,1,0,0.0,0.0,17,1,0,0.0,660,660,246.22,200.0,,1,0.0,0.0
15651,5,1259.06,4,4,2,418.97999999999996,0.0,52,1,0,0.0,37,597,251.81199999999998,174.2,186.66666666666666,0,0.0,6.040207091095972
14650,1,62.5,1,1,0,0.0,0.0,4,1,0,0.0,590,590,62.5,22.0,,1,0.0,0.0
16371,1,157.20000000000002,1,1,0,0.0,0.0,11,1,0,0.0,449,449,157.20000000000002,108.0,,1,0.0,0.0
14716,3,543.28,3,3,1,125.79000000000002,181.72,85,1,0,0.0,44,445,181.09333333333333,214.33333333333334,200.5,0,0.0,-0.36542275192778906
14579,1,105.55999999999999,1,1,0,0.0,0.0,24,1,0,0.0,433,433,105.55999999999999,56.0,,1,0.0,0.0
16193,2,630.43,2,2,0,0.0,0.0,38,1,0,0.0,237,411,315.215,189.5,174.0,0,0.0,0.0
14263,1,322.92999999999995,1,1,0,0.0,0.0,16,1,0,0.0,424,424,322.92999999999995,171.0,,1,0.0,0.0
12767,1,949.82,1,1,0,0.0,0.0,43,0,0,0.0,376,376,949.82,598.0,,1,0.0,0.0
15549,8,2330.41,8,7,1,57.83,689.58,138,1,1,37.5,78,698,291.30125,116.625,88.57142857142857,0,0.015836750552174702,-2.4628798953358135
13072,1,177.15,1,1,0,0.0,0.0,7,1,0,0.0,267,267,177.15,69.0,,1,0.0,0.0
16114,1,135.75,1,1,0,0.0,135.75,8,1,0,0.0,171,171,135.75,43.0,,1,0.0,-4.91815444130209
16389,4,1382.0699999999997,4,4,2,711.8999999999999,0.0,33,1,1,19.799999999999997,54,284,345.5174999999999,310.5,76.66666666666667,0,0.014123991525605086,6.569341158123582
13868,2,3192.54,2,2,2,3192.54,0.0,32,1,0,0.0,8,39,1596.27,982.0,31.0,0,0.0,8.068885298365506
17379,1,389.72,1,1,1,389.72,0.0,71,1,0,0.0,12,12,389.72,623.0,,1,0.0,5.96799119092234
12953,2,828.81,2,2,1,329.84999999999997,0.0,45,1,0,0.0,10,523,414.405,182.0,513.0,0,0.0,5.801665100458068
15246,3,780.4000000000001,3,3,0,0.0,0.0,45,1,0,0.0,239,556,260.1333333333334,119.66666666666667,158.5,0,0.0,0.0
14636,2,609.8499999999999,2,2,1,309.66,0.0,27,1,0,0.0,37,269,304.92499999999995,120.5,232.0,0,0.0,5.738699066559761
13887,1,349.55,1,1,0,0.0,0.0,19,1,0,0.0,205,205,349.55,147.0,,1,0.0,0.0
14383,3,1247.69,3,3,2,1005.6,242.09000000000003,49,1,0,0.0,39,164,415.8966666666667,272.3333333333333,62.5,0,0.0,1.420901849201516
15678,3,1825.94,3,3,1,352.70000000000005,0.0,77,1,0,0.0,53,523,608.6466666666666,340.6666666666667,235.0,0,0.0,5.868449096211435
13594,2,533.32,2,2,1,396.97,0.0,31,1,1,24.9,53,486,266.66,198.0,433.0,0,0.04460606929167711,5.986376625559036
15814,6,2634.4400000000005,5,4,4,1945.3300000000004,0.0,83,1,2,102.6,17,604,439.07333333333344,288.0,146.75,0,0.037485751030310106,7.573700826991937
17007,7,1120.1,6,5,1,314.49,112.71000000000001,63,1,1,12.5,51,438,160.0142857142857,102.42857142857143,77.4,0,0.011036553063747132,1.0204756381212388
15449,3,974.52,3,3,1,326.82,0.0,47,1,2,3.3,27,262,324.84,270.6666666666667,117.5,0,0.003374854267656624,5.792464677261214
15435,1,149.29,1,1,1,149.29,0.0,29,1,0,0.0,23,23,149.29,54.0,,1,0.0,5.012566760946003
14052,2,466.65999999999997,2,2,1,225.36,0.0,115,1,0,0.0,20,391,233.32999999999998,87.0,371.0,0,0.0,5.422126652274323
18212,2,514.37,2,2,0,0.0,0.0,40,1,0,0.0,327,678,257.185,79.0,351.0,0,0.0,0.0
14115,2,622.6700000000001,2,2,0,0.0,0.0,22,1,0,0.0,502,667,311.33500000000004,254.5,165.0,0,0.0,0.0
17024,3,95.85,3,3,1,39.599999999999994,56.25,2,1,0,0.0,46,158,31.95,23.0,56.0,0,0.0,-0.3436595758266625
17830,3,398.70000000000005,3,3,1,111.05,0.0,18,1,0,0.0,2,289,132.9,30.666666666666668,143.5,0,0.0,4.718945200246936
13058,3,271.4,3,3,2,223.85,47.550000000000004,5,1,0,0.0,25,152,90.46666666666665,17.333333333333332,63.5,0,0.0,1.5328393184793825
15071,4,1455.56,4,4,0,0.0,393.4,41,1,0,0.0,94,571,363.89,104.0,159.0,0,0.0,-5.97736562272848
14228,3,745.5,3,3,0,0.0,0.0,38,1,0,0.0,438,547,248.5,86.66666666666667,54.5,0,0.0,0.0
15208,6,970.52,6,6,3,546.5999999999999,258.12,27,1,1,2.5,2,424,161.75333333333333,59.333333333333336,84.4,0,0.002569320260631847,0.7482538185512198
18188,6,3280.59,6,6,2,1574.44,0.0,95,1,2,17.400000000000002,16,624,546.765,314.6666666666667,121.6,0,0.005275940800305641,7.362289877323941
17224,1,100.86,1,1,0,0.0,0.0,8,1,0,0.0,502,502,100.86,65.0,,1,0.0,0.0
12845,4,354.09,4,2,0,0.0,0.0,26,1,0,0.0,268,291,88.5225,51.0,7.666666666666667,0,0.0,0.0
15893,1,305.28000000000003,1,1,0,0.0,0.0,1,1,0,0.0,482,482,305.28000000000003,288.0,,1,0.0,0.0
16953,1,20.8,1,1,1,20.8,0.0,1,1,0,0.0,31,31,20.8,10.0,,1,0.0,3.0819099697950434
12789,3,225.35000000000002,3,3,1,76.85000000000001,0.0,4,0,0,0.0,66,694,75.11666666666667,11.0,314.0,0,0.0,4.354783898280007
16834,2,898.96,2,2,0,0.0,0.0,43,1,0,0.0,228,675,449.48,380.0,447.0,0,0.0,0.0
17575,1,171.7,1,1,0,0.0,0.0,5,1,0,0.0,668,668,171.7,72.0,,1,0.0,0.0
17626,1,254.0,1,1,0,0.0,0.0,18,1,0,0.0,603,603,254.0,202.0,,1,0.0,0.0
14902,3,1035.62,3,3,1,332.65999999999997,0.0,51,1,2,35.35,26,554,345.20666666666665,238.66666666666666,264.0,0,0.03300746052643866,5.810122510427528
16788,5,1927.28,5,5,0,0.0,299.92,347,1,0,0.0,124,671,385.456,192.8,136.75,0,0.0,-5.706844448692021
12864,2,299.56999999999994,2,2,0,0.0,147.11999999999998,5,1,0,0.0,139,509,149.78499999999997,223.5,370.0,0,0.0,-4.998022756045412
13677,2,551.24,2,2,0,0.0,0.0,98,1,0,0.0,405,521,275.62,108.5,116.0,0,0.0,0.0
18050,2,412.06000000000006,2,2,0,0.0,0.0,22,1,0,0.0,360,394,206.03000000000003,125.0,34.0,0,0.0,0.0
14089,1,158.75,1,1,1,158.75,0.0,13,1,0,0.0,57,57,158.75,133.0,,1,0.0,5.073610093257644
14638,1,443.59999999999997,1,1,1,443.59999999999997,0.0,16,1,0,0.0,51,51,443.59999999999997,166.0,,1,0.0,6.097175001530096
17832,1,155.37,1,1,1,155.37,0.0,61,1,0,0.0,50,50,155.37,208.0,,1,0.0,5.052224993855419
16438,5,798.35,5,4,5,798.35,0.0,74,1,0,0.0,6,83,159.67000000000002,92.6,19.25,0,0.0,6.683798897410901
14969,1,906.2299999999999,1,1,0,0.0,0.0,13,1,0,0.0,704,704,906.2299999999999,665.0,,1,0.0,0.0
13543,2,1439.6100000000001,2,2,0,0.0,0.0,37,1,0,0.0,635,688,719.8050000000001,164.5,53.0,0,0.0,0.0
16666,2,217.71,2,2,1,118.98,0.0,42,1,0,0.0,20,622,108.855,177.0,602.0,0,0.0,4.787325062224947
17928,3,313.15999999999997,3,3,1,106.2,0.0,26,1,0,0.0,46,572,104.38666666666666,50.0,263.0,0,0.0,4.674696248636701
14693,7,1165.36,7,5,0,0.0,0.0,43,1,1,25.5,265,526,166.48,55.42857142857143,43.5,0,0.02141309641771493,0.0
13312,1,124.75000000000001,1,1,0,0.0,0.0,5,1,0,0.0,452,452,124.75000000000001,41.0,,1,0.0,0.0
13300,3,1285.5100000000002,3,3,0,0.0,371.89000000000004,44,1,2,18.299999999999997,170,575,428.5033333333334,151.66666666666666,202.5,0,0.014035787423014085,-5.921283469984221
14753,2,869.51,2,2,1,563.15,0.0,45,1,0,0.0,88,461,434.755,206.0,373.0,0,0.0,6.335320173584455
15762,2,583.75,2,2,2,583.75,0.0,37,1,0,0.0,66,78,291.875,125.5,12.0,0,0.0,6.371184405464288
14158,1,507.66,1,1,1,507.66,0.0,41,1,0,0.0,41,41,507.66,781.0,,1,0.0,6.231779816930511
17964,2,463.21000000000004,2,2,1,201.45000000000002,0.0,84,1,0,0.0,32,373,231.60500000000002,147.0,341.0,0,0.0,5.31049294247817
18191,2,529.4,2,2,0,0.0,0.0,15,1,0,0.0,262,478,264.7,166.0,216.0,0,0.0,0.0
13306,1,53.65,1,1,0,0.0,0.0,4,1,0,0.0,431,431,53.65,74.0,,1,0.0,0.0
14028,3,10396.5,1,1,0,0.0,0.0,3,1,1,3610.5,551,551,3465.5,2390.0,,1,0.2577639751552795,0.0
15389,5,2733.8,5,5,0,0.0,500.0,2,1,0,0.0,173,682,546.76,788.0,127.25,0,0.0,-6.2166061010848646
18270,3,444.55,3,3,1,171.2,0.0,17,1,1,38.25,39,433,148.18333333333334,69.66666666666667,197.0,0,0.07922535211267605,5.14865659199363
16576,2,540.87,2,2,0,0.0,0.0,32,1,3,27.700000000000003,421,522,270.435,161.5,101.0,0,0.04871871537365672,0.0
15968,1,401.79999999999995,1,1,0,0.0,0.0,69,1,0,0.0,389,389,401.79999999999995,242.0,,1,0.0,0.0
12398,1,1435.66,1,1,1,1435.66,0.0,84,0,0,0.0,46,46,1435.66,1389.0,,1,0.0,7.270076254047687
14503,6,3543.26,6,4,5,2946.19,597.07,113,1,0,0.0,4,179,590.5433333333334,334.0,35.0,0,0.0,1.5948996490479992
16941,1,33.0,1,1,0,0.0,0.0,2,1,0,0.0,612,612,33.0,12.0,,1,0.0,0.0
13383,1,305.28000000000003,1,1,0,0.0,0.0,1,1,0,0.0,544,544,305.28000000000003,288.0,,1,0.0,0.0
15439,4,1269.0499999999997,3,2,0,0.0,0.0,49,1,0,0.0,405,654,317.26249999999993,143.0,124.5,0,0.0,0.0
14768,2,192.60000000000002,2,2,1,59.400000000000006,133.20000000000002,4,1,1,53.1,18,128,96.30000000000001,26.0,110.0,0,0.2161172161172161,-0.7983421195968123
15753,1,79.2,1,1,0,0.0,0.0,1,1,0,0.0,305,305,79.2,144.0,,1,0.0,0.0
17178,1,432.96000000000004,1,1,0,0.0,0.0,31,1,0,0.0,732,732,432.96000000000004,100.0,,1,0.0,0.0
18285,1,377.0,1,1,0,0.0,0.0,11,1,0,0.0,661,661,377.0,144.0,,1,0.0,0.0
17916,2,43.870000000000005,2,2,0,0.0,0.0,15,1,0,0.0,629,734,21.935000000000002,45.0,105.0,0,0.0,0.0
16741,1,173.06,1,1,0,0.0,0.0,11,1,0,0.0,626,626,173.06,81.0,,1,0.0,0.0
18089,1,428.45,1,1,0,0.0,0.0,9,1,0,0.0,447,447,428.45,95.0,,1,0.0,0.0
16203,6,943.8400000000001,6,6,1,214.60000000000002,60.0,56,1,1,3.75,59,505,157.3066666666667,89.5,89.2,0,0.003957407739634229,1.2625509748615311
14059,1,183.59999999999997,1,1,0,0.0,0.0,8,1,0,0.0,267,267,183.59999999999997,128.0,,1,0.0,0.0
13132,1,77.3,1,1,0,0.0,0.0,3,1,0,0.0,262,262,77.3,20.0,,1,0.0,0.0
17252,2,348.90999999999997,2,2,0,0.0,11.9,86,1,0,0.0,117,187,174.45499999999998,96.0,70.0,0,0.0,-2.5572273113676265
13801,1,324.8,1,1,1,324.8,0.0,23,1,0,0.0,67,67,324.8,168.0,,1,0.0,5.786283696167945
12552,1,317.82,1,1,1,317.82,0.0,19,0,0,0.0,40,40,317.82,85.0,,1,0.0,5.764626680205501
14150,2,658.64,2,2,1,352.46000000000004,0.0,23,1,0,0.0,36,360,329.32,248.0,324.0,0,0.0,5.867770324761651
15948,3,1509.09,3,3,2,955.24,0.0,63,1,0,0.0,9,425,503.03,284.0,208.0,0,0.0,6.863008927569726
12860,1,54.22,1,1,0,0.0,0.0,16,1,0,0.0,694,694,54.22,26.0,,1,0.0,0.0
15928,1,293.53,1,1,0,0.0,0.0,11,1,0,0.0,657,657,293.53,164.0,,1,0.0,0.0
17477,2,1144.3,2,2,0,0.0,0.0,44,1,3,65.3,613,648,572.15,112.5,35.0,0,0.053984788359788365,0.0
13612,1,818.29,1,1,0,0.0,0.0,50,1,1,40.5,633,633,818.29,444.0,,1,0.04715937540027248,0.0
15650,2,553.8800000000001,2,2,0,0.0,0.0,33,1,1,14.850000000000001,522,629,276.94000000000005,105.0,107.0,0,0.02611080829215972,0.0
12911,1,1651.7200000000003,1,1,0,0.0,0.0,220,1,0,0.0,552,552,1651.7200000000003,807.0,,1,0.0,0.0
15471,3,1292.0100000000002,3,3,1,454.47999999999996,0.0,122,1,0,0.0,3,551,430.6700000000001,223.33333333333334,274.0,0,0.0,6.121351807942404
13479,4,851.37,4,4,0,0.0,0.0,45,1,3,42.87,201,478,212.8425,179.0,92.33333333333333,0,0.04794015029522276,0.0
14968,2,497.49,2,2,1,147.59,0.0,82,1,0,0.0,31,459,248.745,128.0,428.0,0,0.0,5.001190835268256
16579,1,295.05,1,1,0,0.0,0.0,14,1,1,30.599999999999998,426,426,295.05,119.0,,1,0.09396591432519574,0.0
15589,3,478.5300000000001,2,2,0,0.0,0.0,28,1,1,21.95,256,311,159.51000000000002,81.0,55.0,0,0.04385789641943733,0.0
12945,2,900.1099999999999,2,2,0,0.0,0.0,47,1,0,0.0,289,657,450.05499999999995,223.0,368.0,0,0.0,0.0
14747,1,328.2,1,1,0,0.0,0.0,18,1,1,33.9,250,250,328.2,84.0,,1,0.09362054681027342,0.0
17278,2,271.24,2,2,0,0.0,0.0,17,1,0,0.0,242,566,135.62,97.5,324.0,0,0.0,0.0
12545,2,832.39,2,2,1,288.24,0.0,41,0,0,0.0,76,260,416.195,258.5,184.0,0,0.0,5.667256793306751
13876,1,122.69999999999999,1,1,1,122.69999999999999,0.0,7,1,0,0.0,64,64,122.69999999999999,36.0,,1,0.0,4.8178592793984425
15163,2,304.47,2,2,1,149.47000000000003,0.0,29,1,0,0.0,19,193,152.235,93.0,174.0,0,0.0,5.013763728770787
15315,2,570.5,2,2,1,336.96,233.54000000000002,35,1,1,18.96,65,117,285.25,431.0,52.0,0,0.032165032402537916,0.3653013962517253
18152,1,426.69000000000005,1,1,0,0.0,0.0,10,1,0,0.0,647,647,426.69000000000005,75.0,,1,0.0,0.0
16251,1,128.31,1,1,0,0.0,0.0,20,1,0,0.0,513,513,128.31,44.0,,1,0.0,0.0
15565,2,173.16,2,2,2,173.16,0.0,8,1,0,0.0,51,71,86.58,30.0,20.0,0,0.0,5.159974416926292
16789,1,80.8,1,1,1,80.8,0.0,5,1,0,0.0,9,9,80.8,32.0,,1,0.0,4.404277243608702
14353,3,376.49999999999994,3,2,0,0.0,0.0,18,1,0,0.0,216,432,125.49999999999999,114.66666666666667,108.0,0,0.0,0.0
15045,2,735.66,2,2,0,0.0,346.76,11,1,1,102.0,152,258,367.83,57.0,106.0,0,0.12176778167753027,-5.851512586680537
13099,1,207.35999999999999,1,1,0,0.0,207.35999999999999,1,1,0,0.0,100,100,207.35999999999999,288.0,,1,0.0,-5.339267352876991
17151,1,231.9,1,1,0,0.0,0.0,4,1,0,0.0,736,736,231.9,42.0,,1,0.0,0.0
17035,4,613.59,4,4,0,0.0,0.0,29,1,1,45.2,246,737,153.3975,81.75,163.66666666666666,0,0.0686106346483705,0.0
14641,1,110.46,1,1,1,110.46,0.0,7,1,0,0.0,22,22,110.46,90.0,,1,0.0,4.7136657821413905
17246,2,38.92,2,2,0,0.0,0.0,6,1,0,0.0,547,739,19.46,18.0,192.0,0,0.0,0.0
17008,1,81.36,1,1,0,0.0,0.0,1,1,0,0.0,430,430,81.36,24.0,,1,0.0,0.0
14500,3,356.85,3,3,1,21.0,51.0,6,1,0,0.0,89,190,118.95,39.0,50.5,0,0.0,-0.8602012652231115
17294,2,467.78999999999996,1,1,0,0.0,0.0,17,1,0,0.0,670,670,233.89499999999998,148.5,,1,0.0,0.0
15455,1,38.25,1,1,0,0.0,0.0,2,1,0,0.0,598,598,38.25,3.0,,1,0.0,0.0
12672,2,407.04999999999995,2,2,0,0.0,0.0,21,0,1,26.55,330,596,203.52499999999998,68.0,266.0,0,0.06123154981549816,0.0
13595,3,784.48,3,3,0,0.0,0.0,114,1,0,0.0,517,647,261.49333333333334,113.66666666666667,65.0,0,0.0,0.0
15310,1,1634.6399999999999,1,1,0,0.0,0.0,45,1,0,0.0,479,479,1634.6399999999999,1476.0,,1,0.0,0.0
14187,1,123.5,1,1,0,0.0,0.0,8,1,0,0.0,474,474,123.5,50.0,,1,0.0,0.0
12914,1,223.98000000000002,1,1,0,0.0,0.0,9,1,0,0.0,401,401,223.98000000000002,336.0,,1,0.0,0.0
14627,1,462.75,1,1,0,0.0,0.0,29,1,2,56.349999999999994,380,380,462.75,284.0,,1,0.10855326526680792,0.0
14124,1,419.58,1,1,1,419.58,0.0,4,1,0,0.0,85,85,419.58,1618.0,,1,0.0,6.041634711020558
14830,1,188.03,1,1,1,188.03,0.0,38,1,0,0.0,54,54,188.03,163.0,,1,0.0,5.241905732622074
17684,1,239.40999999999997,1,1,1,239.40999999999997,0.0,15,1,0,0.0,44,44,239.40999999999997,145.0,,1,0.0,5.482345799133678
15558,1,202.67999999999998,1,1,0,0.0,0.0,23,1,1,70.80000000000001,640,640,202.67999999999998,73.0,,1,0.25888547608600265,0.0
12866,3,1092.35,3,3,0,0.0,0.0,57,0,0,0.0,284,503,364.1166666666666,181.33333333333334,109.5,0,0.0,0.0
14269,1,295.73,1,1,0,0.0,0.0,16,1,1,34.05,440,440,295.73,123.0,,1,0.10325065194978468,0.0
17981,1,239.12,1,1,0,0.0,0.0,17,1,0,0.0,411,411,239.12,260.0,,1,0.0,0.0
14670,3,583.33,2,2,0,0.0,0.0,159,1,0,0.0,281,733,194.44333333333336,141.0,452.0,0,0.0,0.0
15185,1,310.62,1,1,1,310.62,0.0,21,1,0,0.0,71,71,310.62,666.0,,1,0.0,5.741784496789209
14518,1,174.37000000000003,1,1,1,174.37000000000003,0.0,16,1,0,0.0,65,65,174.37000000000003,278.0,,1,0.0,5.166898027681201
15883,2,396.48,2,2,2,396.48,0.0,42,1,0,0.0,3,34,198.24,111.5,31.0,0,0.0,5.9851446183631625
14140,2,935.0500000000001,2,2,2,935.0500000000001,0.0,60,1,1,15.0,4,32,467.52500000000003,405.5,28.0,0,0.01578864270301563,6.841668893854277
17247,1,280.09,1,1,1,280.09,0.0,53,1,0,0.0,16,16,280.09,105.0,,1,0.0,5.63867490275106
12596,2,450.27000000000004,2,2,1,236.32,0.0,24,0,0,0.0,52,243,225.13500000000002,234.0,191.0,0,0.0,5.469409441390442
15749,3,44534.3,2,2,0,0.0,0.0,5,1,1,22998.4,236,333,14844.766666666668,6009.333333333333,97.0,0,0.3405520584842602,0.0
14354,2,163.62,2,2,2,163.62,0.0,9,1,0,0.0,6,31,81.81,105.0,25.0,0,0.0,5.103639787544498
14155,1,118.75,1,1,0,0.0,0.0,6,1,0,0.0,267,267,118.75,25.0,,1,0.0,0.0
15868,1,94.53,1,1,0,0.0,0.0,4,1,0,0.0,584,584,94.53,57.0,,1,0.0,0.0
13323,5,787.85,5,3,5,787.85,0.0,6,1,0,0.0,4,85,157.57,35.0,20.25,0,0.0,6.670576188703463
14835,2,297.0,2,2,0,0.0,0.0,1,1,1,3.9,529,618,148.5,90.0,89.0,0,0.01296111665004985,0.0
13781,3,778.83,3,3,0,0.0,0.0,56,1,1,7.95,251,722,259.61,100.0,235.5,0,0.01010447647372836,0.0
14611,2,604.3299999999999,2,2,0,0.0,0.0,37,1,1,4.95,444,599,302.16499999999996,291.0,155.0,0,0.008124343487394959,0.0
14240,3,1247.49,3,3,1,663.49,0.0,46,1,0,0.0,31,424,415.83,218.33333333333334,196.5,0,0.0,6.49901982913111
15174,2,481.46,2,2,0,0.0,0.0,34,1,0,0.0,323,411,240.73,191.0,88.0,0,0.0,0.0
14807,2,504.14,2,2,0,0.0,0.0,37,1,0,0.0,391,650,252.07,117.0,259.0,0,0.0,0.0
13945,2,854.15,2,2,0,0.0,0.0,49,1,0,0.0,395,480,427.075,206.5,85.0,0,0.0,0.0
16975,3,926.12,3,3,0,0.0,0.0,44,1,2,23.700000000000003,424,506,308.70666666666665,195.33333333333334,41.0,0,0.024952096186645893,0.0
17648,5,2216.37,4,4,1,690.11,0.0,114,1,1,7.95,61,386,443.274,190.8,108.33333333333333,0,0.00357412602503237,6.538299000678672
14629,2,955.2600000000001,2,2,2,955.2600000000001,0.0,133,1,1,19.8,5,48,477.63000000000005,189.0,43.0,0,0.020306442680450433,6.863029842602407
16061,1,89.65,1,1,0,0.0,0.0,3,1,2,44.7,432,432,89.65,19.0,,1,0.33271306289542235,0.0
14707,2,139.2,2,2,0,0.0,0.0,1,1,0,0.0,436,577,69.6,48.0,141.0,0,0.0,0.0
17206,1,204.24,1,1,1,204.24,0.0,7,1,0,0.0,54,54,204.24,76.0,,1,0.0,5.324180026073764
15603,2,88.48,2,2,1,48.480000000000004,0.0,4,1,1,13.75,79,649,44.24,64.0,570.0,0,0.13450063582118751,3.9015685475242874
13245,2,989.2199999999999,2,2,1,430.5,0.0,43,1,0,0.0,51,433,494.60999999999996,185.5,382.0,0,0.0,6.067267510523482
16635,1,473.0000000000001,1,1,0,0.0,0.0,25,1,0,0.0,407,407,473.0000000000001,277.0,,1,0.0,0.0
13903,1,165.45,1,1,0,0.0,0.0,10,1,0,0.0,401,401,165.45,103.0,,1,0.0,0.0
12461,1,626.8800000000001,1,1,0,0.0,626.8800000000001,34,0,0,0.0,155,155,626.8800000000001,282.0,,1,0.0,-6.442349065407006
15175,1,224.14,1,1,1,224.14,0.0,23,1,0,0.0,72,72,224.14,454.0,,1,0.0,5.416722430926658
12445,2,378.98,2,2,1,77.4,0.0,23,0,1,8.5,23,421,189.49,102.0,398.0,0,0.021936616083410757,4.361823927356363
14131,1,168.22,1,1,0,0.0,0.0,45,1,0,0.0,649,649,168.22,105.0,,1,0.0,0.0
16537,1,10.55,1,1,0,0.0,0.0,2,1,0,0.0,642,642,10.55,19.0,,1,0.0,0.0
15280,3,397.52,3,3,0,0.0,113.12,48,1,0,0.0,173,572,132.50666666666666,169.0,199.5,0,0.0,-4.737250526345299
15261,4,1508.0,4,3,0,0.0,254.82,87,1,0,0.0,136,435,377.0,201.5,99.66666666666667,0,0.0,-5.544474072171247
12847,2,1609.0,2,2,1,843.6399999999999,0.0,100,1,0,0.0,23,388,804.5,748.5,365.0,0,0.0,6.738910501075306
12718,1,202.25,1,1,1,202.25,0.0,18,0,0,0.0,72,72,202.25,201.0,,1,0.0,5.31443674842792
16165,1,79.9,1,1,0,0.0,0.0,1,1,0,0.0,506,506,79.9,2.0,,1,0.0,0.0
14791,1,303.63000000000005,1,1,0,0.0,0.0,19,1,0,0.0,607,607,303.63000000000005,127.0,,1,0.0,0.0
14084,1,150.5,1,1,0,0.0,0.0,7,1,0,0.0,513,513,150.5,306.0,,1,0.0,0.0
15390,2,1216.6599999999999,2,2,0,0.0,0.0,77,0,0,0.0,397,410,608.3299999999999,447.0,13.0,0,0.0,0.0
13667,1,299.05,1,1,0,0.0,299.05,82,1,0,0.0,150,150,299.05,149.0,,1,0.0,-5.703949127435522
14076,1,118.66999999999999,1,1,0,0.0,118.66999999999999,43,1,0,0.0,130,130,118.66999999999999,79.0,,1,0.0,-4.784737954585425
13061,1,248.61,1,1,1,248.61,0.0,10,1,0,0.0,73,73,248.61,107.0,,1,0.0,5.519899699795292
16106,1,108.38,1,1,1,108.38,0.0,6,1,0,0.0,66,66,108.38,74.0,,1,0.0,4.694828057918627
16056,1,650.75,1,1,1,650.75,0.0,66,1,0,0.0,46,46,650.75,345.0,,1,0.0,6.479661052813611
12544,1,316.7,1,1,1,316.7,0.0,18,0,1,17.0,37,37,316.7,134.0,,1,0.050943961642193586,5.761107541275471
16195,1,323.25000000000006,1,1,0,0.0,0.0,16,1,0,0.0,724,724,323.25000000000006,123.0,,1,0.0,0.0
13036,1,307.1,1,1,0,0.0,0.0,6,1,0,0.0,685,685,307.1,38.0,,1,0.0,0.0
18046,1,189.63,1,1,0,0.0,0.0,26,1,0,0.0,650,650,189.63,44.0,,1,0.0,0.0
17599,1,52.05,1,1,0,0.0,0.0,3,1,2,7.5,478,478,52.05,11.0,,1,0.12594458438287154,0.0
14787,1,110.64999999999999,1,1,0,0.0,0.0,14,1,0,0.0,472,472,110.64999999999999,59.0,,1,0.0,0.0
14838,2,769.92,2,2,0,0.0,0.0,69,1,0,0.0,424,737,384.96,180.5,313.0,0,0.0,0.0
16785,1,533.78,1,1,0,0.0,0.0,35,1,0,0.0,410,410,533.78,313.0,,1,0.0,0.0
14417,1,524.65,1,1,0,0.0,0.0,106,1,0,0.0,388,388,524.65,543.0,,1,0.0,0.0
16517,1,162.70000000000002,1,1,0,0.0,0.0,17,1,0,0.0,278,278,162.70000000000002,96.0,,1,0.0,0.0
16457,1,208.36,1,1,0,0.0,0.0,9,1,0,0.0,219,219,208.36,140.0,,1,0.0,0.0
15746,1,196.88,1,1,0,0.0,196.88,28,1,1,13.919999999999998,135,135,196.88,178.0,,1,0.06603415559772295,-5.287660786359508
16826,1,341.70000000000005,1,1,1,341.70000000000005,0.0,22,1,0,0.0,52,52,341.70000000000005,158.0,,1,0.0,5.836855428880563
16277,1,188.69,1,1,0,0.0,0.0,23,1,0,0.0,734,734,188.69,33.0,,1,0.0,0.0
15575,1,30.1,1,1,0,0.0,0.0,3,1,0,0.0,620,620,30.1,6.0,,1,0.0,0.0
16420,1,75.0,1,1,0,0.0,0.0,2,1,0,0.0,397,397,75.0,120.0,,1,0.0,0.0
13682,1,59.5,1,1,0,0.0,0.0,3,1,0,0.0,188,188,59.5,10.0,,1,0.0,0.0
12439,2,1142.88,2,2,0,0.0,0.0,69,0,1,53.699999999999996,683,726,571.44,239.0,43.0,0,0.044877902020759156,0.0
14207,1,157.8,1,1,0,0.0,0.0,2,1,0,0.0,688,688,157.8,36.0,,1,0.0,0.0
13757,1,195.54999999999995,1,1,0,0.0,0.0,8,1,0,0.0,675,675,195.54999999999995,54.0,,1,0.0,0.0
16346,1,224.50999999999996,1,1,0,0.0,0.0,15,1,0,0.0,386,386,224.50999999999996,289.0,,1,0.0,0.0
17654,1,117.54999999999998,1,1,0,0.0,0.0,22,1,0,0.0,278,278,117.54999999999998,41.0,,1,0.0,0.0
17795,2,342.8299999999999,2,2,0,0.0,187.14,43,1,0,0.0,180,265,171.41499999999996,152.5,85.0,0,0.0,-5.237186366543805
15517,1,267.03,1,1,0,0.0,0.0,27,1,0,0.0,234,234,267.03,293.0,,1,0.0,0.0
16181,1,305.5400000000001,1,1,1,305.5400000000001,0.0,11,1,0,0.0,74,74,305.5400000000001,152.0,,1,0.0,5.725348252570762
18104,1,754.6400000000001,1,1,1,754.6400000000001,0.0,38,1,0,0.0,38,38,754.6400000000001,362.0,,1,0.0,6.627565072288652
14879,1,185.06,1,1,0,0.0,0.0,27,1,0,0.0,685,685,185.06,104.0,,1,0.0,0.0
12954,1,162.45,1,1,0,0.0,0.0,10,1,0,0.0,639,639,162.45,83.0,,1,0.0,0.0
13961,1,538.4,1,1,0,0.0,0.0,19,1,1,39.7,393,393,538.4,226.0,,1,0.0686732399238886,0.0
17701,1,417.95,1,1,0,0.0,0.0,24,1,0,0.0,253,253,417.95,109.0,,1,0.0,0.0
17630,2,503.59999999999997,2,2,0,0.0,168.09999999999997,24,1,0,0.0,170,233,251.79999999999998,79.0,63.0,0,0.0,-5.130490255904534
18238,1,270.91999999999996,1,1,0,0.0,0.0,14,1,0,0.0,516,516,270.91999999999996,114.0,,1,0.0,0.0
17945,3,359.5,1,1,0,0.0,0.0,65,1,0,0.0,697,697,119.83333333333333,81.0,,1,0.0,0.0
18199,1,344.75,1,1,0,0.0,0.0,20,1,1,2.55,684,684,344.75,99.0,,1,0.00734235531241002,0.0
13701,1,161.0,1,1,0,0.0,0.0,9,1,1,1.45,447,447,161.0,80.0,,1,0.008925823330255463,0.0
14192,1,293.74,1,1,0,0.0,0.0,14,1,0,0.0,389,389,293.74,218.0,,1,0.0,0.0
17711,2,385.1,2,2,1,164.57000000000002,0.0,22,1,0,0.0,11,290,192.55,123.0,279.0,0,0.0,5.10939406611952
18049,2,500.5,2,2,0,0.0,0.0,81,1,0,0.0,438,591,250.25,200.0,153.0,0,0.0,0.0
18267,1,269.37,1,1,0,0.0,0.0,17,1,1,16.5,673,673,269.37,135.0,,1,0.05771854339385035,0.0
16543,1,292.21,1,1,0,0.0,0.0,18,1,1,14.399999999999999,592,592,292.21,317.0,,1,0.04696520009132123,0.0
14919,1,359.35,1,1,0,0.0,0.0,13,1,0,0.0,540,540,359.35,129.0,,1,0.0,0.0
18054,1,176.50000000000003,1,1,0,0.0,0.0,11,1,0,0.0,393,393,176.50000000000003,96.0,,1,0.0,0.0
15165,1,487.75,1,1,0,0.0,0.0,27,1,0,0.0,374,374,487.75,160.0,,1,0.0,0.0
12886,2,1378.4,2,2,1,603.4000000000001,0.0,75,1,1,27.31,68,220,689.2,385.0,152.0,0,0.019427904759872234,6.404236230398585
18000,1,124.25,1,1,0,0.0,0.0,6,1,0,0.0,565,565,124.25,109.0,,1,0.0,0.0
18200,1,150.35,1,1,0,0.0,150.35,29,1,0,0.0,107,107,150.35,104.0,,1,0.0,-5.019595035467727
17658,2,595.4200000000001,2,2,1,277.82,0.0,17,1,1,109.53999999999999,26,212,297.71000000000004,308.0,186.0,0,0.15538470267816612,5.630566412324942
17186,2,144.0,2,1,2,144.0,0.0,1,1,0,0.0,47,61,72.0,100.0,14.0,0,0.0,4.976733742420574
15680,10,4028.6900000000005,10,10,2,854.7900000000001,0.0,155,1,2,43.1,10,738,402.869,274.3,80.88888888888889,0,0.010585025259161204,6.752025018941322
16168,66,10360.670000000002,56,22,9,1155.48,1236.81,131,1,6,81.65,11,737,156.9798484848485,75.37878787878788,13.2,0,0.007819143638578399,-0.06796278015838997
18181,5,1188.3400000000001,5,4,1,366.8500000000001,0.0,139,1,2,21.73,25,736,237.66800000000003,102.0,177.75,0,0.01795763881428347,5.907675246378274
17406,13,4186.95,11,8,0,0.0,0.0,155,1,5,312.95,334,734,322.0730769230769,142.07692307692307,40.0,0,0.06954598991088691,0.0
16773,3,421.24,3,3,1,171.59,0.0,53,1,0,0.0,58,734,140.41333333333333,84.0,338.0,0,0.0,5.150918839543312
15523,16,17259.190000000002,15,11,1,412.01000000000005,0.0,65,1,2,139.95,85,738,1078.6993750000001,977.0625,46.642857142857146,0,0.008043501000624167,6.023471805742962
17961,100,2866.7400000000007,84,23,8,116.82,243.01999999999998,486,1,2,16.45,22,739,28.667400000000008,14.91,8.63855421686747,0,0.005705485937451225,-0.7280921530536464
15808,21,17180.25,21,14,0,0.0,0.0,348,1,3,141.29999999999998,307,739,818.1071428571429,321.57142857142856,21.6,0,0.008157468586818154,0.0
18242,8,3605.2100000000005,7,6,2,1538.4099999999999,0.0,113,1,0,0.0,73,698,450.65125000000006,252.625,104.16666666666667,0,0.0,7.339154505116535
17213,13,4869.400000000001,12,8,2,1001.22,843.0600000000001,130,1,7,103.36999999999999,41,725,374.5692307692308,160.53846153846155,62.18181818181818,0,0.02078720713003014,0.1717492363065185
17841,211,68508.15,193,25,43,17186.0,10519.04,2114,1,76,1232.89,2,738,324.6831753554502,173.27488151658767,3.8333333333333335,0,0.017678113202785624,0.49087127451084633
13313,12,3445.3199999999993,11,10,2,636.98,308.59999999999997,105,1,3,22.049999999999997,23,738,287.10999999999996,192.33333333333334,71.5,0,0.006359286721636283,0.723025793175478
14628,5,1998.0,5,5,0,0.0,340.38,65,1,0,0.0,92,684,399.6,229.4,148.0,0,0.0,-5.832996226336187
14099,20,5750.91,20,17,3,794.25,988.46,273,1,2,65.2,17,730,287.5455,183.3,37.526315789473685,0,0.011210241897075538,-0.21850280913947984
13553,1,499.59999999999997,1,1,0,0.0,0.0,85,1,0,0.0,675,675,499.59999999999997,201.0,,1,0.0,0.0
14399,8,2108.21,8,8,0,0.0,0.0,119,1,1,15.0,395,675,263.52625,120.625,40.0,0,0.0070647745630436935,0.0
13293,6,1192.94,6,5,0,0.0,0.0,51,1,1,12.600000000000001,393,669,198.82333333333335,92.5,55.2,0,0.010451747764487285,0.0
15260,25,8767.730000000001,20,16,0,0.0,540.29,186,1,5,89.85000000000001,101,734,350.70920000000007,178.72,33.31578947368421,0,0.010143854190422213,-6.293955179588317
13276,5,1891.9099999999999,5,5,1,453.54999999999995,137.38,209,1,2,20.7,64,643,378.38199999999995,168.0,144.75,0,0.01082290691777205,1.189304394497202
15847,5,822.57,5,5,1,208.59,0.0,39,1,0,0.0,39,642,164.514,128.6,150.75,0,0.0,5.345153241385068
14249,12,5400.46,8,7,0,0.0,0.0,177,1,0,0.0,411,680,450.03833333333336,198.5,38.42857142857143,0,0.0,0.0
14400,3,1732.47,3,3,0,0.0,574.7,71,1,2,29.47,150,632,577.49,568.6666666666666,241.0,0,0.016725881698582242,-6.355586691681764
18189,3,1403.73,3,3,1,457.1400000000001,0.0,79,1,2,7.15,78,626,467.91,278.6666666666667,274.0,0,0.005067759129054207,6.127174814260429
12971,116,15704.599999999999,99,24,22,3024.59,3305.9800000000005,102,1,3,486.55,4,725,135.38448275862066,123.32758620689656,7.357142857142857,0,0.03005036702149014,-0.08892927241689286
14844,10,6702.43,8,8,1,932.13,1383.13,158,1,2,14.0,64,607,670.243,436.9,77.57142857142857,0,0.002084440692451198,-0.39428253578423345
16231,4,1074.47,4,3,0,0.0,0.0,69,1,0,0.0,380,598,268.6175,140.75,72.66666666666667,0,0.0,0.0
15696,13,3881.2199999999993,13,10,2,1081.1599999999999,0.0,163,1,8,149.09999999999997,34,685,298.5553846153846,106.61538461538461,54.25,0,0.036994581075448105,6.986714322780938
17888,25,1807.4400000000003,24,17,4,419.0,128.27,145,1,5,495.13,22,719,72.29760000000002,61.44,30.304347826086957,0,0.21503363632810293,1.178351470981558
12835,41,5996.83,37,11,0,0.0,0.0,138,1,8,24.639999999999997,428,737,146.2641463414634,57.292682926829265,8.583333333333334,0,0.004092024040641238,0.0
14031,44,39019.51,39,23,6,7659.83,1722.4699999999998,280,1,10,2906.9799999999996,8,737,886.8070454545455,313.25,19.18421052631579,0,0.06933516256667323,1.4917806325909897
13001,33,24042.649999999998,33,20,2,1203.4,770.07,300,1,4,36.05,5,737,728.5651515151515,407.5151515151515,22.875,0,0.0014971738507477564,0.4459576359852333
14092,24,7229.450000000001,22,20,4,1331.4899999999998,947.95,169,1,3,13.81,8,724,301.2270833333334,150.25,34.095238095238095,0,0.0019066000668207406,0.3394485411384789
18177,9,2216.32,9,8,1,303.6,324.17,66,1,1,27.25,32,725,246.2577777777778,137.55555555555554,86.625,0,0.012145821168940571,-0.06534868203470712
15812,12,5201.47,12,12,0,0.0,746.9200000000001,87,1,1,15.299999999999999,108,725,433.4558333333334,287.5,56.09090909090909,0,0.0029328492534652665,-6.61729602038306
16202,9,2501.9900000000002,7,6,0,0.0,0.0,105,1,2,34.95,361,738,277.9988888888889,145.22222222222223,62.833333333333336,0,0.013776439332424102,0.0
14687,3,1402.06,3,3,0,0.0,628.38,34,1,0,0.0,107,552,467.3533333333333,283.3333333333333,222.5,0,0.0,-6.444735207830545
17040,2,463.24999999999994,2,2,0,0.0,449.72999999999996,15,1,0,0.0,138,551,231.62499999999997,94.5,413.0,0,0.0,-6.110868490605405
13446,11,3881.89,11,7,0,0.0,0.0,113,1,7,268.62,431,664,352.8990909090909,218.45454545454547,23.3,0,0.06471975733102679,0.0
18109,38,9555.710000000001,37,18,8,3178.0500000000006,1937.86,203,1,7,139.3,2,527,251.46605263157898,126.89473684210526,14.583333333333334,0,0.014368216226698064,0.49448223853365203
15542,3,855.71,2,2,0,0.0,0.0,212,1,1,22.55,513,738,285.2366666666667,139.33333333333334,225.0,0,0.0256757679958099,0.0
16128,11,3801.05,10,7,3,1185.52,306.4,155,1,3,52.65,18,512,345.55,222.27272727272728,54.888888888888886,0,0.013662194773853697,1.3506301009292994
13705,7,1717.19,7,7,1,189.18,204.54000000000002,55,1,0,0.0,8,625,245.31285714285715,129.42857142857142,102.83333333333333,0,0.0,-0.07766967008562897
15015,13,2344.47,11,7,0,0.0,0.0,157,1,7,89.2,502,726,180.34384615384613,119.92307692307692,22.4,0,0.03665246315235838,0.0
13552,22,6948.919999999999,14,13,3,977.16,901.62,162,1,10,360.29,67,659,315.85999999999996,119.54545454545455,45.53846153846154,0,0.04929260480954851,0.08037161047890606
16883,19,2246.0600000000004,18,8,0,0.0,0.0,159,1,1,9.95,188,736,118.21368421052634,53.473684210526315,32.23529411764706,0,0.004410441443078709,0.0
18145,11,5609.739999999999,11,11,2,1837.7699999999998,0.0,250,1,1,17.700000000000003,13,732,509.97636363636354,464.0,71.9,0,0.003145302304422616,7.516852148810946
13032,9,2815.96,6,5,2,1010.1800000000001,0.0,147,1,2,25.96,53,461,312.88444444444445,141.55555555555554,81.6,0,0.009134669519198288,6.918873244715984
17713,4,1198.09,4,4,0,0.0,0.0,55,1,0,0.0,383,549,299.5225,247.25,55.333333333333336,0,0.0,0.0
15394,11,5286.799999999999,10,10,2,747.1,0.0,129,1,2,35.4,10,725,480.61818181818177,215.63636363636363,79.44444444444444,0,0.006651384765698397,6.617536658878359
13381,12,8224.369999999999,12,12,2,1177.98,1389.98,154,1,3,39.35,32,739,685.3641666666666,427.0833333333333,64.27272727272727,0,0.004761777988605617,-0.16535887680978245
12964,1,132.24,1,1,0,0.0,0.0,26,1,0,0.0,438,438,132.24,56.0,,1,0.0,0.0
13962,3,362.79999999999995,3,3,1,51.949999999999996,0.0,23,1,0,0.0,22,436,120.93333333333332,53.333333333333336,207.0,0,0.0,3.9693480720474152
14769,17,15512.459999999997,17,15,2,4130.49,650.5899999999999,833,1,4,75.21,3,724,912.4976470588234,650.4117647058823,45.0625,0,0.004824967426177229,1.84697786593832
16843,35,19571.429999999997,27,17,3,1387.33,4967.339999999999,317,1,3,42.650000000000006,43,730,559.1837142857142,528.6285714285714,26.423076923076923,0,0.002174458348288577,-1.274984194305195
14180,33,6117.5,32,17,3,489.6,825.3,125,1,9,208.49999999999997,11,549,185.37878787878788,25.666666666666668,17.35483870967742,0,0.032959215934239644,-0.5213287718827493
16724,1,147.35,1,1,0,0.0,0.0,17,1,0,0.0,405,405,147.35,69.0,,1,0.0,0.0
14152,7,1997.3399999999997,6,6,1,306.78,0.0,104,1,2,21.9,76,660,285.33428571428567,263.42857142857144,116.8,0,0.010845664705532776,5.729385242035706
15628,17,5333.08,17,15,4,1244.8400000000001,620.28,136,1,4,48.900000000000006,5,727,313.7105882352941,209.94117647058823,45.125,0,0.009085875458474392,0.695783414203726
15001,2,197.11,1,1,0,0.0,0.0,43,1,0,0.0,395,395,98.555,34.5,,1,0.0,0.0
16395,14,3517.56,12,9,2,517.76,513.74,415,1,3,78.9,61,734,251.25428571428571,207.14285714285714,61.18181818181818,0,0.02193823926861414,0.007779429654611647
15842,2,548.8,2,2,0,0.0,0.0,24,1,1,20.049999999999997,394,528,274.4,148.0,134.0,0,0.035246550057132814,0.0
17759,5,1260.6299999999999,4,4,1,652.8100000000001,165.89999999999998,113,1,0,0.0,18,584,252.12599999999998,192.8,188.66666666666666,0,0.0,1.3654219587026581
17243,69,20184.68,66,24,10,4207.6900000000005,1547.46,358,1,11,180.64999999999998,2,739,292.53159420289853,114.53623188405797,11.338461538461539,0,0.008870467603520294,0.9998905467295813
13047,23,8423.58,18,16,1,550.58,1010.33,189,1,17,313.49,57,724,366.24260869565217,144.65217391304347,39.23529411764706,0,0.03588044962441642,-0.6062346881523117
14810,13,2354.03,13,10,1,218.55,590.63,125,1,0,0.0,41,430,181.07923076923078,89.38461538461539,32.416666666666664,0,0.0,-0.991301442482361
13324,18,10513.470000000001,12,11,3,3322.96,0.0,36,1,5,92.1,37,564,584.0816666666667,469.3333333333333,47.90909090909091,0,0.008684115988108134,8.10891212220859
16899,8,1695.77,8,7,3,760.8800000000001,162.63,101,1,0,0.0,8,398,211.97125,101.375,55.714285714285715,0,0.0,1.5381812815295541
16556,17,8012.580000000001,17,16,1,757.4200000000001,917.55,280,1,7,402.35,67,733,471.3282352941177,256.05882352941177,41.625,0,0.04781382613996789,-0.19155901785383378
15563,6,2820.46,6,6,1,625.82,0.0,178,1,3,55.790000000000006,23,681,470.07666666666665,490.8333333333333,131.6,0,0.0193967840069535,6.440659418077471
15044,32,15769.01,28,20,4,2482.05,696.95,343,1,9,115.4,20,724,492.7815625,163.65625,26.074074074074073,0,0.007264984975834797,1.2690954552777862
13680,12,11419.67,12,9,2,1327.5299999999997,0.0,354,1,1,1520.1100000000001,2,736,951.6391666666667,437.0,66.72727272727273,0,0.11747572215292687,7.191828346804141
12359,10,8873.39,10,8,1,2814.3,0.0,305,0,4,221.05,58,735,887.3389999999999,273.9,75.22222222222223,0,0.02430605952647992,7.942824106831463
15447,5,492.88000000000005,4,4,0,0.0,0.0,27,1,1,7.95,331,626,98.57600000000001,45.6,98.33333333333333,0,0.015873649741429227,0.0
13008,3,612.1299999999999,3,3,0,0.0,0.0,31,1,4,68.85,324,724,204.0433333333333,126.33333333333333,200.0,0,0.10110429087491557,0.0
14662,7,1376.4299999999998,7,7,1,229.09,0.0,199,1,0,0.0,29,737,196.63285714285712,129.57142857142858,118.0,0,0.0,5.438470536731441
13330,6,2796.1000000000004,6,6,0,0.0,412.7099999999999,80,1,0,0.0,93,655,466.0166666666667,325.1666666666667,112.4,0,0.0,-6.025165245280616
14443,5,2082.97,5,5,1,428.68,383.12,119,1,3,19.32,54,380,416.59399999999994,271.4,81.5,0,0.009189978547203288,0.11208574182743192
17567,9,4838.08,9,9,2,1406.03,1051.48,128,1,2,318.91999999999996,8,442,537.5644444444445,323.1111111111111,54.25,0,0.061842156292418064,0.29033181584800793
17090,13,3080.18,12,9,3,1162.88,162.72,54,1,2,93.53999999999999,5,509,236.93692307692305,103.38461538461539,45.81818181818182,0,0.029473299471913086,1.9613568785692497
12431,25,10102.220000000001,24,16,4,1582.88,1716.04,243,0,6,138.56,36,694,404.08880000000005,183.12,28.608695652173914,0,0.01353021937782083,-0.08072434514454585
17191,15,4310.339999999999,12,11,1,532.17,385.80999999999995,269,1,1,25.5,29,739,287.35599999999994,147.2,64.54545454545455,0,0.005881213328905127,0.32090670625661755
16923,32,13157.130000000001,29,18,5,2305.1400000000003,1079.1999999999998,431,1,9,584.98,13,678,411.16031250000003,193.4375,23.75,0,0.04256842653711839,0.7584289220155691
12637,12,8085.8099999999995,11,9,1,308.0,3271.75,294,0,1,14.649999999999999,68,544,673.8175,353.8333333333333,47.6,0,0.001808539268140328,-2.3600446121624623
16520,6,2148.38,6,6,0,0.0,0.0,251,1,2,16.7,187,648,358.06333333333333,174.16666666666666,92.2,0,0.007713340846527611,0.0
17054,5,1356.33,5,4,1,149.01,288.49999999999994,64,1,1,2.5,29,246,271.26599999999996,160.8,54.25,0,0.0018398180787883695,-0.6574533384722505
17179,6,1507.26,6,6,0,0.0,223.48,75,1,0,0.0,179,563,251.21,104.16666666666667,76.8,0,0.0,-5.413786616354151
14740,11,4161.0599999999995,11,9,0,0.0,0.0,173,1,2,92.2,198,653,378.2781818181818,189.1818181818182,45.5,0,0.021677489737283877,0.0
12502,5,2995.87,5,5,0,0.0,1517.2199999999998,101,0,0,0.0,96,310,599.174,158.8,53.5,0,0.0,-7.325293874990826
13520,11,5446.0,11,11,1,596.3699999999999,655.9999999999999,80,0,3,108.75,59,723,495.09090909090907,286.3636363636364,66.4,0,0.01957783878662406,-0.09514733157318922
14340,1,134.7,1,1,0,0.0,0.0,6,1,0,0.0,219,219,134.7,58.0,,1,0.0,0.0
16316,13,5744.910000000001,12,10,1,726.1,383.7,193,1,6,211.60000000000002,65,494,441.9161538461539,235.15384615384616,39.0,0,0.035524157602354396,0.6366002098977619
17422,11,3594.76,11,11,1,280.4,695.86,149,1,9,253.11,17,535,326.79636363636365,321.6363636363636,51.8,0,0.0657792492989628,-0.9068073850728586
14078,9,1551.82,9,9,0,0.0,221.46,106,1,0,0.0,102,622,172.42444444444445,65.0,65.0,0,0.0,-5.404747310163883
16690,4,353.03000000000003,4,4,1,139.08,0.0,12,1,1,16.95,73,452,88.25750000000001,52.25,126.33333333333333,0,0.04581328720471376,4.942213687977596
17750,9,1694.1599999999999,9,7,4,505.95,1188.21,100,1,0,0.0,6,165,188.23999999999998,410.6666666666667,19.875,0,0.0,-0.8526321207044623
12931,57,91810.34,43,19,4,8988.259999999998,28609.999999999996,37,1,11,20800.37,22,739,1610.7077192982456,1098.3508771929824,17.071428571428573,0,0.18471040631925684,-1.1577607278511817
15985,7,2715.28,6,6,0,0.0,242.84000000000003,50,1,1,105.0,124,562,387.8971428571429,392.85714285714283,87.6,0,0.03723034592309983,-5.496512272498282
15796,17,5170.63,17,14,3,1135.8400000000001,325.8,137,1,4,104.30000000000001,2,619,304.15470588235297,101.88235294117646,38.5625,0,0.01977277423586664,1.2466593996664015
12593,3,382.1,3,2,0,0.0,182.1,13,0,0,0.0,109,219,127.36666666666667,68.0,55.0,0,0.0,-5.2100324516804655
15410,10,4685.72,10,8,1,361.43,1288.52,80,1,0,0.0,85,600,468.572,190.2,57.22222222222222,0,0.0,-1.2691939828890932
16686,16,4881.07,14,14,1,559.9399999999999,1204.31,549,1,2,19.35,48,734,305.066875,213.6875,52.76923076923077,0,0.003948641136882145,-0.764878126318222
13889,6,1991.23,6,6,0,0.0,416.90000000000003,57,1,2,135.5,93,687,331.87166666666667,163.16666666666666,118.8,0,0.06371283613810874,-6.03524216945387
13700,13,2596.9700000000003,11,9,2,613.8600000000001,707.6,163,1,1,27.25,27,671,199.7669230769231,214.30769230769232,64.4,0,0.010384037923649694,-0.1418965928157121
17802,10,4946.219999999999,9,8,1,652.6199999999999,0.0,283,1,6,137.28,83,727,494.62199999999996,270.5,80.5,0,0.027005016228976105,6.482526142832832
16173,6,1418.3200000000002,6,3,4,783.2700000000001,635.05,70,1,1,11.75,16,99,236.38666666666668,95.83333333333333,16.6,0,0.008216381016313886,0.2094761722154388
17629,10,2455.52,10,10,3,1015.74,192.19,129,1,1,30.0,6,422,245.552,190.3,46.22222222222222,0,0.01206990891242074,1.6606825488750996
18226,26,11878.880000000001,25,16,2,977.02,1650.69,299,1,12,129.3,45,645,456.88000000000005,303.1923076923077,25.0,0,0.010767660045069278,-0.5240241654170186
17839,1,318.15,1,1,1,318.15,0.0,50,1,0,0.0,43,43,318.15,257.0,,1,0.0,5.765661211702066
14487,7,1266.27,6,5,5,1040.38,0.0,129,1,1,12.75,27,380,180.8957142857143,108.71428571428571,70.6,0,0.009968569686165971,6.948302035627924
15251,21,20324.54,19,16,3,789.17,5600.1,183,1,9,205.62,10,680,967.8352380952381,576.5714285714286,37.22222222222222,0,0.010015508890335,-1.958470173820639
17930,13,4275.22,13,11,3,1046.34,303.53999999999996,39,1,2,32.3,36,646,328.86307692307696,291.9230769230769,50.833333333333336,0,0.007498514226283335,1.2352064540869856
15344,3,563.94,3,3,3,563.94,0.0,21,1,2,87.35999999999999,1,75,187.98000000000002,38.666666666666664,37.0,0,0.13413173652694607,6.3367195308171205
12849,6,3015.98,6,5,1,341.44000000000005,0.0,122,1,0,0.0,32,592,502.66333333333336,305.6666666666667,112.0,0,0.0,5.836096459874285
17313,1,2328.84,1,1,1,2328.84,0.0,24,1,1,40.71000000000001,32,32,2328.84,1402.0,,1,0.017180477305817562,7.7535548746739895
17512,18,5467.82,17,12,2,1033.0900000000001,589.48,102,1,2,35.55,29,730,303.7677777777778,301.8888888888889,43.8125,0,0.006459678342542841,0.560341326437718
13999,29,9502.259999999998,29,21,3,1032.8400000000001,1622.1499999999999,174,1,7,64.25,11,735,327.6641379310344,173.89655172413794,25.857142857142858,0,0.006716137860097362,-0.451088680468831
17720,10,2666.91,10,10,1,308.34,355.21999999999997,81,1,2,53.849999999999994,27,579,266.691,158.9,61.333333333333336,0,0.0197922639262559,-0.14110752190064524
17377,78,17639.230000000003,69,20,11,2017.98,442.72,504,1,12,455.0,24,738,226.1439743589744,93.88461538461539,10.5,0,0.025146137746673937,1.515153979499308
16657,4,874.4300000000001,4,3,2,459.64,199.36,158,1,0,0.0,10,255,218.60750000000002,282.5,81.66666666666667,0,0.0,0.8325010783744498
17650,1,166.08000000000004,1,1,1,166.08000000000004,0.0,8,1,0,0.0,22,22,166.08000000000004,150.0,,1,0.0,5.118472739628975
18130,3,1059.3899999999999,3,2,3,1059.3899999999999,0.0,58,1,1,13.65,16,58,353.12999999999994,274.6666666666667,21.0,0,0.012720867814806532,6.966392043966782
13589,6,1120.74,6,6,1,232.64999999999998,147.0,48,1,0,0.0,15,734,186.79,48.833333333333336,143.8,0,0.0,0.4566119953823202
16426,10,1863.76,7,5,6,1173.9299999999998,361.46,211,1,0,0.0,3,277,186.376,121.5,45.666666666666664,0,0.0,1.1760497269568404
14910,4,434.35,4,3,4,434.35,0.0,25,1,3,44.489999999999995,3,55,108.5875,59.5,17.333333333333332,0,0.0929120374237741,6.076150305274624
16000,3,12393.699999999999,1,1,3,12393.699999999999,0.0,9,1,0,0.0,3,3,4131.233333333333,1703.3333333333333,,1,0.0,9.4250242408686
17271,1,204.3,1,1,0,0.0,0.0,46,1,0,0.0,737,737,204.3,113.0,,1,0.0,0.0
15309,4,797.96,4,4,0,0.0,0.0,49,1,6,82.43,611,736,199.49,110.0,41.666666666666664,0,0.0936289598927748,0.0
17047,6,2289.2299999999996,5,5,1,351.46999999999997,0.0,114,1,0,0.0,86,732,381.53833333333324,197.33333333333334,161.5,0,0.0,5.864965512247591
15302,1,308.0,1,1,0,0.0,0.0,15,1,1,16.95,731,731,308.0,102.0,,1,0.0521618710570857,0.0
13491,27,4467.66,27,19,1,127.37,56.82000000000001,144,1,0,0.0,52,733,165.46888888888887,87.0,26.192307692307693,0,0.0,0.7975819825086345
13777,61,49638.26000000001,46,24,9,13616.92,1003.9200000000001,44,1,11,410.1,1,738,813.7419672131149,380.1639344262295,16.377777777777776,0,0.008194074690958904,2.606478636113171
16331,6,2037.7,4,3,0,0.0,0.0,33,1,0,0.0,433,643,339.6166666666667,126.0,70.0,0,0.0,0.0
12957,13,8706.97,11,10,4,2302.25,0.0,402,1,8,78.55,10,729,669.766923076923,360.46153846153845,71.9,0,0.008940848122820278,7.742076447989041
14857,7,3651.85,5,5,1,650.6,522.52,169,1,3,72.92,60,635,521.6928571428572,297.14285714285717,143.75,0,0.019577047710328425,0.21885564275356284
14330,1,200.63,1,1,0,0.0,0.0,13,1,0,0.0,624,624,200.63,103.0,,1,0.0,0.0
13929,11,3494.1000000000004,9,9,0,0.0,429.79999999999995,38,1,3,176.0,170,695,317.6454545454546,142.36363636363637,65.625,0,0.04795509659137353,-6.0656439452822335
14990,2,304.17,2,2,0,0.0,0.0,41,1,0,0.0,613,731,152.085,64.5,118.0,0,0.0,0.0
14160,7,8421.47,7,4,0,0.0,0.0,80,1,0,0.0,611,699,1203.0671428571427,665.8571428571429,14.666666666666666,0,0.0,0.0
12392,1,234.75000000000003,1,1,0,0.0,0.0,7,0,0,0.0,592,592,234.75000000000003,73.0,,1,0.0,0.0
14389,5,1898.0099999999998,5,5,1,732.3199999999999,0.0,48,1,6,76.94,66,591,379.602,277.6,131.25,0,0.03895794830248867,6.597582168694824
13824,12,3314.7600000000007,12,12,1,269.1,196.85999999999999,59,1,2,41.400000000000006,33,638,276.2300000000001,120.16666666666667,55.0,0,0.012335526315789472,0.311232550903493
14316,5,1370.34,4,4,0,0.0,0.0,21,1,1,15.0,423,631,274.068,898.8,69.33333333333333,0,0.010827666854346225,0.0
14876,2,256.7,2,2,0,0.0,0.0,12,1,0,0.0,522,562,128.35,81.0,40.0,0,0.0,0.0
14209,15,4993.2699999999995,15,14,1,197.10000000000002,793.1800000000001,133,1,4,55.89999999999999,11,687,332.88466666666665,115.93333333333334,48.285714285714285,0,0.011071126541590004,-1.3885381821019003
14618,7,1342.32,6,5,2,341.64,0.0,40,1,2,31.8,10,547,191.76,100.57142857142857,107.4,0,0.023142083660815653,5.8366803333071156
16062,8,2863.45,7,7,1,375.48,199.95999999999998,134,1,0,0.0,10,537,357.93125,254.375,87.83333333333333,0,0.0,0.6277590416992185
12799,1,219.34999999999997,1,1,0,0.0,0.0,15,0,0,0.0,530,530,219.34999999999997,137.0,,1,0.0,0.0
14870,6,1838.95,5,5,0,0.0,0.0,43,1,3,44.349999999999994,262,684,306.4916666666667,80.5,105.5,0,0.023549089364413526,0.0
18168,16,3435.5,16,13,0,0.0,115.14999999999999,209,1,6,83.2,177,737,214.71875,124.6875,37.333333333333336,0,0.02364509620030125,-4.754882459216418
16421,3,526.2699999999999,3,3,0,0.0,0.0,35,1,0,0.0,377,470,175.4233333333333,41.0,46.5,0,0.0,0.0
16289,1,136.30999999999997,1,1,0,0.0,0.0,21,1,1,37.5,463,463,136.30999999999997,97.0,,1,0.2157528335538807,0.0
13728,16,2855.17,16,16,1,219.12,303.09,75,1,0,0.0,37,731,178.448125,79.3125,46.266666666666666,0,0.0,-0.32315085803130916
17473,2,607.0,2,2,0,0.0,0.0,33,1,1,14.850000000000001,409,457,303.5,135.0,48.0,0,0.023880356999276355,0.0
17147,9,3199.9500000000003,9,9,2,741.48,0.0,99,1,7,130.79999999999998,23,698,355.55,145.33333333333334,84.375,0,0.039270434586804764,6.609995934287137
12530,9,3381.26,9,9,1,404.63,380.65,93,0,2,51.400000000000006,60,643,375.6955555555556,299.1111111111111,72.875,0,0.01497381039776733,0.06093745579429655
15329,11,2958.83,11,10,1,295.7,754.0,98,1,9,221.65,40,726,268.98454545454547,110.63636363636364,68.6,0,0.06969073850487977,-0.9339962219522491
18096,6,1638.1599999999999,6,4,3,849.06,0.0,298,1,0,0.0,12,514,273.02666666666664,230.0,100.4,0,0.0,6.745306935228424
13966,1,384.26,1,1,0,0.0,0.0,21,1,0,0.0,436,436,384.26,760.0,,1,0.0,0.0
13360,4,1503.6499999999999,4,3,0,0.0,0.0,57,1,2,39.55,432,701,375.91249999999997,235.25,89.66666666666667,0,0.025628564022809747,0.0
15957,3,921.25,2,2,1,428.89000000000004,0.0,121,1,0,0.0,32,421,307.0833333333333,151.0,389.0,0,0.0,6.063529362008149
14183,2,278.34,2,2,0,0.0,0.0,27,1,0,0.0,412,482,139.17,30.0,70.0,0,0.0,0.0
17236,12,1929.2600000000002,12,11,1,218.40000000000003,133.91,123,1,0,0.0,13,643,160.77166666666668,67.0,57.27272727272727,0,0.0,0.48628865839040447
14484,4,1070.98,4,4,1,321.92,0.0,47,1,0,0.0,51,723,267.745,186.0,224.0,0,0.0,5.777404614526815
17274,2,573.2199999999999,2,2,1,107.81999999999998,0.0,76,1,0,0.0,36,396,286.60999999999996,135.5,360.0,0,0.0,4.689695141057779
17968,4,590.4399999999999,4,3,0,0.0,0.0,106,1,0,0.0,374,513,147.60999999999999,88.0,46.333333333333336,0,0.0,0.0
13988,8,4757.799999999999,8,8,3,2224.46,567.4200000000001,218,1,3,49.160000000000004,20,626,594.7249999999999,423.125,86.57142857142857,0,0.010226837751926376,1.3648583327129762
14146,12,9450.300000000001,9,9,3,2287.2700000000004,0.0,337,1,1,1241.43,9,696,787.5250000000001,481.6666666666667,85.875,0,0.1161112373769259,7.735551352530418
12573,5,717.41,5,4,0,0.0,0.0,107,0,0,0.0,228,466,143.482,95.8,59.5,0,0.0,0.0
14721,1,109.07,1,1,0,0.0,0.0,24,1,0,0.0,380,380,109.07,57.0,,1,0.0,0.0
14157,5,978.69,5,5,1,155.71,0.0,75,1,1,32.45,20,647,195.738,104.2,156.75,0,0.032092489665130446,5.054396963535124
16766,2,1145.6,1,1,0,0.0,0.0,17,1,0,0.0,274,274,572.8,268.0,,1,0.0,0.0
12683,20,10445.7,17,13,2,1656.38,1391.2599999999998,235,0,6,278.17999999999995,5,727,522.2850000000001,347.4,45.125,0,0.025940238048169126,0.17430971618704927
13184,10,1667.9499999999998,9,6,1,196.85,552.13,137,1,2,52.5,15,291,166.795,166.1,34.5,0,0.03051527216716557,-1.0280838874379272
14924,3,931.01,3,3,0,0.0,0.0,30,1,0,0.0,246,640,310.33666666666664,104.0,197.0,0,0.0,0.0
14696,8,2473.28,8,8,2,620.41,287.15000000000003,137,1,2,7.98,5,422,309.16,233.375,59.57142857142857,0,0.003216107945156896,0.7685099116407024
12867,13,7829.26,13,13,1,993.38,1286.57,365,1,3,46.35,27,724,602.2507692307693,605.8461538461538,58.083333333333336,0,0.005885258411729377,-0.2583925726284857
15756,4,528.01,4,4,1,168.12,115.72,160,1,0,0.0,62,250,132.0025,60.25,62.666666666666664,0,0.0,0.370830617907397
15910,15,2661.17,15,15,3,565.52,112.74999999999999,394,1,0,0.0,1,688,177.41133333333335,143.86666666666667,49.07142857142857,0,0.0,1.6055093265151363
13523,6,4534.570000000001,5,5,2,1595.6399999999999,0.0,177,1,1,209.5,34,403,755.7616666666668,331.5,92.25,0,0.04416039392336116,7.375656700136003
16458,30,5690.89,30,19,7,1331.2400000000002,845.8,91,1,0,0.0,3,563,189.69633333333334,113.16666666666667,19.310344827586206,0,0.0,0.45315247578930506
17704,2,885.19,2,2,0,0.0,497.9,27,1,0,0.0,169,240,442.595,171.5,71.0,0,0.0,-6.212405674866992
18218,4,1121.84,4,4,0,0.0,0.0,25,1,2,35.7,212,661,280.46,257.0,149.66666666666666,0,0.030841266824472593,0.0
16384,4,1358.95,4,4,1,175.39999999999998,0.0,80,1,0,0.0,90,591,339.7375,215.25,167.0,0,0.0,5.172754143572691
14825,24,4735.080000000001,24,17,5,887.5400000000001,313.5,187,1,3,38.800000000000004,4,613,197.29500000000004,115.58333333333333,26.47826086956522,0,0.008127560810074822,1.0385955901369712
14232,5,2048.07,5,5,1,474.74,569.36,81,1,3,4.14,43,265,409.61400000000003,388.2,55.5,0,0.0020173374069905126,-0.18139625390155611
13159,4,1429.35,4,3,2,586.26,843.0899999999999,114,1,1,58.10000000000001,9,116,357.3375,264.5,35.666666666666664,0,0.039060136475175644,-0.3627914720651173
14284,3,1299.65,3,3,2,595.25,0.0,59,1,1,16.8,31,654,433.2166666666667,170.0,311.5,0,0.012761593679972654,6.390660042202551
12680,4,790.8100000000001,4,3,3,515.03,275.78000000000003,32,0,0,0.0,1,114,197.70250000000001,109.75,37.666666666666664,0,0.0,0.6229419365286253
16119,8,1720.81,8,8,2,423.36,0.0,37,1,0,0.0,9,724,215.10125,101.375,102.14285714285714,0,0.0,6.050582151591071
17652,12,4867.72,12,7,6,2154.1499999999996,1084.17,118,1,6,130.59,26,282,405.6433333333334,209.08333333333334,23.272727272727273,0,0.026126830868833665,0.6861236699550757
14511,5,1314.81,5,4,3,984.92,329.89,53,1,1,47.400000000000006,12,134,262.962,156.8,30.5,0,0.03479639703129474,1.0917892215478444
12876,4,3751.7900000000004,4,4,1,1386.5900000000001,0.0,116,0,1,13.2,58,591,937.9475000000001,756.25,177.66666666666666,0,0.003505985407663765,7.23532370838182
18118,29,6218.62,29,12,7,1402.1399999999999,719.5999999999999,443,1,6,63.14999999999999,11,382,214.4351724137931,109.37931034482759,13.25,0,0.010052899103278216,0.6663836629826463
14229,7,2594.04,6,6,1,785.0699999999999,0.0,41,1,4,125.04999999999998,52,472,370.57714285714286,133.42857142857142,84.0,0,0.045989650949398504,6.667045846987905
17125,1,230.5,1,1,1,230.5,0.0,34,1,0,0.0,51,51,230.5,281.0,,1,0.0,5.444579873526289
15121,2,457.71999999999997,2,2,1,162.57,0.0,28,1,0,0.0,51,289,228.85999999999999,99.5,238.0,0,0.0,5.097241033270434
14019,3,1421.61,3,3,1,621.0799999999999,800.53,37,1,1,22.65,47,139,473.86999999999995,345.6666666666667,46.0,0,0.015682771800091394,-0.2534536993361991
14416,2,490.22,2,2,2,490.22,0.0,13,1,0,0.0,23,43,245.11,163.0,20.0,0,0.0,6.1968920926164115
17623,7,2365.77,7,7,1,527.05,0.0,130,1,0,0.0,33,726,337.96714285714285,114.14285714285714,115.5,0,0.0,6.269190976192483
12465,2,682.19,2,2,1,271.25,410.94,45,0,1,8.3,18,170,341.095,237.5,152.0,0,0.012020449246187491,-0.4141569458632617
14540,11,3709.64,11,10,2,756.76,0.0,197,1,1,9.9,10,733,337.24,145.0,72.3,0,0.002661619447566097,6.6303667128155315
16628,7,2318.1000000000004,7,7,1,568.21,906.9300000000001,84,1,1,5.01,30,642,331.1571428571429,180.0,102.0,0,0.0021565918101166103,-0.4669178485399099
12663,2,185.40000000000003,2,2,0,0.0,0.0,8,0,1,35.400000000000006,625,669,92.70000000000002,89.0,44.0,0,0.16032608695652173,0.0
16548,1,30.150000000000002,1,1,0,0.0,0.0,6,1,0,0.0,600,600,30.150000000000002,6.0,,1,0.0,0.0
15855,6,1052.72,6,6,0,0.0,237.54999999999998,72,1,0,0.0,137,477,175.45333333333335,118.66666666666667,68.0,0,0.0,-5.474578931962116
17949,116,107833.48,70,25,12,10301.279999999999,37097.2,56,1,12,9364.419999999998,2,738,929.5989655172414,521.0344827586207,10.666666666666666,0,0.07990262624159647,-1.281203220953607
14306,6,3151.4,6,5,2,2093.32,0.0,43,1,1,9.9,52,678,525.2333333333333,344.1666666666667,125.2,0,0.0031316230664600007,7.646984197329087
15367,11,5081.33,9,8,2,461.41,0.0,214,1,2,75.6,58,730,461.9390909090909,267.6363636363636,84.0,0,0.014659884853973196,6.136451943421901
16191,24,15677.820000000003,17,11,5,2564.84,0.0,113,1,15,522.65,3,729,653.2425000000002,389.5,45.375,0,0.032261409699842036,7.850041189373354
12853,11,3907.4999999999995,7,7,0,0.0,1072.1,111,1,5,178.99999999999994,135,673,355.2272727272727,151.63636363636363,89.66666666666667,0,0.04380276520249601,-6.978306934933082
12432,4,4359.32,2,2,2,1042.66,3316.6599999999994,106,0,0,0.0,43,173,1089.83,450.0,130.0,0,0.0,-1.1565259492291995
14967,6,1982.61,4,4,1,463.8,0.0,22,1,0,0.0,50,737,330.435,108.66666666666667,229.0,0,0.0,6.141607205537701
13171,3,468.40999999999997,3,3,2,328.05999999999995,0.0,37,1,2,41.6,22,300,156.13666666666666,76.33333333333333,139.0,0,0.0815670280974883,5.796240104958504
16988,2,382.67,2,2,1,126.12,0.0,20,1,0,0.0,6,380,191.335,79.0,374.0,0,0.0,4.845131522228461
16248,1,152.94000000000003,1,1,1,152.94000000000003,0.0,7,1,0,0.0,62,62,152.94000000000003,78.0,,1,0.0,5.036562916106171
16634,6,1649.81,6,6,0,0.0,0.0,72,1,4,451.50999999999993,223,688,274.9683333333333,209.5,93.0,0,0.21486970094987912,0.0
17281,6,797.8499999999999,6,6,0,0.0,0.0,2,1,0,0.0,375,674,132.975,49.166666666666664,59.8,0,0.0,0.0
16680,3,821.45,3,2,1,183.7,0.0,24,1,0,0.0,44,535,273.81666666666666,125.66666666666667,245.5,0,0.0,5.218732887205194
14224,9,1841.71,9,8,0,0.0,517.6600000000001,189,1,0,0.0,111,545,204.63444444444445,91.77777777777777,54.25,0,0.0,-6.251248562517183
12714,12,12815.710000000001,12,12,1,1229.16,1447.78,435,0,0,0.0,10,736,1067.9758333333334,725.25,66.0,0,0.0,-0.16357758073859774
17353,4,3242.0,4,4,0,0.0,1740.0,7,1,3,86.45,130,625,810.5,542.0,165.0,0,0.025973050519010353,-7.462214939768189
13856,11,1142.03,11,8,0,0.0,169.5,33,1,4,83.15,169,620,103.82090909090908,100.45454545454545,45.1,0,0.06786757864150574,-5.1387352967235715
15166,1,167.15999999999997,1,1,0,0.0,0.0,12,1,0,0.0,468,468,167.15999999999997,140.0,,1,0.0,0.0
13434,5,1666.8600000000001,5,4,1,461.40000000000003,72.84,17,1,0,0.0,75,656,333.372,172.8,145.25,0,0.0,1.834529727163571
14439,5,9443.039999999999,5,4,0,0.0,0.0,105,0,0,0.0,320,688,1888.6079999999997,448.8,92.0,0,0.0,0.0
13022,1,50.3,1,1,0,0.0,0.0,4,0,0,0.0,430,430,50.3,34.0,,1,0.0,0.0
14532,11,3845.78,11,10,0,0.0,0.0,209,1,1,12.75,237,699,349.61636363636364,101.0,46.2,0,0.0033043672072006697,0.0
18087,16,13908.720000000001,13,9,0,0.0,0.0,43,1,3,345.09999999999997,291,739,869.2950000000001,485.875,37.333333333333336,0,0.024211053598263477,0.0
15831,3,794.6400000000001,3,3,1,343.53000000000003,141.17000000000002,63,1,1,54.0,59,325,264.88000000000005,364.0,133.0,0,0.06363122171945701,0.8851576447432183
13900,6,1610.59,6,6,0,0.0,0.0,80,1,1,2.5,184,625,268.4316666666667,156.33333333333334,88.2,0,0.0015498205307825355,0.0
15953,18,3440.3399999999997,18,13,4,833.2399999999999,0.0,102,1,3,144.85,16,737,191.13,96.72222222222223,42.411764705882355,0,0.04040232177374142,6.7265211307451365
17874,6,683.4599999999999,3,3,0,0.0,0.0,37,1,1,25.200000000000003,186,256,113.90999999999998,36.833333333333336,35.0,0,0.03556007112014225,0.0
13216,1,333.74,1,1,0,0.0,0.0,5,1,0,0.0,268,268,333.74,297.0,,1,0.0,0.0
12939,20,25264.8,16,14,4,3591.7200000000003,761.76,24,1,0,0.0,65,697,1263.24,516.4,42.13333333333333,0,0.0,1.5497214208034613
17663,17,5175.83,17,13,3,786.38,225.72,153,1,6,94.78999999999999,26,646,304.4605882352941,135.11764705882354,38.75,0,0.017984601432089582,1.2449952021938797
14285,8,3284.4200000000005,8,7,3,1904.1100000000001,5.9,48,1,0,0.0,22,732,410.55250000000007,119.25,101.42857142857143,0,0.0,5.62077361707269
15934,2,2190.6600000000003,2,1,0,0.0,0.0,29,1,0,0.0,418,430,1095.3300000000002,1083.0,12.0,0,0.0,0.0
17912,6,371.6,5,3,0,0.0,0.0,47,1,1,15.399999999999999,311,376,61.93333333333334,35.0,16.25,0,0.039793281653746765,0.0
13282,4,1313.19,4,4,1,359.0400000000001,428.40000000000003,42,1,3,84.3,19,407,328.2975,102.5,129.33333333333334,0,0.060322435223150075,-0.17617374905579553
16419,8,1463.7,7,6,0,0.0,441.78,62,1,1,12.75,113,669,182.9625,87.625,92.66666666666667,0,0.008635578583765112,-6.093073032696079
16322,2,326.75,2,2,2,326.75,0.0,28,1,0,0.0,2,37,163.375,115.5,35.0,0,0.0,5.792251122643809
16950,10,3533.7700000000004,10,10,1,400.15000000000003,606.41,110,1,1,51.17999999999999,57,685,353.37700000000007,242.4,69.77777777777777,0,0.014276349739884793,-0.41486859389186925
13250,2,253.09,2,2,0,0.0,0.0,17,1,1,7.5,461,503,126.545,53.5,42.0,0,0.028780843470585973,0.0
14905,8,1971.39,8,8,0,0.0,307.6,45,1,2,31.7,158,737,246.42375,126.125,82.71428571428571,0,0.015825549525982356,-5.73204593992906
13539,7,1569.3600000000001,7,7,1,315.69000000000005,0.0,69,1,2,38.1,86,591,224.19428571428574,101.42857142857143,84.16666666666667,0,0.023701989474077114,5.757923377422455
18133,1,931.4999999999999,1,1,0,0.0,0.0,1,1,0,0.0,213,213,931.4999999999999,1350.0,,1,0.0,0.0
13804,9,3161.12,8,5,3,1062.38,802.38,149,1,0,0.0,31,437,351.23555555555555,199.66666666666666,58.0,0,0.0,0.2803799658794386
14173,6,586.0,5,5,3,336.79999999999995,0.0,30,1,1,19.049999999999997,11,731,97.66666666666667,32.333333333333336,180.0,0,0.031485001239566976,5.822454004373699
16698,2,1998.0,2,2,0,0.0,0.0,4,1,0,0.0,227,254,999.0,420.0,27.0,0,0.0,0.0
17857,23,25769.54,21,12,8,11047.02,5470.68,20,1,2,115.69999999999999,5,642,1120.4147826086958,672.695652173913,31.85,0,0.004469728694808315,0.702665527309664
17991,3,298.65000000000003,3,2,0,0.0,0.0,36,1,0,0.0,226,592,99.55000000000001,30.666666666666668,183.0,0,0.0,0.0
14681,6,875.1500000000001,5,5,2,105.0,0.0,19,1,0,0.0,72,654,145.85833333333335,28.666666666666668,145.5,0,0.0,4.663439094112067
15789,6,1962.01,5,5,0,0.0,0.0,110,1,1,30.0,359,624,327.00166666666667,416.5,66.25,0,0.01506016536061566,0.0
17181,3,309.85,3,3,1,84.4,0.0,28,1,0,0.0,58,596,103.28333333333335,89.33333333333333,269.0,0,0.0,4.447346100794524
13953,12,6640.68,12,12,2,911.3199999999999,854.3600000000001,8,1,0,0.0,8,729,553.39,435.3333333333333,65.54545454545455,0,0.0,0.06446837277375295
16454,2,7.45,2,2,1,5.9,0.0,2,1,0,0.0,65,612,3.725,1.5,547.0,0,0.0,1.9315214116032138
16127,2,801.31,2,2,1,656.25,0.0,75,1,0,0.0,40,727,400.655,195.5,687.0,0,0.0,6.488064463609991
15959,3,542.8900000000001,1,1,0,0.0,0.0,58,1,0,0.0,683,683,180.96333333333337,89.66666666666667,,1,0.0,0.0
13048,9,4049.13,9,9,1,460.86,435.13,125,1,4,49.050000000000004,15,682,449.90333333333336,295.6666666666667,83.375,0,0.011968727581511794,0.057321450811490315
15012,3,646.26,3,3,1,216.48,0.0,165,1,0,0.0,54,577,215.42,127.66666666666667,261.5,0,0.0,5.3821068922777195
15422,7,1619.9699999999998,6,5,0,0.0,0.0,80,1,1,4.95,324,671,231.42428571428567,101.42857142857143,69.4,0,0.003046303818034119,0.0
12809,3,1384.34,3,3,0,0.0,405.31,74,0,5,50.6,178,648,461.44666666666666,169.33333333333334,235.0,0,0.03526279844453427,-6.007116415046204
17310,2,1025.1,2,2,0,0.0,0.0,1,1,0,0.0,388,535,512.55,201.0,147.0,0,0.0,0.0
13756,23,8655.95,21,17,6,2217.19,1260.52,142,1,2,60.300000000000004,3,725,376.3456521739131,223.3913043478261,36.1,0,0.006918112720493332,0.5643742049033786
14858,1,180.75,1,1,0,0.0,0.0,11,1,0,0.0,506,506,180.75,105.0,,1,0.0,0.0
14433,1,280.7,1,1,0,0.0,0.0,72,1,0,0.0,466,466,280.7,131.0,,1,0.0,0.0
12758,7,9903.24,7,7,0,0.0,1221.3999999999999,187,0,1,124.24000000000001,117,739,1414.7485714285715,879.2857142857143,103.66666666666667,0,0.01238995241077519,-7.1085714184122555
16787,4,1017.5300000000002,4,4,0,0.0,0.0,102,1,0,0.0,398,699,254.38250000000005,118.0,100.33333333333333,0,0.0,0.0
16827,5,387.18000000000006,5,4,0,0.0,0.0,9,1,0,0.0,394,590,77.436,24.8,49.0,0,0.0,0.0
15817,3,2766.4,3,3,0,0.0,0.0,133,1,0,0.0,421,544,922.1333333333333,532.0,61.5,0,0.0,0.0
16069,1,457.70000000000005,1,1,0,0.0,0.0,25,1,0,0.0,418,418,457.70000000000005,138.0,,1,0.0,0.0
13557,13,3032.26,12,8,1,343.38,0.0,126,1,3,52.18000000000001,29,732,233.25076923076924,184.46153846153845,63.90909090909091,0,0.016917171350390996,5.841745698858039
17767,2,413.04999999999995,2,2,1,271.2,0.0,35,1,0,0.0,16,411,206.52499999999998,99.0,395.0,0,0.0,5.6065370902173655
17322,5,922.5899999999999,5,3,0,0.0,0.0,115,1,2,21.950000000000003,377,737,184.51799999999997,126.2,90.0,0,0.023238825248269004,0.0
16640,1,179.4,1,1,0,0.0,0.0,13,1,0,0.0,398,398,179.4,146.0,,1,0.0,0.0
17689,2,317.08,2,2,0,0.0,0.0,17,1,0,0.0,389,475,158.54,150.0,86.0,0,0.0,0.0
16089,2,263.48999999999995,2,2,0,0.0,0.0,42,1,0,0.0,387,510,131.74499999999998,59.5,123.0,0,0.0,0.0
15579,5,1250.63,5,4,1,132.25,0.0,140,1,2,35.25,69,433,250.12600000000003,142.6,91.0,0,0.02741313341835941,4.892227063045954
12433,10,16794.14,9,8,4,6980.64,2608.11,285,0,0,0.0,1,477,1679.414,1353.4,59.5,0,0.0,0.9842746791826542
13329,8,4808.77,6,6,1,484.8,0.0,68,1,6,135.95,32,736,601.09625,413.875,140.8,0,0.027493973369574008,6.185797016568072
17611,28,8287.53,26,21,6,1259.97,702.3100000000001,721,1,6,137.6,8,739,295.9832142857143,188.96428571428572,29.24,0,0.01633209220510544,0.5838387831433325
14850,7,1770.96,4,3,0,0.0,0.0,129,1,2,171.2,312,569,252.99428571428572,199.0,85.66666666666667,0,0.08814927709354532,0.0
17069,14,5517.23,12,9,4,1213.91,422.7199999999999,202,1,7,75.88000000000001,29,737,394.0878571428571,230.71428571428572,64.36363636363636,0,0.013566691876254896,1.05335241922866
12766,9,8134.99,9,9,2,1925.4400000000003,936.4799999999999,252,0,2,41.849999999999994,4,408,903.8877777777777,554.8888888888889,50.5,0,0.005118114088082926,0.7202335947348582
16348,8,1742.0800000000002,7,6,3,677.3599999999999,179.22,179,1,0,0.0,33,431,217.76000000000002,144.75,66.33333333333333,0,0.0,1.3254997936683077
13268,10,3152.71,10,6,4,1034.9,307.47,256,1,4,47.05,18,268,315.271,354.8,27.77777777777778,0,0.014704227817086279,1.2114012991797658
15095,10,3141.6399999999994,8,8,0,0.0,600.1,90,1,1,5.9,104,688,314.16399999999993,223.3,83.42857142857143,0,0.0018744797524415898,-6.398761310045116
12406,5,6390.36,5,5,1,1794.05,0.0,114,0,2,318.15,23,698,1278.072,683.2,168.75,0,0.04742483800426622,7.492788155687635
16873,12,14617.39,12,11,2,3252.15,638.02,252,1,5,70.36000000000001,5,669,1218.1158333333333,716.75,60.36363636363637,0,0.004790386546611973,1.6274432838998791
13355,1,674.7,1,1,0,0.0,674.7,32,1,0,0.0,123,123,674.7,314.0,,1,0.0,-6.515749190558129
18257,12,4585.15,11,9,3,774.76,841.6700000000001,218,1,5,94.7,40,660,382.0958333333333,197.33333333333334,62.0,0,0.020235691314892574,-0.0827322282907259
15067,5,3862.8800000000006,4,4,2,896.71,0.0,170,1,1,12.75,79,608,772.5760000000001,430.2,176.33333333333334,0,0.0032897877248344136,6.799847076279522
16594,1,181.08999999999997,1,1,1,181.08999999999997,0.0,53,1,0,0.0,76,76,181.08999999999997,64.0,,1,0.0,5.204501070343752
12700,4,4525.990000000001,4,4,2,2574.94,966.62,192,0,0,0.0,8,216,1131.4975000000002,736.0,69.33333333333333,0,0.0,0.9791303468070378
16685,2,324.24,1,1,2,324.24,0.0,60,1,0,0.0,62,62,162.12,198.0,,1,0.0,5.784563371339637
16239,6,1492.1999999999998,6,5,1,66.3,0.0,24,1,1,41.300000000000004,57,464,248.69999999999996,115.33333333333333,81.4,0,0.026931855233126842,4.209160236650682
17503,2,558.96,2,2,2,558.96,0.0,36,1,0,0.0,3,39,279.48,243.0,36.0,0,0.0,6.327865352606625
15021,12,2500.59,11,10,4,791.54,415.47,355,1,5,78.24,9,499,208.38250000000002,89.91666666666667,49.0,0,0.03033933993322553,0.643428547462654
14962,4,366.9100000000001,4,3,0,0.0,0.0,14,1,0,0.0,271,585,91.72750000000002,30.75,104.66666666666667,0,0.0,0.0
13865,4,501.56,4,4,1,118.22,100.82,26,1,0,0.0,59,290,125.39,51.0,77.0,0,0.0,0.1577639773175905
15169,2,569.22,2,2,0,0.0,0.0,58,1,0,0.0,383,727,284.61,178.0,344.0,0,0.0,0.0
15222,11,3550.91,11,8,0,0.0,0.0,98,1,6,135.25,319,724,322.81,405.27272727272725,40.5,0,0.036691299346745664,0.0
14465,11,3925.8500000000004,10,9,0,0.0,0.0,128,1,0,0.0,247,702,356.8954545454546,230.8181818181818,50.55555555555556,0,0.0,0.0
14556,3,815.69,3,3,0,0.0,0.0,158,1,0,0.0,597,689,271.8966666666667,107.66666666666667,46.0,0,0.0,0.0
16447,3,727.1,3,3,0,0.0,255.91000000000003,59,1,0,0.0,136,661,242.36666666666667,105.0,262.5,0,0.0,-5.548725829010259
14610,2,24.35,2,2,0,0.0,0.0,10,1,0,0.0,396,515,12.175,7.5,119.0,0,0.0,0.0
15704,6,3734.66,5,5,0,0.0,786.3,129,1,1,70.80000000000001,141,584,622.4433333333333,284.8333333333333,110.75,0,0.018604846720238818,-6.668609370190421
17667,9,3950.7,8,8,1,304.5,394.34,140,1,3,66.9,67,655,438.96666666666664,243.55555555555554,84.0,0,0.016651732377538832,-0.2577963755421333
16221,9,2018.4700000000003,9,7,1,545.49,0.0,176,1,1,6.5,37,487,224.27444444444447,160.88888888888889,56.25,0,0.0032099240976409525,6.303516009187513
12744,8,13158.160000000002,6,6,1,999.2599999999998,3949.3199999999997,244,0,0,0.0,57,592,1644.7700000000002,873.375,107.0,0,0.0,-1.3735366220840524
17429,5,1357.4599999999998,5,5,0,0.0,148.78,80,1,2,15.3,129,430,271.49199999999996,257.2,75.25,0,0.011145429645385941,-5.009167550821221
16003,10,5613.83,8,8,2,941.47,612.9000000000001,146,1,0,0.0,30,737,561.383,221.0,101.0,0,0.0,0.4286720401433959
12724,7,2083.52,7,7,2,679.05,107.46000000000001,93,0,0,0.0,6,536,297.6457142857143,195.14285714285714,88.33333333333333,0,0.0,1.8357848834658475
16354,5,1119.46,5,5,2,395.8,0.0,116,1,0,0.0,64,592,223.892,118.4,132.0,0,0.0,5.983432375410718
17826,1,133.34,1,1,0,0.0,0.0,33,1,0,0.0,375,375,133.34,84.0,,1,0.0,0.0
14350,3,972.0300000000002,3,3,0,0.0,0.0,55,1,1,24.229999999999997,275,431,324.01000000000005,181.0,78.0,0,0.02432096039186557,0.0
15388,1,140.54000000000002,1,1,0,0.0,0.0,10,0,0,0.0,271,271,140.54000000000002,88.0,,1,0.0,0.0
14107,11,4877.299999999999,11,11,1,241.29000000000002,986.8600000000001,102,1,2,23.6,52,731,443.390909090909,317.1818181818182,67.9,0,0.004815442061662145,-1.4054056314832204
16654,8,1484.0700000000002,8,8,0,0.0,64.02,64,1,1,6.3,142,613,185.50875000000002,80.0,67.28571428571429,0,0.004227138227420036,-4.174694914875759
15897,2,208.59,1,1,0,0.0,0.0,17,1,0,0.0,195,195,104.295,111.5,,1,0.0,0.0
17472,4,922.3499999999999,4,3,0,0.0,0.0,183,1,0,0.0,192,629,230.58749999999998,137.75,145.66666666666666,0,0.0,0.0
12922,1,405.38,1,1,0,0.0,405.38,28,1,0,0.0,162,162,405.38,370.0,,1,0.0,-6.007288682454868
15914,2,205.99,1,1,0,0.0,0.0,13,1,0,0.0,379,379,102.995,74.5,,1,0.0,0.0
18093,8,4452.71,8,7,0,0.0,988.9999999999999,43,1,1,23.1,94,619,556.58875,428.625,75.0,0,0.005161076989416441,-6.897704943128636
12640,3,994.58,3,2,3,994.58,0.0,46,0,0,0.0,24,82,331.5266666666667,100.33333333333333,29.0,0,0.0,6.903325481902751
17480,2,882.23,2,2,1,511.82,0.0,50,1,1,5.3100000000000005,78,445,441.115,290.5,367.0,0,0.005982828942920884,6.239924906405982
15243,2,927.28,2,2,1,316.68,0.0,56,1,0,0.0,75,436,463.64,271.5,361.0,0,0.0,5.7610445868229965
15809,7,1274.44,7,7,1,116.56,0.0,51,1,2,411.56,37,536,182.06285714285715,100.0,83.16666666666667,0,0.24410438908659549,4.766948841550716
14044,10,3073.95,9,9,1,110.71000000000001,365.27,532,1,1,16.95,27,685,307.395,209.9,82.25,0,0.005483839658351937,-1.1874645387661165
13146,1,228.91,1,1,1,228.91,0.0,16,1,0,0.0,27,27,228.91,154.0,,1,0.0,5.437687927995845
15539,1,538.4599999999999,1,1,1,538.4599999999999,0.0,41,1,0,0.0,8,8,538.4599999999999,410.0,,1,0.0,6.290568639224737
14188,6,2054.36,6,6,2,670.9000000000001,622.5600000000001,34,1,4,35.45,31,311,342.3933333333334,193.66666666666666,56.0,0,0.01696326460300219,0.07466452848162408
17067,3,454.53999999999996,2,1,0,0.0,0.0,8,1,0,0.0,725,732,151.51333333333332,107.33333333333333,7.0,0,0.0,0.0
17230,18,9388.49,14,9,0,0.0,0.0,141,1,5,229.04000000000002,265,732,521.5827777777778,208.5,35.92307692307692,0,0.023814846431464212,0.0
12365,1,320.69,1,1,0,0.0,0.0,21,0,0,0.0,292,292,320.69,173.0,,1,0.0,0.0
14868,12,4184.01,10,8,4,1656.52,857.7399999999999,132,1,1,13.95,4,421,348.6675,185.83333333333334,46.333333333333336,0,0.0033230426207014833,0.6576115897160753
13965,3,996.61,3,3,0,0.0,0.0,23,1,2,218.95,477,704,332.2033333333333,141.66666666666666,113.5,0,0.1801227417815657,0.0
13480,2,627.8199999999999,2,2,0,0.0,0.0,40,1,0,0.0,417,680,313.90999999999997,181.0,263.0,0,0.0,0.0
17030,1,146.86999999999998,1,1,1,146.86999999999998,0.0,11,1,0,0.0,64,64,146.86999999999998,146.0,,1,0.0,4.996333509385396
13578,1,147.66,1,1,0,0.0,0.0,9,1,0,0.0,410,410,147.66,127.0,,1,0.0,0.0
13950,4,745.0600000000001,4,3,3,565.75,0.0,33,1,1,16.5,12,247,186.26500000000001,80.75,78.33333333333333,0,0.021666053889384945,6.339918289387638
16659,1,39.12,1,1,0,0.0,0.0,2,1,0,0.0,190,190,39.12,72.0,,1,0.0,0.0
13606,3,276.75,3,3,1,30.119999999999997,0.0,40,1,0,0.0,30,312,92.25,92.0,141.0,0,0.0,3.4378506993101907
13173,11,2389.8199999999997,10,9,1,187.70999999999998,0.0,159,1,2,18.85,5,730,217.2563636363636,134.45454545454547,80.55555555555556,0,0.007825895618743956,5.2402114451410045
14145,7,7600.049999999999,7,6,1,891.0,1722.6,11,1,1,594.0,47,611,1085.7214285714285,236.42857142857142,94.0,0,0.07249162502059422,-0.658704273161673
18287,7,4132.99,6,5,2,1071.9999999999998,0.0,119,1,1,5.1,43,572,590.4271428571428,430.2857142857143,105.8,0,0.0012324526532772365,6.9782137426306985
15233,1,59.400000000000006,1,1,0,0.0,0.0,1,1,0,0.0,402,402,59.400000000000006,12.0,,1,0.0,0.0
14836,3,102.44999999999999,3,1,3,102.44999999999999,0.0,5,1,0,0.0,11,31,34.15,15.0,10.0,0,0.0,4.639088404191552
13234,2,346.5,2,2,0,0.0,0.0,56,1,0,0.0,673,733,173.25,79.5,60.0,0,0.0,0.0
14425,3,661.39,3,2,0,0.0,0.0,35,1,2,25.5,435,738,220.46333333333334,108.33333333333333,151.5,0,0.03712384806883198,0.0
16822,1,181.39000000000001,1,1,0,0.0,0.0,11,1,2,36.55,687,687,181.39000000000001,171.0,,1,0.16770670826833073,0.0
13684,4,594.8799999999999,4,4,0,0.0,0.0,81,1,2,50.46,286,622,148.71999999999997,58.5,112.0,0,0.07819134099854341,0.0
16408,1,231.92999999999998,1,1,0,0.0,0.0,45,1,0,0.0,592,592,231.92999999999998,227.0,,1,0.0,0.0
15381,5,1890.5700000000002,5,5,0,0.0,0.0,20,1,1,2.95,214,584,378.11400000000003,160.4,92.5,0,0.001557944991338882,0.0
17192,1,75.28,1,1,0,0.0,0.0,20,1,0,0.0,537,537,75.28,45.0,,1,0.0,0.0
13760,5,1363.64,5,5,1,151.7,0.0,95,1,1,5.0,55,594,272.728,124.6,134.75,0,0.003653261631985036,5.028475212224587
15331,3,767.9100000000001,2,2,0,0.0,0.0,41,1,1,12.5,500,610,255.97000000000003,233.66666666666666,110.0,0,0.01601722171678989,0.0
16972,2,749.0,2,2,0,0.0,0.0,54,1,0,0.0,383,457,374.5,91.5,74.0,0,0.0,0.0
16574,3,1301.7800000000002,3,3,1,451.43999999999994,0.0,86,1,0,0.0,72,659,433.92666666666673,334.0,293.5,0,0.0,6.11465515766318
16824,3,686.24,3,3,1,237.73999999999995,222.9,34,1,0,0.0,16,394,228.74666666666667,130.0,189.0,0,0.0,0.06417557006218289
17075,10,2236.63,10,10,1,138.05,0.0,153,1,1,20.35,18,726,223.663,78.5,78.66666666666667,0,0.009016473340481529,4.934833580679974
17162,10,1715.46,6,6,1,251.80000000000004,298.38000000000005,81,1,1,8.25,29,306,171.546,100.1,55.4,0,0.004786187931844684,-0.169115007214387
13437,7,3408.0600000000004,7,4,3,1234.4599999999998,732.7,143,1,0,0.0,15,191,486.8657142857143,183.28571428571428,29.333333333333332,0,0.0,0.5210984236281613
14915,11,1811.25,10,9,0,0.0,165.2,65,1,2,58.599999999999994,92,737,164.6590909090909,64.27272727272727,71.66666666666667,0,0.031339412252319704,-5.113191882421348
12357,2,17437.66,2,2,1,6207.67,0.0,260,0,0,0.0,34,389,8718.83,3293.0,355.0,0,0.0,8.733701981297274
17219,2,259.13,2,2,1,114.22999999999999,0.0,43,1,0,0.0,32,417,129.565,94.0,385.0,0,0.0,4.746930131025923
14921,2,1316.0700000000002,2,2,1,413.06,0.0,78,1,0,0.0,31,202,658.0350000000001,476.5,171.0,0,0.0,6.026010890860565
13502,5,780.5,5,5,1,102.83999999999999,0.0,28,1,1,5.9,17,549,156.1,98.0,133.0,0,0.0075025432349949146,4.64285125295578
13722,10,5635.41,6,6,0,0.0,911.94,137,1,1,6.25,132,647,563.5409999999999,305.9,103.0,0,0.0011078299649393973,-6.81667016102037
15068,4,1174.9,4,4,1,313.40000000000003,0.0,178,1,0,0.0,47,622,293.725,208.0,191.66666666666666,0,0.0,5.7506660605550515
17345,10,1586.6299999999999,7,7,1,238.51000000000002,155.8,174,1,2,120.30000000000001,16,739,158.66299999999998,200.8,120.5,0,0.07047740680637168,0.4236240617164482
18254,1,267.9,1,1,0,0.0,0.0,16,1,0,0.0,582,582,267.9,188.0,,1,0.0,0.0
13943,1,246.54000000000002,1,1,0,0.0,0.0,15,1,0,0.0,578,578,246.54000000000002,94.0,,1,0.0,0.0
16805,4,1076.34,4,4,0,0.0,245.82000000000002,212,1,0,0.0,174,726,269.085,279.75,184.0,0,0.0,-5.508659326025038
17604,6,942.3800000000001,6,6,0,0.0,0.0,142,1,0,0.0,218,682,157.06333333333336,102.33333333333333,92.8,0,0.0,0.0
16341,7,3850.79,6,5,3,1174.22,0.0,103,1,3,18.5,25,610,550.1128571428571,431.7142857142857,117.0,0,0.004781238935308545,7.069210643094706
12348,5,1658.4,5,5,1,270.0,0.0,24,0,0,0.0,76,439,331.68,540.8,90.75,0,0.0,5.602118820879701
13849,5,3469.3,5,5,1,944.37,593.58,189,1,1,25.5,52,625,693.86,376.6,143.25,0,0.007296554881538285,0.46372111131524996
12817,3,570.98,3,3,0,0.0,0.0,15,0,0,0.0,282,435,190.32666666666668,72.0,76.5,0,0.0,0.0
17430,4,622.5699999999999,4,4,1,153.16000000000003,0.0,30,1,0,0.0,33,480,155.64249999999998,113.75,149.0,0,0.0,5.037991024106111
13650,10,3288.0,9,9,4,1090.82,0.0,127,1,6,189.5,17,683,328.8,174.6,83.25,0,0.05449317038102085,6.995601307553207
12868,8,2043.76,8,6,0,0.0,0.0,86,1,0,0.0,186,393,255.47,146.25,29.571428571428573,0,0.0,0.0
13569,4,725.04,4,4,1,227.3,0.0,139,1,0,0.0,18,429,181.26,86.0,137.0,0,0.0,5.43066055353575
12564,1,402.9,1,1,0,0.0,0.0,20,0,0,0.0,262,262,402.9,130.0,,1,0.0,0.0
16980,3,1422.83,3,3,0,0.0,0.0,91,1,0,0.0,256,429,474.27666666666664,330.0,86.5,0,0.0,0.0
16882,3,705.1199999999999,3,3,1,489.4199999999999,0.0,39,1,0,0.0,67,318,235.03999999999996,141.33333333333334,125.5,0,0.0,6.195262166824654
12449,5,4274.889999999999,5,5,1,1216.71,1610.65,124,0,0,0.0,23,439,854.9779999999998,449.4,104.0,0,0.0,-0.2802864532216036
12884,1,309.05000000000007,1,1,1,309.05000000000007,0.0,7,1,0,0.0,89,89,309.05000000000007,43.0,,1,0.0,5.736733574795887
17451,7,1721.4,5,5,6,1375.39,346.01000000000005,83,1,3,72.45,2,106,245.91428571428574,171.85714285714286,26.0,0,0.040387992307049085,1.3778658105916666
17674,2,551.04,2,2,1,250.38,0.0,19,1,0,0.0,75,369,275.52,336.0,294.0,0,0.0,5.526965738496691
14547,8,3974.7499999999995,8,3,8,3974.7499999999995,0.0,198,1,1,20.8,4,55,496.84374999999994,329.875,7.285714285714286,0,0.005205791442980316,8.287968688536026
12994,3,974.4200000000001,3,3,1,328.95,292.87,52,1,2,72.2,5,269,324.8066666666667,153.0,132.0,0,0.06898396743803864,0.11580363515051761
12442,1,144.06,1,1,1,144.06,0.0,11,0,0,0.0,4,4,144.06,181.0,,1,0.0,4.977147449935266
17152,4,2016.5,3,3,0,0.0,0.0,9,1,1,186.0,195,426,504.125,144.25,115.5,0,0.0844494892167991,0.0
17182,2,321.3,2,2,0,0.0,0.0,4,1,0,0.0,423,719,160.65,27.0,296.0,0,0.0,0.0
17053,1,498.48,1,1,0,0.0,498.48,13,1,1,2.1,131,131,498.48,122.0,,1,0.004195133644971832,-6.213567557246944
14860,1,170.32000000000002,1,1,1,170.32000000000002,0.0,11,1,1,1.7,20,20,170.32000000000002,232.0,,1,0.009882571793977444,5.14353315274717
16479,2,300.83000000000004,1,1,2,300.83000000000004,0.0,35,1,0,0.0,11,11,150.41500000000002,51.0,,1,0.0,5.709863944972069
14501,2,251.21,2,2,0,0.0,0.0,9,1,1,60.89999999999999,184,320,125.605,80.5,136.0,0,0.19512351414565374,0.0
16163,6,2407.98,6,5,0,0.0,0.0,59,1,8,585.95,233,738,401.33,112.66666666666667,101.0,0,0.19571265861259282,0.0
15118,1,244.8,1,1,0,0.0,244.8,1,1,0,0.0,135,135,244.8,1440.0,,1,0.0,-5.504518197131935
17143,2,880.97,2,2,0,0.0,0.0,82,1,0,0.0,418,516,440.485,157.0,98.0,0,0.0,0.0
17286,3,389.18,2,2,1,151.37,0.0,89,1,0,0.0,22,401,129.72666666666666,122.66666666666667,379.0,0,0.0,5.026311773481264
14633,1,344.90000000000003,1,1,0,0.0,0.0,20,1,0,0.0,267,267,344.90000000000003,96.0,,1,0.0,0.0
18155,3,371.62,3,3,1,105.06,152.63,19,1,1,23.8,76,292,123.87333333333333,88.66666666666667,108.0,0,0.06018916595012898,-0.3705421424335853
12669,2,1427.73,2,2,0,0.0,399.42999999999995,96,0,0,0.0,151,257,713.865,552.0,106.0,0,0.0,-5.992538969709247
15725,1,415.25,1,1,1,415.25,0.0,32,1,0,0.0,16,16,415.25,221.0,,1,0.0,6.031286041294654
17352,1,36.25,1,1,0,0.0,0.0,5,1,0,0.0,697,697,36.25,15.0,,1,0.0,0.0
14225,4,2031.07,4,4,0,0.0,0.0,70,1,1,21.9,435,697,507.7675,291.75,87.33333333333333,0,0.01066747200397473,0.0
12947,6,1603.9900000000002,6,5,0,0.0,224.30000000000004,83,1,5,196.7,144,374,267.3316666666667,194.16666666666666,46.0,0,0.10923590401457217,-5.4174328474381985
14138,2,965.8800000000001,2,2,2,965.8800000000001,0.0,40,1,0,0.0,2,64,482.94000000000005,300.0,62.0,0,0.0,6.874074392613249
14132,11,3586.0299999999997,11,7,6,2033.5699999999997,1245.6,100,1,1,5.9,3,184,326.00272727272727,306.1818181818182,18.1,0,0.0016425709855147513,0.48986464896318527
16290,4,1957.7000000000003,4,4,0,0.0,0.0,85,1,0,0.0,465,566,489.42500000000007,239.25,33.666666666666664,0,0.0,0.0
17169,3,1156.73,3,3,1,527.1,0.0,64,1,3,26.85,58,579,385.57666666666665,223.66666666666666,260.5,0,0.022685412054951927,6.269285659712888
17609,11,1875.36,8,8,3,569.53,0.0,316,1,3,135.35,41,610,170.4872727272727,116.54545454545455,81.28571428571429,0,0.06731453068816488,6.346565753370922
12756,1,112.07999999999998,1,1,1,112.07999999999998,0.0,4,0,0,0.0,87,87,112.07999999999998,144.0,,1,0.0,4.72809553282539
12798,4,8510.93,4,4,2,5370.0,1607.04,27,0,0,0.0,11,422,2127.7325,2113.75,137.0,0,0.0,1.2059980648540511
14238,3,434.23,3,3,0,0.0,0.0,13,1,0,0.0,327,735,144.74333333333334,63.0,204.0,0,0.0,0.0
15201,7,1842.95,6,6,1,303.28000000000003,330.98999999999995,44,1,7,317.05,88,612,263.2785714285714,237.14285714285714,104.8,0,0.14678240740740742,-0.08715651785182921
13635,4,2999.16,4,3,1,1071.03,0.0,135,1,2,50.940000000000005,68,739,749.79,471.0,223.66666666666666,0,0.016701091767483037,6.977309326313799
16569,5,1455.23,5,5,1,124.2,0.0,27,1,0,0.0,4,724,291.046,197.6,180.0,0,0.0,4.829912458665998
12870,3,1676.95,3,3,0,0.0,0.0,85,1,1,14.899999999999999,376,625,558.9833333333333,302.0,124.5,0,0.008806927328072818,0.0
13443,6,1269.37,6,4,0,0.0,0.0,175,1,1,32.45,449,678,211.56166666666664,133.66666666666666,45.8,0,0.024926641163908993,0.0
14301,4,1992.1799999999998,4,4,0,0.0,640.14,37,1,3,35.95,118,667,498.04499999999996,421.5,183.0,0,0.017725688195529873,-6.463247841809304
18042,2,281.15,2,2,1,165.04999999999998,0.0,13,1,0,0.0,54,542,140.575,34.5,488.0,0,0.0,5.112288947822756
12592,4,1723.6399999999999,3,3,0,0.0,187.8,40,0,0,0.0,93,520,430.90999999999997,466.5,213.5,0,0.0,-5.240688253711401
14043,2,302.6,2,2,0,0.0,0.0,37,1,1,2.95,492,730,151.3,76.0,238.0,0,0.009654720994927181,0.0
14026,2,713.11,2,2,0,0.0,0.0,43,1,0,0.0,471,626,356.555,213.5,155.0,0,0.0,0.0
12554,1,384.5,1,1,0,0.0,0.0,25,0,0,0.0,449,449,384.5,237.0,,1,0.0,0.0
16124,4,1772.4899999999998,4,4,0,0.0,0.0,63,1,2,63.099999999999994,318,733,443.12249999999995,199.25,138.33333333333334,0,0.03437586824944568,0.0
16898,5,885.21,5,5,1,187.26000000000002,201.69,223,1,1,64.35,27,577,177.042,139.0,137.5,0,0.06776822949576645,-0.07385373213079927
13898,2,686.3999999999999,2,2,0,0.0,0.0,43,1,0,0.0,326,412,343.19999999999993,272.0,86.0,0,0.0,0.0
16943,3,816.73,3,3,0,0.0,0.0,23,1,0,0.0,212,319,272.24333333333334,48.333333333333336,53.5,0,0.0,0.0
14470,3,712.0400000000001,3,3,1,163.55,0.0,56,1,0,0.0,12,431,237.3466666666667,94.0,209.5,0,0.0,5.103214475389349
16728,4,1048.28,4,4,1,499.97,221.38,218,1,0,0.0,47,265,262.07,167.75,72.66666666666667,0,0.0,0.8121585887773479
16483,1,139.35000000000002,1,1,0,0.0,0.0,19,1,0,0.0,193,193,139.35000000000002,44.0,,1,0.0,0.0
13663,5,2047.5100000000002,5,4,0,0.0,189.47,87,1,1,33.9,180,647,409.50200000000007,178.6,116.75,0,0.01628703619181228,-5.249494701850468
14745,12,2551.41,10,7,0,0.0,638.5899999999999,74,1,5,80.35,113,638,212.61749999999998,164.08333333333334,58.333333333333336,0,0.03053089947411618,-6.460827346065843
16488,3,498.80000000000007,3,3,1,144.23000000000002,354.57000000000005,28,1,1,6.6,34,149,166.26666666666668,242.66666666666666,57.5,0,0.01305896319746735,-0.895403443006713
13266,19,6135.04,19,15,4,1298.68,709.1500000000001,154,1,11,169.74,12,723,322.89684210526315,359.8421052631579,39.5,0,0.02692243028305508,0.6043971439755067
16086,10,2687.73,10,10,1,221.69,312.64,66,1,1,2.08,60,738,268.773,145.0,75.33333333333333,0,0.000773288819656407,-0.3424651615651566
15489,8,2419.61,8,8,2,786.02,0.0,75,1,4,92.25000000000001,23,694,302.45125,158.0,95.85714285714286,0,0.03672577293320488,6.668253661055109
15066,1,893.5900000000001,1,1,1,893.5900000000001,0.0,42,1,1,133.0,54,54,893.5900000000001,317.0,,1,0.12955512911678468,6.796365512756079
15754,9,3037.6099999999997,9,8,2,366.77,0.0,114,1,3,35.75,52,656,337.5122222222222,195.77777777777777,75.5,0,0.01163222011088841,5.907457742775012
13812,3,485.0,3,2,2,224.26,260.74,32,0,0,0.0,43,106,161.66666666666666,110.0,31.5,0,0.0,-0.15009635400778443
14582,1,114.11000000000001,1,1,1,114.11000000000001,0.0,6,1,0,0.0,41,41,114.11000000000001,73.0,,1,0.0,4.745888192926971
15531,2,1972.3899999999999,2,2,2,1972.3899999999999,0.0,196,1,0,0.0,9,31,986.1949999999999,542.5,22.0,0,0.0,7.587508155013855
17059,9,4864.57,9,9,1,843.2900000000001,739.43,349,1,1,17.700000000000003,30,683,540.5077777777777,345.22222222222223,81.625,0,0.0036253627923076774,0.1312649389570213
13926,1,223.85,1,1,1,223.85,0.0,11,1,0,0.0,24,24,223.85,104.0,,1,0.0,5.415433513216716
13960,2,230.22,2,2,2,230.22,0.0,11,1,0,0.0,22,72,115.11,71.0,50.0,0,0.0,5.443369638247176
17636,1,285.56,1,1,1,285.56,0.0,20,1,1,19.630000000000003,20,20,285.56,182.0,,1,0.06432058717520234,5.657947938312402
15676,3,3435.76,3,2,2,2537.96,0.0,191,1,2,111.66999999999999,19,284,1145.2533333333333,750.6666666666666,132.5,0,0.031479127142748406,7.839509827346629
16892,7,754.75,6,5,4,415.21,0.0,119,1,2,28.7,2,732,107.82142857142857,52.42857142857143,146.0,0,0.03663284191716127,6.031189940581032
14578,1,168.63,1,1,1,168.63,0.0,24,1,0,0.0,4,4,168.63,240.0,,1,0.0,5.133619594507631
13521,3,1070.47,3,2,3,1070.47,0.0,312,1,0,0.0,2,11,356.8233333333333,238.33333333333334,4.5,0,0.0,6.976786816388219
17998,3,639.24,3,2,0,0.0,0.0,57,1,1,37.5,381,739,213.08,187.0,179.0,0,0.05541271389307563,0.0
15945,4,646.27,4,4,0,0.0,0.0,24,1,0,0.0,366,739,161.5675,86.25,124.33333333333333,0,0.0,0.0
13377,2,1452.8799999999999,2,2,0,0.0,0.0,70,1,1,7.45,397,646,726.4399999999999,373.0,249.0,0,0.005101586627680045,0.0
13454,1,219.87000000000003,1,1,0,0.0,0.0,23,1,0,0.0,642,642,219.87000000000003,198.0,,1,0.0,0.0
16397,1,123.13000000000001,1,1,0,0.0,0.0,9,1,0,0.0,629,629,123.13000000000001,43.0,,1,0.0,0.0
13053,1,127.64999999999999,1,1,0,0.0,0.0,17,1,0,0.0,622,622,127.64999999999999,47.0,,1,0.0,0.0
14893,3,1809.6100000000001,3,2,2,1237.85,0.0,98,1,2,24.6,10,618,603.2033333333334,349.0,304.0,0,0.013411768554309485,7.121938808924836
13916,4,1275.81,4,3,0,0.0,0.0,72,1,1,15.299999999999999,464,676,318.9525,168.25,70.66666666666667,0,0.011850268373724935,0.0
12696,2,731.91,2,2,0,0.0,0.0,42,0,0,0.0,435,509,365.955,280.5,74.0,0,0.0,0.0
15702,1,112.57000000000002,1,1,0,0.0,0.0,29,0,0,0.0,477,477,112.57000000000002,102.0,,1,0.0,0.0
17649,3,1578.89,3,2,0,0.0,868.4900000000001,88,1,2,36.45,139,473,526.2966666666667,241.0,167.0,0,0.022564908935580125,-6.767906832865638
17751,1,157.86,1,1,0,0.0,0.0,31,1,0,0.0,422,422,157.86,147.0,,1,0.0,0.0
12376,2,383.15,2,2,0,0.0,0.0,10,0,0,0.0,390,418,191.575,118.5,28.0,0,0.0,0.0
15995,1,694.5400000000001,1,1,0,0.0,0.0,108,1,0,0.0,415,415,694.5400000000001,352.0,,1,0.0,0.0
16491,2,1533.1599999999999,2,2,1,731.5,0.0,86,1,1,8.850000000000001,47,414,766.5799999999999,530.0,367.0,0,0.005739262391294481,6.596463340891223
12537,1,612.94,1,1,0,0.0,0.0,42,0,0,0.0,409,409,612.94,446.0,,1,0.0,0.0
17080,7,957.53,7,4,1,211.29999999999998,0.0,26,1,1,2.12,23,527,136.79,81.28571428571429,84.0,0,0.0022091387485020583,5.35800036870921
17855,1,208.96999999999997,1,1,0,0.0,0.0,17,1,0,0.0,373,373,208.96999999999997,197.0,,1,0.0,0.0
12811,4,893.9000000000001,4,4,0,0.0,0.0,46,0,0,0.0,262,428,223.47500000000002,107.25,55.333333333333336,0,0.0,0.0
18262,3,577.54,3,3,0,0.0,149.48,40,1,0,0.0,141,603,192.51333333333332,184.0,231.0,0,0.0,-5.013830184992775
16697,1,112.75,1,1,0,0.0,0.0,20,1,0,0.0,242,242,112.75,27.0,,1,0.0,0.0
17410,5,1214.7199999999998,5,4,3,795.17,117.15,57,1,0,0.0,17,216,242.94399999999996,123.2,49.75,0,0.0,1.907857727248297
16968,2,439.42999999999995,2,2,1,186.12,253.30999999999997,31,1,0,0.0,5,108,219.71499999999997,163.0,103.0,0,0.0,-0.3068038730125
17411,5,1425.38,5,5,2,493.36,0.0,69,1,4,108.85000000000001,13,737,285.076,121.6,181.0,0,0.07094764148791251,6.203263996721534
16982,1,384.06,1,1,1,384.06,0.0,22,1,0,0.0,61,61,384.06,182.0,,1,0.0,5.95339916630119
15427,3,1430.54,2,2,3,1430.54,0.0,233,1,0,0.0,34,48,476.84666666666664,322.3333333333333,14.0,0,0.0,7.266506066865208
17878,3,1378.93,2,2,1,379.45,0.0,82,1,0,0.0,44,396,459.6433333333334,338.0,352.0,0,0.0,5.941354762622532
14359,3,912.1800000000001,3,3,3,912.1800000000001,0.0,44,1,3,29.6,20,88,304.06,123.66666666666667,34.0,0,0.031429845611501625,6.816933013408364
16337,1,151.04999999999998,1,1,1,151.04999999999998,0.0,10,1,0,0.0,37,37,151.04999999999998,87.0,,1,0.0,5.024209414123374
17843,2,312.65,2,2,0,0.0,0.0,57,1,0,0.0,304,412,156.325,113.0,108.0,0,0.0,0.0
14022,2,792.1500000000001,2,2,0,0.0,0.0,45,1,0,0.0,226,487,396.07500000000005,340.5,261.0,0,0.0,0.0
17185,3,229.45999999999998,2,1,0,0.0,0.0,38,1,0,0.0,592,599,76.48666666666666,39.666666666666664,7.0,0,0.0,0.0
13062,1,346.97999999999996,1,1,0,0.0,0.0,11,1,0,0.0,192,192,346.97999999999996,343.0,,1,0.0,0.0
15744,1,34.8,1,1,1,34.8,0.0,3,1,0,0.0,78,78,34.8,120.0,,1,0.0,3.5779478934066544
15406,4,975.8700000000001,3,3,1,258.42,0.0,108,1,2,84.1,32,454,243.96750000000003,136.75,211.0,0,0.07934186816608016,5.558448369912527
18131,1,222.95999999999998,1,1,0,0.0,0.0,4,1,0,0.0,632,632,222.95999999999998,552.0,,1,0.0,0.0
13295,4,1101.97,4,4,0,0.0,0.0,56,1,5,40.699999999999996,360,577,275.4925,183.25,72.33333333333333,0,0.03561833250194719,0.0
12738,1,137.35,1,1,0,0.0,0.0,10,0,0,0.0,373,373,137.35,147.0,,1,0.0,0.0
13940,4,839.1400000000001,4,4,2,448.08000000000004,391.06,39,1,0,0.0,18,145,209.78500000000003,129.0,42.333333333333336,0,0.0,0.13578615628830093
15127,2,711.5,2,2,1,406.53000000000003,0.0,27,1,0,0.0,66,520,355.75,232.0,454.0,0,0.0,6.010114549603027
17600,1,161.67000000000002,1,1,1,161.67000000000002,0.0,13,1,0,0.0,18,18,161.67000000000002,144.0,,1,0.0,5.091723608778362
16568,2,1020.9000000000001,2,2,0,0.0,0.0,5,1,0,0.0,428,642,510.45000000000005,183.0,214.0,0,0.0,0.0
18121,2,653.3000000000001,2,1,0,0.0,653.3000000000001,28,1,0,0.0,150,155,326.65000000000003,219.0,5.0,0,0.0,-6.483565961875693
12675,2,873.2500000000001,2,2,0,0.0,0.0,110,0,2,23.7,554,579,436.62500000000006,166.5,25.0,0,0.0264228775294052,0.0
14086,1,39.95,1,1,0,0.0,0.0,1,1,0,0.0,463,463,39.95,1.0,,1,0.0,0.0
17523,4,652.74,3,1,4,652.74,0.0,25,1,0,0.0,12,20,163.185,218.0,4.0,0,0.0,6.48270971889503
14448,2,375.35,2,2,1,273.0,0.0,20,1,0,0.0,10,365,187.675,52.0,355.0,0,0.0,5.6131281063880705
17561,4,703.0200000000001,4,4,1,165.12,0.0,163,1,0,0.0,20,734,175.75500000000002,95.25,238.0,0,0.0,5.1127104187625525
16694,1,98.30000000000001,1,1,0,0.0,0.0,3,1,0,0.0,724,724,98.30000000000001,26.0,,1,0.0,0.0
15875,1,108.52,1,1,0,0.0,0.0,18,1,0,0.0,647,647,108.52,74.0,,1,0.0,0.0
16336,4,3517.69,3,3,0,0.0,0.0,64,1,0,0.0,421,632,879.4225,368.25,105.5,0,0.0,0.0
14248,3,1032.95,3,3,0,0.0,0.0,41,1,0,0.0,319,516,344.31666666666666,230.66666666666666,98.5,0,0.0,0.0
16299,1,193.65,1,1,0,0.0,0.0,12,1,1,15.0,478,478,193.65,107.0,,1,0.07189072609633357,0.0
16448,2,361.12,2,2,0,0.0,0.0,45,1,0,0.0,199,472,180.56,88.0,273.0,0,0.0,0.0
13264,1,722.56,1,1,0,0.0,0.0,38,1,0,0.0,443,443,722.56,375.0,,1,0.0,0.0
16868,3,384.55999999999995,3,3,0,0.0,0.0,47,1,0,0.0,395,594,128.18666666666664,37.333333333333336,99.5,0,0.0,0.0
16250,3,565.24,3,3,0,0.0,0.0,29,1,0,0.0,262,387,188.41333333333333,89.33333333333333,62.5,0,0.0,0.0
17837,8,1535.33,8,4,5,1164.72,370.61,109,1,2,32.849999999999994,43,164,191.91625,63.5,17.285714285714285,0,0.020947850374319274,1.1432492836173909
15411,4,1348.93,4,4,2,966.72,225.80999999999997,86,1,1,12.5,27,183,337.2325,132.25,52.0,0,0.009181522369861101,1.4508301266432424
15653,2,877.4399999999999,2,2,0,0.0,877.4399999999999,4,1,0,0.0,93,116,438.71999999999997,600.0,23.0,0,0.0,-6.7781476070590925
15232,2,612.0600000000001,2,2,0,0.0,612.0600000000001,26,1,0,0.0,114,141,306.03000000000003,343.0,27.0,0,0.0,-6.418462810428566
17614,1,386.32000000000005,1,1,1,386.32000000000005,0.0,97,1,0,0.0,58,58,386.32000000000005,235.0,,1,0.0,5.959251224743331
17951,4,1340.5800000000002,4,3,1,599.0400000000001,0.0,24,1,1,17.700000000000003,40,405,335.14500000000004,195.0,121.66666666666667,0,0.013031186500574256,6.39699631966069
16759,3,789.79,2,2,3,789.79,0.0,40,1,1,16.95,8,31,263.2633333333333,203.0,23.0,0,0.02101048664997397,6.673032445794151
14479,4,1124.71,4,4,0,0.0,0.0,127,1,0,0.0,254,734,281.1775,140.5,160.0,0,0.0,0.0
15091,3,1046.6100000000001,2,2,1,480.71000000000004,0.0,55,1,3,23.5,68,675,348.87000000000006,194.0,607.0,0,0.02196035921540776,6.177342273229703
15892,1,128.20000000000002,1,1,0,0.0,0.0,38,1,0,0.0,670,670,128.20000000000002,46.0,,1,0.0,0.0
12371,4,3347.38,3,3,1,1527.96,0.0,133,0,0,0.0,60,646,836.845,354.5,293.0,0,0.0,7.3323430446973905
14186,5,1550.63,5,5,0,0.0,0.0,75,1,0,0.0,428,645,310.12600000000003,310.0,54.25,0,0.0,0.0
18208,1,360.08,1,1,0,0.0,0.0,17,1,0,0.0,566,566,360.08,82.0,,1,0.0,0.0
17101,7,2507.05,7,6,3,1391.15,230.57999999999998,54,1,0,0.0,11,551,358.15000000000003,167.85714285714286,90.0,0,0.0,1.7936792075253845
18103,1,105.8,1,1,0,0.0,0.0,10,1,0,0.0,550,550,105.8,23.0,,1,0.0,0.0
18128,1,399.29,1,1,0,0.0,0.0,42,1,0,0.0,538,538,399.29,216.0,,1,0.0,0.0
13958,8,4709.2300000000005,5,5,0,0.0,0.0,172,1,4,204.45,380,735,588.6537500000001,283.0,88.75,0,0.04160832614252454,0.0
12770,2,3246.45,2,2,0,0.0,0.0,19,0,5,265.0,211,457,1623.225,921.5,246.0,0,0.07546739950732603,0.0
13484,3,790.7199999999999,3,3,0,0.0,0.0,38,1,1,23.4,242,640,263.5733333333333,74.66666666666667,199.0,0,0.02874269149511129,0.0
12377,4,3266.3199999999997,4,4,0,0.0,0.0,128,0,0,0.0,316,590,816.5799999999999,525.25,91.33333333333333,0,0.0,0.0
17120,1,307.46,1,1,0,0.0,0.0,18,1,0,0.0,234,234,307.46,120.0,,1,0.0,0.0
12622,1,162.1,1,1,0,0.0,0.0,10,0,0,0.0,233,233,162.1,68.0,,1,0.0,0.0
13499,5,1159.1100000000001,5,4,3,695.32,0.0,31,1,2,12.149999999999999,18,270,231.82200000000003,273.0,63.0,0,0.010373443983402486,6.545809324787468
15053,3,693.95,3,3,1,215.35,255.95000000000002,49,1,0,0.0,5,282,231.3166666666667,328.0,138.5,0,0.0,-0.1719840467673448
13968,1,123.66,1,1,0,0.0,0.0,8,1,0,0.0,424,424,123.66,174.0,,1,0.0,0.0
18221,6,1424.94,6,6,2,334.75,169.85000000000002,71,1,2,54.60000000000001,23,391,237.49,166.66666666666666,73.6,0,0.03690336185571192,0.6755808568420463
16715,2,625.52,2,2,1,301.71999999999997,0.0,27,1,0,0.0,79,563,312.76,587.0,484.0,0,0.0,5.712808285863513
14345,1,108.97999999999999,1,1,1,108.97999999999999,0.0,6,1,0,0.0,39,39,108.97999999999999,50.0,,1,0.0,4.700298531079668
16862,4,662.3300000000002,4,3,0,0.0,0.0,34,1,0,0.0,548,702,165.58250000000004,128.25,51.333333333333336,0,0.0,0.0
14762,2,417.57000000000005,2,2,0,0.0,0.0,28,1,0,0.0,264,627,208.78500000000003,214.0,363.0,0,0.0,0.0
17770,5,1143.27,4,2,0,0.0,0.0,33,1,0,0.0,199,283,228.654,73.0,28.0,0,0.0,0.0
13272,2,276.56000000000006,2,2,2,276.56000000000006,0.0,15,1,0,0.0,32,90,138.28000000000003,48.0,58.0,0,0.0,5.626037126031348
12430,1,216.4,1,1,1,216.4,0.0,10,0,0,0.0,44,44,216.4,116.0,,1,0.0,5.381738974687109
17723,7,3378.4000000000005,7,5,0,0.0,2114.6000000000004,6,1,0,0.0,128,376,482.6285714285715,130.28571428571428,41.333333333333336,0,0.0,-7.657093739191825
13302,2,159.2,2,2,0,0.0,63.75,3,1,0,0.0,156,527,79.6,6.0,371.0,0,0.0,-4.1705337005796475
15940,1,35.8,1,1,0,0.0,0.0,1,1,1,31.8,312,312,35.8,4.0,,1,0.470414201183432,0.0
13559,2,990.0,2,2,0,0.0,0.0,1,1,0,0.0,513,544,495.0,180.0,31.0,0,0.0,0.0
15504,4,391.45,4,4,1,52.830000000000005,0.0,41,1,1,9.95,82,666,97.8625,34.5,194.66666666666666,0,0.02478824115595416,3.985830932572866
17933,1,105.99000000000001,1,1,0,0.0,0.0,11,1,0,0.0,633,633,105.99000000000001,57.0,,1,0.0,0.0
16884,4,1070.97,3,3,2,429.84,0.0,64,1,0,0.0,38,571,267.7425,130.0,266.5,0,0.0,6.0657367914825695
12728,5,926.17,5,5,1,201.02,0.0,47,0,0,0.0,72,384,185.23399999999998,107.0,78.0,0,0.0,5.308366702401038
12878,2,854.99,2,2,0,0.0,0.0,38,1,1,13.35,237,267,427.495,273.5,30.0,0,0.015374162194532096,0.0
16146,4,946.38,4,4,0,0.0,75.0,34,1,0,0.0,158,449,236.595,136.0,97.0,0,0.0,-4.330733340286331
12535,2,716.3499999999999,2,2,0,0.0,344.9,28,0,0,0.0,92,187,358.17499999999995,109.5,95.0,0,0.0,-5.846149715943123
15004,1,1220.38,1,1,0,0.0,1220.38,153,1,0,0.0,148,148,1220.38,622.0,,1,0.0,-7.107736646002929
13201,4,1233.06,4,3,0,0.0,0.0,65,1,0,0.0,503,643,308.265,259.0,46.666666666666664,0,0.0,0.0
17498,1,272.22,1,1,1,272.22,0.0,17,1,0,0.0,76,76,272.22,394.0,,1,0.0,5.610277331459341
17835,3,342.24,3,2,3,342.24,0.0,45,1,0,0.0,3,24,114.08,114.66666666666667,10.5,0,0.0,5.83842991093892
13734,4,6695.6900000000005,3,2,0,0.0,0.0,24,1,2,3250.3500000000004,509,603,1673.9225000000001,75.5,47.0,0,0.32679840418900385,0.0
15536,1,259.09000000000003,1,1,0,0.0,0.0,16,1,0,0.0,410,410,259.09000000000003,242.0,,1,0.0,0.0
15476,4,2209.98,3,2,0,0.0,0.0,67,1,1,29.700000000000003,381,443,552.495,293.5,31.0,0,0.013260822974710675,0.0
17094,2,402.2,2,2,0,0.0,0.0,18,1,1,31.8,323,424,201.1,106.0,101.0,0,0.07327188940092166,0.0
14336,4,1614.91,4,3,1,500.52000000000004,0.0,77,1,0,0.0,17,277,403.7275,439.75,86.66666666666667,0,0.0,6.217643486965713
12513,1,558.29,1,1,0,0.0,558.29,34,0,1,25.5,113,113,558.29,459.0,,1,0.04368009044348139,-6.32666812217548
12635,4,2624.41,4,4,1,879.54,629.64,158,0,0,0.0,90,457,656.1025,483.0,122.33333333333333,0,0.0,0.33380017888642843
13322,1,199.48000000000002,1,1,1,199.48000000000002,0.0,25,1,0,0.0,18,18,199.48000000000002,117.0,,1,0.0,5.300714491147758
18063,2,186.60000000000002,2,2,0,0.0,0.0,2,1,0,0.0,391,634,93.30000000000001,24.0,243.0,0,0.0,0.0
15820,1,206.98,1,1,0,0.0,0.0,17,1,0,0.0,320,320,206.98,128.0,,1,0.0,0.0
18078,4,725.53,4,4,0,0.0,0.0,65,1,0,0.0,218,629,181.3825,92.5,137.0,0,0.0,0.0
16236,1,432.2,1,1,1,432.2,0.0,20,1,0,0.0,79,79,432.2,184.0,,1,0.0,6.071199515126835
15070,3,737.0500000000001,3,3,0,0.0,0.0,26,1,0,0.0,373,725,245.68333333333337,113.0,176.0,0,0.0,0.0
15524,2,591.4,2,2,1,440.0,0.0,9,1,0,0.0,25,607,295.7,14.0,582.0,0,0.0,6.089044875446846
17693,1,200.47,1,1,0,0.0,200.47,16,1,2,13.45,138,138,200.47,231.0,,1,0.06287397157816006,-5.305640486927818
15000,1,490.52,1,1,1,490.52,0.0,76,1,0,0.0,48,48,490.52,218.0,,1,0.0,6.197502630519253
18274,1,175.92,1,1,1,175.92,0.0,11,1,1,175.92000000000002,31,31,175.92,88.0,,1,0.5,5.175697653000126
16185,3,644.72,3,3,1,194.40999999999997,0.0,39,1,0,0.0,17,565,214.90666666666667,107.0,274.0,0,0.0,5.275099915371852
13270,1,590.0,1,1,0,0.0,0.0,1,1,0,0.0,367,367,590.0,200.0,,1,0.0,0.0
17347,1,228.96,1,1,1,228.96,0.0,1,1,0,0.0,87,87,228.96,216.0,,1,0.0,5.43790538075509
12443,1,365.31,1,1,0,0.0,0.0,20,0,0,0.0,733,733,365.31,179.0,,1,0.0,0.0
15338,1,277.93,1,1,0,0.0,0.0,56,1,0,0.0,678,678,277.93,148.0,,1,0.0,0.0
14602,1,205.36000000000004,1,1,0,0.0,0.0,31,1,0,0.0,657,657,205.36000000000004,80.0,,1,0.0,0.0
17586,1,167.40000000000003,1,1,0,0.0,0.0,8,1,0,0.0,620,620,167.40000000000003,68.0,,1,0.0,0.0
15112,1,209.4,1,1,0,0.0,0.0,7,1,0,0.0,612,612,209.4,72.0,,1,0.0,0.0
13180,1,86.10000000000001,1,1,0,0.0,0.0,4,1,0,0.0,608,608,86.10000000000001,42.0,,1,0.0,0.0
18028,1,192.05,1,1,0,0.0,0.0,4,1,0,0.0,584,584,192.05,133.0,,1,0.0,0.0
16307,3,1194.92,3,3,0,0.0,0.0,69,1,0,0.0,430,578,398.3066666666667,374.3333333333333,74.0,0,0.0,0.0
12730,1,703.2500000000001,1,1,0,0.0,0.0,46,0,0,0.0,522,522,703.2500000000001,227.0,,1,0.0,0.0
17773,2,575.3699999999999,2,2,0,0.0,0.0,48,1,0,0.0,515,691,287.68499999999995,127.0,176.0,0,0.0,0.0
15363,2,678.1099999999999,2,2,0,0.0,0.0,32,1,1,7.95,373,493,339.05499999999995,191.5,120.0,0,0.011587907763169404,0.0
14254,1,601.03,1,1,0,0.0,0.0,23,1,0,0.0,433,433,601.03,263.0,,1,0.0,0.0
16022,1,602.63,1,1,0,0.0,0.0,68,1,0,0.0,261,261,602.63,255.0,,1,0.0,0.0
16642,3,1077.45,3,3,1,380.6,0.0,50,1,2,25.990000000000002,5,416,359.15000000000003,258.3333333333333,205.5,0,0.02355361415210614,5.944372939574132
12453,1,707.0899999999999,1,1,0,0.0,707.0899999999999,43,0,0,0.0,135,135,707.0899999999999,473.0,,1,0.0,-6.562571204258897
18192,1,957.97,1,1,1,957.97,0.0,45,1,0,0.0,72,72,957.97,339.0,,1,0.0,6.865859791808101
16803,1,332.3,1,1,1,332.3,0.0,24,1,0,0.0,66,66,332.3,245.0,,1,0.0,5.809042985313694
18088,1,166.03,1,1,1,166.03,0.0,35,1,0,0.0,62,62,166.03,107.0,,1,0.0,5.118173437001857
14995,2,231.98000000000002,2,2,1,112.67,0.0,53,1,0,0.0,39,281,115.99000000000001,51.0,242.0,0,0.0,4.733299513698619
14863,1,266.76,1,1,1,266.76,0.0,11,1,0,0.0,30,30,266.76,132.0,,1,0.0,5.590091056903071
16410,1,130.32000000000002,1,1,0,0.0,0.0,5,1,0,0.0,735,735,130.32000000000002,348.0,,1,0.0,0.0
14018,1,367.1500000000001,1,1,0,0.0,0.0,13,1,0,0.0,646,646,367.1500000000001,224.0,,1,0.0,0.0
14011,2,457.82000000000005,2,2,0,0.0,0.0,32,1,1,5.9,481,608,228.91000000000003,322.0,127.0,0,0.012723195031484516,0.0
12804,2,325.36999999999995,2,2,0,0.0,0.0,60,0,0,0.0,466,501,162.68499999999997,135.0,35.0,0,0.0,0.0
16646,1,678.8,1,1,0,0.0,0.0,29,1,1,3.75,450,450,678.8,1072.0,,1,0.005494102996117501,0.0
13977,1,519.8100000000001,1,1,0,0.0,0.0,13,1,0,0.0,412,412,519.8100000000001,303.0,,1,0.0,0.0
13660,1,306.64,1,1,0,0.0,0.0,39,1,1,10.9,401,401,306.64,136.0,,1,0.03432638407759653,0.0
16494,1,826.53,1,1,0,0.0,0.0,47,1,0,0.0,297,297,826.53,675.0,,1,0.0,0.0
13951,3,674.45,3,3,0,0.0,158.39999999999998,38,1,0,0.0,177,295,224.8166666666667,153.0,59.0,0,0.0,-5.071416766356115
15507,1,475.85999999999996,1,1,0,0.0,475.85999999999996,41,1,0,0.0,172,172,475.85999999999996,160.0,,1,0.0,-6.167222946760261
16102,3,1842.1399999999999,3,3,1,449.30000000000007,1392.84,41,1,0,0.0,43,129,614.0466666666666,314.0,43.0,0,0.0,-1.1299037798071243
12688,1,4873.8099999999995,1,1,0,0.0,4873.8099999999995,171,0,0,0.0,114,114,4873.8099999999995,3028.0,,1,0.0,-8.491836408313453
12965,1,769.8100000000001,1,1,1,769.8100000000001,0.0,108,1,0,0.0,90,90,769.8100000000001,282.0,,1,0.0,6.647441909990047
14174,1,134.46,1,1,1,134.46,0.0,26,1,0,0.0,34,34,134.46,94.0,,1,0.0,4.908676393786758
15450,1,429.84,1,1,1,429.84,0.0,30,1,0,0.0,31,31,429.84,376.0,,1,0.0,6.0657367914825695
16025,1,439.65999999999997,1,1,1,439.65999999999997,0.0,28,1,0,0.0,30,30,439.65999999999997,338.0,,1,0.0,6.0882736030360425
15904,1,164.68,1,1,1,164.68,0.0,30,1,0,0.0,9,9,164.68,84.0,,1,0.0,5.110058217087329
16567,2,865.6,2,2,0,0.0,0.0,34,1,0,0.0,195,337,432.8,498.0,142.0,0,0.0,0.0
15675,4,542.04,4,4,1,98.3,180.39,32,1,0,0.0,82,405,135.51,156.0,107.66666666666667,0,0.0,-0.6025038383187509
17129,1,31.85,1,1,0,0.0,0.0,2,1,0,0.0,521,521,31.85,5.0,,1,0.0,0.0
18053,3,571.0699999999999,3,3,1,300.02,0.0,29,1,3,43.3,71,528,190.35666666666665,136.33333333333334,228.5,0,0.07047870175952603,5.707176707724217
15909,1,191.94,1,1,0,0.0,191.94,7,1,0,0.0,174,174,191.94,98.0,,1,0.0,-5.262379259742407
16866,3,207.74,3,1,0,0.0,207.74,10,1,0,0.0,141,162,69.24666666666667,20.0,10.5,0,0.0,-5.341089458391906
15991,1,150.54999999999998,1,1,0,0.0,0.0,6,1,0,0.0,535,535,150.54999999999998,41.0,,1,0.0,0.0
15461,2,429.7,2,2,0,0.0,0.0,1,1,1,38.4,461,632,214.85,115.0,171.0,0,0.08203375347148045,0.0
13366,1,56.160000000000004,1,1,1,56.160000000000004,0.0,1,1,0,0.0,51,51,56.160000000000004,144.0,,1,0.0,4.045854353061666
17342,4,1227.54,4,3,0,0.0,0.0,31,1,3,71.7,380,670,306.885,130.25,96.66666666666667,0,0.0551861088020689,0.0
17902,1,216.39999999999998,1,1,0,0.0,0.0,24,1,0,0.0,547,547,216.39999999999998,526.0,,1,0.0,0.0
15126,2,449.49,2,2,0,0.0,0.0,25,1,0,0.0,537,688,224.745,136.5,151.0,0,0.0,0.0
15190,1,834.44,1,1,0,0.0,0.0,40,1,0,0.0,435,435,834.44,790.0,,1,0.0,0.0
17687,1,432.68000000000006,1,1,0,0.0,0.0,26,1,0,0.0,421,421,432.68000000000006,210.0,,1,0.0,0.0
14718,1,226.42000000000002,1,1,0,0.0,0.0,11,1,0,0.0,411,411,226.42000000000002,202.0,,1,0.0,0.0
13937,2,880.13,2,2,0,0.0,158.85,54,1,1,12.75,170,403,440.065,293.5,233.0,0,0.014279634441358302,-5.074235875505851
15832,1,836.79,1,1,0,0.0,0.0,54,1,0,0.0,255,255,836.79,465.0,,1,0.0,0.0
16464,3,1298.6599999999999,3,3,2,918.3299999999999,380.33000000000004,152,1,0,0.0,20,143,432.8866666666666,317.3333333333333,61.5,0,0.0,0.8799800018880681
14557,1,788.38,1,1,1,788.38,0.0,16,1,1,788.3799999999999,86,86,788.38,510.0,,1,0.5,6.671247827209794
15604,1,216.39,1,1,1,216.39,0.0,17,1,0,0.0,53,53,216.39,159.0,,1,0.0,5.381692975469088
17441,1,293.35,1,1,0,0.0,0.0,21,1,0,0.0,733,733,293.35,245.0,,1,0.0,0.0
18139,6,8438.34,2,1,6,8438.34,0.0,35,1,0,0.0,18,19,1406.39,926.1666666666666,1.0,0,0.0,9.040659385480165
14063,7,9471.5,7,2,0,0.0,0.0,29,1,0,0.0,687,732,1353.0714285714287,549.7142857142857,7.5,0,0.0,0.0
14900,1,13.919999999999998,1,1,0,0.0,0.0,1,1,0,0.0,523,523,13.919999999999998,48.0,,1,0.0,0.0
13474,3,646.5899999999999,3,3,0,0.0,0.0,116,1,0,0.0,237,496,215.52999999999997,106.0,129.5,0,0.0,0.0
12736,1,144.0,1,1,0,0.0,0.0,3,0,0,0.0,333,333,144.0,168.0,,1,0.0,0.0
17148,1,124.88000000000001,1,1,1,124.88000000000001,0.0,9,1,0,0.0,52,52,124.88000000000001,82.0,,1,0.0,4.835329072196206
13122,2,922.3900000000001,2,2,0,0.0,18.72,54,1,0,0.0,95,241,461.19500000000005,292.5,146.0,0,0.0,-2.9816333491744893
15503,2,257.3,2,2,0,0.0,0.0,112,1,0,0.0,363,727,128.65,65.0,364.0,0,0.0,0.0
14677,1,184.91,1,1,0,0.0,0.0,14,1,0,0.0,593,593,184.91,139.0,,1,0.0,0.0
14728,1,190.57999999999998,1,1,0,0.0,0.0,14,1,0,0.0,414,414,190.57999999999998,68.0,,1,0.0,0.0
16429,1,284.55,1,1,0,0.0,284.55,2,1,0,0.0,107,107,284.55,9.0,,1,0.0,-5.654417145110872
17087,1,221.53,1,1,0,0.0,0.0,12,1,0,0.0,738,738,221.53,113.0,,1,0.0,0.0
16481,1,453.38,1,1,0,0.0,0.0,16,1,2,22.45,683,683,453.38,201.0,,1,0.04718071580186201,0.0
15176,1,988.04,1,1,0,0.0,0.0,52,1,1,2.95,668,668,988.04,448.0,,1,0.0029768211586393405,0.0
16602,2,763.33,2,2,1,528.08,0.0,37,1,3,51.7,37,389,381.665,214.5,352.0,0,0.06343324785590713,6.271139649157846
15214,8,1661.44,8,6,6,1009.81,0.0,109,1,0,0.0,2,243,207.68,156.75,34.42857142857143,0,0.0,6.91850726861904
15923,1,127.08,1,1,0,0.0,0.0,21,1,0,0.0,373,373,127.08,122.0,,1,0.0,0.0
13351,1,323.94,1,1,1,323.94,0.0,15,1,0,0.0,67,67,323.94,116.0,,1,0.0,5.783640549901604
14601,1,213.96,1,1,1,213.96,0.0,7,1,0,0.0,11,11,213.96,168.0,,1,0.0,5.370451964307236
17437,1,369.67999999999995,1,1,0,0.0,0.0,52,1,0,0.0,530,530,369.67999999999995,283.0,,1,0.0,0.0
12665,3,259.6,3,3,0,0.0,0.0,12,0,2,12.15,325,670,86.53333333333335,54.0,172.5,0,0.04471021159153634,0.0
12988,1,505.82000000000005,1,1,0,0.0,0.0,75,1,0,0.0,293,293,505.82000000000005,126.0,,1,0.0,0.0
15054,2,302.09999999999997,2,2,2,302.09999999999997,0.0,105,1,0,0.0,13,41,151.04999999999998,99.0,28.0,0,0.0,5.714062784063757
13349,1,197.32,1,1,1,197.32,0.0,15,1,0,0.0,11,11,197.32,224.0,,1,0.0,5.289881887726935
16222,2,1272.05,2,2,0,0.0,0.0,133,1,0,0.0,319,722,636.025,231.5,403.0,0,0.0,0.0
15084,2,965.1999999999999,2,2,0,0.0,0.0,31,1,0,0.0,380,646,482.59999999999997,300.0,266.0,0,0.0,0.0
14097,2,422.86,2,2,0,0.0,0.0,39,1,0,0.0,482,646,211.43,176.0,164.0,0,0.0,0.0
12851,2,280.76,2,2,0,0.0,131.81,71,1,0,0.0,97,478,140.38,78.5,381.0,0,0.0,-4.8889195354121595
13088,1,236.11,1,1,0,0.0,0.0,19,1,0,0.0,418,418,236.11,76.0,,1,0.0,0.0
16559,1,175.00000000000003,1,1,0,0.0,0.0,17,1,0,0.0,398,398,175.00000000000003,61.0,,1,0.0,0.0
12491,1,424.40000000000003,1,1,1,424.40000000000003,0.0,24,0,0,0.0,39,39,424.40000000000003,258.0,,1,0.0,6.053029902766137
16423,1,346.12,1,1,1,346.12,0.0,18,1,0,0.0,25,25,346.12,230.0,,1,0.0,5.849670541490095
12762,2,1702.5199999999998,2,2,2,1702.5199999999998,0.0,61,0,0,0.0,8,26,851.2599999999999,610.0,18.0,0,0.0,7.440451977566296
14771,2,594.6200000000001,2,2,0,0.0,0.0,46,1,1,14.7,622,737,297.31000000000006,311.0,115.0,0,0.024125254381933952,0.0
13794,1,126.03,1,1,0,0.0,0.0,9,1,0,0.0,547,547,126.03,63.0,,1,0.0,0.0
15772,1,280.88,1,1,0,0.0,0.0,16,1,0,0.0,419,419,280.88,110.0,,1,0.0,0.0
14379,4,1265.16,4,4,1,237.12,0.0,93,1,0,0.0,45,481,316.29,178.0,145.33333333333334,0,0.0,5.47277474828519
17891,1,203.86,1,1,0,0.0,203.86,34,1,0,0.0,163,163,203.86,393.0,,1,0.0,-5.3223268190083886
13810,2,827.5099999999999,2,2,2,827.5099999999999,0.0,30,0,0,0.0,29,57,413.75499999999994,153.5,28.0,0,0.0,6.7196289067998105
15168,1,106.55999999999999,1,1,1,106.55999999999999,0.0,5,1,0,0.0,26,26,106.55999999999999,52.0,,1,0.0,4.678048831400663
18070,1,314.1,1,1,0,0.0,0.0,9,1,1,6.35,670,670,314.1,86.0,,1,0.01981588391324699,0.0
14007,1,79.48,1,1,0,0.0,0.0,5,1,0,0.0,513,513,79.48,16.0,,1,0.0,0.0
17532,1,65.34,1,1,0,0.0,0.0,4,1,0,0.0,386,386,65.34,30.0,,1,0.0,0.0
12587,1,104.0,1,1,1,104.0,0.0,3,0,0,0.0,8,8,104.0,50.0,,1,0.0,4.653960350157523
15250,1,60.0,1,1,0,0.0,0.0,3,1,0,0.0,641,641,60.0,48.0,,1,0.0,0.0
12781,2,786.74,2,2,1,237.48,0.0,24,0,2,115.02,64,285,393.37,335.0,221.0,0,0.12755056777856635,5.474285449369816
15170,1,81.15,1,1,0,0.0,0.0,4,1,0,0.0,407,407,81.15,33.0,,1,0.0,0.0
13645,1,252.1,1,1,0,0.0,252.1,5,1,0,0.0,121,121,252.1,158.0,,1,0.0,-5.533784667551078
15672,1,45.300000000000004,1,1,0,0.0,0.0,3,1,0,0.0,726,726,45.300000000000004,10.0,,1,0.0,0.0
13289,1,307.95,1,1,0,0.0,0.0,16,1,0,0.0,724,724,307.95,119.0,,1,0.0,0.0
12411,1,346.9000000000001,1,1,0,0.0,0.0,22,0,0,0.0,410,410,346.9000000000001,138.0,,1,0.0,0.0
15438,1,156.57999999999998,1,1,0,0.0,156.57999999999998,25,1,0,0.0,132,132,156.57999999999998,59.0,,1,0.0,-5.059933265817542
17154,1,329.34,1,1,1,329.34,0.0,23,1,0,0.0,76,76,329.34,490.0,,1,0.0,5.800122427092944
16688,4,1260.8600000000001,4,3,4,1260.8600000000001,0.0,52,1,0,0.0,2,61,315.21500000000003,201.0,19.666666666666668,0,0.0,7.1403421019236415
17914,1,329.36,1,1,1,329.36,0.0,72,1,0,0.0,4,4,329.36,457.0,,1,0.0,5.800182968942516
14983,1,183.2,1,1,0,0.0,0.0,30,1,0,0.0,690,690,183.2,90.0,,1,0.0,0.0
17710,1,293.5,1,1,0,0.0,0.0,20,1,0,0.0,424,424,293.5,158.0,,1,0.0,0.0
13624,1,462.08,1,1,0,0.0,0.0,22,1,1,34.9,389,389,462.08,820.0,,1,0.07022415388949253,0.0
17493,1,100.91,1,1,0,0.0,0.0,8,1,0,0.0,386,386,100.91,62.0,,1,0.0,0.0
15225,1,409.40000000000003,1,1,0,0.0,0.0,23,1,0,0.0,235,235,409.40000000000003,226.0,,1,0.0,0.0
14100,1,191.95000000000002,1,1,0,0.0,191.95000000000002,24,1,0,0.0,138,138,191.95000000000002,63.0,,1,0.0,-5.262431087983628
15348,1,158.04,1,1,1,158.04,0.0,9,1,0,0.0,73,73,158.04,84.0,,1,0.0,5.069155742908264
15096,1,219.39,1,1,1,219.39,0.0,11,1,0,0.0,43,43,219.39,120.0,,1,0.0,5.3953987041986
16243,2,409.1,2,2,2,409.1,0.0,49,1,0,0.0,34,55,204.55,55.0,21.0,0,0.0,6.016401032398013
17413,2,560.14,2,2,0,0.0,0.0,10,1,0,0.0,405,570,280.07,151.0,165.0,0,0.0,0.0
12995,1,211.32,1,1,1,211.32,0.0,3,1,1,10.6,86,86,211.32,108.0,,1,0.04776496034607066,5.358094570583897
13592,4,247.96,4,3,1,42.45,0.0,15,1,0,0.0,36,265,61.99,21.0,76.33333333333333,0,0.0,3.771610851711401
17959,1,140.75,1,1,0,0.0,0.0,2,1,0,0.0,593,593,140.75,49.0,,1,0.0,0.0
15731,1,125.3,1,1,0,0.0,0.0,8,1,0,0.0,554,554,125.3,122.0,,1,0.0,0.0
14374,1,108.0,1,1,0,0.0,0.0,7,1,0,0.0,542,542,108.0,20.0,,1,0.0,0.0
12732,1,218.26000000000002,1,1,0,0.0,218.26000000000002,11,0,0,0.0,180,180,218.26000000000002,110.0,,1,0.0,-5.390258240246394
15130,1,330.11,1,1,0,0.0,330.11,22,1,0,0.0,170,170,330.11,197.0,,1,0.0,-5.802450646452902
16878,1,13.3,1,1,1,13.3,0.0,3,1,1,13.3,85,85,13.3,12.0,,1,0.5,2.6602595372658615
15409,1,131.25,1,1,0,0.0,0.0,9,1,1,14.05,722,722,131.25,59.0,,1,0.09669649002064694,0.0
14303,2,277.94,2,1,0,0.0,0.0,21,1,0,0.0,408,435,138.97,109.0,27.0,0,0.0,0.0
17245,2,371.63,2,2,0,0.0,0.0,24,1,0,0.0,205,690,185.815,153.5,485.0,0,0.0,0.0
16023,3,719.81,3,3,1,219.12,0.0,90,1,0,0.0,47,267,239.93666666666664,119.33333333333333,110.0,0,0.0,5.394172852191558
13806,1,256.38,1,1,1,256.38,0.0,10,1,0,0.0,64,64,256.38,56.0,,1,0.0,5.550553592065519
17240,1,130.6,1,1,0,0.0,0.0,7,1,0,0.0,597,597,130.6,108.0,,1,0.0,0.0
17369,1,979.1999999999999,1,1,0,0.0,0.0,1,1,0,0.0,456,456,979.1999999999999,1152.0,,1,0.0,0.0
12934,1,181.65,1,1,0,0.0,0.0,2,1,0,0.0,737,737,181.65,31.0,,1,0.0,0.0
15844,1,130.74,1,1,1,130.74,0.0,11,1,0,0.0,47,47,130.74,134.0,,1,0.0,4.880830283212547
14568,1,919.6999999999999,1,1,0,0.0,0.0,47,0,1,10.2,436,436,919.6999999999999,645.0,,1,0.010968921389396709,0.0
17427,1,100.8,1,1,1,100.8,0.0,2,1,0,0.0,72,72,100.8,34.0,,1,0.0,4.623010104116422
12713,1,794.5500000000001,1,1,1,794.5500000000001,0.0,37,0,0,0.0,1,1,794.5500000000001,505.0,,1,0.0,6.679033699353866
13498,1,327.38,1,1,0,0.0,0.0,17,1,0,0.0,731,731,327.38,362.0,,1,0.0,0.0
15209,1,178.98000000000002,1,1,0,0.0,0.0,13,1,0,0.0,731,731,178.98000000000002,94.0,,1,0.0,0.0
16262,1,755.1500000000001,1,1,0,0.0,0.0,46,1,2,77.37,379,379,755.1500000000001,446.0,,1,0.09293470427136885,0.0
18224,1,158.95,1,1,0,0.0,0.0,10,1,0,0.0,264,264,158.95,69.0,,1,0.0,0.0
16581,1,105.84,1,1,0,0.0,0.0,9,1,1,35.400000000000006,183,183,105.84,134.0,,1,0.2506372132540357,0.0
12534,1,981.1799999999998,1,1,0,0.0,981.1799999999998,62,0,0,0.0,131,131,981.1799999999998,645.0,,1,0.0,-6.889774590946187
15158,2,606.02,2,2,1,401.4,0.0,11,1,1,168.36,46,402,303.01,109.5,356.0,0,0.21741263978925077,5.9974466187855295
17326,2,312.35,2,2,0,0.0,0.0,82,1,0,0.0,409,530,156.175,68.0,121.0,0,0.0,0.0
17499,2,1341.3899999999999,2,2,0,0.0,0.0,66,1,1,44.550000000000004,290,562,670.6949999999999,543.0,272.0,0,0.032144248668773544,0.0
18197,1,230.1,1,1,0,0.0,0.0,9,1,1,8.7,576,576,230.1,166.0,,1,0.0364321608040201,0.0
13423,1,217.03,1,1,0,0.0,0.0,12,1,0,0.0,429,429,217.03,141.0,,1,0.0,0.0
14436,2,271.70000000000005,2,2,0,0.0,89.06,11,1,0,0.0,99,554,135.85000000000002,148.5,455.0,0,0.0,-4.500476114873425
15846,1,107.01,1,1,0,0.0,0.0,27,1,0,0.0,386,386,107.01,79.0,,1,0.0,0.0
13621,1,213.84999999999997,1,1,0,0.0,213.84999999999997,19,1,0,0.0,117,117,213.84999999999997,343.0,,1,0.0,-5.369940110221004
17910,1,261.7,1,1,0,0.0,0.0,25,1,0,0.0,727,727,261.7,121.0,,1,0.0,0.0
16238,1,63.660000000000004,1,1,0,0.0,0.0,6,1,0,0.0,423,423,63.660000000000004,85.0,,1,0.0,0.0
13906,1,42.0,1,1,0,0.0,0.0,1,1,0,0.0,410,410,42.0,100.0,,1,0.0,0.0
16721,1,292.47,1,1,0,0.0,0.0,37,1,0,0.0,263,263,292.47,172.0,,1,0.0,0.0
17927,1,294.00000000000006,1,1,0,0.0,0.0,10,1,0,0.0,722,722,294.00000000000006,108.0,,1,0.0,0.0
12661,1,162.0,1,1,0,0.0,0.0,11,0,0,0.0,437,437,162.0,216.0,,1,0.0,0.0
14333,1,415.20000000000005,1,1,1,415.20000000000005,0.0,15,1,1,63.75,68,68,415.20000000000005,58.0,,1,0.13310366426558096,6.031165913959534
13372,1,328.64000000000004,1,1,1,328.64000000000004,0.0,22,1,0,0.0,90,90,328.64000000000004,158.0,,1,0.0,5.798001149895183
14642,1,96.12,1,1,1,96.12,0.0,2,1,0,0.0,59,59,96.12,76.0,,1,0.0,4.575947327311188
17057,1,288.79,1,1,0,0.0,0.0,47,1,0,0.0,597,597,288.79,122.0,,1,0.0,0.0
14576,1,35.400000000000006,1,1,0,0.0,0.0,1,1,0,0.0,373,373,35.400000000000006,12.0,,1,0.0,0.0
16144,1,175.2,1,1,0,0.0,0.0,1,1,0,0.0,247,247,175.2,16.0,,1,0.0,0.0
15487,1,231.32,1,1,0,0.0,0.0,14,1,0,0.0,680,680,231.32,144.0,,1,0.0,0.0
14070,1,321.6,1,1,0,0.0,0.0,40,1,0,0.0,685,685,321.6,85.0,,1,0.0,0.0
17815,1,591.9599999999999,1,1,0,0.0,0.0,13,1,0,0.0,394,394,591.9599999999999,612.0,,1,0.0,0.0
16958,1,778.4900000000001,1,1,0,0.0,0.0,69,1,0,0.0,436,436,778.4900000000001,514.0,,1,0.0,0.0
17066,1,228.34000000000003,1,1,0,0.0,0.0,17,1,0,0.0,727,727,228.34000000000003,93.0,,1,0.0,0.0
17052,1,399.09000000000003,1,1,1,399.09000000000003,0.0,72,1,0,0.0,29,29,399.09000000000003,251.0,,1,0.0,5.9916895217992785
16339,1,94.05000000000001,1,1,0,0.0,0.0,17,1,0,0.0,285,285,94.05000000000001,21.0,,1,0.0,0.0
16090,1,180.55999999999997,1,1,0,0.0,0.0,18,1,0,0.0,625,625,180.55999999999997,58.0,,1,0.0,0.0
18284,1,411.68,1,1,0,0.0,0.0,27,1,0,0.0,432,432,411.68,493.0,,1,0.0,0.0
16237,1,136.65,1,1,0,0.0,0.0,7,1,0,0.0,438,438,136.65,57.0,,1,0.0,0.0
12617,1,352.9800000000001,1,1,1,352.9800000000001,0.0,39,0,0,0.0,30,30,352.9800000000001,210.0,,1,0.0,5.869240414362608
14795,1,131.45,1,1,0,0.0,131.45,6,1,0,0.0,167,167,131.45,17.0,,1,0.0,-4.886205215718078
14394,1,93.8,1,1,0,0.0,0.0,6,1,0,0.0,565,565,93.8,58.0,,1,0.0,0.0
14833,1,94.79999999999998,1,1,0,0.0,0.0,7,1,0,0.0,499,499,94.79999999999998,58.0,,1,0.0,0.0
15464,1,1044.65,1,1,0,0.0,0.0,155,1,0,0.0,339,339,1044.65,348.0,,1,0.0,0.0
16152,1,1829.04,1,1,0,0.0,0.0,29,1,0,0.0,269,269,1829.04,642.0,,1,0.0,0.0
13412,1,487.35,1,1,0,0.0,0.0,33,1,0,0.0,621,621,487.35,176.0,,1,0.0,0.0
12354,1,1079.3999999999999,1,1,0,0.0,0.0,58,0,0,0.0,233,233,1079.3999999999999,530.0,,1,0.0,0.0
15090,1,381.31999999999994,1,1,0,0.0,0.0,23,1,0,0.0,309,309,381.31999999999994,208.0,,1,0.0,0.0
13796,1,289.7,1,1,0,0.0,0.0,22,1,0,0.0,500,500,289.7,218.0,,1,0.0,0.0
15999,1,20.4,1,1,0,0.0,0.0,1,1,0,0.0,736,736,20.4,24.0,,1,0.0,0.0
17944,1,74.99,1,1,0,0.0,0.0,24,1,0,0.0,424,424,74.99,84.0,,1,0.0,0.0
15340,1,105.5,1,1,0,0.0,0.0,7,1,0,0.0,562,562,105.5,76.0,,1,0.0,0.0
14689,1,112.80000000000001,1,1,0,0.0,0.0,13,1,0,0.0,209,209,112.80000000000001,76.0,,1,0.0,0.0
15035,1,252.73000000000002,1,1,1,252.73000000000002,0.0,26,1,0,0.0,90,90,252.73000000000002,245.0,,1,0.0,5.536270709515726
12655,1,243.35000000000002,1,1,0,0.0,0.0,15,0,0,0.0,424,424,243.35000000000002,79.0,,1,0.0,0.0
16113,1,161.37999999999997,1,1,0,0.0,0.0,30,1,0,0.0,184,184,161.37999999999997,176.0,,1,0.0,0.0
16260,1,1035.4499999999998,1,1,1,1035.4499999999998,0.0,18,1,0,0.0,51,51,1035.4499999999998,311.0,,1,0.0,6.9435566914455205
16171,1,73.2,1,1,1,73.2,0.0,3,1,0,0.0,60,60,73.2,24.0,,1,0.0,4.3067641501733345
15964,1,269.21000000000004,1,1,0,0.0,0.0,20,1,0,0.0,664,664,269.21000000000004,93.0,,1,0.0,0.0
12774,1,83.7,1,1,0,0.0,0.0,5,0,0,0.0,536,536,83.7,52.0,,1,0.0,0.0
17121,1,314.74,1,1,0,0.0,0.0,12,1,0,0.0,403,403,314.74,106.0,,1,0.0,0.0
16318,1,328.15,1,1,1,328.15,0.0,19,1,0,0.0,36,36,328.15,199.0,,1,0.0,5.796513573913885
17587,1,173.76,1,1,0,0.0,0.0,41,1,0,0.0,629,629,173.76,66.0,,1,0.0,0.0
17020,2,935.62,2,2,0,0.0,0.0,64,1,0,0.0,543,647,467.81,430.0,104.0,0,0.0,0.0
14319,1,494.8500000000001,1,1,0,0.0,0.0,26,1,1,17.9,425,425,494.8500000000001,329.0,,1,0.0349098000975134,0.0
15087,1,306.94000000000005,1,1,0,0.0,0.0,15,1,0,0.0,282,282,306.94000000000005,470.0,,1,0.0,0.0
13281,1,350.85,1,1,0,0.0,0.0,22,1,2,44.4,440,440,350.85,201.0,,1,0.11233396584440228,0.0
17922,1,170.4,1,1,0,0.0,0.0,8,1,0,0.0,544,544,170.4,49.0,,1,0.0,0.0
18003,1,353.51,1,1,0,0.0,0.0,23,1,0,0.0,377,377,353.51,297.0,,1,0.0,0.0
15119,1,266.40000000000003,1,1,0,0.0,0.0,14,1,0,0.0,246,246,266.40000000000003,88.0,,1,0.0,0.0
16753,1,223.92000000000002,1,1,1,223.92000000000002,0.0,34,1,0,0.0,59,59,223.92000000000002,189.0,,1,0.0,5.415744783424001
16870,1,450.15999999999997,1,1,0,0.0,0.0,28,1,0,0.0,470,470,450.15999999999997,278.0,,1,0.0,0.0
15320,1,267.13,1,1,1,267.13,0.0,36,1,0,0.0,45,45,267.13,326.0,,1,0.0,5.591471937527057
13858,1,216.17,1,1,1,216.17,0.0,11,1,0,0.0,58,58,216.17,75.0,,1,0.0,5.38068045697316
15567,1,186.01,1,1,1,186.01,0.0,7,1,0,0.0,19,19,186.01,223.0,,1,0.0,5.231162091360629
17976,1,321.78999999999996,1,1,0,0.0,0.0,56,1,0,0.0,373,373,321.78999999999996,93.0,,1,0.0,0.0
13392,1,91.14000000000001,1,1,0,0.0,0.0,8,1,0,0.0,678,678,91.14000000000001,82.0,,1,0.0,0.0
12390,1,504.8400000000001,1,1,1,504.8400000000001,0.0,31,0,0,0.0,80,80,504.8400000000001,350.0,,1,0.0,6.226220413750358
17435,1,331.34999999999997,1,1,0,0.0,0.0,15,1,0,0.0,412,412,331.34999999999997,195.0,,1,0.0,0.0
12702,1,201.0,1,1,1,201.0,0.0,11,0,0,0.0,20,20,201.0,52.0,,1,0.0,5.308267697401205
14989,1,342.4,1,1,0,0.0,0.0,18,1,0,0.0,662,662,342.4,200.0,,1,0.0,0.0
15564,2,70.74000000000001,2,2,0,0.0,0.0,4,1,0,0.0,464,677,35.370000000000005,21.0,213.0,0,0.0,0.0
13779,1,161.13,1,1,0,0.0,0.0,27,1,0,0.0,516,516,161.13,53.0,,1,0.0,0.0
13844,1,361.62,1,1,1,361.62,0.0,20,1,0,0.0,12,12,361.62,196.0,,1,0.0,5.893355453997662
17906,1,72.9,1,1,0,0.0,0.0,12,1,0,0.0,248,248,72.9,26.0,,1,0.0,0.0
12776,1,27.5,1,1,0,0.0,0.0,3,0,0,0.0,668,668,27.5,45.0,,1,0.0,0.0
14773,1,140.55,1,1,0,0.0,0.0,10,1,1,14.850000000000001,593,593,140.55,53.0,,1,0.09555984555984556,0.0
17161,1,856.01,1,1,0,0.0,0.0,52,1,0,0.0,445,445,856.01,537.0,,1,0.0,0.0
14391,1,135.59999999999997,1,1,0,0.0,0.0,14,1,0,0.0,577,577,135.59999999999997,168.0,,1,0.0,0.0
13944,1,200.43,1,1,0,0.0,0.0,35,1,0,0.0,654,654,200.43,153.0,,1,0.0,0.0
13708,1,283.33,1,1,0,0.0,0.0,48,1,0,0.0,272,272,283.33,300.0,,1,0.0,0.0
17792,2,368.35,2,1,0,0.0,0.0,45,1,0,0.0,468,479,184.175,74.5,11.0,0,0.0,0.0
15516,3,62.43000000000001,2,1,3,62.43000000000001,0.0,15,1,0,0.0,45,47,20.810000000000002,9.0,2.0,0,0.0,4.149936935645806
14974,1,89.94,1,1,1,89.94,0.0,17,1,0,0.0,38,38,89.94,37.0,,1,0.0,4.510199948396864
17275,1,114.1,1,1,0,0.0,0.0,23,1,0,0.0,384,384,114.1,71.0,,1,0.0,0.0
14971,3,1097.98,2,2,3,1097.98,0.0,144,1,0,0.0,36,44,365.99333333333334,213.0,8.0,0,0.0,7.002137755875882
17296,1,338.13,1,1,0,0.0,0.0,32,1,0,0.0,731,731,338.13,216.0,,1,0.0,0.0
14485,1,162.79999999999998,1,1,1,162.79999999999998,0.0,44,1,0,0.0,39,39,162.79999999999998,70.0,,1,0.0,5.098646171418969
12852,1,311.55,1,1,0,0.0,0.0,17,1,1,11.8,295,295,311.55,149.0,,1,0.03649296428019174,0.0
16375,2,104.0,1,1,0,0.0,0.0,11,1,0,0.0,471,471,52.0,37.0,,1,0.0,0.0
12819,1,540.52,1,1,0,0.0,0.0,19,1,0,0.0,459,459,540.52,344.0,,1,0.0,0.0
14668,1,111.63000000000001,1,1,0,0.0,0.0,10,1,0,0.0,446,446,111.63000000000001,49.0,,1,0.0,0.0
13436,1,196.89000000000001,1,1,1,196.89000000000001,0.0,12,1,0,0.0,2,2,196.89000000000001,76.0,,1,0.0,5.287711320760812
15924,1,102.82000000000001,1,1,0,0.0,0.0,14,1,0,0.0,732,732,102.82000000000001,103.0,,1,0.0,0.0
13866,1,145.67000000000002,1,1,1,145.67000000000002,0.0,7,1,0,0.0,75,75,145.67000000000002,57.0,,1,0.0,4.988185165258664
12603,1,613.1999999999999,1,1,1,613.1999999999999,0.0,1,0,0,0.0,22,22,613.1999999999999,56.0,,1,0.0,6.420320608006722
16377,2,1308.48,2,2,0,0.0,0.0,6,1,0,0.0,268,618,654.24,1464.0,350.0,0,0.0,0.0
12536,1,4279.71,1,1,1,4279.71,0.0,259,0,1,128.45,60,60,4279.71,2801.0,,1,0.029139141954919966,8.361874162668443
13990,1,311.30000000000007,1,1,0,0.0,0.0,16,1,0,0.0,214,214,311.30000000000007,190.0,,1,0.0,0.0
12671,1,2622.4799999999996,1,1,0,0.0,0.0,44,0,0,0.0,607,607,2622.4799999999996,1459.0,,1,0.0,0.0
17112,1,197.57,1,1,0,0.0,0.0,44,1,0,0.0,503,503,197.57,130.0,,1,0.0,0.0
15631,1,596.6700000000001,1,1,0,0.0,0.0,39,1,0,0.0,643,643,596.6700000000001,525.0,,1,0.0,0.0
14300,1,43.2,1,1,1,43.2,0.0,3,1,0,0.0,19,19,43.2,32.0,,1,0.0,3.7887247890836524
13688,1,375.5,1,1,0,0.0,0.0,5,1,0,0.0,636,636,375.5,130.0,,1,0.0,0.0
13845,1,312.98,1,1,1,312.98,0.0,9,1,0,0.0,65,65,312.98,182.0,,1,0.0,5.749329289612172
16819,2,182.59,1,1,0,0.0,0.0,17,1,0,0.0,466,466,91.295,126.5,,1,0.0,0.0
12659,1,73.68,1,1,1,73.68,0.0,4,0,0,0.0,30,30,73.68,104.0,,1,0.0,4.313212318673522
