retention_1,retention_7
-0.006247575746979761,-0.008266860297076045
-0.0015935853508945996,-0.00593286584071287
-0.005295188260721173,-0.007400719784604631
-0.009491169854324244,-0.006985618324129084
-0.008487443162378261,-0.006544787507445193
-0.007086076270965136,-0.008543972796137306
-0.006760445515185398,-0.012563968189964358
-0.0026110125303543397,-0.005306467630422029
-0.0009560538346832792,-0.010738306672267245
-0.00859438988199962,-0.00850221478428076
-0.00302702430752122,-0.005664289958144608
-0.003005309492183472,-0.005149226282451069
-0.01006545280288279,-0.004827102532790228
-0.007108701402994244,-0.01056748434351193
-0.002778745388847592,-0.004894350887396481
-0.010181309413102468,-0.007868056013541735
-0.007619347755877581,-0.0061700262073831336
-0.005498231669253728,-0.008783983619610969
-0.004698280180133518,-0.009123956658302679
-0.00673873069984765,-0.01004376454459599
-0.008655041760224913,-0.010155755628508761
-0.005510380044677798,-0.0071844981772273
-0.002445383580454097,-0.004903021764536053
-0.0057987453563890234,-0.006761128621551843
-0.004350561334910796,-0.0026590350554548114
-0.007414916003736283,-0.004243253144317977
-0.007201022564493453,-0.005965460194595318
-0.008656713379043945,-0.007557438843906639
-0.0059219892529516205,-0.009419037953124154
-0.007167264126543782,-0.00864432303937776
-0.006971488497624856,-0.0067749633697120615
-0.007139982658245725,-0.01314498187555041
-0.004166411792747016,-0.0067604868261535445
-0.005835339497224867,-0.006053393541118668
-0.008783315267161695,-0.0091092115934511
-0.00320948747694888,-0.009170639527721208
-0.006647170840476113,-0.004198778936304548
-0.012214655921683804,-0.0025314033439163275
-0.005066176482521556,-0.013103074849130147
-0.0036849722943566032,-0.009613664251893056
-0.008539812191486362,-0.007565333665001395
-0.0017517370155569756,-0.009077661816906557
-0.010028992922693436,-0.012180416506033381
0.001442711793588014,-0.007540380364837812
-0.00580649116291998,-0.00916559516342988
-0.008571884256699858,-0.009517716577545632
-0.0009781714319606616,-0.008777521403876526
-0.008446968741318228,-0.008270740577300123
-0.003207681597483303,-0.007971764248337343
-0.0017391858581933262,-0.006863941293573289
-0.007593230371646775,-0.007059970689868078
-0.006883689411748051,-0.010918053645538023
-0.0060322792102110445,-0.0049645692055354795
-0.004679266807035454,-0.009469227828661553
-0.007755784605202154,-0.003986571869797867
-0.0016004355946515059,-0.0070977436686884
-0.0036007849674108416,-0.009500777605206123
-0.010559309197990308,-0.006336460721162618
-0.0034885696239566055,-0.008532988504780487
-0.0040000967856968495,-0.006230036290210128
-0.005006554427716914,-0.0066977753010868946
-0.007611467688700024,-0.007207123309256408
-0.007520176350621521,-0.010421361547544278
-0.002314901412112158,-0.011764419482783728
-0.011098938145825077,-0.005542986201694022
0.0008103589023144564,-0.009081154069108227
-0.0072651519410031895,-0.00794900485566169
-0.005989864649039001,-0.006824750463309881
-0.0056588310087798965,-0.0028056653861742165
-0.004781288669094885,-0.0034011703692359563
-0.009094439971548518,-0.006683672031633586
-0.010532281497068141,-0.009716208402621412
-0.007597752447269124,-0.006717938004335011
-0.006055680398284968,-0.013004664746001732
-0.007212917172541633,-0.006878805865154214
-0.00198333072926693,-0.0069315629222847785
-0.005678874205298667,-0.012454559041561925
-0.0026807233137415842,-0.008738479588176862
-0.00705930233741886,-0.00530828826380475
-0.009787952275799094,-0.004053671209840376
-0.013840004980922471,-0.014198107633071833
6.771605378158574e-05,-0.009388532753917489
-0.007138564806802583,-0.010968751055827203
-0.003897701649532237,-0.005548806622030167
-0.005175451370277417,-0.010125877470783196
-0.008281578804876677,1.144018739834829e-05
-0.005336961026494946,-0.013334549056110756
-0.0020794126642608712,-0.009588710951729446
-0.005171048801384415,-0.008370314764495762
-0.010925653388288714,-0.008721913889942562
-0.0018125084005116143,-0.00655551803142615
-0.008715678884533007,-0.006254735822997848
-0.008503471818026409,-0.005080052541649921
-0.004292625652842386,-0.004849996186112399
-0.008382690350244693,0.0004132144344653754
-0.0024716204714142487,-0.007853310948690156
-0.009024594927514729,-0.005037115691808952
-0.012499409474463985,-0.011086682066805437
-0.006258321024877889,-0.007989613537368184
-0.001014243284127525,-0.005686407555421991
-0.005758524702704881,-0.004943108157573595
-0.0033693255143473766,-0.013241183317273697
-0.007289597706415074,-0.007657789087147121
-0.004038780081208504,-0.009795873653944798
-0.008977404523344445,-0.005536523985959579
-0.011655371805352754,-0.007112220212246889
-0.004416511344803309,-0.010060837777582043
-0.005838831749426565,-0.011513290107306728
-0.009146167205258404,-0.006180383457258853
0.0007722126493889814,-0.008826786208805393
-0.002639860864659227,-0.008224968024572926
-0.007728742150362733,-0.00819159761464569
-0.006640693870824443,-0.011448877455586648
-0.007995273140006864,-0.008622593470122814
-0.0031110921277376913,-0.007827969620504166
-0.005389210548873757,-0.009261811359070365
-0.0067975619446902225,-0.0066685389387595995
-0.0019459605323862705,-0.006793320193494684
-0.006961414522959342,-0.008939165320740572
-0.008293980947676527,-0.007920559303296437
-0.004553321468233118,-0.0065508616951572285
-0.01213227447420362,-0.00043637513368893766
-0.005078085844486879,-0.0074642073657161245
-0.006097841192081066,-0.007817880891921508
-0.008112308588210937,-0.009463273147678891
-0.003929639454099132,-0.00714130756001044
-0.0086256858911683,-0.009452542623697963
-0.012680842820470939,-0.009813842449704985
-0.006757997840321606,-0.0024953167378321817
-0.0032119499057298717,-0.008115707890734264
-0.002582715992552831,-0.006427364031218685
-0.004099954248102777,-0.0102028117720325
-0.006999292254591838,-0.009902417591626606
-0.004622121934929002,-0.009244991893460203
-0.00995578988710455,-0.008957268377147304
-0.003943339941612833,-0.006661300666980341
-0.005588478429994381,-0.01184575635292609
-0.008130411644617641,-0.009350132733616123
-0.011997284984156475,-0.007266611103414478
-0.010834869584961992,-0.009143223798776634
-0.0031184499062462123,-0.006970097203232689
6.150760542306122e-05,-0.006856822528523376
-0.002139019965148259,-0.01018614132098608
0.000868428845029412,-0.006013172887434554
-0.012887095205994903,-0.009239693761792983
-0.011659774374245813,-0.007869861893007257
-0.008578614993727418,-0.010660864836266187
-0.004821912104718606,-0.01018614132098608
-0.001582989087560216,-0.008369926736473327
-0.005470159390993712,-0.007568437889180685
-0.003778606554486752,-0.009422544959243051
-0.012166808968198106,-0.0039155774956140255
0.00042241940340764783,-0.011847174204369204
-0.002439026117531773,-0.007605554318685509
-0.006206086256416277,-0.0069190265188383004
-0.005383002100515177,-0.0076686538717745945
0.0016545160781550328,-0.00748347450619008
-0.005755420478525619,-0.006369174581774384
-0.0035098816573547187,-0.006496418265290488
-0.0047620362825380735,-0.007557185076530776
0.0015205564115286507,-0.00598356325100205
-0.013267662172475991,-0.008104708845460246
-0.006529239829497824,-0.008527421851820205
-0.004239600074418759,-0.01009005938599214
-0.00785767220661504,-0.005628979408105278
-0.009569148732911426,-0.011265264956008963
-0.005024015688725347,-0.005672050518592819
-0.005248893419325107,-0.009879538692221607
-0.002817399176524904,-0.004825296653324707
-0.012103052865793551,-0.00970406002719737
-0.0015493501563398904,-0.007447402654023133
0.0002460304216920228,-0.00880713104030903
-0.003017323606960942,-0.009049082003894732
-0.0029019745314930456,-0.004094802180215851
-0.012464367445717772,-0.005723255463633753
-0.009484573377943284,-0.007934259790810111
-0.005531841092639711,-0.008636696739576094
-0.005484113645883304,-0.0076819810851830594
0.0011279605763528933,-0.011029268673405979
-0.004308146773738808,-0.012029368852503775
-0.009057577309419584,-0.006320044037492062
-0.003786874649686689,-0.0074613716628298965
-0.0077616050255382985,-0.007242045831273303
-0.006253410921233105,-0.005386655170414395
-0.010283360782996298,-0.006785828154339563
-0.006028010901964476,-0.01049895239810908
-0.008113353165548842,-0.004138246564808573
-0.004120370718726785,-0.006954710342982839
-0.00042393167992083036,-0.008279933743108647
-0.007160562897350675,-0.010077642489275007
-0.00480057056348604,-0.010780333205416881
-0.009569685775497605,-0.009064856892167017
-0.009147077521949765,-0.01023191387371325
-0.009281827998538161,-0.009154476611426515
-0.0073399070886818185,-0.00544224793043116
0.000411032330111194,-0.009326328763602565
-0.0033495360852044964,-0.009076885760861714
-0.004481685298651006,-0.0099653976379864
-0.005951464628737579,-0.007138591363853558
-0.007098090385742661,-0.013354069963960602
-0.0043184892696973565,-0.0038219432354838767
-0.007943680166943523,-0.011365600445332247
-0.006175700563938957,-0.005103707497099735
-0.014651702063527117,-0.011014269841178509
-0.006509704167730779,-0.007778570554928754
-0.005589134979309851,-0.008363195999445822
-0.009967176960400892,-0.005784429630527971
-0.008546408667867322,-0.006466808628857984
-0.009449411842467725,-0.00897240147002129
-0.0026909463029708425,-0.004200062527101089
-0.0069132990481805545,-0.006922638277769344
-0.008551318771512106,-0.008642382899265694
-0.0033234187009736904,-0.005298587563244528
-0.0030100853351817114,-0.010567872371534337
-0.011031047995820553,-0.008132632109156573
-0.002519333164253401,-0.005560313202055939
0.00037831846949948345,-0.0075295008262931395
-0.011183244979500184,-0.003609348140954788
-0.0015673337060173043,-0.003909757075277881
-0.0022940674056313726,-0.008545659168873482
-0.005056475781961278,-0.006426976003196305
-0.004941648995162307,-0.009048828236518869
-0.0036179777071261854,-0.010981167952544307
-0.00864934084661817,-0.011108665403436274
-0.005696066945014067,-0.006591082348841315
-0.004041108249342951,-0.007000363388980663
-0.011118593314321412,-0.0033205948012212105
-0.004641374321485814,-0.011337423414260056
-0.010357593642005947,-0.008625324420196895
-0.0022989922631933557,-0.008689976085375611
-0.004823210449432347,-0.009680912606499309
0.0004689827660968593,-0.008999548677672775
-0.007683760407597662,-0.009325821228850811
-0.005142722755748452,-0.010401706379047887
-0.004724531825010869,-0.00968025605718384
-0.004819061647915179,-0.00811272317328432
-0.008084758598619846,-0.003918935487169178
-0.006926745768318365,-0.00694281573493466
-0.007197276544915865,-0.01113879732853773
6.66862303608795e-05,-0.006783499986205088
-0.006538030213366741,-0.0051815521150404
-0.005980163948478723,-0.01355036788154848
-0.006993083806233258,-0.009209173808669147
-0.006972010786293781,-0.012174073797028284
-0.009311676648429301,-0.012263171227618858
-0.004049256837813597,-0.009663451345490848
-0.010300031234042717,-0.013263166653904535
-0.0050970844636678,-0.006516461461809259
-0.007420333642132848,-0.009047276124429238
-0.0034034719803194835,-0.005023668971671141
-0.008816819937735532,-0.00295865317981589
-0.005036566846089052,-0.007226658971023453
0.0018601414221979251,-0.009364877798467702
-0.00897094230761003,-0.00605869167278586
-0.007755142809803828,-0.009494957184869979
-0.00375778730192311,-0.011850278428548494
0.00025108953990055083,-0.011188062133466598
-0.004313310644759427,-0.009259990725687645
-0.009106215072867407,-0.008947179648564646
-0.0027064674238672093,-0.008557300009545799
-0.011614136082165105,-0.006094778278869978
0.0010511457818329628,-0.007657923347793666
-0.0038548990603377575,-0.008711049105315088
-0.0009521883083763449,-0.007253820932592164
-0.011902740407335022,-0.003371934006908661
-0.007768067241272714,-0.009738967795297093
-0.0038106786197002473,-0.008786699815767851
-0.003230052962136576,-0.007646416767767866
-0.005682620224876256,-0.004391838369066564
-0.0007820077750192445,-0.010883145877438327
-0.00949972122473447,-0.006889670649781687
-0.001718112838253849,-0.007857967284959078
-0.012382120258884022,-0.008545793429519999
-0.007302283124425213,-0.006000755990717421
-0.003814544146007126,-0.006850360312788961
-0.0052164480800063195,-0.007080536175055802
-0.007948321749295217,-0.007693995199960585
-0.006431605782414251,-0.007851893097247042
-0.005144797156507064,-0.0071459638962793615
-0.008556497396450036,-0.005284230526415329
-0.011714068789548782,-0.011820026996717692
-0.001630313752377044,-0.011028746384737026
-0.0023058425069502064,-0.008994519067298645
-0.007290388516377033,-0.006171070784721011
-0.0046164210213222034,-0.008159271782056304
-0.003659257692065432,-0.010562708500513662
-0.003352894076759594,-0.005925761829580156
-0.003397905327359174,-0.008298798101642968
-0.007764709249717561,-0.006365682329572714
-0.007010813588534781,-0.0063060750286852985
-0.0072241699851914865,-0.008744150993949262
0.004354466696794179,-0.006375771058155372
-0.004877639125381916,-0.005819859687296619
-0.003012682024609248,-0.010454463436178452
-0.011458044064344197,-0.009680524578476901
-0.0034132921876090516,-0.01135733235013231
-0.004630270523399593,-0.00621024686106722
-0.003823976325274314,-0.010539426819169057
-0.005100322948493663,-0.011893081017742918
-0.00916000195341865,-0.008512691540885825
-0.0060668137042055315,-0.011772314303878456
-0.005695559410262341,-0.00760994213366134
-0.004257449363449628,-0.004958748785199335
-0.0049931077075791586,-0.009949757010360633
-0.006364491688454543,-0.00927576561395993
-0.0018695485198059192,-0.005913867221532004
-0.008973136215097988,-0.010997718896861408
-0.005625982887521586,-0.012545477105535219
-0.008251700647151028,-0.00805348914650214
-0.005312395754353771,-0.005436173742719125
-0.00795156023412108,-0.010353083369517319
-0.0013406500959520784,-0.004160110394710065
-0.01031801478372013,-0.0035705600926309866
-0.0025642101542064366,-0.006553577891314083
-0.004309042336512914,-0.009700955803018108
-0.005315902760472668,-0.01135488467526849
-0.004139906380493774,-0.009138567462507713
-0.008488741507092001,-0.0070052734926254745
-0.011332471999647098,-0.008506095064504865
-0.006632679543000342,-0.009026322611219079
-0.00636668559594239,-0.010937962581410277
-0.002272098822917734,-0.013188680027518995
0.0020401421628445937,-0.004186869574339169
-0.009656962572705485,-0.01281030696852592
-0.0012590447045166542,-0.009272153855028886
-0.0038827028173047395,-0.006871299072081893
-0.01012392552753738,-0.011173317068615018
-0.0015379778369606911,-0.00852445188828746
-0.0062676336974157865,-0.0048501304467589434
-0.0062651860225519385,-0.007036703762440671
-0.0030201740637643693,-0.008124095492663547
-0.006332419623240992,-0.007384422607663393
-0.003201741670417868,-0.009989977664044747
-0.010338834036283717,-0.007718306704725869
-0.009936403239901193,-0.00519396901175756
-0.0043023263534026635,-0.012824783512084437
-0.008235806252149425,-0.006356384410952071
-0.006756177206938885,-0.0016525774134347193
-0.005947972376535882,-0.008924554516535538
-0.013544013369409635,-0.0071490681204586515
-0.0013777517715397036,-0.009262841182491072
-0.007378187602253838,-0.007803404348363019
-0.010526595337378541,-0.008778043692545479
0.002209666146886169,-0.006827720426842626
-5.5527842781066816e-05,-0.004015285943456209
-0.006042367938793647,-0.007924439583520515
-0.009120437849050034,-0.0075606773287324736
-0.008339633993674378,-0.005521659414378655
-0.008082430430485343,-0.010838522654861182
-0.003319538420749557,-0.004600926457476784
-0.009259964168636725,-0.009052962284118837
-0.003842616424267198,-0.008301648558446395
0.0020998837243785262,-0.009212412293494954
-0.004809241440625556,-0.009012875891081268
-0.0010229141612670967,-0.008059443827484802
-0.003626917105558791,-0.011581045996664735
-0.00064958546656535,-0.00508663426411371
-0.0066780788216223574,-0.006620303957251411
-0.007932934889045395,-0.010237868554695967
-0.00826592342333371,-0.008748941590864728
-0.0007599049316591167,-0.007607882486819956
-0.00410305847228204,-0.008468724867624178
-0.005485531497326335,-0.007241135514581942
-0.005898961338982933,-0.01153682555602717
-0.011552320119872672,-0.0031596074336726343
-0.015421133599523518,-0.008671096972924036
-0.004965706732551811,-0.009067573088323871
-0.007440257331922273,-0.007631805963562832
-0.007727980848235172,-0.009923505365483282
-0.006647558868498493,-0.00397052846023252
-0.0044218094764705285,-0.00580511462244504
-0.007698759239825048,-0.004226836460647393
-0.00043376664112765306,-0.008611997206788374
-0.00012289570411666562,-0.008278381631018988
-0.00735387609748861,-0.008469112895646586
-0.0078104818024447575,-0.0039663944126325235
-0.001264223329454528,-0.01107530974742621
-0.010158176746321579,-0.009552116810893574
-0.006659319215900128,-0.008076248539177766
-0.0006864333747770845,-0.008249011008045176
-0.010943890705342019,-0.008391641551811102
-0.004018095089291462,-0.0037368603457639538
-0.011182871705394948,-0.009597247568222472
-0.00288957238869314,-0.007909948286044799
-0.006331643567196177,-0.008233236119772891
-0.002038415954531969,-0.007625717021933626
-0.006830932354617458,-0.004997283066147273
-0.005352482147391369,-0.01035269534149491
0.0004167332437180482,-0.0018991847132893425
-0.004897428554524796,-0.009295555043102838
-0.004566126392972658,-0.009602291932513801
-0.008149664031174397,-0.012653065620554932
-0.011608181401182471,-0.00904067964804825
-0.009568118909490775,-0.0062176193934930235
-0.005443639224823271,-0.00944012572698083
-0.004680565151749194,-0.011659800931296788
-0.0062879454152275915,-0.014872606564224317
-0.00760603529638626,-0.00939136845680369
-0.008450326732873381,-0.007152948400682729
-0.008407658404325502,-0.009163266995295405
-0.006359193556787324,-0.012463483686077359
-0.006047934591753956,-0.004950600196728744
-0.0106120662551209,-0.011572001845419982
-0.008305621788348871,-0.00894795570460949
-0.011441627380673669,-0.0033615915109501404
-0.013135120357292696,-0.009898925339424935
-0.00821640485102898,-0.00906227495665668
-0.0030964813235326294,-0.007522919103829351
-0.00038617345501773537,-0.012274036012246359
-0.004636210450465139,-0.005639068136687964
-0.007749188128821194,-0.013354980280651962
-0.00795182875541417,-0.009037948697974169
-0.009646754337393426,-0.011233834686193794
-0.013535208231623519,-0.008666052608632735
0.00011595103528971862,-0.005178194123485275
-0.01183240258246665,-0.006071884625547808
-0.0035446699187250963,-0.0071979448973651106
-0.002658232442359021,-0.00945642290392204
-0.0021769419585323524,-0.00862610047624171
-0.003123882298559977,-0.010013498358848016
-0.009270172403948673,-0.00452218627676193
-0.005724915279318954,-0.011268503440834798
-0.0019048590698452217,-0.0066130656854721526
-0.006940849037771646,-0.009068468651098033
-0.005788522367159765,-0.008945508029745669
-0.010853882958060057,-0.008585745561911051
-0.005536109400886224,-0.006921474193702121
-0.002924092128770428,-0.007654550602321286
-0.008973419490308221,-0.009158744919673029
-0.012507035774265651,-0.0077242613857085585
-0.008645475320311236,-0.009670943384645997
-0.011276356950961353,-0.009513179748006029
-0.008809298390745957,-0.013325490150948804
-0.0012241369364169308,-0.009845914514918508
-0.004819837703959995,-0.011296426704531126
-0.0067448048875596855,-0.004711499689946441
-0.004934679244676166,-0.006904803742655674
-0.0039660993342884865,-0.008494454223832548
-0.008605374173356495,-0.00966306331746844
-0.0038119622104967887,-0.008537644841049435
-0.006145165856897894,-0.011504499723437839
-0.004239092539667033,-0.01052118950211578
-0.012391432931421864,-0.007121532884784759
-0.005397747165366784,-0.01067016275488683
-0.003944250258304194,-0.003246884230880487
-0.008239552271727013,-0.009237097072365447
-0.004389871671903578,-0.008463800010062195
-0.004802376442951561,-0.013147041522391822
0.001134422792087364,-0.007055314353599185
-0.0029018550247637,-0.0087073030857375
-0.00571869207704323,-0.008074964948381225
-0.010363265047778347,-0.0067452194726330406
-0.006995665741743595,-0.007043927280302731
-0.008695635688014292,-0.006802513359303181
-0.0076864766037544885,-0.005815845146425996
-0.006073007398646857,-0.009033948911020745
-0.00809742926271284,-0.007107563875977996
-0.0036561387139688595,-0.005162807263235397
-0.006114272629668849,-0.010162471611619067
-0.006135614170901416,-0.00636827901900025
-0.0019675558409946725,-0.0072667453640610224
-0.0075585763709229425,-0.01004713729006837
-0.007744651299281591,-0.010922068186408646
-0.005588985964746107,-0.00962142481234124
-0.004609182749542973,-0.012126107336813186
-0.005929735059482633,-0.006335804171847148
-0.006115302453089555,-0.007682876647957221
-0.014551635095496951,-0.009630603224232537
-0.004554217031007279,-0.006111717251209486
-0.001198139058915526,-0.010591795848277213
-0.015074564084450848,-0.008847873982662069
-0.0033792799822834896,-0.010351277490051797
-0.002146795279513669,-0.007535201739899938
-0.005661412944290234,-0.00840858052415061
-0.004860700153042408,-0.006237274561989387
-0.004049376344542888,-0.009287152687256328
-0.0036575713193292003,-0.005698690191492578
-0.004136921663043858,-0.00932555270755775
-0.0035685933954680005,-0.00772826117266201
-0.001532291677271036,-0.006910743669721192
-0.006409368678407579,-0.006072660681592623
-0.009021893485275045,-0.009186280155346949
0.00095298944608041,-0.006948636155270804
-0.0048989659126972285,-0.004508485789248257
-0.0058368916093144985,-0.009473093354968487
-0.013480123006358535,-0.008893512274742721
-0.00850541195813842,-0.011154825984185851
-0.0055359751402396795,-0.0046899043813380115
-0.003565354910642138,-0.008880722103920408
-0.0014146144336686373,-0.009074691853373784
-0.007143206389154333,-0.009760294582612433
-0.005085831651017891,-0.01412141234528122
-0.0038073058742278953,-0.00849872253207909
-0.005468473018257536,-0.00966901799845113
-0.0035384614703665163,-0.010027989656323733
-0.0019847633346272153,-0.007890949666863933
-0.007444137612146351,-0.009282108322965027
-0.009517809527223975,-0.009156028723516146
-0.013699314577268584,-0.0049645692055354795
-0.003921237098252706,-0.007118279646041725
-0.0029729689056768316,-0.0066133194528480155
-0.006545910280544298,-0.0066116330801118395
-0.005401612691673663,-0.008639800963755384
-0.006824335878236498,-0.005702943745821865
-0.0067340743635787015,-0.004895126943441325
-0.004773796629939764,-0.006821123950461666
-0.0009058934669801677,-0.006475345245351011
-0.007307969284114868,-0.005169523246345703
-0.0032878543835584972,-0.0032406905364391336
-0.006057889059690069,-0.005268589898789616
-0.00802113675686178,-0.003599139905642784
-0.002886856192536258,-0.004999745494928265
-0.007849538372061593,-0.01100547945730962
-0.003934295790368081,-0.00897769960168851
-0.004397497971705244,-0.005760625660514412
-0.012376046071171987,-0.008720749805875339
-0.0036002774326590603,-0.013975304303230768
-0.007148399768009406,-0.005408892274421068
-0.0005925601011882997,-0.006994020679975593
-0.006929596225121792,-0.010028765712368548
-0.009844082078402039,-0.0020246077634226978
-0.010956546615517815,-0.008358927691199336
-0.0049006522854334045,-0.011032760925607649
-0.007064600469086024,-0.0036696119911577008
0.0014064909268573511,-0.013183755169956984
-0.006573594530781879,-0.005426219274783012
-0.00692067158060633,-0.005700630331604617
-0.009218325663509441,-0.0034549572497871994
-0.00524231169686129,-0.0110145236085544
-0.005782850961387365,-0.00836474811153548
-0.0061053479851533865,-0.010037809863613328
-0.0024342502745335337,-0.01005307721713386
-0.0021946274790822784,-0.007161604523905102
-0.006890017366835921,-0.010051002816375249
-9.328606768416181e-05,-0.010163889463062181
-0.001066627067152881,-0.00759649541352353
-0.006539194297433937,-0.0027110160565405605
-0.004981078838884434,-0.005653678940892998
-0.004820748020651355,-0.008617429599102139
-0.005724258730003429,-0.011161944749235764
-0.005012255341323768,-0.005507944172947782
-0.0069739509264058475,-0.00939136845680369
-0.009344271002311777,-0.002878599900470097
-0.0027453897328375554,-0.00804328091119011
-0.006647170840476113,-0.009067707348970416
-0.002998071220404186,-0.006937383342620923
-0.007578619567441713,-0.010836194486726708
-0.008956973298803295,-0.008787087843790231
-0.007942516082876272,-0.006645779546083946
-0.010594604994112466,-0.010228287360865035
-0.003087810446393058,-0.010567872371534337
-0.008373780459646485,-0.008941359228228474
-0.006561819429463045,-0.008607221363790135
0.002513433072764415,-0.0027552364971780985
-0.007652718165804817,-0.00485245861489339
-0.0017826302427860763,-0.008663978207874123
-0.004462537664906396,-0.007055568120975048
-0.0085890917503324,-0.010174366219667219
-0.00024354291125178174,-0.006070332513458149
-0.009530494945234225,-0.008571522785728425
-0.0099841159327404,-0.010518219538583035
-0.00444935946606162,-0.007252656848524913
-0.00447313392824078,-0.008331646222901307
0.0013885221310970808,-0.007039151437304492
-0.006096811368660415,-0.008600356366116085
-0.004999330909854882,-0.005750402671285237
-0.004959364023546686,-0.007205317429790886
-0.003417411481291821,-0.007073551670652434
-0.005368898831061897,-0.009622454635761918
-0.004012796957624243,-0.0116166103140799
-0.0011405914048694954,-0.015126317875211681
-0.0029220324819290155,-0.009825737057753192
-0.012510408519738003,-0.004535244968877361
-0.00724124321817754,-0.0061898156365260415
-0.0067793393815541725,-0.0036712983638938768
-0.011011900362075833,-0.007919648986605077
-0.006515405081337633,-0.01126060861974007
-0.005397747165366784,-0.009005249591279602
-0.008368094299956885,-0.00849057394360847
-0.011204586520732751,-0.006663375067738925
-0.00799670574536715,-0.011211731842833611
-0.004792168207639502,-0.009544863785197116
-0.004313191138030137,-0.010103386599400604
-0.011810538752565103,-0.006379129049710525
-0.0017437079338157302,-0.00666634503127167
-0.005397478644073694,-0.005232518046622697
-0.007223781957169106,-0.012986815456970863
-0.008909394866610576,-0.0110561621136816
-0.006062813917252108,-0.009319090491823306
-0.002472530788105609,-0.0039891538053081765
-0.0014254497104617125,-0.004963793149490664
-0.006313167236684236,-0.008549017160428635
-0.003880255142440947,-0.012809142884458696
-0.004902472918816125,-0.011798685455485153
-0.0064588872507123085,-0.009626334915986023
-0.0025014986291397867,-0.0029936952085621027
-0.006640066829343372,-0.007696323368095032
-0.008018554821351442,-0.010580274514334242
-0.0011121310985869881,-0.007696711396117439
-0.006979249058073067,-0.0028579149085530275
0.005989008921841288,-0.010453687380133636
0.00021771912997325948,-0.009163789283964358
-0.0089327960546845,-0.005621353108303612
-0.012496170989638178,-0.008787222104436804
-0.007529354762512819,-0.011102591215724267
-0.009628114238400598,-0.01180502816449025
-0.0057551667111497284,-0.009837258391696135
-0.00371911876032871,-0.0069090720509021875
-0.0022813967415383773,-0.007499249394462337
-0.007138042518133658,-0.00801198490202143
-0.007005634963596907,-0.007126696755805406
-0.005829653337535268,-0.012837588436823949
-0.004866386312732007,-0.010085268789076673
-0.005499395753321035,-0.005994935570381277
-0.00666360227806384,-0.004594344735013023
-0.004397885999727624,-0.0028870170102337778
-0.0048869517979197585,-0.010542008754679394
-0.005306709594664116,-0.00983840772184616
-0.005782328672718384,-0.00935840082881606
-0.011998449068223727,-0.0024139798676898194
-0.005038372725554574,-0.007658565143191909
-0.00561331222342859,-0.005346046488707873
-0.0022410565811248895,-0.00858704390662482
-0.008250148535061397,-0.008021924616040371
-0.009290484121760534,-0.005021982598934965
-0.013670988531632622,-0.006613707480870451
-0.010944024965988564,-0.006671643162938862
-0.013636215024179443,-0.010134279826629677
-0.006161089759733895,-0.012638320555703353
-0.0034650046674017387,-0.00723583738291475
-0.003362087242568146,-0.008547211280963113
-0.004557977804502067,-0.006208172460308636
-0.0065028539239739835,-0.005857603158282515
-0.00622871138844544,-0.007517486711515642
-0.0056471901681076075,-0.004465802706783151
-0.003383414029883458,-0.006661420173709687
-0.009050607558933388,-0.007673698236065896
-0.003622126508643353,-0.00997703847865869
-0.0005169241446527639,-0.013448480280135594
-0.006044442339552258,-0.01230818247821841
-0.005478054212088468,-0.012221025187739903
-0.001986300692799703,-0.009158476398379967
-0.0017950618934203244,-0.006790738257984347
-0.004507414654859432,-0.003251152539127028
-0.009798294771757643,-0.009682718485964803
-0.005665307978431511,-0.007951333023796164
-0.0011343977104281144,-0.011698857500913623
-0.004381335055410551,-0.009062528724032543
-0.006391653650023255,-0.0033833210802050873
-0.00803988160866681,-0.007271535960976461
-0.00026488445248434855,-0.011786522326143883
-0.0027925801370078385,-0.004152603601637744
-0.005743003581808459,-0.008126289400151476
-0.005844010374364439,-0.007343172130558601
-0.008497397630314318,-0.00903408317166729
-0.000744637578138585,-0.01381366038636675
-0.007390858266346834,-0.010012080507404902
-0.003793083098045269,-0.012388355264293549
-0.004809107179979066,-0.007632582019607648
-0.002040102327268145,-0.01083671677539566
-0.004453105485639208,-0.009619350411582656
-0.006924551860830408,-0.011557256780568403
-0.0045766031495777515,-0.011819638968695284
-0.008452908668383774,-0.009070155023834209
-0.006357507184051148,-0.006840391090935621
0.00036745368487201,-0.008851739508969003
-0.006814769438322765,-0.006316417524643847
-0.007819406446960164,-0.006112239539878439
-0.0036948072555633704,-0.008105992436256787
-0.0068854952912135725,-0.008018581378402417
-0.0069801593747644275,-0.01069110151417979
-0.005351452323970607,-0.007470027786052269
-0.0066685271356258236,-0.00949365884015621
-0.004414048916022317,-0.005573252387441996
-0.0070333044599174,-0.0040464329380611175
-0.00144888040637009,-0.011542511715716824
-0.008550035180715565,-0.010453821640780181
-0.005802625636613046,-0.0052372938896209364
-0.008458341060697483,-0.009252498686532523
-0.0009111768447302437,-0.00627348067480285
-0.009237070515314527,-0.004901962433280921
-0.00601986231349394,-0.01199977396998847
-0.006151508565903019,-0.0042798472851538205
-0.004689997331016382,-0.008974729638155765
-0.0034876445533479905,-0.006418961675372231
-0.0025021404245380574,-0.00633296846896092
-0.006105213724506897,-0.00895235827350252
-0.004459448194644333,-0.014410956494976812
-0.00039614267687104743,-0.009336939780854175
-0.004324175429386956,-0.006174428776276164
-0.004072926547180611,-0.00957538373832098
-0.011242359499553045,-0.007848012817022965
-0.004046018352987735,-0.005956013261410931
-0.0029237041007479925,-0.0029616231433486073
-0.004036825187179238,-0.009655437017666774
-0.011702054674771312,-0.0087438972265734
-0.004830568227940979,-0.007615762553997485
-0.00459366162864655,-0.011029656701428386
-0.006044054311529823,-0.010173724424268948
-0.0054613690071247945,-0.0055232115264683135
0.0006943680314482892,-0.009814110970998075
-0.008191317290218825,-0.004585420090497588
-0.00015186354515089873,-0.002403891139107134
-0.009042966505214522,-0.011369749246849414
-0.0017892267191670364,-0.011083831610002037
-0.0073810233051400664,-0.006785440126317155
0.0008168358719660707,-0.010041316869732198
-0.009051383614978203,-0.010566066492068815
-0.003923311499011262,-0.005254486629336308
-0.008382048554846422,-0.010270836182683596
-0.007968125932355352,-0.010121221134514247
-0.00726076412602733,-0.008124229753310092
-0.004446643269904793,-0.006818676275597846
-0.003872106553970356,-0.010304072331964342
-0.004616032993299768,-0.007572959964803061
-0.006466140276408738,-0.005165015924640526
-0.006164432997371849,-0.002800113487131106
0.0015978934947175616,-0.006981469522611944
-0.007143086882424987,-0.00204078543363459
-0.004752201321331362,-0.008430817628157311
0.00034172432866358404,-0.007804434171783697
-0.004955752264615643,-0.011182510234423515
-0.008128351997776284,-0.01070778671914338
-0.005850204068805764,-0.008517601644530609
-0.00756193436247804,-0.008450875578593281
-0.0088768005127281,-0.011035342861117986
-0.001777600632411891,-0.011866829372865567
-0.0065764449875853614,-0.007202347466258169
-0.007651434575008276,-0.007965690060625336
-0.003803037565981382,-0.007999299484011263
-0.002840039062471156,-0.009400293101319152
-0.01185310232830089,-0.01384030005926648
-0.014060614403275606,-0.0031993057986878237
-0.01158166123501203,-0.009863883310678695
-0.003854123004292942,-0.00792987197583428
-0.008771540165842917,-0.007510502207112246
0.0020687219758563913,-0.007028808941345943
-0.0031844146700559794,-0.011848472549082972
-0.008099891691493832,-0.013966887193467087
-0.008273683983781865,-0.0024090550101278363
-0.012777432290216661,-0.010268761781924984
-0.0026635305740262405,-0.0073223528779949865
0.000803254891181715,-0.005469021863977436
-0.005665427485160912,-0.012166327990497272
-0.0065377764459908505,-0.0033794407999809817
-0.004747813506355503,-0.009881344571687128
-0.004022736671643157,-0.005169149972240494
-0.01142259925365835,-0.0071226822149347835
-0.007220289704967409,-0.011479024134605303
-0.0066593339698172715,-0.007340321673755201
-0.008257655328133717,-0.007733051769577448
-0.0029366432861340774,-0.005978787408003811
-0.007569038373610781,-0.0030703757424355715
-0.004009692733444925,-0.007884994985881244
-0.002210148599978645,-0.009033426622351792
-0.002079934952929796,-0.010317384791455608
-0.008742184296786248,-0.006598977169936043
-0.0024620540315005157,-0.0061375808680644295
-0.011426748055175517,-0.009699135169635387
-0.0047372172430210635,-0.008369404447804402
-0.0020901579421590544,-0.0032179163898462815
-0.00697705515058511,-0.009178534348815937
-0.006914582638977096,-0.004538483453703168
-0.005682366457500421,-0.01119958346740954
-0.00620387759501112,-0.01142186450858168
-0.010979708790133047,-0.004607015399106018
-0.009321765377012015,-0.00979858985010168
-0.007202589430500228,-0.005856185306839429
-0.0027834017251164855,-0.006686641995166331
-0.005447399998318059,-0.010555843502839612
-0.009805145015514438,-0.01029605800414024
-0.011437359072427156,-0.011987745101293773
-0.008055402729563177,-0.006505850444557676
-0.001236419572487546,-0.007553304796306698
-0.0052605490139145394,-0.012365983899640304
-0.0038777927136599555,-0.007621971002356037
-0.004987421547889503,-0.00820413401809214
-0.003968039474400553,-0.011429490808383347
-0.0007618303178539843,-0.008218237287545421
-0.0036491542095655194,-0.012308690012970164
-0.006743894570868325,-0.005891361596232214
-0.002170972523632464,-0.0034267654647978096
0.0023257912783989365,-0.011385777902497562
-0.007172054723459165,-0.010270582415307705
-0.0032899287843170533,-0.008060219883529646
-0.00850541195813842,-0.008239832596153851
-0.0035775180399834072,-0.009183698219836611
-0.011084207834890725,-0.011982446969626553
-0.004541038832162558,-0.006511939386186882
-0.007784095896920862,-0.008006030221038768
-0.005549944149046415,-0.008700572348709995
-0.012039445777952684,-0.004366631301527146
-0.01061270805051917,-0.007937752043011781
-0.0068212316540571805,-0.005849857351751531
-0.004589273813670691,-0.008799758507883254
-0.008546916202619104,-0.008696438301110054
-0.009630442406535045,-0.0047243046146859535
-0.0067385964392011055,-0.01152143869577732
-0.0020836809725073846,-0.008000209800702623
-0.007771051958722686,-0.008423594110295252
-0.007245511526423998,-0.009282481597070236
-0.00969510882563096,-0.007572959964803061
-0.0021047687463641163,-0.009466899660527134
-0.007840106192794405,-0.009155118406824786
-0.005811804048504399,-0.008402252569062713
-0.004200304491343176,-0.014297293792245092
-0.011380841241801776,-0.005185312888535187
-0.005561062701049779,-0.007648476414609279
8.735794375269723e-06,-0.007518262767560457
-0.010799051500170909,-0.006995572792065224
-0.004308400541114643,-0.004690172902631101
-0.0052990832948625055,-0.00817349455823893
-0.008413732592037482,-0.004709305782458512
-0.005488008680024581,-0.010935126878524049
-0.002673873069984789,-0.009489644299285588
-0.0057144237687966615,-0.0014116710271868949
-0.0027612988817563577,-0.006708103043128216
-0.012552688820263502,-0.009686344998813046
-0.007182531480064258,-0.008063965903107179
-0.006765758400769761,-0.009658526487928865
-0.005803267432011372,-0.009914326953592012
-0.0037837851794246258,-0.008983131994002247
-0.0032085771602575197,-0.010546799351594832
0.0006598482913709458,-0.014268699225316067
-0.009616622412291997,-0.00662845254572203
-0.013569220436949081,-0.006295986300102641
-0.009457814198314207,-0.011553764528366706
-0.007299701188914931,-0.00951719428887668
-0.01249255923070719,-0.008506990627279026
-0.0031897128017231435,-0.013258764085011476
-0.006333329939932353,-0.00841854974600395
-0.0034597065357344636,-0.009895835869162845
-0.007365651198807444,-0.00705364273478018
-0.005664517168469552,-0.007800031602890639
-0.00352385066616151,-0.014475876681448618
-0.007225348823175881,-0.008503244607701438
-0.004313056877383592,-0.0055609697513714085
-0.004269343971497752,-0.009883941261114693
-0.015218373466201196,-0.01127690579668128
-0.0041411899712903155,-0.007113891831065894
-0.0067303283440011685,-0.008887184319654823
-0.00855428873504488,-0.010971467251984085
-0.004831866572654719,-0.008802594210769427
-0.004731904357436645,-0.006157877831959063
-0.004377454775186418,-0.0014192973269885611
-0.004829135622580638,-0.007369677542811814
-0.004389364137151797,-0.004908707924225653
-0.006015982033269807,-0.006596768508530915
-0.0028736632397742823,-0.00816600251908381
-0.0034644971326499574,-0.009380130398071035
-0.008391614994760155,-0.014555795700147867
-0.005473397875819519,-0.010475804977411018
-0.011132428062481659,-0.01158997064118017
-0.010874582703894298,-0.010710383408570917
-0.003334537252976999,-0.005732956164193975
-0.007462628696575491,-0.006352757898103856
-0.0011175782448179516,-0.010720337876507058
-0.01061930452690013,-0.013128162409940247
-0.00449913180574224,-0.006365816590219259
-0.0050069572096565484,-0.01090214449661922
-0.0053421248975155655,-0.007661669367371199
-0.006970473428121349,-0.008050772950345259
-0.010788574743565815,-0.008120349473085986
-0.006022578509650767,-0.007189288774142766
-0.0058750378622399735,-0.011071295206555587
-0.014956647827389757,-0.007916544762425787
-0.00395253310742133,-0.007205332183708085
-0.0034526025246017777,-0.006429438431977269
-0.00019014405872291862,-0.008850843946194842
-0.005527184756370762,-0.0054906171725858655
-0.008312218264729831,-0.007530679664277562
-0.011237956930659987,-0.0058454547828585
-0.006989606307948759,-0.007310458269946807
-0.00314664169123563,-0.012307406422173595
-0.002272740618316005,-0.007825909973662781
-0.0050114792852789525,-0.009115673809185543
-0.003048231588107242,-0.009195070539215838
-0.009707122940408486,-0.008418027457334998
-0.007718414408321439,-0.009724610758467922
-0.004130862229249022,-0.01011514694680224
-0.007617944658351694,-0.008464456559377664
-0.007939546119343555,-0.009209949864713962
-0.004531084364226445,-0.009935534234178006
-0.010476808243780722,-0.008847873982662069
-0.0031022869899515193,-0.010912098964555333
-0.009053323755090326,-0.007156186885508564
-0.009285827785491585,-0.009758115429041703
-0.0030740952049621573,-0.011898901438079063
-0.005327006558558778,-0.0065656067600088075
-0.010136461930983831,-0.009681942429919987
-0.0069249398888528435,-0.0096086198876017
-0.004912039358729858,-0.003896952150538341
-0.010459346982772288,-0.005657559221117131
-0.008359289162170769,-0.009403397325498414
-0.005849816040783384,-0.012696256237771764
-0.0014497759691442513,-0.00826362181225021
-0.010703103825823512,-0.005994816063651959
-0.006248366556941776,-0.009741430224078057
-0.007143743431740457,-0.008980027769822957
-0.006030995619414448,-0.008084397127648385
-0.004508712999573172,-0.008227549960083291
-0.0074768514727581725,-0.014059223108883467
-0.0052098516036253595,-0.009148909958466234
-0.0016409100157114276,-0.005646052641091331
-0.007182292466605622,-0.008673305634329165
-0.005257698557111168,-0.011621132389702304
-0.007918189824193789,-0.008367598568338908
-0.007435347228277489,-0.0017390929085149276
-0.001110593740414556,-0.010093924912299018
-0.00044203473632759005,-0.007950049432999595
-0.0029292559997911027,-0.010264239706302636
-0.011826850683423595,-0.010453821640780181
-0.008340275789072649,-0.0066113793127359766
-0.0017594975760051867,-0.008026864227519553
-0.008434298077225233,-0.008806354984264214
-0.005450638483143866,-0.008707034564444438
-0.00765038999767037,-0.0082695764932329
-0.009157673785284204,-0.01115857200376344
-0.007104045066725351,-0.010046615001399417
-0.008515366426074533,-0.007928707891767056
-0.0094488895537988,-0.0071844981772273
-0.010391591093414254,-0.008928046768737208
-0.004797078311284342,-0.003252838911863204
-0.008188974368167234,-0.00749977168313129
-0.0010569263665926587,-0.010122519479228015
-0.0009002073072905681,-0.006536504658328057
-0.010150938474542348,-0.00847803754016202
-0.00815923047108813,-0.006928592958752033
-0.001896561466810831,-0.014399315654304523
-0.003054828064488202,-0.011631101611555644
-0.009546016066130647,-0.011820280764093583
-0.0050458795186268945,-0.008293634230622321
-0.0023941638814959365,-0.007964391715911567
-0.0033487600291596253,-0.007165111530023999
-0.0030662003838674012,-0.004563571014513296
-0.007368621162340161,-0.009718282803379996
-0.0040885671748063235,-0.007959227844890893
-0.010852853134639406,-0.008203104194671434
-0.0020234318762217263,-0.007888621498729459
-0.00783285316709803,-0.010892712317352032
-0.008469862394640426,-0.009273959734494408
-0.0023407502750498743,-0.00800655250970772
-0.013679659408772193,-0.006938413166041629
-0.01043528924538284,-0.007279550288800535
-0.013235843874638331,-0.011549361959473647
-0.006756191960856084,-0.00432084399488275
-0.009038071155486993,-0.004177959683740934
-0.002817921465193829,-0.009574353914900302
-0.0019299318767381224,-0.007453730609111031
-0.0018748318975558842,-0.006368786553751976
-0.006794980009179885,-0.004252700077502308
-0.006376386296502667,-0.0104842073332575
-0.003922401182319901,-0.012662885827844528
-0.010287360569949722,-0.004057566243981708
-0.00832230699331249,-0.009616902736718835
-0.006504674557356704,-0.007042136154754436
-0.004517369122795545,-0.010052942956487315
-0.006337986276201302,-0.009606172212737907
-0.009461037929222815,-0.007110414332781367
-0.006271513977639809,-0.006022619820618941
-0.0008800150962080533,-0.006062049664341013
-0.0033240604963719056,-0.004331320751487844
-0.007350637612662747,-0.009444647802603207
-0.007138057272050857,-0.007522665336453488
-0.0045093695488886976,-0.010665372157971365
-0.011334546400405654,-0.0069366072865761075
-0.006243068425274556,-0.009161580622559229
-0.004979675741358547,-0.016792409876803305
-0.0045542317849244784,-0.011565793397061402
-0.008677278864231641,-0.008238414744710737
-0.003739430478140515,-0.008248622980022768
-0.0002988966578099106,-0.003879102861507472
-0.008141395935974516,-0.006545041274821056
-0.010220634504012394,-0.009622320375115373
-0.0009565908772694032,-0.006988707794391175
-0.012500827325907127,-0.005508720228992597
-0.00857498848087912,-0.009356729209997083
-0.007679760620644183,-0.00887127517073602
-0.005929078510167107,-0.0036665077669784107
-0.007456420248216966,-0.004550378061751348
-0.006257425462103783,-0.012582459274393498
-0.009181985290049488,-0.006870403509307732
-0.005632057075233621,-0.015548538100737086
-0.0037799048992004924,-0.012479780863018597
-0.004294312025578562,-0.00895649232110246
-0.004165113448033275,-0.005593549351336657
-0.004716771264562658,-0.008162241745589077
-0.008123546646943647,-0.009819543363311839
-0.011419375522749742,-0.01119995674151475
-0.0029687005974303737,-0.00904442566762581
-0.008198421301351566,-0.006575426967298376
-0.00986346872560534,-0.009929579553195345
-0.005830175626204193,-0.009163266995295405
-0.010233036646812299,-0.0073170399924105956
-0.005190838230527295,-0.007961421752378794
-0.004531472392248825,-0.0050181023187108875
-0.009505019356401634,-0.006085077578309728
-0.006490705548549858,-0.003394947166960177
-0.007789931071174205,-0.0066946563229904055
-0.012007761740761569,-0.006318103897379995
-0.006221473116666154,-0.0020085791077745496
-0.0024286836215732244,-0.008734330786659694
-0.004872982789112967,-0.009111285994209656
-0.006632037747602071,-0.007037599325214833
-0.007852896363616801,-0.00672581807151254
-0.002498394404960469,-0.009989574882105112
-0.0063003475580275525,-0.011122768672889582
-0.005856681038457434,-0.005707212054068406
-0.00653647810127711,-0.009139343518552528
-0.005088682107821374,-0.009672375990006282
-0.007908891905573145,-0.00966525722495637
-0.008248984450994201,-0.009927773673729823
-0.006000609926937128,-0.00679099202536021
-0.007063048356996393,-0.010018288955763482
-0.0008471817288669414,-0.005436815538117423
-0.006975756805871314,-0.006680433546807751
-0.0056144763074958415,-0.010062897424423428
-0.003974501690135024,-0.006435646880335849
-0.01044927300810683,-0.005259665254274182
-0.0068531694586241865,-0.004803059549317978
-0.010848584826392893,-0.00585773741892906
-0.005799387151787294,-0.006777679565868944
-0.00455578389701411,-0.008032938415231589
-0.003496434937216908,-0.006378099226289818
-0.006696569906051442,-0.013384082382332713
-0.007299432667621841,-0.009796515449343096
-0.003158148271261374,-0.010142040387077889
-0.006230143993805726,-0.01185765096097427
-0.0067626394226733,-0.007148292064413836
-0.007481761576402957,-0.009516283972185319
-0.0071817554240194426,-0.007632567265690449
-0.010547414589942183,-0.00852780987984264
-0.0084362234634201,-0.0136417934802735
-0.003104734664815312,-0.008014701098178312
-0.008298249255923096,-0.013103074849130147
0.0007462295258046647,-0.010620883196040765
-0.003104092869417041,-0.008165733997790747
-0.001955541726217147,-0.008332034250923714
-0.0031775496723819296,-0.00511884058997375
-0.010166325334792226,-0.013828793479240736
-0.0033304032053770305,-0.008880453582627318
-0.005695425149615796,-0.010377006846260223
-0.005735765310029228,-0.008466904234241457
0.00038413888983562794,-0.0086405770198002
-0.007054123712480986,-0.01084744729937659
-0.0026217578082524673,-0.00849367816778776
-0.000426020834596641,-0.005274544579772306
-0.006886017579882497,-0.004664951081174429
-0.010483136198868648,-0.012560087909740253
-0.007623884585417129,-0.013159324158462382
-0.0042749253783752605,-0.006570128835631184
-0.006747774851092403,-0.006919280286214191
-0.004469790690602826,-0.012912328830585351
-0.004434345879916979,-0.00759649541352353
-0.000766232886746987,-0.003787035467384181
-0.0048039285550411925,-0.01021691504148578
-0.007263748843477302,-0.009287152687256328
-0.00783762901009627,-0.010051778872420064
-0.007439227508501567,-0.008821234309762338
-0.008252222935820008,-0.00844868167110538
-0.005465115026702383,-0.00943637970740327
-0.0023039023668381953,-0.0062374088226359314
-0.011439806747290948,-0.005843902670768841
-0.005074325070992147,-0.010938096842056821
-0.001935618036427722,-0.006934413379088178
-0.004721293340185062,-0.007847624789000557
-0.0021500042565051336,-0.009242783232055074
-0.0006850155233339983,-0.00943236516653262
-0.010304687570311666,-0.007766407425587513
-0.00968851234925,-0.006299866580326746
-0.006269827604903633,-0.0076047782626406935
-0.00373811737950952,-0.011110217515525933
-0.0037127908052407843,-0.010287387127000697
-0.006548506969971835,-0.008281083073258672
-0.0055705096342341665,-0.0062207236176723135
-0.0056028354668235525,-0.002970159759841634
-0.00190121780307978,-0.006968410830496541
-0.005396448820653044,-0.010701070736033075
-0.008478652778509344,-0.009248096117639493
-0.005588732197370216,-0.005203669712317782
-0.004640090730689217,-0.005955893754681613
-0.012044221620950923,-0.011208627618654321
-0.00295849236211837,-0.00316309968587436
-0.005130066845572656,-0.007259507092281764
-0.006666586995513757,-0.008828218814165706
0.0024151572302825164,-0.008381567577145643
-0.00432248905665078,-0.006431632339465199
-0.011509890804783374,-0.010567230576136039
-0.004076418799382253,-0.01306518236358048
-0.007077017365803129,-0.010816554072147544
-0.006158627330952959,-0.0031825010869948323
-0.00704610938465694,-0.0076343878990731695
-0.0049953163689842595,-0.01175459927549416
-0.004800048274817059,-0.006057796110011698
-0.004456075449171981,-0.008913301703885629
-0.008880949314245323,-0.008958820489236935
-0.0007734859124434723,-0.009203607155708865
-0.01104721091211519,-0.004974777440847511
-0.0045563061856830345,-0.01123150651805932
-0.009110856655219102,-0.006990274660398033
-0.00492665016293492,-0.005909210885263055
0.00038582526257180394,-0.004362870528032359
-0.008030703196775513,-0.00869152819746527
-0.00940983298418191,-0.010293864096652311
-0.009538240751765237,-0.007987673397256173
-0.0034630645272896166,-0.011324364722144625
-0.0013935266598120166,-0.009505045913452637
-0.004424137644604975,-0.0032179311437634806
-0.006085812323386397,-0.009232455490013752
-0.006874899027879133,-0.00957474194292271
-0.008758481473727486,-0.008912271880464923
-0.009641963740478043,-0.012152747009712944
-0.0006489436711670793,-0.007691159497074357
-0.003043709512484838,-0.011259578796319364
-0.0046192714781256305,-0.012339986022138844
-0.004507026626836996,-0.010127817610895262
-0.007479045380246074,-0.004986552542166317
-0.01068319488995123,-0.008535704700937369
-0.011602226720199782,-0.009512925980630166
-0.005125276248657218,-0.007342784102536193
0.0006359100607108981,-0.008012119162667974
-0.0017411259983053373,-0.006708759592443686
-0.003189310019783509,-0.007894307658419059
-0.011848565498761343,-0.007634253638426652
-0.01244793600812999,-0.00834625702710634
-0.007390470238324454,-0.00781995529268012
-0.0016502226882493254,-0.008458889906417383
-0.0057356458032998825,-0.006056363504651385
-0.005488784736069396,-0.005543508490362947
-0.00842537343270977,-0.006406679039301616
-0.006360865175606245,-0.010388647686932512
-0.005548526297603329,-0.009285332053873607
-0.00721524534067608,-0.0056474704925344454
-0.0026957221459690817,-0.007684428760046852
-0.012163570483372244,-0.006951471858157032
-0.001973256754601471,-0.008586133589933459
-0.00928387289146232,-0.008444144841565804
-0.009748373417513279,-0.0074269714294819544
-0.005458130522298987,-0.014545438450272147
-0.0073432650802369714,-0.006600395021379157
-0.008369765918775862,-0.012792338172765705
-0.001978554886268691,-0.009173609491253953
-0.008709992724843407,-0.0068660009404147015
-0.011009706454587986,-0.012352537179502493
-0.01011459810108234,-0.007284072364422939
-0.0048769973299836455,-0.005218668544545224
-0.011644895048747717,-0.010579901240229034
-0.005822146544462947,-0.007183080325784186
-0.010667031973656593,-0.0068367793320046055
-0.0029036609042292216,-0.0087188096657633
-0.006972518321045562,-0.006953292491539753
-0.002884005735732831,-0.006495776469892189
-0.00010841916055820411,-0.006625228814813422
-0.01031737298832186,-0.005920195176619902
-0.008362393386350031,-0.00656871098418807
-0.00620387759501112,-0.010312086659788389
-0.005346527466408624,-0.011153661900118655
-0.00873081197740705,-0.0043583484524099825
-0.0024054166941458455,-0.00951498562747155
-0.007925577110536819,-0.0055067800888805585
-0.01211508173448822,-0.004987850886880085
-0.008440357511020069,-0.00684518168785106
-0.002844575892010759,-0.009399263277898445
-0.004832642628699535,-0.005628337612707035
-0.007041572555117281,-0.010298386172274687
-0.004582408815996641,-0.011236297114974758
0.0012067007570677468,-0.00635613064357618
-0.0056687854767160095,-0.006180756731364062
-0.0021881652633478077,-0.01149299314341204
-0.003717820415614914,-0.006973977483456795
-0.006274871969195017,-0.008201164054559396
-0.011722485899312463,-0.0073958096809598195
-0.0098312623997453,-0.009475048248997725
-0.0026699927897606557,-0.011236162854328213
-0.005453742707323184,-0.01184666666961745
0.0006659224790830365,-0.0095800548285071
-0.005747913685453299,-0.006938681687334691
-0.004119340895306023,-0.006391814467720691
-0.00411029674406127,-0.001560121991288993
-0.008049074774475307,-0.007357275400011909
-0.003911014109023447,-0.00798030086483037
-0.004900398518057514,-0.0069527702028708005
-0.005137051349976052,-0.011409701379240439
-0.007786558325701853,-0.009821468749506651
-0.009872781398143127,-0.004507963500579304
-0.0030206963524333497,-0.010372216249344729
-0.0054052392045219055,-0.008541525121273513
-0.0008176915991637834,-0.010329040386045096
-0.008733647680293222,-0.007557961132575591
-0.0022698901615126332,-0.00454248324065662
-0.006460707884095029,-0.01100895695559409
3.048011754741564e-05,-0.0064479295164064365
-0.006639290773298556,-0.012966264725700338
-0.006495361884818807,-0.008673932675810264
-0.008240059806478739,-0.011364316854535678
-0.010455600963194756,-0.004834355558486658
-0.00896912167422731,-0.007583048693385719
-0.008510202555053914,-0.007374453385810054
-0.0016457006126269214,-0.001398224307049084
-0.002673231274586463,-0.008384925568700796
-0.009772565415549217,-0.005843126614724026
-0.009280261132531387,-0.0015923135632318064
-0.0012648651248527987,-0.00465925016756763
-0.0075901261474674575,-0.007506875694264004
-0.005175705137653308,-0.006960396502672467
-0.00654967105403903,-0.006182711625393328
0.0032021547800994976,-0.011836443680388248
-0.01325964784465189,-0.00664694363015117
-0.001792077175970408,-0.008834024480584651
-0.004654313506871843,-0.004858786569981316
-0.008094832573285304,-0.0100406603204167
-0.006977950713359271,-0.008120603240461849
-0.0016939208402179107,-0.004836415205328071
-0.014726845239228126,-0.011271861432389951
-0.007962947307417534,-0.008236086576576318
-0.0075399510258472024,-0.011956449092125093
-0.0065900112144524625,-0.007718828993394822
-0.004169784538219368,-0.009262199387092773
-0.006375236966352615,-0.014734498096080767
-0.00807713229881818,-0.007076267866809316
-0.007737681548795394,-0.010876161373034932
-0.007900086767787085,-0.010649343502323216
-0.006014832703119755,-0.00807044287275882
-0.004966482788596571,-0.009018039762101943
-0.0014955632757886472,-0.009647154168549638
-0.007263748843477302,-0.010788093765865064
-0.006919776017832169,-0.01025506129441131
-0.005863531282214229,-0.008411953269622963
-0.005010195694482356,-0.007572183908758218
-0.004316429622855944,-0.008143362633137502
-0.008476056089081807,-0.008322855839032417
-0.009664335105131261,-0.007529649840856856
-0.007124864319288937,-0.008757866235380163
-0.005643563655259365,-0.010360455901943122
-0.00697692088993862,-0.006326894281248913
-0.004649015375204679,-0.007224330802889006
-0.008055671250856267,-0.010224541341287446
-0.0033220008495305486,-0.00929425669838907
-0.008710768780888223,-0.009089168396932301
-0.008632148106902715,-0.006861210343499208
-0.0027028261571017675,-0.0024813477290254182
-0.008962405691117004,-0.009940175816529728
-0.0009550240112625175,-0.010061091544957934
-0.0071328786471129835,-0.0057617897445816635
-0.010271973709699844,-0.011508245743015372
-0.0009876183651449932,-0.007403555487490804
-0.0014374933330736916,-0.010581184831025603
-0.003979814575719387,-0.006159295683402177
-0.013031665889872923,-0.00881398128406588
-0.0055125739521657,-0.0063402067407401785
-0.009528420544475613,-0.010250539218788934
-0.005352601654120659,-0.006289389823721653
-0.007648823131663485,-0.013648001928632053
-0.002281142974162542,-0.012674660929163334
-0.006563237280906187,-0.006376681374846704
-0.008747362921724122,-0.010943917262392966
-0.003863689444206675,-0.009093302444532297
-0.010375428177119561,-0.008126557921444538
-0.0018262236419425149,-0.009661257438002918
-0.003677360748472136,-0.013520370217093569
-0.0054078358939493865,-0.005872870511803047
-0.010835391873630973,-0.011708677708203219
-0.015694634339653735,-0.012140718141018247
-0.0005938584459020402,-0.010872400599540172
-0.0062090562199490495,-0.004727408838865216
-0.00855454250242077,-0.008003060257506023
-0.000757815776983306,-0.010699115842003865
-0.002315020918841504,-0.006254228288246094
-8.189899438776349e-05,-0.009045724012339579
-0.003913745059097529,-0.005392848864855748
-0.009088231523189993,-0.007280580112221241
-0.005237640606675198,-0.008871394677465366
-0.0007642927466349758,-0.011023313992423261
-0.0033592367857647187,-0.009729789383405768
-0.004114953080330219,-0.012596935817952015
-0.007253406347518809,-0.005680064846416866
-0.003374757906661141,-0.008384537540678388
-0.0015069355951678465,-0.009138955490530148
-0.007716593774938718,-0.006931950950307186
-0.0069743389544282275,-0.010348949321917322
-0.005867799590460743,-0.011026030188580144
-0.012372031530301364,-0.00839953637290583
-0.0019282455040018909,-0.006938413166041629
-0.005342005390786275,-0.004832415418374619
0.0009951502398765633,-0.010089149069300779
-0.0006598084557944972,-0.004926034924587541
-0.0027931024256767634,-0.007785301291956259
-0.006061515572538256,-0.012231367683698452
-0.00752457891951458,-0.012467363966301465
-0.012104888253093415,-0.01301566379127575
-0.006388280904550847,-0.00846211363732599
-0.006263619156545108,-0.008773894891028311
-0.005143110783770888,-0.007797061639357922
-0.010427543438851827,-0.008479843419627514
-0.002352779143744599,-0.014780807691394088
-0.0008707171775874101,-0.0053386739562820695
-0.005830936928331809,-0.005211952561434918
-0.008668234712986833,-0.005766192313474722
-0.007043781216522438,-0.005269365954834432
-0.005446101653604318,-0.0066342729660581745
-0.01006506477486041,-0.00896464090957308
-0.006193415592323281,-0.01448402526991921
-0.0037941129214659197,-0.0077259477584447345
-0.004337636903441966,-0.005757775203711041
-0.006969279836219755,-0.007066701426895583
-0.0067058825785893394,-0.004451326163224634
-0.014265971226025465,-0.006923802361836567
-0.008395510028901487,-0.011074011402712441
-0.0008804178781476879,-0.0073712296549014455
-0.005406269027942612,-0.0069660974162792655
-0.011336606047247066,-0.007481280598702178
-0.006496003680217077,-0.006421155582860133
-0.004899114927260972,-0.010476581033455834
-0.004856954133464819,-0.009491852960690689
-0.0036692121600014893,-0.005509630545683958
-0.007327504945881913,-0.005701660155025323
-0.008105055562514452,-0.01063071815724756
-0.011366096176950224,-0.010359679845898279
-0.0013049515178903959,-0.00658772435728619
-0.0050081212937237995,-0.010080612452807752
-0.008157693112915698,-0.009041455704093093
-0.007336295329750775,-0.006496418265290488
-0.0025901932777907533,-0.009336029464162815
-0.006989979582053996,-0.011001076888416561
-0.00848136897466617,-0.0034843131188438403
-0.007086195777694482,-0.006980185931815347
-0.006243456453296992,-0.011967701904774974
-0.003140940777628831,-0.008378717120342244
-0.0044823270940492765,-0.007090744410367805
-0.005998013237509592,-0.009507627848962974
-0.009385013944664844,-0.006455436309478757
-0.00438546910301052,-0.008132885876532436
-0.010514820236059708,-0.008236086576576318
-0.010980753367470952,-0.011399090361988828
-0.0013926163431206562,-0.006468106973571752
-0.003172773829383635,-0.009389562577338195
-0.006040815826704016,-0.008671485000946444
-0.0016010773900497766,-0.00832310960640828
-0.004027407761829305,-0.01222114469446925
-0.003952279340045495,-0.005774594669321204
-0.004583065365312167,-0.009765861235572687
5.124035444226127e-06,-0.011979850280199017
-0.008528947406858889,-0.00952159685776971
-0.006774026495969754,-0.005122332842175448
-0.003441872000620849,-0.004932243372946149
-0.0109887529413778,-0.005818680849312169
-0.015410388321625335,-0.006690388014743892
-0.007375337145450467,-0.014248924550090358
-0.004842462835989103,-0.0031033433704232005
-0.0026813798630571095,-0.005323809384701145
-0.009374014899390826,-0.007947975032240984
-0.005740809674320557,-0.007009541800871988
-0.0077939308581276845,-0.009733027868231575
-0.0005387732206370566,-0.009824707234332486
-0.004345651231266012,-0.004716409793591225
-0.007358786201133394,-0.008260786109363982
0.001446457813165547,-0.009029173068022506
-0.005672023961541872,-0.011214955573742219
-0.0016110466119030331,-0.006853718304344086
-0.009997174624855831,-0.008524974176956412
-0.009819516806260808,-0.007775332070102947
-0.004429689543648085,-0.008865454750399876
-0.0067058825785893394,-0.009396159053719155
-0.006823037533522758,-0.0046392069710488315
-0.004145846307559264,-0.007628567478737025
-0.012948135112242631,-0.010375066706148156
-0.004670610683813081,-0.008125781865399723
-0.008553273665541372,-0.007831969407457617
-0.006948863365595692,-0.010378170930327418
-0.0027169294265551036,-0.005412384526622793
-0.006497048257554983,-0.00875450824382501
-0.007025931927491569,-0.007345500298693047
-0.009563328312575281,-0.01061443573422352
-0.005500933111493411,-0.008912391387194268
-0.005969701945790884,-0.0093574905121247
-0.00852429107058994,-0.006049259493518672
-0.009244577308386848,-0.005974638606486615
-0.007918726866779968,-0.007763317955325422
-0.0046536569575563735,-0.009362146848393621
-0.0032621250273500713,-0.011381255826875186
-0.011009572193941441,-0.007318472597770881
-0.004785049442589617,-0.006852942248299271
-0.004910994781391953,-0.00786910059087964
-0.008408046432347882,-0.007979659069432099
-0.004612033206346344,-0.006580993620258685
-0.0030077571670472647,-0.0075692139452255
-0.0012555524523149564,-0.005874168856516815
-0.009968609565761233,-0.009870091759037275
-0.006356223593254551,-0.007941244295213506
-0.005199643368313411,-0.01076973694208247
-0.0119146497693004,-0.007613568646509583
-0.008067297337611412,-0.010576155220651445
-0.010673762710684098,-0.006003860214896711
-0.007655046333939319,-0.005269231694187887
-0.006118675198561907,-0.011645190127091726
-0.0018025539325755013,-0.007476355741140167
-0.0047977201066826125,-0.002607442082391498
-0.007333056844924968,-0.004379809500371867
0.006131505204960641,-0.011134394759644672
-0.002749911808459904,-0.005762312033250588
-0.0038599286707118874,-0.003285299005099107
-0.002614131508450801,-0.008304096233310188
-0.014717398306043739,-0.008451905402013987
-0.004182052420372728,-0.00999358942297579
-0.0061132280523309435,-0.0093574905121247
-0.0060568592362694185,-0.008060473650905509
-0.004386886954453606,-0.010085015021700783
-0.011001184592012159,-0.0067599645374846196
0.0018216071412500145,-0.009997991991868821
-0.005521886624703598,-0.010310922575721165
-0.007322192060297494,-0.013333384972043533
-0.010179637794283436,-0.005516092761418401
-0.006989084019279779,-0.0050753962053810275
-0.015081548588854188,-0.006861344604145753
-0.006654677633548434,-0.006313581821757619
-0.003936489697856038,-0.005788295156834877
-0.007986094728115567,-0.007434209701261213
-0.0021620478791170017,-0.008913301703885629
-0.003992097211790002,-0.008711959422006449
-0.007974065859420842,-0.011482113604867394
-0.0006667929601979483,-0.010786675914421978
-0.0007848434779054725,-0.006110165139119855
-0.014005006889341642,-0.009546684418579837
-0.0027908937642716625,-0.007038375381259648
-0.010909758993287166,-0.0054480683507673044
-0.004151547221166119,-0.014479488440379662
-0.011816761954840937,-0.012311032935021837
-0.006596353923457532,-0.006180905745927806
-0.007582634108312336,-0.0063009111576646515
-0.0118083595989944,-0.010331100032886481
-0.002722108051492922,-0.010372350509991274
-0.008572257530805039,-0.006373711411313987
-0.004642553159470264,-0.010260493686725047
-0.005461622774500685,-0.007470415814074677
-0.003195652728788634,-0.011159616581101317
-0.007593886920962245,-0.010805689287520043
-0.01229199300487277,-0.0099653976379864
-0.002523093937748244,-0.005981757371536528
-0.001916231389224421,-0.005937402670252445
-0.008922185037432917,-0.009846556310316779
-0.0031016451945532486,-0.0059302839052025325
-0.0036958370789840767,-0.003783931243204891
-0.003913998826473419,-0.010489639725571237
-0.006058665115734885,-0.009103659694408017
-0.005986506657483792,-0.00522526502092624
-0.006276424081284648,-0.007202093698882306
-0.010306627710423677,-0.00721333175761496
-0.004829284637144382,-0.007393989047577126
-0.009179269093892606,-0.008965282704971378
-0.008527783322791638,-0.01081512146678723
-0.005591328886797753,-0.005775236464719474
-0.011804464564853123,-0.006107702710338836
-0.008479682601929994,-0.007862623621227999
-0.0055521380565343725,-0.010529338090586399
-0.006333464200578898,-0.010589467680142767
-0.005333737295586283,-0.013770335508503345
-0.0022419521438991064,-0.014582808647152862
-0.006093960911856988,-0.010142696936393358
-0.0024326981624439026,-0.00700539299935482
-0.007583007382417517,-0.010085149282347328
-0.004699056236178334,-0.010794048446847754
-0.010813408537000135,-0.009544998045843661
-0.007442182718117085,-0.007004631697227204
-0.006371864220880319,-0.006616811705049741
-0.0046953102166007454,-0.008582387570355898
-0.006852527663225916,-0.004648519643586674
-0.0016403877270425027,-0.00812525957673077
-0.003863689444206675,-0.003962260365032583
-0.005441325810606079,-0.007830551556014503
-0.006647051333746712,-0.007065015054159407
-0.0076263470141981204,-0.003047094061090966
-0.011862280740192244,-0.007513218403269101
-0.01180822533834791,-0.005905450111768323
-0.004644881327604655,-0.007860563974386614
-0.00830445770428162,-0.00853066033664604
0.0007804954985060619,-0.005849588830458441
-0.006415830894141994,-0.007841416340642005
-0.005727243447453456,-0.004120531536424249
-0.004227705466370579,-0.008468590606977633
-0.0015724975770379235,-0.009385160008445137
-0.004251121408361758,-0.010569812511646376
-0.012131393665346657,-0.007070193679097281
0.002357341054943396,-0.008699676785935834
-0.005255758416999101,-0.012559953649093736
-0.004028557091979301,-0.012571982517788433
-0.008711410576286549,-0.005885153147873634
-0.0012391357686444282,-0.010688519578669425
-0.0068050687377625985,-0.006662584257776882
-0.0017191574155917544,-0.012172402178209335
-0.0012105559556326306,-0.011476173677801904
-0.005849054738655712,-0.00791861916318437
-0.005286532137498856,-0.004407881778631939
-0.012813130868278344,-0.004850772242157242
-0.0038367812500137988,-0.005969340474819423
-0.004986779752491233,-0.00687673146439563
-0.006100169360215568,-0.00828806757766204
-0.007572157351707298,-0.009613022456494758
-0.008435462161292484,-0.01229939209434952
0.00025547735487641,-0.008047414958790078
-0.010929399407866303,-0.006439780927935818
-0.006571400623293977,-0.010008842022579095
-0.005844010374364439,-0.002823648935851575
-0.006598159802923109,-0.007500413478529588
-0.0068796748708773725,-0.008858335985349963
-0.007613795856834471,-0.008594028411028215
-0.005742884075079169,-0.008096037968320702
-0.004258613447516824,-0.007286012504534978
-0.012811056467519788,-0.0044351632469299684
0.0005270379548946158,-0.006454525992787397
-0.010494777039540937,-0.011934077727471848
-0.0015889290146257062,-0.006373711411313987
-0.004935962835472707,-0.008612519495457327
0.0001753045688012711,-0.008369016419781994
-0.007038483084855218,-0.004480025482965777
-0.008947660626265397,-0.006993364130660096
-0.011148725239422896,-0.00952586516601625
0.0013344814831700025,-0.005803428249708892
-0.013424784013717606,-0.010227391798090874
-0.008797284275968487,-0.010574468847915297
-0.003329239121309835,-0.005422592761934797
-0.005713781973398391,-0.013013081855765413
-0.002740599135922117,-0.01383253949881827
-0.009487811862769091,-0.008356211495042454
-0.004629360206708233,-0.005234831460839917
-0.00410938642736991,-0.00753390339518617
-0.006261171481681316,-0.008762254050356022
-0.012211551697504597,-0.008602565027521214
-0.006533120109721957,-0.010781243522108214
-0.004428659720227379,-0.006219813300980953
-0.003280228083756831,-0.00392851668100011
-0.007011455383933052,-0.00760334565728038
-0.008899694166050298,-0.010218467153575439
-0.008496099285600578,-0.0034433164091149104
-0.0009271007475662452,-0.009132359014149133
-0.001600301334004961,-0.008758254263402543
-0.006867004206784433,-0.0074254193173922955
-0.009012312291444169,-0.007732141452886088
-0.003155954363773472,-0.005736821690500882
-0.008658653519155957,-0.007767974291594371
-0.008054372906142526,-0.010909263261669133
-0.011751841768369131,-0.010508518838022812
-0.005955598676337548,-0.005581520482641933
4.547894977485756e-05,-0.004190496087187384
-0.003813260555210529,-0.007919648986605077
-0.00896434583122907,-0.004921244327672103
-0.007325415791206102,-0.009851346907232217
-0.010756651692916064,-0.007662967712084967
-0.005602701206177008,-0.006752592005058816
-0.007644957605356606,-0.009695135382681963
-0.002365196040461759,-0.013595498638877351
-0.003048619616129622,-0.00860268453425056
-0.0010513597136324049,-0.006758024397372553
-0.012737868185848045,-0.006570904891675999
-0.009356687899028882,-0.00722264443015283
-0.008648699051219844,-0.005901450324814844
-0.010416036858826083,-0.007504039991377831
-0.005218641987494277,-0.010658521914214514
-0.008854429148074883,-0.010236704470628716
-0.009206819083483697,-0.009854451131411507
-0.0026670228262278828,-0.00927448202316336
-0.008442566172425225,-0.006709013359819577
-0.005472233791752268,-0.007057776782380176
-0.0024720084994366287,-0.012059515531522402
-0.006898956765268582,-0.0057044958579115235
-0.011116250392269766,-0.0146320882059989
-0.008308472245152299,-0.005260695077694888
-0.009206684822837152,-0.007096311063328087
-0.008162483709831136,-0.005860453615085942
-0.0013036531731766,-0.010600854753439165
-0.008620895294252862,-0.010019453039830706
-0.012344362033980927,-0.006098002009778586
-0.0007983049519604823,-0.010721367699927764
-0.008924781726860453,-0.004295368406050215
-0.004178306400795195,-0.011333020845366998
-0.0005462652597921225,-0.006161235823514244
-0.009670916827594966,-0.013024976463813565
-0.006187968446092373,-0.005350180536307841
-0.010779784359696953,-0.00702855517397008
-0.007352323985398923,-0.0068614788647922975
-0.0064186813509453655,-0.009232186968720663
-0.007139982658245725,-0.012183774497588534
-0.005640727952373137,-0.011090562347029542
-0.005475965057412657,-0.00572531511047511
-0.005781552616673569,-0.002447469784346429
-0.005104845024116067,-0.0080851731836932
-0.004753633926691647,-0.005721181062875141
-0.0030411275769745005,-0.007986509313188922
-0.004024945333048258,-0.0063861135541138925
-0.005799521412433839,-0.00975099666399179
-0.006112198228910293,-0.012143702858468192
-0.007779708081945058,-0.010622957596799348
-0.01202237254496663,-0.011087726644143342
-0.008044537944935704,-0.0055754462949299255
-0.00655587950239761,-0.010233854013825316
-0.00161892667908059,-0.00991380466492306
-0.011175618679698462,-0.005468633835955028
-0.0019875990375134434,-0.003604452791227203
-0.00795633607711932,-0.010212004937840996
-0.006307734844370472,-0.01315066803524001
-0.011541962869996869,-0.012597204339245077
-0.001978808653644526,-0.006360637965281385
-0.0063912656220007635,-0.00883648690936567
-0.007187187816333207,-0.00859480446707303
-0.0034804062815687598,-0.009004085507212378
-0.004741470797350378,-0.008786177527098898
-0.003803171826627927,-0.007864951789362445
-0.009164673043604743,-0.010655551950681796
-0.0076785817826597325,-0.009066543264903165
-0.00934207709482382,-0.009193652687772724
-0.0008000960775088051,-0.005683676605347909
-0.0040968500239234595,-0.005607010825391695
-0.00941681748858525,-0.008600236859386767
-0.0012219282750118299,-0.007793703647802741
-0.0038705396879635257,-0.008279157687063804
-0.00481415154427034,-0.010078418545319823
-0.004796809789991252,-0.0078597731644246
-0.0027354205109842433,-0.0072829082803557155
-0.007308745340159684,-0.012424561377107013
-0.0030559921485553976,-0.009215516517674244
-0.008727439231934697,-0.0037989300754323607
-0.006940461009749266,-0.008287291521617224
-0.003778994582509132,-0.007288206412022907
-0.01472038302349371,-0.010611585277420121
-0.005959478956561681,-0.009588710951729446
-0.001994837309292674,-0.009706134427955954
-0.006287169359182776,-0.007177259905448041
-0.007246287582468813,-0.009116972153899311
-0.00468186349646299,-0.009389950605360603
-0.010685657318732222,-0.0100931783640886
-0.003950578213392064,-0.005390401189991956
-0.003928087342009501,-0.007983524595738978
0.0010589210961983175,-0.011173063301239128
-0.009533450154849743,-0.0079402144717928
-0.003484286561792893,-0.008170136566683806
-0.005850338329452309,-0.005469275631353299
-0.009100902187282933,-0.006248930156578902
-0.007847075943280601,-0.00877299932825415
-0.007776215829743305,-0.005473036404848086
-0.002943105501868548,-0.011113963535103466
-0.008937840418975829,-0.005351344620375065
-0.00949879615412591,-0.01020748286221862
-0.006938908897659579,-0.0076930996371864235
-0.00958713228258884,-0.009745698532324598
-0.012736957869156684,-0.008612907523479735
-0.009570700845001057,-0.015441322859822582
-0.008458863349366408,-0.008715063646185711
-0.004900144750681679,-0.010386185258151492
-0.0044708352679407315,-0.0046361175007867406
-0.008008466092768785,-0.009392801062164002
-0.006457469399269167,-0.006638675534951233
-0.005861979170124598,-0.014349140532684296
-0.008572138024075748,-0.009388144725895109
-0.007813063737955095,-0.011196733010606141
-0.0064440374330486105,-0.007339545617710358
-0.007775051745676109,-0.007607748226173411
-0.0075328470147145166,-0.008539719241807991
-0.002968044048114904,-0.00252415031821987
-0.00694007298172683,-0.007841684861935067
-0.005885902646867502,-0.009279272620078799
-0.007403275163063994,-0.009041321443446548
-0.006902956552222006,-0.006438482583222049
-0.009232294672316232,-0.005319406815808114
-0.01070764065536306,-0.008855754049839626
-0.01226715921143856,-0.01198813312931618
-0.009735195218668558,-0.007624687198512919
-0.008251327373045847,-0.009947548348955504
-0.009070262727429779,-0.008780357106762726
-0.005321066631493343,-0.0051947450678023754
-0.005601029587358031,-0.00544730704863966
-0.008369631658129317,-0.010567872371534337
-0.002237683835652593,-0.008545002619557984
-0.005738347245539566,-0.013701549795724632
-0.007425512267070722,-0.015510257587165038
-0.008256103216044142,-0.006532504871374606
-0.01234992868694118,-0.008964118620904127
-0.004522279226440329,-0.005457903311974099
-0.004842343329259757,-0.009101197265627026
-0.0094236677323421,-0.011583508425445727
-0.005200538931087573,-0.008911615331149453
-0.002376702620487503,-0.008350525335352854
-0.007765873333784756,-0.005931328482540438
-0.008308203723859209,-0.008449069699127815
-0.004753887694067482,-0.010363933400227593
-0.01100155786611734,-0.008875543478982506
-0.004705010917161023,-0.011016986037335363
-0.005836637841938608,-0.010018288955763482
-0.00572012468240346,-0.008200134231138717
-0.008912499090789894,-0.01074245547378444
-0.0021827328710340987,-0.0068419432030252525
-0.00012638795631836341,-0.009937728141665936
-0.0049346644907589665,-0.0035007298025143962
-0.001959675773817171,-0.008325437774542727
-0.004126056878416384,-0.004951376252773559
-0.002530212702798129,-0.007489160665879707
-0.008665772284205897,-0.005207684253188433
-0.00952376420820672,-0.012188565094504
-0.002546629386468713,-0.00448365199581402
-0.00588966342036229,-0.005033235411584874
-0.006974592721804118,-0.0037276819338726563
0.0008311781548780428,-0.006709147620466094
-0.0024403244622455134,-0.007645640711723051
-0.004251121408361758,-0.002095736398253084
-0.007615735996946538,-0.0018821114803033168
0.0023954873078689265,-0.00942667900684302
-0.0034203961987417375,-0.011380345510183826
-0.013776905427833386,-0.005680318613792756
-0.0027830136970941055,-0.011398329059861212
-0.007381679854455592,-0.008274874624900092
-0.011370498745843283,-0.011358496434199533
-0.006641230913410567,-0.009272153855028886
-0.005817892990133633,-0.0061574898039366555
-0.010845480602213575,-0.006768754921353509
-0.009992279275128246,-0.007222002634754532
-0.005597283567780442,-0.012793233735539866
-0.011150262597595328,-0.012249216972729293
-0.002184165476394384,-0.011078533478334845
-0.005531841092639711,-0.00796931657347355
-0.0022272218329646987,-0.010232689929758065
-0.009843947817755494,-0.008620787590657292
-0.005722587111184507,-0.007153336428705137
-0.007890132299850916,-0.010253897210344087
-0.009401445382252627,-0.004642176934581577
-0.013352371788090622,-0.004855950867095088
-0.0035779060680057873,-0.016645242503497776
-0.00705309388906028,-0.006816855642215153
-0.004974750883796508,-0.008933091133028565
-0.004082627247740833,-0.012041666242491533
-0.010596425627495187,-0.004901335391799877
-0.005226671069235578,-0.01666800189617343
-0.010940010425117885,-0.0043516177153824775
-0.0030559921485553976,-0.01098982407576668
-0.008361229302282835,-0.007830163527992096
-0.006563908584138856,-0.010584811343873818
-0.007307969284114868,-0.008745971627331983
-0.0013221590115229942,-0.00791111237011205
-0.0018506546534371449,-0.010190663396608457
-0.007189127956445218,-0.007823835572904198
-0.001311547994271356,-0.010745798711422366
-0.007417885967269,-0.009770398065112262
-0.004936216602848598,-0.009794321541855167
-0.009649067751610674,-0.006777813826515489
-0.010042827670853682,-0.010093029349524857
0.0009298420253823214,-0.008256652061764042
0.00182702477964658,-0.011637429566643542
-0.00600874376149052,-0.005571446507976474
-0.003362341009943981,-0.004958360757176927
-0.0032891379743550386,-0.012869272474015009
-0.0038061565440778433,-0.00911113697964594
-0.007009380983174496,-0.010715159251569184
-0.004917337490397022,-0.00761680713133539
-0.010282316205658393,-0.009979366646793136
-0.0017881968957462746,-0.005955505726659205
-0.006430307437700511,-0.008049877387571097
0.0013344814831700025,-0.008880199815251455
0.0005249635541360598,-0.011681784267927597
-0.0012987430695318158,-0.010059031898116522
-0.005942405723575628,-0.010118504938357392
-0.009118497708937967,-0.0071440237561673225
-0.0023545997771273197,-0.010997450375568346
-0.011061045660275437,-0.011507201165677494
-0.0038501084634223193,-0.0037570378029292695
-0.010679180349080664,-0.00836191240864928
-0.002739823079877246,-0.011360436574311572
-0.007550950071121276,-0.006776769249177583
-0.011547141494934798,-0.008481261271070628
-0.0011165484213972454,-0.008597132635207477
-0.009277544936374449,-0.0057831165318970035
-0.005128768500858916,-0.006104598486159574
-0.00941059428630947,-0.004612447791419727
-0.004657417731051161,-0.007202989261656467
-0.0051770034823670485,-0.009776337992177753
-0.004666476636213113,-0.011308589833872368
-0.00693877463701309,-0.007066044877580113
-0.004848283256325303,-0.010320757536927933
-0.008823789688221728,-0.0060965841583355
-0.007841136016215167,-0.008038490314274671
-0.00581465450530777,-0.006874403296261156
-0.007056571387344779,-0.005118452561951314
-0.004468880373911466,-0.011218835853966325
-0.004207020474453538,-0.00865841155491387
-0.007340041349328363,-0.007264163428550685
-0.007044945300589633,-0.004544035352746223
-0.008573824396811924,-0.00976754760830889
-0.007514997725683703,-0.010982197775965014
-0.006271140703534683,-0.011305993144444831
-0.0028108174540610875,-0.011535273443937566
-0.0036976577123667975,-0.008426176045805617
-0.003596143385059092,-0.008144526717204725
-0.0056554582633075445,-0.004785598288309545
-0.008400673899922106,-0.006896252372245448
-0.005561958263823941,-0.009146074255580061
-0.007238527022020658,-0.008050519182969368
-0.006282632529643173,-0.0089248082839114
-0.008596837556863413,-0.007215152390997681
-0.008830908453271613,-0.007485414646302119
-0.008457057469900886,-0.008921316031709703
-0.012820488646786976,-0.00816251026688214
-0.005700215746531234,-0.0011737346044718155
-0.006837663091644963,-0.006068272866616792
-0.0025523155461583125,-0.01105280412212642
-0.00370735841292702,-0.007712620545036242
0.0008288647406608507,-0.0063728010946226266
-0.0026800815183433135,-0.00868312584161876
-0.0019454529976344892,-0.008494842251854956
-0.010024217079695197,-0.005955639987305722
-0.00941772780527661,-0.004846115905888293
-0.008037941468554743,-0.0068608223154768
-0.0019564372889913084,-0.004376705276192577
-0.003806007529514155,-0.010834000579238778
-0.005456578410209356,-0.008416475345245339
-0.007254943705691186,-0.005346046488707873
-0.0016195684744788608,-0.007981733470190683
-0.007125894142709643,-0.01223550173129842
-0.002340496507674039,-0.008597252141936795
0.0005998382085439791,-0.008422176258852165
-0.007883028288718175,-0.009880702776288858
-0.00715330987165419,-0.006658196442801051
-0.006313809032082562,-0.0019275107589252771
-0.011495802289247292,-0.004634819156072972
-0.004804719365003207,-0.00617042898932274
-0.007736263697352308,-0.007744304582227357
-0.00641856184421602,-0.0006862209183693679
-0.008255580927375161,-0.007009676061518533
-0.0043044007541612195,-0.0142776386237487
-0.003962995110109224,-0.006235080654501485
-0.00910427493275534,-0.008563120429881943
-0.010432453542496667,-0.005693899594577112
-0.005482964315733252,-0.007281997963664355
-0.005590030542083957,-0.0038397925245147457
-0.005257818063840514,-0.0037685443829550136
-0.007053347656436171,-0.0073121298887658115
-0.005564301185875642,-0.007123726792272689
-0.006318211600975565,-0.012713971266156088
-0.0047832435631240955,-0.01301281333447235
-0.004450508796211672,-0.0030205886488377243
-0.002172793157015185,-0.013663523049528448
-0.0010436139071013928,-0.00879614674895221
-0.006820709365388311,-0.00499301475790076
-0.0013389637232159024,-0.010226481481399513
-0.010280002791441145,-0.004524126416873997
0.0024513633430959803,-0.006591858404886131
-0.003557728610840527,-0.0056737221374117686
-0.009106080812220863,-0.006498104638026664
-0.0013321134794591072,-0.008790968124014337
-0.007289478199685673,-0.010067031472023397
0.0032022742868288434,-0.008076382799824311
-0.004294431532307907,-0.009502583484671645
-0.0028188317818851893,-0.013589290190518799
-0.01220935779001664,-0.008677171160636071
-0.008051656709985588,-0.009629573400811858
-0.00966808112470885,-0.010426793939858015
-0.012042789015590638,-0.0052829469356187875
0.003459224082642043,-0.006799797163146326
-0.008327724631709,-0.006528221809210921
-0.004278402876659759,-0.007015869755959886
-0.0070938220774960925,-0.009100286948935665
-0.002577925395637337,-0.008085307444339745
-0.0042906855127303745,-0.007189796308894492
-0.009347121459115204,-0.008782312000791992
-0.003125568671296153,-0.00946145251429617
-0.005972791416052947,-0.006361936309995125
-0.0018714739060007313,-0.012132450045818283
-0.0031300907469185013,-0.012348656899278415
-0.009841753910267592,-0.009332925239983525
-0.005264414540221474,-0.008667470460075821
-0.004043555924206743,-0.00423317916965249
-0.001942722047560408,-0.0100772544612526
-0.004486073113626865,-0.008752180075690535
-0.005364376755439493,-0.008783998373528168
-0.007356070004976456,-0.0063809496830932455
-0.006223278996131676,-0.004696112829696564
-0.006854333542691438,-0.008644069272001897
-0.005555645062653269,-0.013029618046165314
-0.004961438424305242,-0.009668107681759769
-0.00914589868396537,-0.006738503489522735
-0.010691074957128788,-0.008038624574921216
-0.007912264651045497,-0.004733483026577279
-0.013552027697233682,-0.0076945174886295375
-0.0034784661414567486,-0.007272953812419575
-0.006413368465361002,-0.009932683777374607
-0.003763473461612765,-0.01084020902759733
-0.006817754155772737,-0.0070968333519970395
-0.00896473385925145,-0.00734575406606891
-0.01047873362997559,-0.007263775400528277
-0.007203096965252009,-0.004165408526377257
-0.0087204694814485,-0.01247215456321693
-0.008157827373562243,-0.009963457497874334
-0.005665307978431511,-0.006808333779639353
-0.00873275211751906,-0.006802513359303181
-0.009191685990609766,-0.00949586750156134
-0.0060215486862300605,-0.009560131138717648
-0.007707937651716346,-0.00753132145967586
-0.010356802832043932,-0.008156436079170132
-0.001486638631273185,-0.01340670751436182
-0.009755357921916674,-0.00783002926734555
-0.008436745752089081,-0.005108498094015201
-0.002715765342487797,-0.009205293528445013
-0.0009524420757522356,-0.005464753555730922
-0.006586518962250765,-0.005331555191232157
-0.003731147629023379,-0.010580811556920394
-0.0039001640783132285,-0.00865182983245008
-0.009153927765706615,-0.009004205013941724
-0.010859583871666911,-0.00843677230914
-0.0028110712214369227,-0.006066586493880588
-0.007263883104123847,-0.008214491267967888
-0.000935891131435107,-0.006393620347186213
-0.007397842770750285,-0.01169420116464473
-0.007715832472811102,-0.006452063564006405
-0.00952454026425148,-0.008840889478258701
-0.0011005197657490973,-0.009579786307214011
-0.008194675281773978,-0.011487680257827648
-0.008059656283892547,-0.01472815538707567
-8.06154035912221e-05,-0.0037669922708654102
-0.0026031472170940373,-0.010900726645176106
-0.001815358857314986,-0.008062160023641657
-0.00813363537552625,-0.00803190859181091
-0.0019908375223392505,-0.006318491925402403
-0.005943569807642879,-0.009701597598416378
-0.004917471751043567,-0.00854255494469422
-0.01423454095621024,-0.008795758720929803
-0.005000106965899753,-0.011571345296104485
-0.007894281101368084,-0.012614143311584586
-0.0054313565887527115,-0.012095587383689349
-0.0019022476265004307,-0.00315378701333649
-0.006577474811006012,-0.007620806918288842
-0.0031758632996457536,-0.003215334454335972
-0.0034060539158297654,-0.007517740478891505
-0.0032943165992929124,-0.008972655237397154
-0.007158100468569684,-0.008007448072481882
-0.010550265046745555,-0.010324384049776175
-0.0016847571822438123,-0.007927021519030852
-0.007288060348242642,-0.008624667870881397
-0.007045975124010395,-0.006931055387533025
-0.006968518534092083,-0.011272115199765814
-0.0023407502750498743,-0.01084267145637835
-0.003957443211066114,-0.006224857665272282
-0.004726471965122936,-0.010324891584527929
-0.00036575698439372806,-0.010338860593334692
-0.004005036397176087,-0.011371047591563183
0.0017390914331232299,-0.0062028743286414445
-0.008948705203603302,-0.006987050929489397
-0.002104246457695136,-0.0039006981701159016
-0.0061128547782257625,-0.008394880036636937
-0.0043681273487313765,-0.00978578492536214
-0.0026313390020833993,-0.005605190192008974
-0.008584554920792853,-0.010196483816944601
-0.007232960369060348,-0.008067592415955421
-0.009622816106733378,-0.011429625069029892
0.0009899863688558885,-0.008841531273656972
0.0003209050760999421,-0.008395148557929999
-0.007810616063091247,-0.010865162327760941
-0.006721403699485762,-0.006366980674286482
-0.003421694543455478,-0.010826240018790595
-0.007785916530303583,-0.004651758128412509
-0.010287106802573831,-0.00934961044494717
-0.0014221212267410133,-0.012963936557565892
-0.0069444607967026895,-0.008976923545643695
-0.006281990734244902,-0.00899025075905216
-0.008645221552935345,-0.009930087087947043
-0.009747731622115008,-0.008680275384815361
-0.015428506131949293,-0.005903256204280366
-0.006910597605940871,-0.004530334865232549
-0.0026432188562143244,-0.007943452956618635
-0.0034492297791294257,-0.0022912582597961195
-0.006395907204352513,-0.011461950901619278
-0.0016689675400543003,-0.011227372470459351
-0.013912431960466598,-0.00989246312369052
-0.0043923193467673705,-0.005515450966020102
-0.004744440760883095,-0.008202462399273164
0.0006452374871659394,-0.009340029251116239
-0.012382239765613368,-0.007194974933832365
-0.005687396067874495,-0.006475345245351011
-0.0035397598150803122,-0.00931274778281821
-0.0027557322287960484,-0.012091707103465243
-0.00238032913333569,-0.007969436080202869
-0.010352668784443908,-0.011683858668686181
-0.008948570942956757,-0.0118986476707032
-0.006861318047094833,-0.0058173972585156275
-0.00175096095951216,-0.010055017357245899
-0.007463270491973817,-0.007613822413885446
-0.005273339184736936,-0.01170739411740665
-0.010721475403523306,-0.007705770301279419
-0.0010511059462565142,-0.0074905932712399925
-0.008402226012011738,-0.009896089636538707
-0.007096150245630595,-0.0084590241670639
-0.007369516725114322,-0.0029185667867782927
-0.009167389239761625,-0.007818015152568053
-0.011806673226258224,-0.00951835837294393
-0.00565557777003689,-0.009693060981923352
-0.006858213822915515,-0.007708606004165619
-0.008866980305438532,-0.011309873424668937
-0.005785686664273593,-0.00948680859639936
-0.0018496248300164386,-0.009179161390297036
-0.006791487756978187,-0.0012567430934331547
-0.00039548612755557766,-0.011187554598714844
-0.00816479712404844,-0.00706644765951972
-0.005269324643866258,-0.010382573499220477
-0.008472175808857674,-0.009422932987265459
-0.006300481818674042,-0.006521252058724725
-0.01145958142251663,-0.009645602056459979
-0.008381660526824042,-0.006213873373915463
-0.009186522119589036,-0.013251018278480464
-0.002894482492337924,-0.009034471199689698
-0.005686500505100389,-0.007314070028877823
-0.010699223545599379,-0.009849018739097798
-0.009584804114454393,-0.007762153871258198
-0.0018699217939111001,-0.008899720723101273
-0.009263963955590149,-0.010895682280884778
-0.010877284146133981,-0.008276307230260405
-0.004250464859046232,-0.004427268425835212
-0.0035102844392943533,-0.005078366168913773
-0.011520889850057392,-0.0051666875434595305
-0.006058665115734885,-0.0036376741865907225
-0.009534628992834193,-0.007784525235911444
-0.005849054738655712,-0.004159976134063548
-0.004833538191473641,-0.011928257307135703
-0.007570993267640047,-0.0018152511537194438
-0.0019616159139291822,-0.013968051277534338
-0.0039057159773562833,-0.007947064715549623
-0.011686026019123164,-0.005797742090019237
-0.0014001378901101758,-0.010721487206657082
-0.004693743350593915,-0.006216067281403365
-0.012973476440428622,-0.009617156504094726
-0.008228806993828885,-0.012749789350947144
-0.009851962145579596,-0.007701501993032905
-0.003892403517864962,-0.007092818811126417
-0.005101740799936749,-0.004591509032126795
-0.007954276430277907,-0.005664677986167044
-0.008470235668745663,-0.011016986037335363
-0.00734107117274907,-0.011234222714216202
-0.004883459545718061,-0.00583291837941205
-0.005767315086573743,-0.008131721792465213
-0.0046192714781256305,-0.011406731415707694
-0.00464435903893573,-0.01134013961041691
-0.006306570760303276,-0.005821397045469051
-0.002837845154983254,-0.010194155648810155
-0.005468099744152299,-0.0112290588431955
-0.00487622127393883,-0.006015247288193137
-0.00287055901559502,-0.008889378227142752
-0.0012889228622422477,-0.0110446555336558
-0.002607400771423296,-0.00684609200454242
-0.008666026051581732,-0.007905679977798313
0.0013931784673660297,-0.005707346314714923
-0.006628037960648647,-0.01184795026041402
-0.014070703131858264,-0.007239075867740585
-0.0015333215006917422,-0.006803543182723859
-0.00439297589608284,-0.009682076690566532
-0.003997663864750256,-0.009311717959397503
-0.01117845438258469,-0.007056090409644
-0.004883981834386986,-0.0060329623165774615
-0.005947450087866957,-0.007485414646302119
-0.008059536777163145,-0.00919689117259856
-0.0031624165795078873,-0.007908530434601713
-0.004027646775287941,-0.007830163527992096
-0.003347476438363084,-0.006215425486005094
-0.00549305304431591,-0.004128426357518977
-0.0059543150855410065,-0.006953680519562161
-0.004218780821855117,-0.009752683036727966
-0.01313446380797717,-0.008430966642721055
-0.0021727784030979858,-0.006005934615655295
-0.0055036493076502935,-0.010440882455394124
-0.01027934624212562,-0.006050677344961786
-0.007154593462450731,-0.00584454446616714
-0.0025996402109751404,-0.01013480211529863
-0.0009996324799225187,-0.007883308613145068
-0.006689451141001557,-0.0033794407999809817
-0.002233296020676734,-0.010310668808345302
-0.009368851028370151,-0.0079624515757995
-0.0009285185990093314,-0.009330985099871458
-0.003947623003776546,-0.00845489011946396
-0.005620804262583712,-0.008469500923668993
-0.0067075689513255154,-0.007805090721099195
-0.004176754288705564,-0.007824223600926605
-0.004471596570068348,-0.007389974506706476
-0.00317923604511805,-0.0056835570986185635
-0.002674007330631334,-0.009182534135769388
-0.002056399504209383,-0.008157465902590783
-0.009185611802897675,-0.011910796046127242
-0.0029427174738461126,-0.01136483914320463
-0.004952648040436325,-0.008661142504987951
-0.008119293092614277,-0.0071179063719365165
-0.006646529045077787,-0.008666440636655143
-0.0070611082168843264,-0.006973843222810278
-0.005362048587305046,-0.006828630743533987
-0.00465161206463216,-0.007775332070102947
-0.008535931911262229,-0.006871179565352548
-0.0010346892625859305,-0.006557592432184733
-0.006726313803130546,-0.009949234721691708
-0.006103795873063755,-0.005319660583184005
-0.0035735182530299836,-0.013417691805718668
-0.005173899258187786,-0.00633956494534188
-0.012014343463225385,-0.010716591856929497
-0.004544262563071166,-0.007441836001062879
-0.0030605142241778016,-0.01071426368879505
-0.005072638698255971,-0.011366645022670152
-0.003421948310831424,-0.006399828795544793
-0.0059409731182153425,-0.007929349687165327
-0.003485450645860144,-0.00909357096582536
-0.0021458849628223087,-0.002692524972111393
-0.0037098060877908123,-0.00951835837294393
-0.005296740372810804,-0.0038846547605505544
-0.011732320860519285,-0.008811011320533135
-0.0070838676095599795,-0.008507259148572088
-0.0061427181820341015,-0.010649865790992169
-0.010639093956043066,-0.008564404020678512
-0.0072320648062862425,-0.01048084934170232
-0.006268932042129527,-0.00807857670731224
-0.0031450895791459987,-0.005805622157196794
-0.005302829314440094,-0.012074380103103327
-0.005935809247194612,-0.008579417606823153
-0.0039234457596578065,-0.008471575324427577
-0.0016794442966593937,-0.011190390301601072
-0.0030490076441520575,-0.006479747814244041
-0.007269688770542793,-0.009752548776081421
-0.00885727960487831,-0.009928549729774638
-0.008362139618974196,-0.0071167422878692654
-0.006479706503275895,-0.011543287771761612
-0.006927402317633835,-0.010734694913336229
-0.0030346506073228308,-0.007149456148481059
-0.012269353118926463,-0.005847260662324022
-0.008696023716036672,-0.00842992206538315
-0.010450690859549971,-0.01107090717853318
-0.003943474202259378,-0.006717161948290168
-0.003624842704800235,-0.00879174418005918
-0.0013424559754176557,-0.00770666586405358
-0.012770701553189101,-0.006861344604145753
-0.005123216601815861,-0.008296469933508521
-0.0007596364103660269,-0.016615244839042864
-0.009470096834384767,-0.008011074585330069
-0.001974674606044613,-0.009441155550401509
-0.005700350007177779,-0.008764328451114606
-0.012516736474825874,-0.009352834175855779
-0.006719195038080605,-0.008579790880928362
-0.009810069873076477,-0.013140325539281517
-0.00782043627038087,-0.01140053772126634
-0.0021729126637445306,-0.00802349148204723
-0.006446216586619313,-0.007503129674686471
-0.0037735621901953675,-0.00474124358702549
-0.0076357791934653085,-0.010810211363142419
-0.003690016658647932,-0.007227046999045861
-0.00041630538011916407,-0.007705501779986329
-0.009648157434919369,-0.007667877815729751
-0.002894482492337924,-0.005485453301565191
-0.007734443063969587,-0.011516125810192929
-0.005808968345618171,-0.008800922591950477
-0.009647127611498663,-0.008472605147848256
-0.004425824017341151,-0.007789823367578663
-0.00574364537720673,-0.008582253309709353
-0.005686903287039968,-0.00864523335606912
-0.004985869435799928,-0.006937517603267468
-0.003936504451773182,-0.015361299088311214
-0.007765873333784756,-0.0099294452925488
-0.009492990487706965,-0.003988377749263361
-0.00942302593694383,-0.010705592811655479
-0.007010933095264127,-0.009265930652753135
-0.01480028728827576,-0.011142677608761808
-0.006708479268016876,-0.0067094013878419845
-4.8662845107017016e-05,-0.005142898327363171
-0.0049891226745428785,-0.006959874214003514
-0.010594097459360685,-0.004987716626233568
-0.005201568754508223,-0.0048629353714984835
-0.003188414457009403,-0.008883050272054882
-0.0036518704057224016,-0.012018399315064154
-0.001255806219690847,-0.011646354211158949
-0.0020902774488883447,-0.007954437247975427
-0.008700038256907294,-0.006580605592236277
-0.003885284752815077,-0.008975759461576444
-0.0022815310021849222,-0.007078864556236852
-0.004275686680502877,-0.010174112452291356
-0.007548233874964394,-0.0038765209259971622
-0.010267705401453331,-0.01185765096097427
-0.0058601732906590764,-0.006873239212193932
-0.010256452588803477,-0.011221417789476634
-0.008873442521173003,-0.009724237484362713
-0.011754304197150123,-0.002890240741142358
-0.0038301847736328387,-0.0064760017946664805
-0.0071830390148160395,-0.00988561287993367
-0.013698016232554788,-0.009168833648255714
-0.009721614237884202,-0.00853039181535295
-0.0043040127261388395,-0.008583163626400714
-0.011526053721078067,-0.00929736092256836
-0.00546744319483683,-0.007892501778953565
-0.0038449298384844455,-0.006638929302327096
-0.003946056137769771,-0.007494727318839961
0.0022749743613803552,-0.010195453993523895
-0.008752138764722361,-0.004705933036986132
-0.008400420132546271,-0.009604873868024139
-0.004992465912180888,-0.0034494053507441447
-0.005261578837335246,-0.009523148969859369
-0.011247135342551284,-0.011325006517542924
-0.009559836060373639,-0.0030476163497599185
-0.005136275293931236,-0.005942700801919665
-0.009332122626887762,-0.009719058859424812
-0.0020460570082508345,-0.011273413544479582
-0.005205971323401337,-0.007692845869810561
-0.0052322229682786325,-0.006684060059655994
-0.011957467112412024,-0.009723968963069624
-0.005729571615587847,-0.010830508327037108
-0.004629613974084179,-0.009903193647671449
-0.0028404270904935913,-0.0073467838894896165
-0.0117753772170896,-0.00995635348674162
-0.0011601270666365404,-0.01312841617731611
-0.009364702226852983,-0.008070562379488139
-0.005753360831684207,-0.004146007125256784
-0.005747674671994607,-0.008627518327684797
0.0001039221665950496,-0.0044531320426901555
-0.0032191881775091025,-0.006160206000093538
-0.00884472844751466,-0.009093958993847767
-0.010859046829080732,-0.005507033856256421
-0.0011885726190017931,-0.002996411404718985
-0.001975972950758409,-0.00876264207837843
-0.001967809608370563,-0.008620668083927946
-0.004347069082709154,-0.0054630819369119454
-0.002349421152189446,-0.005446008703925892
-0.006061261805162421,-0.006672926753735431
-0.004214004978856878,-0.007769138375661566
-0.010736862263773184,-0.005802264165641641
-0.0051243806858830565,-0.007509457629774369
-0.005353392464082729,-0.010010916423337707
-0.006613934691195367,-0.011700663380379145
-0.005482188259688436,-0.008821876105160609
-0.007403140902417449,-0.01046416413673873
-0.005263504223530113,-0.00845578568223812
-0.008082818458507779,-0.007422180832566516
-0.0028924080915793127,-0.00782344754488179
-0.005144797156507064,-0.004038940898905996
-0.008886247445912543,-0.004321485790281049
-0.005367749500911845,-0.0026276047856395868
-0.012262249107793777,-0.012367028476978209
-0.007898161381592217,-0.007704083928543243
-0.008396271331029048,-0.008278098355808727
-0.004572200580684638,-0.005549716938721527
-0.011076044492502879,-0.009018174022748487
-0.013755310119224928,-0.01221235431060036
-0.007026185694867404,-0.010825344456016434
-0.006400056005869681,-0.008362300436671688
-0.00770689307437844,-0.009364609277174613
-0.00406580778213067,-0.00936344519310739
-0.009209401018994035,-0.011130514479420567
-0.002768014864866608,-0.005235861284260623
-0.006646917073100167,-0.008266352762324292
-0.012236504997668096,-0.005680840902461709
-0.0035214029912977174,-0.008236728371974589
-0.007861179212733882,-0.0068628967162354115
-0.0022845009657176396,-0.008613549318878033
-3.1335844745128405e-05,-0.00571962895078551
-0.0039044176326424873,-0.006682493193649164
-0.007632421201910156,-0.0058633040718893414
-0.0048612224417113326,-0.005477304713094572
-0.0043649036178227685,-0.008821100049115793
-0.00898258314828232,-0.004533692856787702
-0.004692474513714573,-0.009390472894029528
-0.004645269355627091,-0.007684294499400335
-0.0038621373321169883,-0.012451977106051587
-0.011133457885902365,-0.00978293446855874
-0.002882961158394981,-0.011487172723075895
-0.00808346025390605,-0.012646215376798081
-0.004111983116797502,-0.012730910238495596
0.00023065831535939996,-0.011644294564317564
-0.006154747050728826,-0.006118701755612882
-0.00519847928424616,-0.005457903311974099
-0.010941040248538592,-0.005530315537601027
-0.0008113636440759131,-0.008942135284273317
-0.011205482083506857,-0.007926379723632582
-0.012671515394015898,-0.002778771945898567
-0.006118928965937798,-0.006863030976881929
-0.0036208429178468116,-0.011218059797921509
-0.007565948903348718,-0.00771894850012414
-0.010110329792835826,-0.008952612040878383
-0.00585124864614367,-0.008781923972769584
-0.006742088691402748,-0.01013233968651761
-0.005873485750150398,-0.00655551803142615
-0.007390858266346834,-0.011101680899032906
-0.0052861441094764205,-0.006526162162369509
-0.007397977031396774,-0.007763183694678877
-0.002898482279291348,-0.00810366426812234
-0.009649202012257219,-0.006880223716597328
-0.0036880765185358655,-0.012032741597976127
-0.006883301383725671,-0.0097507428966159
-0.007807123810889605,-0.0058516632312170525
-0.007125252347311373,-0.014721454157882563
-0.005886036907514047,-0.008660620216318998
-0.0021738082265186365,-0.006223186046453277
-0.005108605797610799,-0.007648610675255824
-0.002679171201651953,-0.006011620775344895
-0.004959752051569066,-0.010272134527397364
-0.004590437897737942,-0.009184474275881427
-0.0001236717601615367,-0.0072994592246727885
0.0006469238599021154,-0.00709398289519364
-0.012255533124683415,-0.007043554006197522
-0.006226517480957483,-0.0032077081545343056
-0.005887320498310644,-0.006575426967298376
-0.007509177305347503,-0.009083347976596157
-0.0034875250466187002,-0.005051726496014014
-0.004201334314763938,-0.006865732419121612
-0.006994262644217708,-0.00394700776542925
-0.0007942904110899152,-0.007747931095075572
-0.009550911415858176,-0.012442544926784427
-0.005471457735707508,-0.007292340459622876
-0.0017783766884567065,-0.01008346290961118
-0.008702485931771087,-0.008639412935732976
0.003844327878662568,-0.0093574905121247
-0.004890578310767946,-0.007767452002925418
-0.0053533777101654745,-0.0051996551714471595
-0.002878841864712156,-0.008957910172545575
-0.002282187551500392,-0.008589252568029948
-0.003673988002999784,-0.0063239243177161675
-0.006123973330229127,-0.002947012339143573
-0.008382048554846422,-0.008549285681721724
-0.0020972619532917958,-0.008243966643753847
-0.007686730371130324,-0.0068322572563822015
-0.0007165800537957123,-0.007983017060987224
-0.009194790214788973,-0.00925766255755317
-0.006972010786293781,-0.011069101299067657
-0.009627472443002327,-0.0011362301469445835
0.00042938915389384436,-0.0070934606065246875
-0.006712747576263389,-0.0072959669724711185
-0.009706093116987835,-0.010008200227180825
-0.00905978597082474,-0.008331258194878899
-0.0035230746101166943,-0.0010781602042296001
-0.008810089200708027,-0.004458564435003892
-0.0023245873587551813,-0.013615153807373742
-0.005248639651949161,-0.010042600460528767
-0.006211250127437007,-0.007046911997752675
0.0008271783679246192,-0.009560519166740056
-0.000623856110356924,-0.0029693837037968185
-0.009856096193179564,-0.006160459767469428
-0.003431260983369211,-0.008402252569062713
-0.004318220748404267,-0.011756524661688972
-0.0015823325382446907,-0.010507100986579698
-0.0045670219557468195,-0.012923850164528294
-0.00578826859978393,-0.010395109902666927
0.00019094519642703922,-0.007905679977798313
-0.009586221965897479,-0.00707859603494379
-0.0037431764977181037,-0.009241111613236097
-0.0060887970408363135,-0.008646651207512235
-0.011961854927387883,-0.0073402021670258555
-0.009221176120312924,-0.007056224670290545
-0.006113242806248198,-0.00847311268260001
-0.009488841686189797,-0.010946111169880895
-0.008482398798086932,-0.00872722677552698
-0.00264981533259534,-0.006484777424618199
-0.006373535839699296,-0.012737894742898964
-0.010082138007846408,-0.005932731580066353
-0.007334355189638708,-0.012050590887006968
-0.0036033669029211235,-0.006739787080319304
-0.0059791341250580166,-0.0064317666001117435
-0.002873409472398447,-0.005133451394178784
-0.0016014654180721566,-0.005337121844192438
-0.006237636032960847,-0.008019999229845504
-0.015023866674161668,-0.007469251730007426
-0.012380314379418556,-0.009881344571687128
-0.006828335665189922,-0.009531939353728258
-0.012533421679789547,-0.005175612187974937
-0.0017376337461036395,-0.009350252240345441
0.0016604855130549212,-0.007641879938228319
-0.006056202686953893,-0.007996986069793988
-0.011072940268323561,-0.011959553316304383
-0.001656296875961305,-0.010375842762192972
-0.010022664967605566,-0.011192852730382036
-0.003890194856459861,-0.00368216314852135
-0.007988676663625849,-0.005844036931415386
-0.010416812914870899,-0.004029881993744044
-0.002378642760599514,-0.010526368127053654
-0.0006519136346997967,-0.007964257455265022
-0.00321556166466086,-0.005781564419807372
-0.006836887035600148,-0.009990738966172363
-0.009974818014119757,-0.0060427972777842565
-0.006554730172247558,-0.004644773624009113
-0.009249755933324721,-0.007507397982932956
-0.00890175381289171,-0.01289862834307165
-0.0006741654926237239,-0.007064373258761136
-0.008018674328080788,-0.008536092728959777
-0.007430944659384431,-0.0041833920760546706
-0.006366954117235479,-0.00925508062204286
-0.004107058259235463,-0.010173978191644811
-0.0022558016459764962,-0.010354635481606977
-0.006695793850006626,-0.012946341035910885
-0.0036675257872653133,-0.005136555618358074
0.0041862410574663445,-0.01072369586806221
-0.005225880259273508,-0.007684428760046852
-0.004143652400071363,-0.008948731760654277
-0.0026533075847970378,-0.008896482238275494
-0.007702893287425017,-0.005288752602037733
-0.004196931745870824,-0.00930176349146139
-0.0027258540710705104,-0.005251904693825971
-0.010965351753303876,-0.005630800041487999
0.0015773280095298658,-0.004741497354401325
-0.007447495603701559,-0.005911404792750985
-0.004157099120209173,-0.004001958730047717
-0.008639386378682001,-0.008271262865969076
-0.007940307421471171,-0.00787129449836757
-0.0021858370952134165,-0.00927576561395993
-0.00603371181557133,-0.009963979786543287
-0.003320956272192699,-0.008311856793758371
-0.005122052517748554,-0.0077112026935931555
-0.002193343888285737,-0.00700475120395655
-0.010169429558971432,-0.009377145680621063
-0.0016725792989853439,-0.006331028328848881
-0.008604210089289244,-0.007601405517168314
-0.009659544508215767,-0.006041886961092896
0.0003255761662860901,-0.008913435964532174
-0.004251255669008247,-0.012801501830739831
-0.00797794613964492,-0.009936698318245257
-0.0060406963199747254,-0.007739513985311863
-0.004146502856874734,-0.011307679517181035
-0.0045703947012191715,-0.0038778192707109027
-0.00867469692872136,-0.010393811557953159
-0.010276361524675703,-0.00752821723549657
-0.008343394767169166,-0.008915629872020103
0.0002612977752125545,-0.01168165000728108
-0.0049318287878727385,-0.00778245083515286
-0.0046786250116371275,-0.005804592333776087
-0.007954798718946887,-0.009157834602981668
-0.012661963708019364,-0.010988137703030504
-0.009888302519039549,-0.005126078861752981
-0.005506231243160686,-0.008167539877256269
-0.0034210527480572073,-0.008441697166702011
-0.00882572982833374,-0.011576777688418222
-0.001973256754601471,-0.007569079684578955
-0.0066328138036468864,-0.010989689815120135
-0.013139642432915044,-0.008090098041255211
-0.0036297675623622183,-0.005549716938721527
-0.007139863151516379,-0.01103805905727484
-0.014645239847792701,-0.008854336198396512
-0.008470369929392207,-0.008856798627177503
-0.0031990107203437868,-0.011461428612950325
-0.007717369830983534,-0.009976262422613846
-0.0030998245611705277,-0.00951653773956121
-0.006892345534970423,-0.006508193366609322
-0.010773068376586648,-0.008120215212439441
-0.003662735190349875,-0.009439737698958395
-0.008124725484928041,-0.00955625085849357
-0.009029266017700877,-0.010767662541323858
-0.004497206419547428,-0.007145829635632817
-0.0005324305116319317,-0.004196824042275282
-0.008671324183249007,-0.008792132208081588
-0.006852259141932826,-0.00966242152207017
-0.009368328739701226,-0.007304503588964145
-0.010125074857687377,-0.004483129707145067
-0.004628315629370383,-0.006979797903792939
-0.0035427297786130296,-0.009775964718072572
0.00018448298069262403,-0.010686206164452178
-0.004979407220065457,-0.008343540830949459
-0.004353546052360768,-0.008536988291733938
-0.010230857493241596,-0.006093091906133802
-0.009325526150506747,-0.010748917689518855
-0.007336549097126666,-0.003790273952209988
-0.00902047563383196,-0.013608557330992782
-0.0057891789164752905,-0.01056373832393434
-0.0018977255508780821,-0.0051342274502236
-0.008063297550657933,-0.008120215212439441
-0.007824585071898038,-0.006480643377018203
-0.004087656858114963,-0.009257274529530762
-0.0008001108314260597,-0.011506171342256788
-0.008348812405565731,-0.008071592202908845
-0.0033944130751574764,-0.009553922690359096
-0.00383252769568454,-0.00955974311069524
-0.003775368069660945,-0.011858427017019085
-0.007851851786278896,-0.004470205275676209
0.0009533922280200446,-0.004860204421424402
-0.004333234334548908,-0.006308015168797365
-0.003147805775302881,-0.010812927559299301
-0.010811602657534558,-0.009799753934168903
-0.003082378054079349,-0.005216340376410805
-0.010004815678574697,-0.006426334207798007
-0.0027927143976543833,-0.009258184846222123
-0.0076163925462620075,-0.011811744147600556
-0.004015364139217381,-0.013721592992243403
-0.004563410196815776,-0.00810302247272407
-0.007922070104417922,-0.0068367793320046055
-0.00694458030343198,-0.0049088421848721975
-0.010811856424910449,-0.002477079420778905
-0.002450025162805791,-0.007326486925594955
-0.01090329677755264,-0.008883169778784172
-0.005921720731658586,-0.011082936047227876
-0.004984585845003331,-0.011728079109323719
-0.002835502232931608,-0.005931059961247348
-0.0007783812621710573,-0.008425534250407318
-0.009228802420114535,-0.006884103996821406
-0.006345493069273622,-0.009110241416871778
0.0019890567245330337,-0.0037831551871600755
-0.00614776254632543,-0.0028499005807289535
-0.0007610542618091687,-0.01012886218823314
-0.002576507544194251,-0.006737981200853782
-0.010153908438075121,-0.00983931803853752
-0.004396482902201737,-0.005988473354646834
-0.003182325515380169,-0.006810139659104847
-0.004057256411720445,-0.008431220410096918
-0.006183446370469969,-0.010335368341132994
-0.008125606293785004,-0.009251334602465272
-0.00860432959601859,-0.011305739377068968
-0.006016772843231766,-0.007149456148481059
-0.0008655385526495363,-0.008129274117601393
-0.004459313933997788,-0.008613817840171095
-0.007924278765823023,-0.010200617864544598
-0.007123819741951032,-0.010187424911782622
-0.0026268021725437962,-0.009696165206102614
-0.010943099895379949,-0.006786738471030923
-0.006873346915789502,-0.008762388311002539
-0.008973404736391022,-0.008841665534303517
-0.012973476440428622,-0.006359608141860679
-0.0029153017449015106,-0.011014911636576807
-0.004615256937254952,-0.008411819008976446
-0.008300323656681652,-0.0063369830098315705
-0.005823564395905978,-0.009279123605515055
-0.0056326988706318915,-0.006134984178636865
-0.0039540852195110165,-0.004536289546215266
-0.002500334545072591,-0.01073494868071212
-0.006849169671670763,-0.004185974011565008
-0.0063617754922976055,-0.008771700983540381
-0.003306479728634182,-0.012135151488057966
-0.0033204487374409175,-0.012736208370162816
-0.0038009631652227704,-0.009941339900596952
-0.007431989236722281,-0.007267789941398928
-0.005591716914820133,-0.0008532972275471506
-0.004863028321176854,-0.00919844328468819
-0.009044264849928318,-0.007887845442684643
-0.004723113973567783,-0.0012323120819385247
-0.006044054311529823,-0.00839293989652487
-0.008678577208945382,-0.007407704289007999
-0.007758888829381416,-0.007598823581658004
-0.010778500768900356,-0.011206941245918145
-0.007017783339020978,-0.013814033660471958
-0.010376204233164377,-0.007386616515151323
-0.002830860650579914,-0.005750283164555892
-0.008357617543351792,-0.00823232580308153
-0.007064600469086024,-0.009315598239621609
-0.0052617130979817905,-0.012050456626360423
-0.010866165594130617,-0.01116982481641332
-0.0034903607495049283,-0.011502171555303364
-0.007595424279134677,-0.010931888393698241
-0.004836120126984034,-0.005053278608103645
-0.002236534505502541,-0.003448883062075192
-0.0036173359117279147,-0.005370357993473157
-0.00410344650030442,-0.010160158197401792
-0.009553120077263333,-0.00782719356445935
-0.007380008235636559,-0.005682781042573748
-0.00470695105727309,-0.010221049089085776
-0.007933337670984975,-0.007932453911344589
-0.007111014817211547,-0.010444508968242339
-0.006188624995407843,-0.009970442002277702
-0.008328649702317614,-0.006987692724887695
-0.005751674458948031,-0.010773229194284167
-0.0063439262032667365,-0.010679982962176399
-0.007389962703572728,-0.010947797542617071
-0.005832250026962749,-0.002937431145312669
-0.008559855388005189,-0.012139285535657934
-0.00848757742302475,-0.008344958682392573
-0.005855904982412619,-0.008303200670536054
-0.006333971735330679,-0.0043059646693846265
0.0005245902800308233,-0.007940468239168663
-0.0036045457409055737,-0.004358214191763465
0.0019425081157610213,-0.010178380760537897
-0.006415816140224795,-0.00835789786777863
-0.007501043470794111,-0.007044837596994091
-0.005050789622271679,-0.009024248210460495
-0.004597795676246519,-0.009310941903352687
-0.008168155115603593,-0.00967651003760625
-0.007353488069466174,-0.004775509559726887
-0.006477258828412102,-0.00627567458229078
0.0032391517028750316,-0.012687973388654628
-0.006690629978986007,-0.005756237845538581
-0.007510207128768209,-0.01132229032138607
-0.004686131804709448,-0.006183875709460551
-0.00923462284045068,-0.011401955572709455
-0.009923090780409927,-0.005299363619289316
-0.008572406545368838,-0.008074054631689864
-0.005638787812261126,-0.010613137389509752
-0.008337693853562367,-0.011744242025618412
-0.0031617747841096167,-0.004996387503373112
-0.004777423142787951,-0.00847867933556029
-0.0056884406452124,-0.006383143590581175
-0.0057360338313222625,-0.0048955149714637325
-0.0017831525314550012,-0.007403167459468396
-0.0060400397706592,-0.003283881153655993
-0.0007306685693317938,-0.007552140712239447
-0.007935263057179842,-0.008315483306606614
-0.006652991260812258,-0.006928070670083081
-0.008658787779802501,-0.007703830161167352
-0.010273645328518821,-0.0053437183205733985
-0.010227365241039954,-0.00994548870211412
-0.006989606307948759,-0.006855658444456153
-0.005607357542445901,-0.006520341742033364
-0.0062879454152275915,-0.008485141551294734
-0.009878736079125816,-0.010343770696979476
-0.005753614599060097,-0.007657789087147121
-0.010760651479869543,-0.005969997024134893
-0.010826198707822421,-0.008693334076930764
0.0006224780944902863,-0.008879811787229047
-0.00461176468505331,-0.007161485017175756
-0.010093256559849773,-0.00673836922887619
-0.006914328871601205,-0.009780218272401858
-0.006852661923872461,-0.008167420370526923
-0.008602777483928958,-0.014802910534754271
-0.006318704381810147,-0.005115214077125507
0.0035721254832460914,-0.009226112781008655
-0.009082545363500394,-0.00634266916952117
-0.0052857560814540405,-0.0064382288158461864
-0.01329067533252748,-0.008902824947280563
-0.010508880308994217,-0.012048904514270792
-0.010089107758332605,-0.005158031420237158
-0.0018617879593576525,-0.00934870012825581
-0.001542111884560604,-0.0084310861494504
-0.0076507780256927505,-0.0037353229875915217
-0.003959890885929962,-0.0063631003940623765
-0.005490978643557354,-0.008952612040878383
-0.007358935215697082,-0.00611003087847331
-0.005733168620601692,-0.0072931312695848904
-0.005033208854533899,-0.007203765317701283
-0.0051388572294415735,-0.010372992305389572
-0.007786558325701853,-0.0151007227796498
-0.004244390671334253,-0.006563412852520878
-0.00795842523179513,-0.012216891140139935
-0.008109458131407565,-0.008359972268537241
-0.0051294250501743854,-0.005973355015690074
-0.007298910378952861,-0.008371478848562985
-0.0061053479851533865,-0.0070100640895409405
-0.0024483535439868143,-0.01064391111000948
-0.004937902975584774,-0.006268958599180474
-0.0013196965827419471,-0.009891821328292222
-0.008252222935820008,-0.011092890515164017
-0.005689858496655487,-0.008769119048030044
-0.0025036925366276885,-0.006455048281456349
-0.012735271496420508,-0.012736596398185224
-0.008498949742404005,-0.0041998087597252265
-0.00692753657828038,-0.007908276667225822
-0.005384807979980699,-0.008762776339024947
-0.006591817093917984,-0.008802474704040109
-0.00882689391240099,-0.005687556885571987
0.0013732695314938037,-0.004679039596710538
-0.0044081089889568825,-0.010357485938410349
-0.007064480962356734,-0.007141829848679393
-0.0037130298186994204,-0.010663312511130008
-0.011503428589048958,-0.008062279530371003
-0.0073543836322403355,-0.007213854046283913
-0.002693274471105289,-0.010005484031023942
-0.004011244845534612,-0.007268685504173089
-0.004831986079384065,-0.007985345229121699
-0.0078585972772236,-0.007624299170490512
-0.007865059492958015,-0.013183889430603557
-0.002594342079307921,-0.009173609491253953
-0.013308927403497928,-0.007048076081819926
-0.007170114583347154,-0.0068365108107115435
-0.0017922114366169528,-0.00866217232840863
-0.005851621920248906,-0.008731360823126949
-0.003380056038328305,-0.004019285730409633
-0.010841212293967117,-0.014417164943335364
-0.006131987658053173,-0.005087813102098132
-0.007880043571268258,-0.005388461049879889
-0.00854964715269313,-0.008849545601481046
-0.009094171450255428,-0.009352834175855779
-0.011759080040148362,-0.0078107621268715954
-0.010046842211724305,-0.010094715722261033
-0.004145592540183374,-0.006664792919182011
-0.01021003824067801,-0.005809517191338098
-0.006097721685351776,-0.01302134995096535
-0.006675123612006784,-0.004210793051082046
-0.005007987033077255,-0.008697602385177278
-0.009475006938029551,-0.00730126510413831
-0.0031118534298652523,-0.004056402159914457
-0.01053602751664573,-0.012570296145052257
-0.00724124321817754,-0.012553103405336885
-0.010408918093776198,-0.0075804667578753815
-0.012659367018591883,-0.006473927393907897
-0.0012943405006387576,-0.0019039605562876094
-0.007739233660885081,-0.008879946047875592
-0.006993859862278129,-0.005080828597694764
-0.010729355470700863,-0.003926173758948437
-0.0037590856466368505,-0.005523077265821769
-0.008104145245823091,-0.009007443498767531
-0.010692388055759727,-0.008266979803805335
-0.007166368563769565,-0.01136367505913738
-0.006724881197770205,-0.005735418592974995
-0.013013040544797239,-0.004974016138719867
-0.006372252248902699,-0.005133331887449438
-0.002147690842287886,-0.0064841356292199
-0.003138105074742603,-0.000994763687245881
-0.010253228857894814,-0.006378621514958771
-0.008078550150261266,-0.003916219291012296
-0.0048363886482771234,-0.006325595936535117
-0.005665158963867822,-0.007783480658573538
-0.001322800806921265,-0.009153700555381727
-0.00200234410236505,-0.00870006481395827
-0.003370623859061117,-0.008499886616146313
-0.008680383088410959,-0.0045492139776841245
-0.0001688025174904073,-0.005720031732725117
-0.011905590864138393,-0.00732596463692603
0.0023879952687138606,-0.0021444936684301974
0.0002031083257682531,-0.008573716693216354
-0.007897504832276692,-0.006271286767314949
-0.00552499084888286,-0.00963861755205661
0.0018098172860139816,-0.010565290436024
-0.0025921481718199635,-0.00801289521871279
-0.009741657434402973,-0.008095381419005204
-0.008794568079811604,-0.008772223272209334
-0.014726576717935091,-0.006110418906495718
-0.00641829332292293,-0.011448369920834894
-0.007282881723304713,-0.006839749295537323
-0.004466417945130474,-0.00827423282950182
-0.008314292665488388,-0.005522047442401062
-0.006862735898537919,-0.006567293132744956
-0.005560674673027344,-0.010004573714332582
-0.011680593626809399,-0.010464552164761137
-0.0009369209548558133,-0.0051426298060700815
-0.00563102725181297,-0.008229743867571221
-0.006383639322199153,-0.006429050403954861
-0.00373178942442165,-0.012198012027688387
-0.0054185664179303705,-0.008718033609718456
-0.009950894537376909,-0.008946269331873286
-0.0074349592002550535,-0.007232867419382033
-0.0052716675659179035,-0.007135233372298433
-0.0022879932179193374,-0.005790623324969324
-0.003993649323879633,-0.01005371901253213
-0.004458135096013338,-0.008850067890149999
-0.001664325957702606,-0.009004205013941724
-0.004378887380546759,-0.00934961044494717
-0.006742103445320002,-0.003723667393002006
-0.000547041315836938,-0.007772884395239155
-0.003541565694545834,-0.01004595845208392
-0.010626691813243161,-0.008680931934130831
-0.0077238468006352035,-0.008648203319601838
-0.005758912730727317,-0.007589257141744271
-0.0012402998527116238,-0.007677832283665892
-0.00527204084002314,-0.00843677230914
-0.004368664391317556,-0.010184066920227497
-0.00015638562077324725,-0.007460207578762701
-0.003961831026041973,-0.008298156306244697
-0.01030364299297376,-0.011479665930003574
-0.006391787910669744,-0.007361021419589442
-0.009521704561365307,-0.008563374197257806
-0.006548894997994215,-0.008848650038706884
-0.005839473544824836,-0.010457045371688817
-0.0028368005776453487,-0.009230634856631031
-0.014629211192144553,-0.003212095969510137
-0.00446876086718212,-0.011324230461498108
-0.0046741029360147235,-0.008520452101334036
-0.008569421827918866,-0.009443871746558391
-0.006316644734968735,-0.00997987418154489
-0.007189127956445218,-0.01163911593937969
-0.006728522464535647,-0.007740558562649769
-0.006853691747293111,-0.006850479819518279
0.0009430349781442415,-0.010870340952698787
-0.008319590797155663,-0.009985948369256925
-0.00675089382918892,-0.008437936393207224
-0.008739602361275967,-0.008327900203323718
-0.0033976368060660844,-0.007574124048870284
-0.00680700887787461,-0.005023668971671141
-0.0012434040768909416,-0.011604969473407611
-0.005968403601077088,-0.005496183825546147
-0.005849174245385114,-0.008658933843582794
-0.003705791546920134,-0.009892343616961174
-0.012298186699314095,-0.01024033098347693
-0.0007231765301767279,-0.014093354820938347
-0.007119954215644153,-0.005429577266338165
-0.007984020327357011,-0.008806623505557276
-0.006443380883733085,-0.009867897851549318
-0.004413019092601667,-0.011014269841178509
-0.00632337547199624,-0.00880274322533317
-0.00915185336494806,-0.00509633496467396
-0.010149237347888918,-0.008255353717050246
-0.008866323756123062,-0.005664155697498091
-0.005603223494845988,-0.006745995528677856
-0.004641001047380577,-0.005285140843106689
-0.005144274867838083,-0.008158241958635626
-0.010608574002919202,-0.008624548364152052
-0.002721973790846377,-0.010615853585666635
-0.008876546745352265,-0.005634023772396635
-0.0037323117130906303,-0.010759125924830859
0.0006558337505003231,-0.013611019759773774
-0.006162373350530492,-0.012627321510429307
-0.0024761573009537963,-0.008750881730976767
-0.004122310858838796,-0.011940674203852808
-0.005424372084349316,-0.009998111498598139
0.0028302586907580363,-0.013249973701142587
-0.011282565399319933,-0.013337907047665937
-0.0008717470010081718,-0.0074314935051043585
-0.0014975034159006584,-0.004860995231386417
-0.010042961931500227,-0.00464360953994189
-0.009677259536600091,-0.006749234013503691
-0.011025093314837864,-0.013187262176075909
-0.0025131394698120757,-0.012029771634443381
-0.010311149786046081,-0.0066998349479282515
-0.006616009091953923,-0.011950628671788949
-0.003267423159017291,-0.007476236234410821
-0.007992303176474147,-0.005070874129758651
-0.007101582637944359,-0.00859958031007127
-0.0010225261332447166,-0.007404853832204572
-0.005787373037009713,-0.006213485345893055
-0.004925754600160703,-0.0028927031699233774
-0.000145013301394048,-0.009742206280122873
-0.006907224860468519,-0.004647877848188375
-0.0027131981608947142,-0.006886820192978288
-0.0054347293342250635,-0.00841428143775741
-0.00831105418066258,-0.007033465277614864
-0.008004973840567087,-0.007712232517013834
-0.008797403782697832,-0.013381366186175858
-0.005808699824325081,-0.00792430532287397
-0.004912815414774674,-0.011242237042040248
-0.005338378877938088,-0.013058720147846065
-0.009614936039555821,-0.0011928674842992537
-0.009521943574823999,-0.007976942873275217
-0.004968154407415548,-0.006461376236544247
-0.004931306499203758,-0.010308728668233236
-0.010906789029754393,-0.014105905978301997
-0.007651554081737566,-0.008964506648926562
-0.010871463725797836,-0.0071521723446379415
-0.0034675866029120206,-0.009579264018545086
-0.006030727098121358,-0.0052829469356187875
-0.00041190281122610584,-0.007540499871567158
-0.0023375265441413218,-0.010014020647516969
-0.0034156203557434983,-0.013969483882894596
-0.007833494962496301,-0.006552548067893377
-0.006201041892125003,-0.00455348228593061
-0.006556521297795825,-0.004936243159899573
-0.007698102690509634,-0.010029407507766819
-0.0002935837722254919,-0.009982470870972399
-0.012202895574282224,-0.007181259692401493
-0.008099757430847287,-0.004196704535545964
-0.0014191365092910413,-0.01047167092981105
-0.008870845831745466,-0.00909136230442023
-0.007032662664519074,-0.01020463240541522
-0.0059248249558378485,-0.00872980871103729
0.000111951248336295,-0.009089422164308164
-0.005473129354526429,-0.005118586822597859
-0.0016578489880509362,-0.012781339127491687
-0.005542840137913729,-0.01015393499512604
-0.01239905923122353,-0.009212278032848437
-0.0038488101187085233,-0.006009038839834585
-0.010709968823497562,-0.013233676524201377
-0.007041975337056916,-0.0048909928958413285
-0.0028338306141125758,-0.007820462827431818
-0.005195494566796244,-0.004246357368497239
-0.006728776231911537,-0.003256465424711419
-0.003618246228419275,-0.010303296275919499
-0.0036834201822669166,-0.007007735921406466
-0.010164131427304268,-0.015115199323208317
-0.005912542319767233,-0.01198502890513689
-0.008332127200602057,-0.011981014364266268
-0.0059999533776216585,-0.00700631806996338
-0.004339830810929868,-0.008760836198912908
-0.00885107115651973,-0.008519153756620268
-0.004450374535565127,-0.006726862648850446
-0.0061372857897203925,-0.002881838385295876
-0.006192251508256086,-0.010631882241314783
-0.003809768303008887,-0.006519565685988549
-0.00816040930907258,-0.011167108620256466
-0.006872570859744687,-0.01089310034537444
-0.005395284736585737,-0.007565333665001395
-0.0030981529423516063,-0.011660830754717438
-0.0007817392537262102,-0.00701483993253918
-0.0019182910360658334,-0.009988157030662054
-0.008000197997568848,-0.00984151194602545
-0.011104624305514676,-0.0075540808523515135
-0.0012912362764594953,-0.009676763804982141
-0.005456056121540431,-0.012840692661003211
-0.004631942142218626,-0.007959989147018509
-0.008614164557225357,-0.01028946152775928
-0.007947545693250402,-0.005668035977722169
-0.0032150541299090785,-0.0012729060097278477
-0.007747636016731507,-0.01358800659972223
-0.0108403167311929,-0.009386324092512388
-0.004749365618445134,-0.009914058432298922
-0.008181482329012058,-0.005953953614569546
-0.010055378828217332,-0.008831054517051906
-0.006592742164526544,-0.008486947430760228
-0.01447443227295453,-0.009249782490375641
-0.005878007825772746,-0.008322602071656526
-0.0064378142307728314,-0.009140000067867998
-0.0053807934391100765,-0.011176287032147736
-0.0037351474159768028,-0.006066720754527133
-0.003012144982023124,-0.006381725739138061
-0.00445595594244258,-0.008488887570872294
-0.0006786875682460725,-0.0021508216235180955
-0.01231087211732429,-0.007891725722908749
-0.00841179245192547,-0.006357279973726232
0.0008474753318192807,-0.009445438612565249
-0.0015046074270333998,-0.005976578746598682
-0.004294565792954452,-0.006842853519716613
-0.010213142464857272,-0.0068172436702375605
-0.00610922826537752,-0.010384379378685998
-0.012578015394532294,-0.009891687067645677
-0.002881692321515583,-0.012368446328421323
-0.007867641428468408,-0.00908037801306344
-0.005956762760404799,-0.007041345344792421
-0.002590461799083843,-0.013023290091077416
-0.0026362343518109843,-0.007912410714825818
-0.00046389856622908177,-0.012415770993238123
-0.0022914854701209797,-0.008820965788469248
-0.00778849846581392,-0.01451065018890177
-0.007905011625349012,-0.008960760629349002
-0.012194746985811633,-0.008735882898749325
-0.005525498383634586,-0.007207899365301251
-0.004571678292015713,-0.004654086296546928
-0.006717389158615084,-0.007763183694678877
-0.0028903484447379557,-0.008363330260092366
-0.0026685749383175694,-0.007204033838994345
-0.007028006328250125,-0.006195770317508731
-0.009162464382199642,-0.006662852779069972
-0.006220055265223068,-0.011116425963884485
-0.007825226867296309,-0.008541898395378722
-0.009678035592644962,-0.003535518063884746
-0.0018107025210460925,-0.005222936852791765
-0.013529536825851118,-0.005606220015429653
-0.004706175001228274,-0.005634934089087995
-0.00422886955043783,-0.009133523098216384
-0.008248864944264911,-0.0077391259572894555
-0.0029455531767323406,-0.012516375003854469
-0.007006918554393504,-0.00751477051535876
-0.003024576632657372,-0.010163381928310428
-0.0011032359619059795,-0.008865842778422284
-0.011083028996906275,-0.008576955178042162
-0.011655625572728645,-0.00669855135713171
-0.010603275871251983,-0.004526200817632581
-0.008075057898059568,-0.008625578187572758
-0.0005650248655143519,-0.008641755857784622
-0.010119254437351233,-0.006740055601612366
-0.0008400629638170565,-0.005884884626580544
-0.007282866969387569,-0.007541275927611946
-0.008251834907797573,-0.006254482055621957
-0.006966578393980072,-0.010943141206348123
-0.004522547747733363,-0.007684563020693397
-0.006809725074031436,-0.008566224654061233
-0.007985826206822477,-0.007148933859812107
-0.005663218823755756,-0.006636198352253014
-0.007444271872792896,-0.006418693154079141
-0.008570332144610227,-0.007828103881150683
-0.0033956966659540733,-0.010404930109956523
-0.007160413882786876,-0.00589252568029941
-0.00751175924085784,-0.009678584438364862
-0.0008619267937185482,-0.010143592499167492
-0.008730155428091524,-0.00929918155595108
-0.002334034291939624,-0.008899586462454756
-0.004876743562607699,-0.006611125545360086
-0.005419596241351077,-0.004495934631884607
-0.0024092969743699233,-0.004025359918121668
-0.006289751294693113,-0.00996797957349671
-0.006631798734143379,-0.006512073646833427
-0.003365325727393953,-0.010174366219667219
-0.004619659506148066,-0.00827021828863117
-0.009085903355055547,-0.009767293840933
-0.009059397942802305,-0.010601750316213326
-0.007293358479909806,-0.008205686130181772
-0.007956873119705443,-0.004467489079519327
-0.003981754715831454,-0.007161096989153348
-0.008105965879205812,-0.006350683497345244
-0.006942401149861277,-0.008951970245480112
-0.004124385259597352,-0.009454348503163457
-0.005357780279058533,-0.006914235921922862
-0.001920753464846825,-0.007635940011162828
-0.004814285804916885,-0.006909445325007424
-0.011069194248746028,-0.010644552905407778
-0.010777336684833161,-0.006614095508892859
-0.0009534718991728863,-0.010012856563449718
-0.0026242202370335144,-0.00596105762570226
-0.006311615124594605,-0.009995917591110237
-0.00537382368862388,-0.007649909019969592
-0.004929351605174548,-0.005737746761109441
-0.007297104499487395,-0.006856180733125106
-0.009579491228869974,-0.008114917080772222
-0.0032112933564143464,-0.01031674299605731
-0.00391529717118716,-0.006845569715873467
-0.0058335188638421465,-0.008936837152606097
-0.010590485700429642,-0.011704155632580815
-0.003899641789644248,-0.011086935834181327
-0.010049170379858807,-0.008463546242686304
-0.006584339808680062,-0.008878513442515279
-0.0047511714979106,-0.008181508886063033
-0.004459299180080534,-0.009168953154985032
-0.013558743680343988,-0.007929737715187707
-0.0019126048763761783,-0.006755442461862243
-0.009728718249016943,-0.011165048973415054
-0.007855224531751248,-0.009682330457942395
-0.007125491360770009,-0.007861967071912529
-0.00408391083853743,-0.013642315768942453
-0.005913840664481029,-0.006735518772072763
-0.010183010539755843,-0.005559417639281777
-0.007470389257023757,-0.003774230542644641
-0.008199331618042927,-0.00782564145236972
-0.006497302024930873,-0.009595307428110433
-0.007711937438669825,-0.0129083290436319
-0.004296371672419974,-0.007708620758082818
-0.011581153700260305,-0.009064349357415263
-0.0025132589765414215,-0.004701798989386191
-0.003088840269813764,-0.010230107994247756
-0.009713077621391175,-0.0038717303290816962
-0.003151178520775233,-0.006404350871167169
-0.008785643435296198,-0.01103456680507317
6.356725226436266e-05,-0.0064771511248165325
-0.00894624277482231,-0.010441016716040669
-0.008363437963687936,-0.006415215655794643
-0.004507026626836996,-0.003933800058750103
-0.00546123474647825,-0.007173767653246371
-0.0012986383167196691,-0.010268119986526714
-0.006416472689540265,-0.004480040236882976
-0.009152629420992875,-0.009897387981252503
-0.013948638073280062,-0.0076703402445107705
-0.005258220845780148,-0.00974259430814528
-0.0071490415634076765,-0.010074792032471608
-0.005629087111700848,-0.005945924532828273
-0.0035362675628786144,-0.005484931012896238
-0.0037749800416385093,-0.01029450589205061
-0.003659123431418887,-0.00833566076377193
-0.009888422025768895,-0.007558095393222136
-0.011601316403508422,-0.006271286767314949
-0.0013705134997604729,-0.010169202348646572
-0.0051296640636330215,-0.008545927690166544
-0.0015827205662671817,-0.009603829290686261
-0.010769307603091915,-0.004575853650583855
-0.009061979878312643,-0.0073792587366427465
-0.006438844054193482,-0.013127908642564357
-0.006428382051505643,-0.006227961889451572
-0.007279777499125506,-0.004887500643639658
-0.008849250523137064,-0.007844908592843675
-0.011180916811365738,-0.010195707760899786
-0.009801264735290416,-0.007690114919736479
-0.005362048587305046,-0.009120464406100981
-0.00311534568206695,-0.004903021764536053
-0.004737993299065935,-0.009884568302595764
-0.005252907960195674,-0.00744597004866282
-0.004614480881210137,-0.005465395351129221
-0.002831905227917819,-0.012046576346136345
-0.009784848051619832,-0.006492791752442245
-0.004437450104096241,-0.011507335426324011
-0.00878913568749784,-0.007497309254350298
-0.006606830680062625,-0.007486966758391778
-0.003981486194538364,-0.010664864623219611
-0.013399174164238525,-0.006080033214018399
-0.0005553241649541296,-0.006788156322474009
0.00020751089466131134,-0.009189772407548646
-0.0020883373087763335,-0.005924343978137042
-0.00687579459065335,-0.007114802147757254
-0.011796330730299731,-0.007171051457089489
-0.004999196649208393,-0.010917665617515615
-0.006930626048542443,-0.010319205424838301
-0.010001711454395379,-0.009226635069677608
-0.005253042220842219,-0.01134582577010651
-0.00995179010015107,-0.008726435965564966
-0.007144907515807708,-0.010029019479744411
-0.0037347593879544227,-0.005091678628405039
-0.0020994558607796976,-0.003525817363324496
-0.0048599093430803375,-0.008140004641582349
-0.002412908733300967,-0.006179085112545085
-0.00413342941084216,-0.005527599341444145
-0.010498015524366744,-0.0073204127378829476
5.413507299723008e-05,-0.008589237814112721
-0.01050061221379428,-0.008384149512656008
-0.010100882859651439,-0.0038482096342784267
-0.009080202441448693,-0.011044909301031691
-0.0034475729142277034,-0.008723466002032193
-0.008095742889976665,-0.007849042640443643
-0.0051375588847277776,-0.008929330359533777
-0.0044678505504907595,-0.008338376959928812
-0.0056932164882106395,-0.00917529586399013
-0.0010592545347271054,-0.008934374723825106
-0.007350264338557566,-0.009175430124636674
-0.005542959644643075,-0.007369931310187677
-0.002474456174300421,-0.010239540173514916
-0.008427179312175348,-0.008056593370681403
-0.007082449758116893,-0.012590995890886525
-0.012397521873051098,-0.009839959833935819
-0.00975768609005112,-0.009848764971721907
-0.006897001871239317,-0.00864769578485014
-0.007190814329181394,-0.01041127281896162
-0.007836733447322108,-0.004331962546886087
-0.009691094284760338,-0.006967649528368897
-0.006603069906567893,-0.006109001055052632
-0.006565445942311288,-0.0074920111226831065
-0.005211269455068501,-0.010894906224839962
-0.00783273366036863,-0.008337078615215043
-0.008400017350606637,-0.008897780582989234
0.0005313062631411292,-0.01177373215532157
-0.0005581598678403021,-0.012557894002252323
-0.004094119073849378,-0.003805138523790913
-0.006440142398907223,-0.008255876005719198
-0.00961804026373514,-0.014178064436553062
-0.006359059296140779,-0.005612696985081295
-0.006130435545963542,-0.009683494542009646
-0.006702644093763532,-0.00639556048729828
-0.009478767711524339,-0.00822328165183675
-0.003096093295510194,-0.00866347067312237
-0.010900177799456179,-0.009692031158502645
-0.006054143040112481,-0.010202826525949699
-0.007395783123908872,-0.010539292558522512
-0.00885689157685593,-0.010628658510406147
-0.005710558242489783,-0.007550588600149816
-0.006459543800027778,-0.010477998884898948
0.002041440507558334,-0.00785732548956078
-0.006421785575124683,-0.006768366893331101
-0.0017340219871726514,-0.00565420122956195
-0.004709398732136882,-0.008605400730407414
-0.00856775020909989,-0.008884721890873831
-0.008356946240119123,-0.009117494442568236
-0.003967143911626392,-0.0067469058453692166
-0.005767449347220288,-0.004368690948368503
-0.004234301942751539,-0.01004712253615117
-0.0065190168402686766,-0.009593098766705305
-0.0007564126794574189,-0.010835552691328437
-0.014988182850017129,-0.00507500817735862
-0.003033755044548725,-0.009281198006273667
-0.0014081374640170785,-0.007990523854059545
-0.005635415066788774,-0.011942733850694193
-0.003453647101939683,-0.008898959420973657
-0.005202091043177204,-0.011314529760937858
-0.006550835138106226,-0.006444437264204739
-0.010023172502357292,-0.007078073746274838
-0.010232394851414028,-0.00689211832464548
-0.005554615239232508,-0.0006928026408331567
-0.009747224087363282,-0.009907073927895554
-0.005828101225445637,-0.008296216166132658
-0.0046372550278030444,-0.01165192086411923
-0.010563189478214441,-0.005356135217290531
-7.024339979844196e-06,-0.010814599178118306
-0.008974688327187563,-0.0051800147568679955
-0.009472171235143378,-0.005395191786907394
-0.0053496316905879415,-0.001137259970365262
-0.003972576303940156,-0.010621942527295841
-0.002304678422883011,-0.008453457514103646
-0.006163029899846018,-0.007925857434963629
-0.0059924613384664815,-0.008844889265212152
-0.0030504254955951438,-0.005703600295137362
-0.009004178456890721,-0.014186078764377136
-0.005435117362247444,-0.008146466857316792
-0.0015978389052239694,-0.01053968058654492
-0.005391284949632313,-0.008387507504211134
-0.01616597035554429,-0.006665568975226854
-0.0017153966420969669,-0.00498112014985258
-0.007764440728424471,-0.005209102104631547
-0.012700095207027695,-0.0037351739730277778
-0.002858530146900351,-0.005261217366363813
-0.004604018878522298,-0.005814278280419138
-0.006491869632617164,-0.008045609079324584
-0.008133247347503869,-0.007608643788947572
-0.008702754453064176,-0.00809642599634311
-0.014459030658787508,-0.009926863357038462
-0.004956647827389804,-0.005974638606486615
-0.0030700806640915346,-0.009498449437071649
-0.0068004124014936496,-0.010723561607415666
-0.005609297682557968,-0.008073666603667456
-0.003950592967309319,-0.010636284810207813
-0.006288452949979317,-0.00872540614214426
-0.003160998728064801,-0.00681698990286167
-0.00948561795528119,-0.009213307856269087
-0.008245492198792503,-0.011129230888623998
-0.002509124928941453,-0.006246199206504821
-0.009179657121914986,-0.006625990116941011
-0.005966597721611622,-0.007813224555652587
-0.010558667402592037,-0.007407570028361454
-0.0015025477801919873,-0.007631791209645633
-0.009919344760832338,-0.00784504285349022
-0.0077922592393087076,-0.010017781421011729
-0.012055862461623212,-0.008733554730614879
-0.0030510820449106135,-0.009346894248790288
-0.005424894373018296,-0.0057945036051934296
-0.0038989999942459774,-0.008057235166079674
-0.005145707473198424,-0.009926609589662572
-0.004592766065872389,-0.003457031650545811
-0.006201832702086962,-0.011786790847436973
-0.007978587935043246,-0.012050710393736314
-0.0034805257882981055,-0.004645295912678066
-0.008835818556916397,-0.005231085441262384
-0.011047076651468701,-0.013344115496024489
-0.007443093034808446,-0.006901953285852275
-0.002684349826589827,-0.0063124029837731965
-0.012002329348447804,-0.009336029464162815
-0.009527763995160143,-0.007689741645631271
-0.0060360399837057765,-0.008596490839809207
-0.005883708739379601,-0.01478170325416825
-0.0042170944491189966,-0.005954849177343707
-0.006852259141932826,-0.004303905022543242
-0.007992168915827602,-0.00530169178742379
-0.001413196582225551,-0.007160320933108533
-0.011004662090296602,-0.009369907408841804
-0.003533819888014822,-0.009535819633952364
-0.003137597539990822,-0.012541462564664568
-0.00459404965666893,-0.005238846001710568
-0.014006170973408893,-0.010713607139479553
0.0030804777495436753,-0.009509702249721558
-0.0062078921358817984,-0.008176076493749296
-0.0039170882967354825,-0.006437840787823779
-0.009538494519141072,-0.00942473886673098
-0.004595989796781053,-0.010082821114212881
-0.010136193409690797,-0.007116354259846858
-0.0012462397797771696,-0.010402348174446185
-0.006340060676959858,-0.0077422301814687455
-0.007595692800427767,-0.009470123391435714
-0.005213209595180568,-0.007968660024158053
-0.004451941401572013,-0.0027468341413316166
-0.01001347180179707,-0.010601242781461573
-0.00864338616563548,-0.004882590539994847
-0.007884968428830297,-0.008832606629141537
-0.009757312815945884,-0.006592902982224036
-0.0027359427996531682,-0.005854633194749798
-0.011674758452556055,-0.00815345136172016
-0.005545034045401631,-0.006211664712510334
-0.0033494018245579515,-0.008643935011355353
-0.005425924196438947,-0.01067299845777303
-0.005148035641332871,-0.0069446216144001816
-0.008704694593176188,-0.006484911685264716
-0.0002677201553705766,-0.008073786110396775
-0.010474733843022166,-0.015000104015116283
-0.003824901395882818,-0.007316398197012297
-0.008049985091166667,-0.007021048380897732
-0.0022660098812885,-0.007124876122422685
-0.010530863645625055,-0.006739667573589958
-0.004592243777203464,-0.010184842976272312
-0.010023560530379672,-0.005477170452448055
-0.0024138190499923273,-0.010932410682367194
-0.0073955146026157825,-0.011947270680233768
-0.0073308629374370105,-0.008293499969975776
-0.007172442751481656,-0.0070884162422333585
-0.006956892447336993,-0.005891242089502868
0.002239678565258252,-0.00958444264348296
-0.005428013351114758,-0.007053374213487118
-0.0015109501360385247,-0.01333881736435727
-0.005622878663342323,-0.01014075679628132
-0.0013890045841896126,-0.010918322166831113
-0.0068962405691117,-0.008975371433554036
-0.00488889193803177,-0.008773118834983468
-0.0063119883986998415,-0.007683010908603766
-0.01307718467522423,-0.0018628443398293337
-0.005805595600145819,-0.006941397883491546
-0.006412980437338567,-0.007086222334745429
-0.009582610206966491,-0.009418022883620675
0.0012986486444617196,-0.0063861135541138925
-0.010236528899013997,-0.004290324041758886
-0.0038715695113841764,-0.011445265696655632
-0.005904916019965567,-0.0068608223154768
-0.011427270343844442,-0.009110375677518295
-0.0008625685891168189,-0.00921912827660526
-0.008475936582352461,-0.006810139659104847
-0.0064232034265677695,-0.00823325087369009
-0.005971507825256406,-0.007177125644801496
-0.0031969510735023743,-0.009624006747851577
-0.013291331881843005,-0.007103549335107345
-0.0060734101805864915,-0.007344067693332734
-0.005354929822255161,-0.008016118949621426
-0.004745873366243436,-0.009136627322395674
-0.00017978680884722653,-0.005717688810673444
-0.015289099319091948,-0.0031919332662620203
-0.007321027976230243,-0.00983957180591341
-0.004447016544009974,-0.009238141649703352
-0.003795545526826205,-0.010756797756696412
-0.0066298438401141135,-0.010083074881588772
-0.005871426103308985,-0.010531666258720845
-0.005522782187477759,-0.009131329190728482
-0.002981251754794023,-0.010870206692052242
-0.008649594613994005,-0.0057453730609111076
-0.010024321832507344,-0.00833810843863575
-0.005736809887367078,-0.008393984473862776
-0.002888542565272434,-0.011251818235871153
0.0013205124743632668,-0.009083989771994427
-0.005767837375242724,-0.008143631154430564
-0.01358706972597995,-0.011921019035356445
-0.006778682832238647,-0.005063367336686331
-0.004722979712921238,-0.007978614492094194
-0.00394593663104037,-0.01221986110367268
-0.0014169278478859404,-0.009933579340148768
-0.006036428011728157,-0.00496482297291137
-0.004410825185113709,-0.002491048429585696
-0.003739669491599207,-0.006828242715511579
-0.006603472688507472,-0.012907552987587084
-0.00903999654168186,-0.010968094506511705
-0.009067546531272896,-0.004583345689738977
-0.0024956782088036422,-0.008386597187519773
-0.007307715516738977,-0.01158997064118017
-0.0031591928485992793,-0.009917431177771274
-0.010947248696897172,-0.009516940521500816
-0.0025911183483993128,-0.011291382340239797
-0.003023293041860886,-0.007213973553013259
-0.007837494749449725,-0.007452312757667945
-0.010684344220101283,-0.011548585903428832
-0.005281099745185092,-0.009540087942198877
-0.0031031973066428797,-0.009805052065836123
-0.007965275475551925,-0.006042528756491167
-0.010183786595800659,-0.009717252979959318
-0.003829169704129387,-0.014547766618406593
-0.004347591371378079,-0.011245997815535008
-0.007811257858489573,-0.009017785994726052
-0.004914755554886685,-0.012102706148739262
-0.008637700005945825,-0.006046543297361817
-0.002780685528959659,-0.00872321223465633
-0.008104010985176546,-0.007144799812212166
-0.003830707062301819,-0.008993220722584877
-0.003545192207394021,-0.009424992634106816
-0.00557450942118759,-0.009135463238328423
9.448998732786151e-05,-0.01112793254391023
-0.011332606260293643,-0.008479321130958561
-0.006116720304532641,-0.009719312626800702
-0.004409646347129259,-0.01402727055039929
-0.002842232969959113,-0.008699676785935834
-0.006882271560304909,-0.008300111200273935
-0.002074622067345433,-0.0075101141790898385
-0.007345861769664508,-0.008622608224040013
-0.0048794450048473825,-0.015266754511489677
-0.009614145229593807,-0.010650373325743923
-0.005306441073371082,-0.01275366963117125
-0.006691137513737733,-0.00430171111505534
-0.004463582242244302,-0.007009019512203035
-0.0019034117105676818,-0.004950212168706308
-0.0025441669576877213,-0.0069689331191654935
-0.011596794327886073,-0.009347401783542042
-0.0025172735174120997,-0.012667407903466904
-0.00585718857320916,-0.007663997535505673
-0.004552679672834847,-0.008935419301163011
-0.004513876870593847,-0.011758852829823446
-0.005333991062962173,-0.0030183947413498224
-0.007466255209423733,-0.005771087663202307
-0.002714855025796492,-0.008053101118479733
-0.007947291925874567,-0.008461994130596673
-0.008043120093492617,-0.008756314123290532
-0.007831301055008344,-0.007760333237875505
-0.0036812262747790148,-0.007598957842304549
-0.011918783816900314,-0.005633904265667289
-0.0021123802922485835,-0.009079213928996188
-0.007200112247802093,-0.008495230279877364
-0.0033485210157009893,-0.012154164861156058
-0.005526662467701837,-0.013737487387245034
-0.0035061356377771857,-0.01640187368846896
-0.004621077357591097,-0.00880895167369175
-0.010118612641952962,-0.009999409843311935
-0.0040162744559087415,-0.011597462680335291
-0.006444530213883082,-0.0028237831964981197
-0.002371792516842719,-0.008225997847993632
-0.0022940821595485716,-0.012120809205145994
-0.004871042649000901,-0.009447886287429014
-0.010770605947805656,-0.013522444617852153
-0.009650485603053816,-0.00781594075180947
-0.0037844122209056974,-0.011935898360854541
-0.007509819100745774,-0.010919740018274227
0.002585457270368907,-0.008567776766150836
-0.006607472475460896,-0.011909109673391038
-0.007169472787948883,-0.006176891205057183
-0.006047278042438431,-0.004403479209738881
-0.01054960849743014,-0.00752447121591901
-0.010609081537670983,-0.006388829750270775
0.0008138511545161542,-0.008013656520840434
-0.004724009536341944,-0.0081662562864597
-0.004734098264924547,-0.007897411882598349
-0.008045702029002955,-0.008432384494164169
-0.006921447636651201,-0.011726258475940998
-0.0049840635563343505,-0.012006743720474639
1.4975225959834582e-06,-0.008712481710675402
-0.003095436746194724,-0.010709219324503694
-0.012837039591104049,-0.007044330062242338
-0.004174828902510697,-0.011843428184791616
-0.006422681137898789,-0.011174615413328787
-0.0015868546138670947,-0.007031644644232143
-0.007415289277841464,-0.010943783001746421
-0.007390335977677964,-0.008016118949621426
-0.01383224442047426,-0.007148157803767291
-0.005525901165574221,-0.003636763869899362
-0.006406652482250641,-0.008477380990846523
-0.0009969310376828355,-0.0044398048292816905
-0.012481948213455551,-0.00901623388263642
-0.00919632757296146,-0.007675638376177962
-0.015003301188973972,-0.0056983021634701425
-0.00659324969927827,-0.005900032473371786
-0.0019541091208568617,-0.006096852679628589
-0.0010601648514184658,-0.0025038533543252084
-0.005345243875612082,-0.00879680329826768
-0.00833600748082619,-0.008025297361512723
-0.0029171076243670324,-0.006873119705464614
-0.007207231012852033,-0.007057000726335361
-0.012442772137109315,-0.011027582300669803
-0.009804249452740332,-0.0039172638683502015
-0.005199762875042702,-0.010952976167554918
-0.0019180225147727437,-0.005150270859788947
-0.010410470205865885,-0.007246060372143953
-0.0027076167540172613,-0.013922159218077795
-0.0018434163816578586,-0.00812875182893244
8.828153896928148e-05,-0.007774302246682269
-0.013045366377386625,-0.008480873243048193
-0.002082904916462569,-0.008844769758482807
-0.007758366540712436,-0.011199061178740588
-0.008629431910745888,-0.009272139101111687
-0.0066262320811831255,-0.006238841427996217
-0.0019542433815034066,-0.0051635833192802405
-0.005299337062238341,-0.00733011343844317
-0.0011078775442577293,-0.007244239738761232
-0.006980935430809243,-0.008015596660952473
-0.002383299096868463,-0.008571522785728425
-0.006761355831876759,-0.005107841544699704
-0.0003308344623768611,-0.007404600064828709
-0.01064401881360505,-0.01158467250951295
-0.00285697803481072,-0.008733808497990742
-0.00800976443748258,-0.01174554037033218
-0.003435932073555359,-0.008733300963238988
-0.006043666283507387,-0.010687355494602202
-0.012481425924786571,-0.009861943170566656
-0.004425047961296336,0.0007399945203951652
-0.0072326018488723665,-0.00843302628956244
-0.00010130039550826364,-0.009776591759553616
-0.0021820763217185735,-0.006894700260155845
-0.00356807110679902,-0.012839140548913608
-0.00794678439112284,-0.007738096133868805
-0.002860470287012362,-0.009555728569824617
-0.01493257533608322,-0.008477903279515475
-0.0062531571538572694,-0.007913052510224117
-0.0003423410424026052,-0.00927266138978064
-0.0032331571863158937,-0.014434879971719689
-0.006488899669084391,-0.0130002769310259
-0.0006582563437048661,-0.00677250094093107
-0.0027074972472879155,-0.00783571542703515
-0.007403663191086429,-0.005862916043866961
-0.001600823622673886,-0.00992065490867991
-0.0053351551470294245,-0.0177868238962115
-0.00995283467748892,-0.003959932196898108
-0.0030837959055223796,-0.006651465705773546
-0.010458317159351582,-0.011778776519612899
-0.004044212473522268,-0.007039017176657947
-0.005605163634957999,-0.00874855356284232
-0.005047819658738906,-0.008649635924962151
-0.00786298509219946,-0.011457936360748627
-0.007804541875379267,-0.010257508969275131
-0.005077175527795519,-0.0028482142079927497
-0.004166785066852197,-0.006488015909443978
-0.0036703762440687404,-0.005748984819842123
-0.0001874278625660919,-0.016830929403834044
-0.004143652400071363,-0.0056472019712413835
-0.007217707769457016,-0.00801132835270596
-0.005820086897621535,-0.005887093287985701
-0.0033372534491338812,-0.004826072709369522
-0.007201022564493453,-0.0091092115934511
-0.00617776021078037,-0.008383239195964648
-0.009462604795229645,-0.007969436080202869
0.002405590790368839,-0.01253991045257491
-0.004265209923897784,-0.005339061984304477
-0.0124112223605648,-0.01264530506010672
-0.0035082100385357418,-0.009958801161605413
-0.0026356073103299127,-0.00398992986135302
-0.013570787302955856,-0.01082701607483541
-0.0005561002209989452,-0.010572274940427367
-0.008239418011080468,-0.006032186260532618
-0.004979810002005092,-0.011405701592286988
-0.0033190161320805767,-0.007600883228499361
-0.008776450269487701,-0.007852803413938403
-0.0032497081306329667,-0.009208785780646739
-0.0048549992394355534,-0.006151937904893601
-0.0010980573369681057,-0.007540380364837812
-0.006030085302723087,-0.009426813267489537
-0.0075341453594283125,-0.009164296818716111
-0.007119297666328683,-0.006043812347287736
-0.008205525312484307,-0.009039247042687937
-0.0074755531280443765,-0.011054221973569534
-0.011106564445626743,-0.013862402902626664
-0.010525819281333726,-0.005682781042573748
-0.0013300390787004956,-0.007130457529300194
-0.010368309412069676,-0.007145710128903526
-0.01024145375657598,-0.0042097632276613395
-0.0014494026950390704,-0.009040291620025842
-0.002407625355551002,-0.007479071937297022
-0.0016793100360128488,-0.005525017405933835
-0.006118794705291253,-0.009714268262509373
-0.0014827731049663062,-0.006758412425394961
-0.004357143057374557,-0.010788481793887472
-0.0037576530412766207,-0.00669234290877313
-0.006527299689385757,-0.002834901748501484
-0.006604383005198833,-0.009231157145299984
-0.0071528023369024085,-0.011895155418501502
-0.012564061139642757,-0.008412863586314323
-0.0033005250476514925,-0.008847351693993116
-0.0027078705213930965,-0.010010916423337707
-0.0042587477081633685,-0.010916382026719046
-0.00483212034003061,-0.010324503556505521
-0.0014429257253874006,-0.0046344311280505646
-0.007596200335179493,-0.008730196739059698
-0.005527050495724217,-0.007843610248129906
0.0037366051029963376,-0.0076588189105677995
-0.0041984838579604555,-0.010147219012015735
-0.0016926520033385128,-0.0028386477680790445
-0.008952704990556726,-0.008547345541609658
-0.004265209923897784,-0.016432005613570416
-0.0024030737720941997,-0.010306012472076354
-0.005271413798542068,-0.008045609079324584
-0.004565216076281298,-0.005896017932501135
-0.009229951750264587,-0.008466396699489703
-0.007201798620538269,-0.008442861250769235
-0.003472645721120604,-0.011108277375413866
-0.008194406760480888,-0.007203377289678875
-0.001827626739468402,-0.012108004280406454
-0.007569187388174525,-0.009439095903560152
-0.00888896364206937,-0.012855691493230681
0.000590794057299171,-0.0024248446523173206
-0.010946338380205811,-0.007770287705811618
-0.003664406809168852,-0.012065574965317238
-0.0053612725312602305,-0.010822105971190626
-0.004572976636729453,-0.005431263639074313
-0.004187753333979527,-0.008091127864675918
-0.008766495801551588,-0.005966624278662541
-0.004016408716555286,-0.008229221578902268
-0.007198962917652041,-0.005888123111406379
-0.006240352229117729,0.00214240598914614
-0.00670809123999444,-0.009395129230298477
-0.005286532137498856,-0.011034044516404218
-0.00811089073676785,-0.00813185605311173
-0.0032894064956481284,-0.01270077831339414
-0.005547213198972334,-0.005203803972964327
-0.0052044192113116505,-0.0027946810948173695
-0.004177276577374489,-0.013478612205236995
-0.007699938077809498,-0.011651398575450278
-0.0042798207281028455,-0.004519067298665469
-0.0156886796586711,-0.0109642142262876
-0.005017941501013368,-0.008106126696903332
0.0037878100480372434,-0.005755835063598974
-0.002373986424330621,-0.009683240774633756
-0.008748795527084408,-0.011654249032253677
-0.010918803144531863,-0.007749736974541094
-0.007368233134317725,-0.009952726973893378
-0.000792350270977793,-0.0075297693475862015
-0.0034159936298487348,-0.010287521387647242
-0.005493814346443471,-0.0038153615130201157
-0.00238032913333569,-0.010480461313679912
-0.006264275705860578,-0.0075622294408221324
-0.00999575677341269,-0.008826398180782985
-0.008227403896302998,-0.004963270860821711
-0.003399188918155771,-0.007221868374107987
-0.006736014503690768,-0.010311310603743573
-0.012072144884647251,-0.011896319502568725
-0.003660526528944774,-0.005206520169121209
-0.008428089628866708,-0.007988703220676824
-0.006657125308412171,-0.007268043708774791
-0.006843468758063964,-0.007435761813350844
-0.00766423949974776,-0.008495096019230847
-0.005782836207470166,-0.007550454339503271
-0.006201564180793873,-0.008388029792880086
-0.009287111376288182,-0.002545357598805864
-0.0065360900732546745,-0.010792615841487468
-0.008428611917535633,-0.012671944733006452
-0.004596258318074087,-0.005812994689622569
-0.0042599117922306196,-0.009139731546574936
-0.008276788207961183,-0.008996324946764167
-0.010137611261133883,-0.004096608059681345
-0.002516497461367284,-0.006280211411830383
-0.004710443309474788,-0.008372120643961256
-0.005872321666083147,-0.0053712683101645176
-0.0064639316150036374,-0.01201942913848486
-0.008623089201740763,-0.005823217678851772
-0.005177391510389484,-0.01121431377834392
-0.005704215533484713,-0.0097062539346853
-0.005824997001266319,-0.00563196412555525
-0.003560191039621463,-0.006749368274150208
-0.006119570761336068,-0.008376642719583632
-0.007411155230241495,-0.006194471972794963
-0.001215197537984325,-0.007424509000700935
-0.0058609493467039475,-0.014100995874657185
0.002716581234109061,-0.007996986069793988
-0.007708713707761161,-0.009371981809600416
-0.007538667435050661,-0.009681300634521717
-0.006769623927076696,-0.0075381864573498825
-0.006863526708499934,-0.005346688284106144
-0.0036935089108495744,-0.008145302773249541
-0.0061983256959680655,-0.0077408123300256315
-0.007182531480064258,-0.004947376465820136
-0.0055125739521657,-0.005951103157766119
0.002385279072556923,-0.012671556704984072
-0.01180744928230304,-0.008663082645099962
-0.007171159160685059,-0.004802149232626618
-0.0015781837367275786,-0.011688380744308585
-0.004673968675368234,-0.008192373670690506
-0.0020604140450800057,-0.010245241087121743
-0.010143043653447592,-0.007372259478322152
-0.005169630949941273,-0.00662534832154274
-0.004374604318383046,-0.012189997699864313
-0.005006703442280713,-0.007551110888818741
-0.008697575828126303,-0.007623523114445696
-0.002100754205493438,-0.006076794729192592
-0.003717820415614914,-0.004784180436866459
-0.005598298637283949,-0.008250697380781352
-0.0097057050889654,-0.006596395234425734
-0.009666275245243272,-0.009245514182129128
-0.003935206107059441,-0.010656701280831793
-0.009258412056547038,-0.00861238523481081
-0.009270440925241763,-0.006453735182825382
0.0009656748640906043,-0.004131530581698267
-0.009147987838641125,-0.007231181046645829
-0.0055650772419204575,-0.008501572988882489
-0.006672138894556867,-0.0054514410962396564
-0.006796666381916061,-0.002277169744260038
-0.006906448804423704,-0.005778728716921172
-0.00922195217635774,-0.008524974176956412
0.0011403774730699978,-0.008856530105884441
-0.009985802305476632,-0.00989129903962327
-0.007151235470895634,-0.009768189403707161
-0.002992519321361131,-0.006382233273889815
-0.005530945529865494,-0.011145781832941098
-0.005200150903065193,-0.007728529693955072
-0.008372601621662035,-0.005325227236144259
-0.00852429107058994,-0.009664361662182208
-0.004609705038211898,-0.009445946147316975
-0.0037264912927544858,-0.009693971298614712
-0.004332577785233438,-0.007200914860897856
-0.003791799507248672,-0.009288436278052925
-0.00891999112994496,-0.008974714884238566
-0.008552363348850012,-0.011806057987910956
-0.012126722575160509,-0.007900516106777666
-0.011038032500223893,-0.003359143836086348
-0.006226636987686773,-0.009953637290584738
-0.00887706903402119,-0.006916176062034929
-0.004636598478487519,-0.008550315505142403
-0.009610413963933473,-0.011175003441351194
-0.003465153681965427,-0.006550607927781366
0.00016055950394966434,-0.007046001681061315
-0.004994420806210098,-0.011421476480559273
-0.00530993332557278,-0.009668241942406314
-0.0022534734778420495,-0.007285370709136679
-0.005111829528519407,-0.007529515580210339
-0.000651271839301526,-0.008294664054043027
-0.00437860410533647,-0.00930550951103895
-0.003365191466747408,-0.011962135251814693
-0.0059589714218099,-0.005464753555730922
-0.0002652724805067841,-0.007164201213332638
-0.0006967906246528321,-0.008280575538506918
-0.006419054625050602,-0.009742848075521171
-0.00038566592026600954,-0.00803164007051782
-0.005843353825048969,-0.008838561310124254
-0.00437926065465194,-0.013982796342385917
-0.007975364204134638,-0.00823698213935048
-0.004346158766017794,-0.007748572890473843
-0.010626945580618996,-0.004889052755729262
-0.006254963033322736,-0.0051245267496633495
-0.005116217343495266,-0.005120780730085789
-0.0022030445888459593,-0.0032991337532593257
-0.010326939428235538,-0.0054407105722587
-0.006841797139244987,-0.007301279858055509
-0.003383279769236913,-0.006055333681230707
-0.007094344366165073,-0.0064643609539941915
-0.00667484033679655,-0.006802125331280745
-0.0007738591865486533,-0.0056948099112684725
-0.004879071730742202,-0.010283387340047245
-0.006192117247609541,-0.011328618276473967
-0.007388395837565842,-0.011827145761767632
-0.011270790298001099,-0.01041127281896162
-0.010554518601074925,-0.006015501055569028
-0.007124730058642392,-0.007331919317908692
-0.007979752019110442,-0.009232321229367207
-0.001625269388085715,-0.009373533921690047
-0.004374350551007156,-0.005703331773844272
-0.006125391181672213,-0.005512212481194267
-0.008055925018232157,-0.012208354523646936
-0.011611524638820425,-0.011861008952529423
-0.003028576419610851,-0.007533127339141382
-0.008320620620576313,-0.0050309072434504
-0.013076930907848339,-0.008521735692130605
-0.009158972129997944,-0.013519594161048754
-0.005175063342255037,-0.011288934665375977
-0.006391638896106,-0.005989891206089948
-0.007399782910862296,-0.006453227648073628
-0.008447744797363044,-0.006343176704272924
-0.008218344991140991,-0.01100547945730962
4.922496935239051e-05,-0.004290070274383023
-0.006617695464690099,-0.005410832414533134
-0.0028515456424969554,-0.007666459964286665
-0.004885399685830072,-0.00867561904854644
-0.003324582785040886,-0.006503656537069746
0.002041440507558334,-0.005094663345854983
-0.006981189198185078,-0.010877967252500453
-0.008522873219146854,-0.0057478207357749
-0.008389928622023923,-0.010694728027027978
0.0019560890965453215,-0.006587202068617237
-0.006741700663380368,-0.004510679696736186
-0.007187575844355587,-0.0038203911233942456
-0.004796690283261906,-0.008916405928064919
-0.0012532242841805097,-0.010104147901528221
-0.010773202637233192,-0.010723561607415666
-0.002561359697403065,-0.007163290896641278
-0.0074383171918102065,-0.011255564255448741
-0.008791329594985797,-0.010292177723916135
-0.007974319626796733,-0.010802048020754629
-0.008663309855424906,-0.005318108471094346
-0.0030045334361386566,-0.012618023591808691
-0.004439793026147887,-0.00834561523170807
-0.0057110657772415085,-0.008570612469037064
-0.006589249912324846,-0.004949436112661493
-0.007127058226776839,-0.010655029662012844
-0.004877116836712936,-0.008116991481530833
-0.00892567728963456,-0.006344877830926299
-0.0014840566957629031,-0.007933095706742888
-0.008684785657303962,-0.008697602385177278
-0.006506465682904972,-0.008789176998466014
0.0006109567605473432,-0.008094754377524105
-0.014327250145731829,-0.005787399594060716
-0.004457747067990903,-0.007727231349241304
-0.011575721307946596,-0.008317557707365197
-0.0009141615621801602,-0.006102404578671644
0.002284794568669979,-0.007378333666034187
-0.0078072580715361495,-0.009874106299907898
-0.009446307618288408,-0.007776376647440825
-0.00875019862461035,-0.005828903838541399
-0.007483567455868423,-0.010650641847036985
-0.00598961088166311,-0.012037397934245048
-0.013500942258922066,-0.008493290139765353
-0.006517091454073809,-0.010056181441313122
-0.004305147302371637,-0.006926518557993422
-0.0032093532163023353,-0.009084243539370318
-0.0047321581248125355,-0.009795993160674143
-0.008498054179629844,-0.0046081794831732414
-0.010000293602952348,-0.00735196251442749
-0.00215260094593267,-0.00941193394199144
-0.009620756459891966,-0.007713396601081085
-0.004405243778236256,-0.007843222220107499
-0.007808019373663766,-0.00851191548484101
-0.007135206815247486,-0.009091884593089183
-0.003371773189211169,-0.006470300881059682
-0.0044935799066991855,-0.005451053068217249
-0.012099306846215963,-0.006387665666203551
-0.003010100089098855,-0.007858101545605595
-0.008557139191848251,-0.007925603667587738
-0.0034538861153983746,-0.010170232172067278
-0.01009636078402909,-0.005950461362367876
-0.0038184244262312594,-0.006707849275752326
-0.008997193952487381,-0.007019764790101191
-0.006003579890469846,-0.008677947216680887
-0.004470566746647642,-0.0045640637953478225
-0.008976120932547904,-0.006447019199715076
-0.0057405559069446666,-0.0057864892773693555
-0.008137769423126273,-0.004824520597279863
-0.0009603368968469361,-0.006045110692001504
-0.008954271856563611,-0.010323981267836568
-0.01205340003284222,-0.006953023970246663
-0.009881064247260318,-0.007398257355823612
-0.009900316633817074,-0.007488772637857299
-0.006190430874873365,-0.01437319827007369
-0.006213712556217943,-0.010781377782754759
-0.011766586833220682,-0.010174754247689655
-0.0035673098046714036,-0.009431589110487831
-0.003911267876399338,-0.011796745315373086
-0.007925830877912654,-0.0062522733942168285
-0.01005200608274498,-0.006951218090781142
-0.00961299589944381,-0.010100655649326523
0.0038198821132507943,-0.008719331954432225
-0.00851796311550207,-0.009666033281001213
-0.003952652614150731,-0.010462223996626663
-0.0016566996579008841,-0.011676993671012131
-0.00207747252414886,-0.009578234195124408
-0.01270152781238798,-0.00787011566038312
-0.0006524359233687216,-0.006570263096277729
-0.008923095354124277,-0.0030657194061666226
-0.0027840435205148117,-0.009368235790022827
-0.004878668948802567,-0.012174208057674829
-0.006227039769626408,-0.010570469060961846
-0.0019255293078450642,-0.009830915682691038
-0.0031728933361129807,-0.010514727286381365
-0.00743598902367576,-0.006913325605231502
-0.003233276693045184,-0.007736932049801554
-0.005809341619723407,-0.013557874674620801
-0.004603884617875753,-0.009085019595415134
-0.007066421102468745,-0.009745952299700461
-0.0017619452508689792,-0.006802379098656636
-0.006455006970488175,-0.010269164563864619
-0.012592372431361465,-0.005170045535014656
-0.008447879058009589,-0.0063991722462292955
-0.007902549196568076,-0.00561915920081571
-0.004364127561777953,-0.005604160368588268
-0.013969591586490193,-0.009961905385784675
-0.010148088017738921,-0.010727710408932861
-0.007774007168338204,-0.008612907523479735
-0.006989084019279779,-0.013786378918068692
-0.01178209320019985,-0.0042404026875145495
-0.014810510277504907,-0.012200847730574588
-0.00480069007021533,-0.01029450589205061
-0.005216313819359775,-0.0039561861773205476
-0.006248366556941776,-0.011607954190857556
-0.0025624042747409703,-0.010140100246965822
-0.014533397778443702,-0.009933594094065967
-0.0059654188836271715,-0.010414377043140882
-0.0035588926949077226,-0.004394674071952792
-0.006824335878236498,-0.011275607451967512
0.002254155108816769,-0.009765607468196824
-0.009189357822475264,-0.0127016886300855
-0.0037048959841460283,-0.0074803702820108176
-0.004066195810153106,-0.007168469521579152
-0.006178282499449295,-0.007466789301226462
-0.003404755571116025,-0.00887787164711698
-0.008427433079551183,-0.008650531487736313
-0.009155733645172137,-0.012109556392496085
-0.006664244073462111,-0.009728237271316137
-0.0006683450722875794,-0.006124641682678372
-0.007033319213834599,-0.00912421042567857
-0.0032652292515293335,-0.008958432461214527
-0.007220035937591518,-0.011981148624912785
-0.009195700531480333,-0.008374836840118138
-0.007770783437429596,-0.012281020516649727
-0.002761030360463268,-0.009023606415062196
-0.01326754266574659,-0.008650143459713905
-0.004282924952282163,-0.013488432412526619
-0.001553498957857058,-0.012592921277081365
-0.00764379352128941,-0.009689837251014716
-0.0035605643137266996,-0.009579010251169195
-0.004201856603432863,-0.008762522571649084
-0.0029019745314930456,-0.004987970393609431
0.00018448298069262403,-0.006717549976312576
-0.006463812108274236,-0.009710910270954193
-0.004548023336565954,-0.010458343716402557
-0.008415806992796149,-0.008310826970337692
-0.005922108759680966,-0.008586655878602412
-0.006295959743051638,-0.007716112797237967
-0.004967005077265552,-0.011018269628131933
-0.011791674394030838,-0.001117351034493036
-0.00240464063810103,-0.011376868011899327
-0.007805437438153429,-0.008514243652975484
-0.00858055513383943,-0.01002087089127382
-0.00046751032516006985,-0.010093939666216217
-0.007479179640892619,-0.0037113847569314184
-0.009969773649828428,-0.0062670184590684075
-0.004326503597521403,-0.009079467696372079
-0.007123954002597577,-0.007878532770146829
-0.010248184493603485,-0.009260901042379005
0.0004965327556879506,-0.010881459504702151
-0.011620076009230651,-0.008003970574197355
-0.006226905508979863,-0.006398276683455162
-0.00492573984624356,-0.008329840343435785
-0.006273707885127766,-0.011473457481645022
-0.005566629354010089,-0.005789071212879721
-0.0043254737741006966,-0.009095123077915018
-0.0031590585879527344,-0.005710182017601123
-0.005791372823963192,-0.0087073030857375
-0.004230555923174006,-0.010803480626114914
0.0011966267824023435,-0.014541170142025633
-0.005998789293554463,-0.003644792951640635
-0.010471256344737667,-0.006737085638079621
-0.006288587210625862,-0.009344819848031705
-0.005101875060583294,-0.010553007799953412
-0.0054874863913556005,-0.009508015876985382
-0.0024125207052785314,-0.008116991481530833
-0.0006755833440668102,-0.007077954239545492
-0.008261774621816542,-0.006736548595493469
-0.008098339579404201,-0.0081828072307768
-0.008378556302644724,-0.012146538561354392
-0.0020609215798317315,-0.013592916703367042
-0.009189611589851099,-0.009068483405015232
-0.004990137744046386,-0.009690867074435422
-0.004596780606743012,-0.013326534728286682
-0.010023157748440092,-0.007486966758391778
-0.005667501885919468,-0.012287751253677232
-0.00545516055876627,-0.010711278971345078
-0.008599807520396185,-0.00578260899714525
-0.0052335065590752294,-0.008589372074759294
-0.007682581569613212,-0.011614804434614406
-0.005059714266787085,-0.011283756040438131
-0.004353531298443569,-0.0031995595660636866
-0.007267345848491147,-0.007129024923939881
-0.005990640705083816,-0.007381960178882402
-0.00731146153631651,-0.010648313678902538
-0.003793471126067649,-0.010105058218219581
-0.00502777646222019,-0.009557026914538358
-0.010616215056638068,-0.008121901585175617
-0.009160136214065195,-0.009482674548799391
-0.0036814800421549054,-0.009162744706626452
-0.00269325971718809,-0.007484250562234895
-0.01054444462640941,-0.007621448713687112
-0.0025334511876239363,-0.013536921161410642
-0.006697733990118748,-0.012736208370162816
-0.006322987443973804,-0.011718885943515195
-0.0008571361968031099,-0.01018212678011543
-0.006073812962526071,-0.010149666686879555
-0.0035724736756920783,-0.005114706542373781
-0.004111983116797502,-0.009743370364190124
-0.008476056089081807,-0.009419963023732714
-0.008668354219716234,-0.005583982911422952
-0.005580598362816824,-0.009580696623905371
-0.008674562668074759,-0.0024216061674914857
-0.0038868368649047635,-0.012108258047782317
-0.004798108134705048,-0.005958221922816087
-0.003409158140009083,-0.008617429599102139
-0.004654835795540824,-0.010886891897015888
-0.004775617263322429,-0.005059621317108742
-0.009997055118126541,-0.008041848305829824
-0.0026928716891656546,-0.00944606565404632
-0.008655161266954314,-0.007204287606370208
-0.0066211729629745975,-0.010385274941460132
-0.002943239762515093,-0.010671073071578191
0.0029699045170740734,-0.006197829964350116
-0.00569347025558653,-0.011562554912235595
-0.006427605995460828,-0.009222486268160413
-0.005433819017533703,-0.010853401980359306
-0.006099647071546643,-0.007175573532711865
-0.007774663717653674,-0.009191458780284795
-0.012214133633014879,-0.0031805461929655943
-2.4873629010713216e-05,-0.007650162787345455
-0.006494063540105066,-0.008666694404031006
-0.007741561829019528,-0.008056847138057266
-0.009956834464442343,-0.006616169909651443
-0.006639678801320936,-0.007775854358771872
-0.0037601154700576123,-0.007999821772680216
-0.0025616282186961548,-0.010994360905306255
-0.007296462704089068,-0.00540941456309002
-0.005014180727518636,-0.011375957695207967
-0.008924005670815638,-0.010999002487657977
-0.006510748745068684,-0.010891413972638264
-0.0069623100857335585,-0.00809176966007416
-0.0011386660186746278,-0.011835921391719295
-0.00424683834619799,-0.004001302180732219
-0.004291715336151025,-0.007507786010955364
-0.006565968230980268,-0.007097609408041855
-0.003778860321862587,-0.002920626433619705
-0.0008827460462821346,-0.00676720280926385
-0.0014258672463185462,-0.01005941992613893
-0.003986933340769272,-0.006992602828532479
-0.010686299114130549,-0.009226635069677608
-0.003579189658802384,-0.007476758523079774
0.0033623660916032305,-0.005747701229045554
-0.008490427879828177,-0.010655686211328341
-0.000599425098862294,-0.002239919054108669
-0.008331619665850332,-0.004507829239932759
-0.009948044080573537,-0.011712692249073842
-0.01020317324300396,-0.007822283460814539
-0.004643702489620205,-0.0043107552663000925
-0.004272850977616649,-0.011419148312424798
-0.0008667173906339865,-0.007630761386224927
-0.0017963454842169213,-0.010595676128501319
-0.002971551054233801,-0.004689128325293196
-0.010110717820858206,-0.004998447150214497
-0.007746218165288421,-0.0085041401704756
-0.005927929180017111,-0.0042962787227415755
-0.006817605141208993,-0.004747452035384042
-0.00477031913165521,-0.0051488382544286615
-0.009307542600829388,-0.006073959026306391
-0.004281238579545932,-0.009967591545474302
-0.0080903104976629,-0.008953910385592151
-0.0033288363393702003,-0.008800922591950477
-0.006441172222327984,-0.005381745066769583
-0.004687415395506045,-0.006743279332520974
-0.003432559328083007,-0.011950106383119996
-0.007580828228846814,-0.007210496054728788
-0.006231815612624703,-0.0028898527131199503
-0.006802740569628096,-0.005258889198229366
-0.011564990783965612,-0.003826345804376907
-0.0027737010245563187,-0.010903442841332989
-0.0015264712569348915,-0.005433979835231195
-0.006873346915789502,-0.010146442955970919
-0.008120830450786765,-0.010397438070801401
-0.0018987701282159875,-0.008940851693476748
-0.004478700581201089,-0.00854319674009249
-0.005270115453828272,-0.008179180717928558
-0.004000514321553683,-0.009457452727342747
-0.004054301202104926,-0.010805166998851118
-0.004405124271506855,-0.0066801797794318885
-0.005023642414620222,-0.010276268574997333
-0.004873370817135347,-0.009547848502647088
-0.0036975234517202527,-0.0061194778116576976
-0.0056783519166297425,-0.0075526630009083995
-0.004453627774308133,-0.008335914531147792
-0.0032288888780693803,-0.0064824640104009235
-0.0029869379144836228,-0.010243674221114912
-0.014432271479158432,-0.008091127864675918
-0.010406067636972771,-0.009013517686479566
-0.004188395129377853,-0.008321960276258256
-0.001388362788791342,-0.010798451015740812
-0.007001620422726285,-0.012077350066636072
-0.004704488628492098,-0.005395565061012603
-0.006623381624379698,-0.0074905932712399925
-0.006914716899623696,-0.00917529586399013
-0.006298407417915486,-0.00495009266197699
-0.002202000011508054,-0.005815964653155342
-0.005308903502152074,-0.010823658083280258
-0.0020654436554541356,-0.011571360050021684
-0.0055125739521657,-0.005945939286745472
-0.004236510604156696,-0.009997215935823978
-0.0037621751168989692,-0.009001757339077904
-0.0051027706233574,-0.00616951867263138
-0.007825853908777436,-0.007635671489869739
-0.001980106998358322,-0.009419694502439624
-0.005608790147806186,-0.006498492666049072
-0.0029910867160007903,-0.00432653015457235
-0.005550585944444686,-0.00998014270283798
-0.0067808767397266045,-0.005012535665750578
-0.007510609910707844,-0.00739204890746506
-0.005456578410209356,-0.006725176276114242
-0.003646438013408637,-0.0029330433303368098
-0.0047248003463039034,-0.0077714517898788416
-0.006785025541243772,-0.008242414531664188
-0.009329540691377425,-0.004403986744490634
-0.005084025771552425,-0.012289691393789298
-0.004370336010136533,-0.006885268080888657
-0.0017610496880948179,-0.012167492074564523
-0.006886017579882497,-0.011327976481075669
-0.00016207178046290238,-0.009300211379371759
-0.007133788963804344,-0.010599302641349534
-0.006414786316804089,-0.009533357205171372
-0.009412295412962901,-0.007519292590981136
0.0029102972161866303,-0.006079898953371882
-0.008901634306162365,-0.010201781948611793
-0.008691501640414268,-0.00979988819481542
-0.009071038783474594,-0.008086337267760424
-0.006939043158306124,-0.009452542623697963
-0.005455802354164541,-0.006457107928297734
0.00139370075603501,-0.007213466018261505
-0.007091628170008191,-0.00786353393791936
0.0002995782887846299,-0.008904630826746057
-0.008580032845170449,-0.011204359310407808
-0.004351068869662578,-0.0065919926655326755
-0.005010061433835811,-0.0033211170898901354
-0.00043208026839147706,-0.010205527968189382
-0.013358445975802713,-0.00551518244472704
-0.008059790544539036,-0.009939399760484913
-0.0017487522981070036,-0.00710587750324182
-0.00021496309823998416,-0.00482956496157122
-0.004905442882348898,-0.009362669137062574
-0.0029018550247637,-0.009525342877347298
-0.0018859652034764474,-0.010221571377754729
-0.005368645063686062,-0.012850647128939352
-0.008062506740695918,-0.006253825506306487
-0.005566883121385924,-0.008448413149812317
-0.006258201518148598,-0.006997124904154883
-0.005091786332000581,-0.008621951674724515
-0.005309679558196889,-0.007628179450714617
-0.008601105865109926,-0.007744050814851466
-0.004516205038728294,-0.00900498106998654
-0.00402028899677942,-0.009060454323273959
-0.005473651643195354,-0.004953704420908034
-0.010145655096792328,-0.012221801243784719
-0.009935880951232268,-0.010500235988905648
-0.004012782203706988,-0.01232758387933891
-0.0013344416475935539,-0.0041537676857049954
-0.004065151232815201,-0.011455354425238262
-0.007268927468415176,-0.009960099506319153
-0.0046968623286903766,-0.011063146618084968
-0.0052226417744477005,-0.005113796225682421
-0.005461891295793775,-0.007667489787707343
-0.011999090863622053,-0.013009186821624108
-0.008294503236345507,-0.0032075886478049598
-0.010100763352922093,-0.011559196920680415
-0.004754917517488189,-0.007227554533797614
-0.011124547995304102,-0.010839955260221468
-0.008263460994552718,-0.006588097631391371
-0.0029983102338628775,-0.010255583583080263
-0.010480046728606585,-0.006648883770263209
0.0006895774345327954,-0.0057601033718454875
-0.004634524077728963,-0.006976439912237814
-0.0034043675430935894,-0.004460877849221168
-0.00588227613401926,-0.010788616054534017
-0.007203216471981355,-0.005070739869112106
-0.0021487206657085367,-0.008100052509191324
-0.006592219875857563,-0.009258050585575578
-0.0012643428361838738,-0.012846393574610038
-0.008825088032935469,-0.008253801604960614
-0.0032669008703483104,-0.00713497960492257
-0.0038029180592519807,-0.008310050914292877
-0.0026635453279434396,-0.006373189122645034
-0.003791396725309093,-0.010366918117677537
-0.008216539111675525,-0.013586573994361945
-0.005609685710580403,-0.008575015037930095
-0.006788383532798925,-0.008545405401497619
-0.0042352122594429,-0.011220134198680093
-0.0035713243455420818,-0.009054260628832606
-0.004218273287103447,-0.007355708534005051
-0.00540485117649947,-0.008799116712484956
-0.013402397895147133,-0.010828045898256089
-0.0077249961307852555,-0.006429826459999705
-0.009920508844899645,-0.007677444255643484
0.0002078841687664923,-0.0065755612279449205
-0.014641747595591004,-0.008274740364253547
-0.013542073229297513,-0.010307057049414259
-0.0045194582774713,-0.007020272324852944
-0.00530502322192794,-0.005640620248777595
-0.012528884850249944,-0.010084626993678375
-0.0019118140664141636,-0.00826738258574497
-0.006816575317788343,-0.009998245759244684
-0.010418872561712311,-0.006001144018739857
-0.0014166888344273043,-0.0063580560297710476
-0.006810635390722797,-0.009388278986541626
-0.011798778405163524,-0.007141829848679393
-0.01020938169136254,-0.01116789943021848
-0.004539740487448818,-0.004844175765776254
-0.006904896692334017,-0.009889239392781884
-0.007339265293283548,-0.009674450390764894
-0.002474993216886545,-0.010126265498805603
-0.009292812289895036,-0.007170529168420536
-0.010637541843953435,-0.009097705013425328
-0.010181831701771393,-0.008439100477274475
-0.007529354762512819,-0.006477673413485485
-0.006101601965575909,-0.009475824305042568
-0.007231676778263807,-0.010182902836160246
-0.00436893291261059,-0.006452063564006405
-0.009403758796469874,-0.009810738225525723
-0.00817799007681036,-0.013642838057611378
-0.008003272713913767,-0.006815049762749659
-0.004809748975377337,-0.011614789680697207
-0.005616923982359634,-0.004252819584231654
-0.00966781260341576,-0.007527321672722409
-0.011317995456088581,-0.0033943053715619065
-0.006126943293761844,-0.009841377685378933
-0.0044973259262767185,-0.009651944765465104
-0.0061979376679456855,-0.006373189122645034
-0.00807752032684056,-0.007749990741916957
-0.011891368087955767,-0.008603326329648858
-0.003079139569253486,-0.010545366746234547
-0.008698098116795228,-0.003169427640962258
-0.004502370290568103,-0.004059760151469638
-0.012666739551017658,-0.009147223585730058
-0.009569029226182135,-0.0072253606263097125
-0.007878759980471717,-0.009682852746611348
-0.005156184229803518,-0.006542205571934856
-0.01088311932038738,-0.005349284973533708
-0.009538897301080707,-0.005852185519886005
-0.007408185266708778,-0.0073056676730313685
-0.0016892792578661608,-0.003641673973544146
-0.006034487871616145,-0.0038189732719511316
-0.009726524341528986,-0.003422750923927159
-0.00446680597315291,-0.00636763722360198
-0.003862152086034243,-0.00027913378571792213
-0.011713053720045274,-0.011106202974655283
-0.0055264087003259466,-0.009315598239621609
-0.007290627529835725,-0.006055333681230707
-0.006958041777487045,-0.008962447002085178
-0.0018122546331357792,-0.009516552493478408
0.0015451364375870247,-0.005485707068941081
-0.01241186415596307,-0.007734350114291216
-0.006045352656243619,-0.008709885021247865
-0.004439002216185928,-0.008858724013372371
-0.0063048843875671,-0.00250565923379073
-0.004779363282900018,-0.0029643393395054896
-0.0018378644826148038,-0.015913315425028635
-0.006325703640130742,-0.011277413331433034
-0.011434896643646164,-0.005267172047346502
-0.00598392472197351,-0.009871643871126906
-0.01112169753850073,-0.008368494131113069
-0.009589206683347451,-0.00725394043932151
-0.009893212622684333,-0.01024252489096486
-0.0011584406939003644,-0.007471699404871246
-0.002281784769560813,-0.005594847696050426
-0.005073429508218041,-0.008256503047200298
-0.0073797397143434695,-0.009124852221076812
-0.0034235004229210553,-0.008388417820902494
-0.003028576419610851,-0.008920928003687295
-0.014157338133667818,-0.012085110627084256
-0.004244256410687708,-0.01030108761451437
-0.009759238202140752,-0.007957929500177124
0.0023087327993300266,-0.008744031487219917
-0.007849030837309867,-0.00730502587763307
-0.013579055398155848,-0.0056767068548617405
-0.0047015186649593255,-0.0052387117410640505
-0.007841524044237547,-0.007103817856400407
-0.00759336463229332,-0.0045801219588303965
-0.007866223577025266,-0.01125686260016251
-0.008247312832175224,-0.010741410896446535
-0.007772604070812317,-0.007389198450661633
-0.004931440759850303,-0.008792520236103996
-0.0031872503729420965,-0.008481380777799946
-0.0011803045238018006,-0.011639250200026208
-0.011314249436510992,-0.013458942282823433
-0.004954961454653628,-0.006298314468237087
-0.01024145375657598,-0.006541937050641794
-0.00777464896373653,-0.007696069600719141
-0.007924264011905824,-0.007727619377263711
-0.0077518895710608215,-0.00775115482598418
-0.009540046631230703,-0.0019099152372702988
-0.0023887314891822276,-0.008018312857109328
-0.0015529766691880775,-0.006907251417519467
-0.006968130506069703,-0.004596792409876788
-0.00824783512084415,-0.007491623094660671
-0.004715472919848918,-0.008223147391190205
-0.0037202828443959057,-0.012232785535141538
0.001222878427279639,-0.010112818778667793
-0.007806228248115443,-0.007444029908550809
-0.008206569889822157,-0.00375135164323967
-0.002576373283547706,-0.004570286997623602
-0.010031709118850318,-0.00796491400458052
-0.009005864829626897,-0.005853215343306684
-0.005819833130245644,-0.007939438415747985
-0.0026335181556541576,-0.011240043134552347
-0.007390858266346834,-0.00946521328779093
-0.014124504766326762,-0.008817995824936503
-0.01092695173300251,-0.006938681687334691
-0.007367442324355766,-0.005248800469646681
-0.004075508482690893,-0.011230998983307566
-0.010351624207106058,-0.012102974670032324
-0.004980825071508543,-0.00870821340242886
-0.007372620949293585,-0.005630412013465591
-0.010740339762057682,-0.007571810634653009
-0.010155729071457786,-0.005710838566916593
-0.005197046678885875,-0.008442473222746827
-0.008413090796639211,-0.007934140284080765
-0.011055493761232382,-0.007344455721355142
-0.004994420806210098,-0.008927002191399303
-0.009054995373909247,-0.008584581477843828
-0.005932063227617135,-0.006953949040855223
-0.0012483141805357256,-0.006570770631029482
-0.010017874370690072,-0.007216958270463203
-0.003703985667454668,-0.009470123391435714
-0.0018171647367805632,-0.0043089493868345985
-0.0028368005776453487,-0.010876937429079747
-0.00040841055902446355,-0.0068696274532629165
-0.005060997857583682,-0.006867030763835352
-0.009064442307093634,-0.0032924030162318207
-0.0032965252606980133,-0.010262045798814706
-0.006620277400200492,-0.00848746971942918
-0.013664526315898207,-0.005755461789493765
-0.0026278172420473034,-0.00837070279251817
-0.004668028748302744,-0.010904860692776103
-0.005683008252898691,-0.0056067423040985775
-0.009480573590989805,-0.007336456147448295
-0.009547956206242658,-0.00808051684742428
-0.01022257464412446,-0.006727504444248716
-0.004911009535309152,-0.011225432330347285
-0.005727750982205182,-0.0063271480486247755
-0.006408070333693783,-0.009539565653529924
-0.005182570135327358,-0.00900680170336926
-0.005407045083987427,-0.004736721511403086
-0.005818132003592269,-0.008714407096870214
-0.002301588952620892,-0.005226817133015843
-0.0033693255143473766,-0.0032012459387998626
-0.0036173506656451138,-0.006172100608141717
-0.0072478396945585,-0.008427086362496977
-0.001882219183898859,-0.007559647505311767
-0.006065261592115845,-0.007283684336400531
-0.005365540839506744,-0.006214649429960278
-0.005313171810398587,-0.009816036357192914
-0.0028943482316913793,-0.007626895859918048
-0.009189477329204554,-0.0074366573761250054
-0.004644881327604655,-0.006498104638026664
-0.00830536802097298,-0.009048559715225807
-0.005080667779997272,-0.006485165452640607
-0.008256222722773432,-0.010073896469697446
-0.005516319971743289,-0.007715336741193124
-0.007106373234859742,-0.009595949223508704
-0.007893893073345704,-0.011171257421773606
-0.00665015555792603,-0.009848496450428845
-0.0047272480211677514,-0.014860189667507212
-0.004741739318643412,-0.007542574272325742
-0.008208390523204878,-0.006308656964195636
-0.008219628581937588,-0.006316283263997302
-0.0032388433460054933,-0.0061586538880039066
-0.008881083574891868,-0.009614574568584416
-0.005509335467339893,-0.0071754540259825195
-0.008447744797363044,-0.012199041851109066
-0.0037492359315128843,-0.007700472169612227
-0.0039044176326424873,-0.0022289347627518497
-0.006815799261743527,-0.01007195632958538
-0.0033966069826454337,-0.00754670831992571
-0.0066884360714980495,-0.008771566722893864
-0.00949272196641393,-0.008603982878964328
-0.003808604218941636,-0.007570124261916861
-0.004377574281915819,-0.006640347153770182
-0.007395126574593347,-0.0037289802785864246
-0.0023438692531463357,-0.008028013557669605
-0.0066211729629745975,-0.008255741745072681
-0.009025505244206089,-0.01028067114389039
-0.0010837003001389345,-0.008210222959721347
-0.002757403847615081,-0.007808702480030211
-0.003745116637830115,-0.007373826344328982
-0.0038762258476531253,-0.006061154101566851
-0.008025673586401383,-0.01152208049117559
0.002376861962793242,-0.009071199601172114
-0.00630358604285336,-0.00882872634891746
-0.008524305824507195,-0.00663155676990132
0.0030535843092680537,-0.003099343583469777
-0.0032698855877982824,-0.005963385793836734
-0.0038292892108586774,-0.007256402868102474
-0.011665714301311247,-0.010401706379047887
-0.012673201766752074,-0.010430151931413167
-0.010155714317540587,-0.00960384404460346
-0.004408885045001698,-0.008343287063573596
-0.005834175413157616,-0.00914683555770765
-0.007686073821814909,-0.009704313794573233
-0.010726773535190526,-0.0073206665052588105
-0.0019132466717745045,-0.009982336610325881
-0.006913940843578825,-0.006801468781965275
-0.006436903914081471,-0.005355090639952653
-0.0113985562701861,-0.004973628110697459
-0.0029935343908646384,-0.009385040501715819
-0.007120596011042424,-0.005767610164917836
-0.0067224335229064125,-0.008377418775628476
-0.006104318161732736,-0.011111381599593129
-0.006075738348720938,-0.011457294565350329
-0.0021416166545757953,-0.010236704470628716
-0.0011478296766487261,-0.006731250463826277
-0.006797815712066113,-0.010995913017395886
-0.0018787121777800175,-0.007029062708721806
-0.0032926302265567364,-0.007811015894247486
-0.001572885605060359,-0.012593458319667516
-0.00963148698387295,-0.005273888030456808
-0.001324875207679821,-0.009305763278414841
-0.010642705714974054,-0.005231727236660655
-0.007834793307210042,-0.009146969818354195
-0.008302786085462643,-0.006136670551373069
0.0013338249338544772,-0.007829790253886887
-0.004187887594626072,-0.010863744476317827
-0.0037842779602591525,-0.0048512945308261946
-0.006697480222742802,-0.010029541768413364
-0.0030129210380679394,-0.011497903247056851
-0.004686773600107774,-0.012194266008110827
-0.006659199709170782,-0.013052511699487485
-0.008938870242396535,-0.010034451872058148
-0.0068370065423294935,-0.007336575654177613
-0.010583232674733212,-0.009093944239930568
-0.007165980535747185,-0.008074576920358817
-0.010318388057825312,-0.009418664679018918
-0.0043495167575729465,-0.00823763868866595
-0.00441081043119651,-0.008227803727459154
-0.008903574446274432,-0.006071362336878855
-0.00811475626307473,-0.004453908098734999
-0.009034698410014586,-0.0077373200778239615
-0.002365449807837594,-0.010423689715678724
-0.003925371145852674,-0.009837765926447889
-0.006806889371145264,0.00035333861228489805
-0.005962180398801309,-0.012587623145414173
-0.011718098084336603,-0.0072208385506873085
-0.0004456612491757772,-0.00820634267949727
0.0004732215665089745,-0.007817373357169755
-0.006078842572900256,-0.00876420894438526
-0.007739099400238536,-0.005659245593853279
-0.007507893714550962,-0.010631240445916484
-0.0078950571574129,-0.008344451147640819
-0.007698356457885469,-0.008518243439928908
-0.007491596537609724,-0.005388461049879889
0.002580159138701743,-0.006567800667496709
-0.004528487674798909,-0.010660074026304173
-0.008426925544799457,-0.006281883030649332
-0.012202119518237409,-0.007444417936573217
-0.00973118067779788,-0.008446219242324388
-0.00455617192503649,-0.007406017916271823
-0.0015485741002950748,-0.011214179517697376
-0.00614776254632543,-0.0115104544044205
-0.008773734073330819,-0.007535336000546483
-0.007681805513568396,-0.011063922674129784
-0.014181783899079647,-0.00950491165280612
-0.013114823393398034,-0.0074656252171592385
-0.011225152005920447,-0.005430099555007117
-0.004441210877591029,-0.010585841167294524
-0.0017734665848119224,-0.007057134986981878
-0.012510393765820804,-0.009741683991453948
-0.014884608875868066,-0.009139597285928391
-0.00578167212340297,-0.007633611843028354
-0.00568714230049866,-0.008070174351465731
-0.002683708031191556,-0.008369538708450946
-0.0021275281390397693,-0.009569578071902035
-0.008332395721895147,-0.00833216851157026
-0.006830798093970913,-0.005950073334345468
-0.012521900345846548,-0.009654795222268503
-0.003576100188540321,-0.006730354901052116
-0.0034427823173122096,-0.005374492041073126
-0.008212002282135922,-0.005121422525484087
-0.009620099910576496,-0.011515618275441175
-0.007755381823262519,-0.01017399294556201
-0.0009299512043696723,-0.010039496236349504
-0.009770625275437206,-0.007617314666087116
-0.006753207243406167,-0.011238491022462688
-0.010965232246574586,-0.00394893315162409
-0.0017769588370136202,-0.01076378226109978
-0.006707554197408316,-0.009186414415993494
-0.005745854038611886,-0.01037402212881025
-0.00565571203068338,-0.010739605016981013
-0.008051522449339099,-0.007857847778229732
-0.0035739062810523636,-0.003773976775268778
-0.003861883564741153,-0.006703192939483432
-0.012026252825190709,-0.012001714110100509
-0.008337305825539931,-0.011166347318128822
-0.006082320071184699,-0.00922856045587242
-0.007151369731542179,-0.005480408937273862
-0.005968403601077088,-0.007364125643768732
-0.007326982657212933,-0.009395248737027795
-0.0025126024272258962,-0.004257744441793665
-0.008057596637051134,-0.0054855728082945365
-0.01137967715773458,-0.006969067379812011
-0.001626821500175346,-0.007033211510239001
-0.0038061417901606442,-0.008005507932369815
-0.004432674261098002,-0.004986806309542208
-0.0070291704123174314,-0.0038881617666694512
-0.0034281567591899487,-0.008565060569993982
-0.003516224366359788,-0.006441721068047884
-0.004283954775702814,-0.0062436172709945115
-0.008010271972234306,-0.0072337777360733935
-0.00691976126391497,-0.008047026930767698
-0.004200289737426033,-0.011134394759644672
-0.0034188440866521064,-0.009877732812756113
-0.008153559065315785,-0.0070951469792608635
-0.005420894586064817,-0.008778431720567886
-0.007023096224605341,-0.005413160582667609
-0.00033987861362161365,-0.00747817637452286
-0.007141669030981901,-0.007074969522095548
-0.00747452330462367,-0.007489294926526252
-0.005594552617706361,-0.007554468880373921
-0.012855411168803843,-0.008632174663953718
-0.003998171399501982,-0.0018470694515570762
-0.0047956604598412556,-0.0061964121129070016
-0.0021960453305253647,-0.007009407540225443
-0.005834951469202432,-0.003062107647235607
-0.011034928276044575,-0.008628816672398565
-0.000891536430151052,-0.007484772850903848
-0.011154665166488387,-0.004738915418891015
-0.003954592754262742,-0.008222117567769555
-0.0008557183453599682,-0.006218141682161976
-0.006392041678045635,-0.0065332809274194215
0.0003273672918343573,-0.00499961123428172
-0.006805710533160814,-0.011011031356352702
-0.00282013012659893,-0.010511235034179667
-0.000370264306098933,-0.007662699190791905
-0.005929735059482633,-0.007028420913323535
-0.007201544853162323,-0.006874925584930108
-0.0027437033601013794,-0.006868194847902603
-0.00280850403984384,-0.0019040948169341543
-0.010129984961332161,-0.01103431303769728
-0.008427701600844273,-0.005942700801919665
-0.0031949961794731085,-0.00602830598030854
-0.007205813161408892,-0.004059760151469638
-0.007995004618713775,-0.008570612469037064
-0.0030214724084781652,-0.012553998968111019
-0.009279738843862406,-0.011305993144444831
-0.007991900394534512,-0.009356460688703994
0.0019457318466696294,-0.0053791483773420745
-0.007785006213612222,-0.007146874212970722
-0.007651031793068641,-0.004265624508971194
-0.010602873089312403,-0.0057731768178780896
-0.0016957414736006315,-0.007518262767560457
-0.005857710861878085,-0.009185250331926242
-0.0019203506829071904,-0.007818268919943916
-0.008839564576493986,-0.007957541472154717
-0.011739812899674351,-0.00931392662080266
-0.005801207785170015,-0.005494631713456516
-0.004880997116937069,-0.005218802805191769
-0.004575812339615681,-0.005311646255359931
-0.009219474993659493,-0.0077192170214172295
-0.007085807749672046,-0.010107640153729919
-0.0059037519358983714,-0.00855976243832679
-0.007397320482081304,-0.007893665863020788
-0.00871232089297791,-0.005189954470886909
-0.008112816122962718,-0.0021716408760817096
-0.008866472770686806,-0.010678177082710877
-0.0055915826541736435,-0.0048615027661381705
-0.0026361000911644394,-0.008836874937388078
-0.004669178078452796,-0.011573419696863069
-0.003994947668593374,-0.010574856875937705
-0.007254689938315351,-0.0073142042895243675
-0.008835162007600927,-0.007332441606577644
-0.004684325925243982,-0.008047802986812486
-0.008255327159999326,-0.009879792459597497
-0.004342800774462641,-0.008517989672553017
-0.0026814993697864,-0.011529975312270346
-0.004118818606637098,-0.008070174351465731
-0.004619151971396285,-0.00778865928351144
-0.017593857413127856,-0.005382521122814399
-0.0027504193432116852,-0.0062944341880130095
-0.007503103117635523,-0.007044076294866475
-0.009665230667905367,-0.010550425864443075
-0.005457891508840351,-0.008607728898541889
-0.005880724021929684,-0.006017187428305176
-0.006998904226569402,-0.011387598535880283
-0.008382436582868857,-0.0036537175961560697
0.0010274760724659493,-0.003460255381454419
-0.004812599432180709,-0.004372302707299547
-0.0034120085968124547,-0.009952338945870998
-0.004891608134188652,-0.008078442446665696
-0.0020474748596939762,-0.008989728470383207
-0.007502834596342434,-0.010361619986010345
-0.001342575482146946,-0.006929234754150304
-0.008700814312952165,-0.009734311459028144
-0.008619477442809775,-0.0049741356454492125
-0.009671051088241511,-0.0056360981731552184
-0.0024169232741715896,-0.006694014527592107
-0.00839768918247219,-0.002442559680701617
-0.005155408173758702,-0.010129369722984866
-0.004989764469941205,-0.00990034319086805
-0.008923483382146657,-0.00997199411436736
-0.010847032714303262,-0.008674066936456809
-0.0070583920207275,-0.009805828121880938
-0.0034448567180707657,-0.006560174367695043
0.002222605332272254,-0.009234903164877517
-0.0067008382142980105,-0.00451869402456026
-0.003937653781923234,-0.008840113422213886
-0.006088020984791498,-0.008831711066367376
-0.009470231095031312,-0.010564768147355047
-0.0017412602589518822,-0.010348561293894915
-0.0036327375258949357,-0.008438070653853769
-0.0006211399142000973,-0.008667350953346503
-0.010241199989200145,-0.009346894248790288
-0.004303356176823314,-0.008328153970699609
-0.005509335467339893,-0.010000961955401566
-0.010742802190838674,-0.006967649528368897
-0.0055654652699428375,-0.007907232089887972
-0.007690744912001002,-0.008887826115053121
-0.012747046597739287,-0.012333389545757883
-0.003996231259389915,-0.00783908817250753
-0.005444161513492196,-0.012329255498157887
-0.005715856374157002,-0.007362827299054964
-0.006450484894865771,-0.010867624756541933
-0.003835497659217313,-0.010438569041176848
-0.009909375538979026,-0.006207396404263821
-0.00875149696932409,-0.005524121843159674
-0.007430676138091341,-0.007920305535920547
-0.002644129172905685,-0.008713914316035715
-0.007486820694611485,-0.011382942199611334
-0.00021690323835199532,-0.006257959553906484
-0.005849950301429929,-0.005845589043505017
-0.003108107410287664,-0.007763571722701312
-0.0037125075300304955,-0.008374060784073323
-0.006360477147583865,-0.009531029037036898
-0.009502422666974097,-0.00577032636107469
-0.000598126754148498,-0.008880841610649753
-0.00626646961334848,-0.008966969077707554
-0.003311136064903075,-0.010387737370241151
-0.006757863579675061,-0.009696165206102614
-0.0010017216345982738,-0.008205178595430046
-0.007130550478978537,-0.012688361416677035
-0.005525498383634586,-0.008471694831156923
-0.0031196139903134634,-0.006276196870959733
-0.004641642842778904,-0.005649291125917166
-0.005722184329244873,-0.007922633704055021
-0.011580885178967215,-0.00745528272120069
-0.003368549458302561,-0.007557185076530776
-0.008274072011804301,-0.010647403362211177
-0.010389650953302243,-0.005551657078833566
-0.013879315317915197,-0.013386918085218913
-0.00599672964671305,-0.008534674877516663
-0.0026917076050984035,-0.006651734227066636
-0.004814002529706651,-0.006879969949221437
-0.006036428011728157,-0.007265715540640316
-0.006212548472150747,-0.002083588022829014
-0.0059687916290995235,-0.01371356391050213
-0.00741749793924662,-0.008780625628055788
-0.0071950826374279075,-0.00638896401091732
-0.005151005604865588,-0.012038308250936408
-0.008660847426643914,-0.010202946032679044
-0.0090777547665849,-0.010682445390957418
-0.009255054064991886,-0.008736524694147596
-0.009326048439175727,-0.010045316656685649
-0.006248232296295231,-0.006752592005058816
-0.002140706337884435,-0.013953186705953413
-0.010327969251656244,-0.005097887076763591
-0.00023733446289325721,-0.005798518146064052
-0.00936004589058409,-0.009479704585266646
-0.005030238891001182,-0.006284613980723414
-0.005275159818119601,-0.011051505777412679
-0.0030566339439536683,-0.012732716117961118
-0.0035930391608798296,-0.0094350961166067
-0.0012555524523149564,-0.010820300091725105
-0.001102325645214619,-0.009313135810840617
-0.0020269093745061695,-0.017105728488678057
-0.002136050001615597,-0.003634704223058005
-0.004412243036556851,-0.0030743902833061942
-0.010861270244403087,-0.003145250396843491
-0.008735990602344923,-0.008247085621850309
-0.008031344992173783,-0.004096608059681345
-0.005754256394458368,-0.00810147036063441
-0.005662054739688505,-0.009974188021855263
-0.00647349805491737,-0.012459215377830846
-0.012348884109603275,-0.010735202448087983
-0.003961711519312683,-0.004085877535700416
-0.0013600367431553795,-0.01158091173601819
0.0011764493252369723,-0.008648203319601838
-0.0027891026387233397,-0.006216977598094725
-0.010554264833698979,-0.00506154670330361
-0.005596492757818428,-0.0047146039141257035
-0.007176979581021203,-0.012967682577143425
-0.01038641246847638,-0.006726608881474555
-0.0012543883682477608,-0.010885474045572774
-0.007638226868329101,-0.002199444633048664
-0.005848144421964352,-0.010299415995695393
-0.006180864434959632,-0.006110418906495718
-0.005855919736329762,-0.005949163017654108
-0.002498394404960469,-0.01019803592903426
-0.005408865717370148,-0.0053746263017196705
-0.010538101917404286,-0.006267794515113251
-0.003100734877861888,-0.0018841858810618728
-0.011154545659759041,-0.0074233449166337395
-0.0035297905932269447,-0.005765670024805769
-0.007219513648922593,-0.0061622804008521215
-0.003667779554641204,-0.007860295453093524
-0.00024858727554311066,-0.007204541373746071
-0.002659262265779727,-0.010085537310369735
-0.0019737642893532525,-0.008696706822403116
-0.005874918355510683,-0.009634483504456642
-0.0035442671367854617,-0.006275420814914917
-0.00571908010506561,-0.003004171965167196
-0.010553757298947253,-0.013778872124996344
-0.0024308922829783253,-0.007606061853437263
-0.0031228524751392706,-0.008180091034619918
-0.0044886698030544014,-0.015392446082916122
-0.0031775496723819296,-0.007859519397048709
0.001025282164977992,-0.0028678693764891128
-3.341024550368443e-05,-0.008847873982662069
-0.008159633253027765,-0.0102416145742735
-0.0063410905003806195,-0.011050595460721319
-0.009376223560795927,-0.010431704043502799
-0.006538686762682211,-0.009618589109455039
-0.008448640360137205,-0.009866480000106231
0.0006198814050627499,-0.010131175602450387
-0.009546135572859937,-0.009808544318037793
-0.003104092869417041,-0.004950734457375261
-0.0008483458129341925,-0.01109069660767606
-0.007861044952087393,-0.009817200441260165
-0.004556559953058925,-0.010953229934930808
-0.0059165421067207125,-0.01014489084388126
-0.0074449136681911665,-0.009734968008343642
-0.007022573935936416,-0.009572025746765828
-0.008137381395103838,-0.00360393050255825
-0.006396041464999058,-0.004286189994158945
-0.003650318293632715,-0.011473337974915676
-0.0036867781738220695,-0.009886388935978485
-0.007918204578111043,-0.008103141979453415
-0.0029662529225665812,-0.007125398411091638
-0.0010853719189579114,-0.007511412523803607
-0.0044728949147820884,-0.0016743069826896662
-0.007900355289080174,-0.008158749493387352
-0.005132141246331268,-0.013106044812662865
-0.007053467163165461,-0.006070332513458149
-0.008835938063645743,-0.008011716380728368
-0.005882544655312294,-0.006846345771918311
-0.008446580713295848,-0.0029965309114483307
-0.008694591110676386,-0.007151784316615534
-0.00258010454920804,-0.010565156175377455
-0.007791990718015618,-0.008672649085013695
-0.005485546251243589,-0.009131194930081937
-0.004410437157091274,-0.007784644742640789
-0.008865935728100682,-0.007170021633668783
-0.010223365454086475,-0.0068357347546667
-0.009007163174340693,-0.004702052756762054
0.0007146797492600943,-0.011881066902965393
-0.008887799558002119,-0.011314410254208512
-0.009078918850652151,-0.004237955012650729
-0.0100846004366274,-0.009378697792710722
-0.005187734006347977,-0.0075557672250876895
-0.008026434888529,-0.00806421967048307
-0.004148323490257455,-0.010391349129172195
-0.003321344300215079,-0.0056832885773255015
-0.00822932928249781,-0.008464441805460438
-0.010184682158574765,-0.008608251187210841
-0.005059072471388815,-0.00656586052738467
-0.0035063894051530764,-0.007384810635685801
-0.009955685134292402,-0.005514809170621832
-0.002710467210820633,-0.003262793379799317
-0.004420525885673987,-0.009242797985972273
-0.004136548388938621,-0.0051312574866908545
-0.005835847031976649,-0.008780357106762726
-0.0037182084436373497,-0.008178926950552695
-0.00664329056025198,-0.010589855708165175
-0.005812833871925049,-0.006363876450107192
-0.005340453278696644,-0.010254539005742358
-0.010886343051295988,-0.009302912821611414
-0.005236610783254436,-0.011037417261876598
-0.007439093247855022,-0.006259392159266741
-0.0016727283135490323,-0.0056358444057793555
-0.006869705649024116,-0.0114494144981728
-0.008940422354486166,-0.011665233323610497
-0.006763803506740551,-0.006082615149528764
-0.0052613103160422114,-0.010446837136376813
-0.013655094136631019,-0.008739121383575132
-0.0059430622728910976,-0.008392163840480055
-0.0061912069309181805,-0.006727638704895261
-0.0027386737497272495,-0.00750636815951225
-0.010633795824375847,-0.008739240890304478
-0.006534537961164988,-0.00721954020597354
-0.006802337787688517,-0.00488944078375167
-0.005747018122679082,-0.00511263214161517
-0.0014097043300238532,-0.00743019516039059
-0.012325229154153516,-0.011536959816673714
-0.008639774406704437,-0.006112747074630165
-0.010887253367987348,-0.01198037256886797
-0.006604756279304069,-0.008299962185710219
-0.009477588873539888,-0.005041384000055493
-0.004220213427215458,-0.0032467647241511965
-0.007561173060350479,-0.007199243242078879
-0.001812762167887505,-0.01201450428092285
-0.005867665329814198,-0.007772108339194339
-0.007853418652285726,-0.007382616728197872
-0.008006779720032664,-0.003949709207668933
-0.010476166448382451,-0.006589261715458594
-0.008731588033451865,-0.010716726117576014
-0.003231605074226207,-0.012626560208301718
-0.002106828393205473,-0.008107544548346446
-0.001988375093558259,-0.00761900103882332
-0.004679027793576762,-0.006874149528885293
-0.01161191266684286,-0.00950712031421122
-0.003991709183767511,-0.008364240576783727
-0.0076175418764120595,-0.0029289092827368413
-0.005739257562230926,-0.0032409443038150243
-0.008261789375733741,-0.004668831361398507
-0.010874060415225373,-0.009250946574442864
-0.004629748234730668,-0.006933622569126163
-0.007452539967992888,-0.010389558003623872
-0.011316323837269604,-0.00708428219463339
-0.010310388483918409,-0.006455943844230511
-0.0009468901767091809,-0.010398467894222108
-0.0037923070420004534,-0.011034178777050763
-0.004927679986355571,-0.011744764314287365
-0.007152787582985265,-0.007967749707466693
-0.010005965008724749,-0.0065299081819470695
-0.005947599102430701,-0.007721933217574112
-0.009083575186921045,-0.00812240911992737
-0.0033192846533736664,-0.007756587218297917
-0.004398393534479406,-0.009545774101888477
-0.004184261081777885,-0.0075657216930238025
-0.005834429180533507,-0.007973062593051111
-0.004042018566034311,-0.01105835602116953
-0.009445785329619483,-0.00791861916318437
-0.00579486507616489,-0.008593506122359262
0.0029753516633049815,-0.0012330881379833403
-0.006613934691195367,-0.007731499657487817
-0.004122057091462961,-0.003573544810080931
-0.00363145393509845,-0.004424686490324903
-0.009301990701786278,-0.008334750447080569
-0.0001288356311821559,-0.009241887669280913
-0.009002745851530436,-0.009468839800639173
-0.011938438985396704,-0.0061883977850829275
-0.003816230518743302,-0.008734077019283831
0.00019030340102876853,-0.013251003524563265
-0.0066099201503246885,-0.010942230889656762
0.0007449311810909243,-0.010158457070748417
-0.00980865202163339,-0.006975275828170563
-0.007965529242927816,-0.005940626401161081
-0.006505704380777355,-0.006263406700137392
-0.00868878544425744,-0.010632016501961328
-0.00686364621522928,-0.007965287278685729
-0.011964302602251675,-0.00963422973708078
-0.0036631232183723106,-0.005431009871698478
-0.004339054754885052,-0.004661324568326186
-0.007682208295507975,-0.008100172015920643
-0.004035810117675731,-0.006852166192254483
-0.001174096075443276,-0.005721957118919985
-0.005220074592854618,-0.014957704207861466
-0.002069846224347194,-0.010092253293480041
-0.006833768057503686,-0.008588073730045526
-0.004160979400433251,-0.00870252724273926
5.000102539720608e-05,-0.004143932724498173
-0.008401837983989358,-0.011600059369762827
-0.0012087500761670533,-0.0060312759438412855
-0.011154411399112496,-0.007134457316253617
-0.008885725157243562,-0.010274462695531839
-0.00961117526606109,-0.005785966988700431
-0.00759284234362434,-0.007878532770146829
-0.0029711630262113653,-0.005610503077593365
-0.006733940102932157,-0.00791770884649301
-0.006292333230203451,-0.005007237534083386
-0.007009380983174496,-0.0074120921039838306
-0.00863201384625617,-0.008279918989191448
-0.009697959282434387,-0.007973062593051111
-0.006309540723836049,-0.004532021237968725
-0.010057438475058744,-0.01208718502784284
-0.004141846520605841,-0.006993378884577295
-0.005024015688725347,-0.00830087250240158
-0.002963670987056244,-0.0075396043087929965
-0.011716411711600427,-0.012275990906275597
-0.008188078805393018,-0.0077223212455965196
-0.002943493529890928,-0.010079582629387046
-0.007501685266192382,-0.00310580579920422
-0.003865107295649761,-0.004978657721071589
-0.008231791711278857,-0.007108593699398674
-0.006445709051867532,-0.011520274611710096
-0.0039773521469383954,-0.0066068572371136
-0.007285463658815106,-0.009523268476588714
-0.007283657779349528,-0.0077322757135326325
-0.0019437518709811696,-0.008658292048184524
-0.008007302008701589,-0.008494319963186003
-0.005141692932327746,-0.007104191130505616
-0.0010004232898845333,-0.008716750018921887
-0.003061424540869162,-0.0044692949589848485
-0.004243360847913491,-0.01010699835833162
-0.0027760144387735664,-0.011128708599955073
-0.0075391897237196415,-0.003907682674519297
-0.005244371343702703,-0.008957014609771413
-0.00824834265559593,-0.0058678261475117455
-0.003275571747487882,-0.011034954833095578
-0.006303854564146449,-0.007200661093521993
-0.010291628878196235,-0.007507920271601909
-0.0038939556299546485,-0.014108487913812334
-0.007679357838704548,-0.009590009296443242
-0.010637019555284455,-0.00869127443008938
-0.008211494747384196,-0.007088804270255766
0.0021712661265848032,-0.009383995924377914
-0.006054128286195337,-0.005583982911422952
-0.005363734960041222,-0.009475943811771886
-0.01255022639148251,-0.0031328335001263585
-0.00798918419837763,-0.008935673068538874
-0.004789317750836131,-0.005351344620375065
0.0007136351719222445,-0.00860708710314359
-0.007718682929614529,-0.00818591145495609
0.0005963459563422813,-0.009420590065213785
-0.004533278271714347,-0.009363057165084981
-0.009277813457667539,-0.01092917219754136
-0.007359308489802319,-0.008802996992709033
-0.002365196040461759,-0.008966312528392056
-0.0051475133526638905,-0.004955376039726983
0.00014582919301531216,-0.007759183907725453
-0.005232730503030414,-0.008029699930405781
-0.005306560580100428,-0.004912453943803213
-0.004429435776272195,-0.0077894353395562554
-0.008586107032882484,-0.0069315629222847785
-0.005376151856758382,-0.0020756932017342855
-0.003938564098614594,-0.009177101743455623
0.0027337887277416595,-0.012438918413936184
-0.0059888495795354935,-0.0089025711799047
-0.00893925827041897,-0.010377260613636086
-0.008702232164395252,-0.006673971331073336
-0.006255873350014096,-0.009344178052633434
-0.005910467919008677,-0.009748414728481425
-0.007282881723304713,-0.009358012800793652
-0.002733226603496286,-0.009165714670159225
-0.00782043627038087,-0.011540317808228895
-0.012042803769507782,-0.008833263178457035
-0.004407974728310338,-0.009018562050770895
-0.00795194826214346,-0.004409419136804371
-0.0032844963920033443,-0.010379081247018779
-0.006624291941071059,-0.008343928858971894
-0.004183231258357123,-0.009380503672176216
0.0036545069307263867,-0.00967806214969591
-0.007370427041805683,-0.006900535434409161
-0.014435241442691094,-0.013586962022384352
-0.0039121781930906985,-0.014911394612548118
-0.0029194357925015346,-0.012693793808990772
-0.0026899164795500807,-0.009934489656840129
-0.0007430854660489539,-0.009741683991453948
-0.0022918734981434707,-0.01153773587271853
-0.006906195037047869,-0.01451621684186205
-0.007696296811044057,-0.004724826903354906
-0.00792751725064883,-0.009263736745265205
-0.011337650624584916,-0.007031913165525233
-0.0012435235836202319,-0.008816577973493417
-0.00956680581085978,-0.00745747662868862
-0.003599113348591809,-0.008824726561964008
-0.0042159451189689445,-0.005594325407381473
-0.008896977969893471,-0.007453730609111031
-0.006399667977847301,-0.00436093038792032
-0.00856140750009482,-0.011220775994078364
-0.008696277483412507,-0.002454066260727389
-0.005198464530328961,-0.00638300932993463
-0.008114114467676459,8.915054469249561e-05
-0.002902631080808571,-0.010414377043140882
-0.0031278968394305995,-0.008751015991623312
-0.004922530869252095,-0.008652217860472489
-0.010564234055552346,-0.0035049981107609096
-0.00526778728569377,-0.01539787847522986
-0.0012505080880236275,-0.006270779232563195
-0.006523807437184059,-0.008942657572942242
-0.0034657807234465543,-0.007548528953308431
-0.011683951618364552,-0.004236268639914553
-0.006049486703843587,-0.013249973701142587
-0.007086598559634061,-0.0052030279169195115
-0.005927272630701641,-0.012323315571092425
-0.008465325565100879,-0.007395018870997777
-0.0040100660075501615,-0.009239813268522329
-0.0059526287128048305,-0.013742263230243273
-0.0028318904740005646,-0.013382784037618944
-0.004958468460772525,-0.008431220410096918
-0.004056629370239373,-0.008280307017213856
-0.002082516888440189,-0.0061066728869181575
-0.001037659226118648,-0.008497304680635975
-0.002451711535541967,-0.0083083792954739
0.0033390991641758516,-0.0090087270895641
-0.006822395738124487,-0.005690795370397822
-0.002861112082410633,-0.009800141962191311
-0.007797035082306947,-0.00980454453108437
-0.0016943236221574898,-0.009013517686479566
-0.003863957965499709,-0.010821464175792328
-0.006648722952565744,-0.00980142555298788
-0.007174636658969558,-0.010284148642174862
-0.005855770721766074,-0.010970571689209924
-0.007393708723150261,-0.0026160982056138427
-0.005710558242489783,-0.009182922163791796
-0.007685954315085508,-0.007190064830187554
-0.007232572341037968,-0.008413236860419532
-0.005850084562076474,-0.014463713552107377
-0.011169290724610592,-0.010272522555419772
-0.009573297534428649,-0.011640533790822805
-0.008344932125341598,-0.007930125743210115
-0.005797969300344152,-0.010299669763071256
-0.007758098019419402,-0.004434118669592063
-0.007250033602046402,-0.008689200029330796
-0.0024396974207644417,-0.010531278230698465
-0.006420875258433323,-0.011170347105082246
-0.005889141131693365,-0.006323267768400698
-0.006074440004007142,-0.005947491398835131
-0.0023958502542321125,-0.008775715524411004
-0.006508928111685963,-0.009185116071279698
-0.005916676367367257,-0.009595949223508704
-0.0012595669931856346,-0.007627269134023257
-0.00677571286870593,-0.009386070325136497
0.001012357733509106,-0.010573304763848074
0.0020096222097207295,-0.008143884921806455
-0.0038073206281450944,-0.008419445308778112
-0.007274598874187577,-0.008129139856954876
-0.009717226422908343,-0.007380930355461696
-0.007059929378899932,-0.007347440438805114
-0.004741605057996867,-0.01258362335846075
-0.004754917517488189,-0.009430036998398172
-0.0033175982806374904,-0.00951150812918708
-0.0026341747049696274,-0.007759169153808254
-0.002307140851663947,-0.008734853075328647
-0.005300113118283156,-0.009624782803896392
-0.008176706486013818,-0.00910610736927181
-0.00763758507293083,-0.006753368061103632
-0.008730423949384614,-0.008044698762633223
-0.005937107591908464,-0.00731665196438816
-0.009878601818479271,-0.008504542952415234
-0.004603496589853373,-0.009639647375477317
-0.003558385160155997,-0.011328633030391166
-0.007697326634464763,-0.0032390041637029854
-0.003430365420595105,-0.007008765744827172
0.0039737802235838005,-0.008466784727512111
-0.0047599618817795175,-0.00939033863338301
-0.00771245972733875,-0.011890111054210173
-0.009685273864424193,-0.013097642456816383
-0.0035322530220079362,-0.007380408066792743
-0.009958520837178575,-0.007503398195979533
-0.005208299491535728,-0.010800376401935652
-3.352975223303023e-05,-0.008850067890149999
-0.013915775198104552,-0.005622263424994972
-0.008679204250426509,-0.005882705473009842
-0.006447246410039964,-0.001948718039511299
-0.006239053884403989,-0.008404326969821324
-0.00782586866269458,-0.00781064262014225
-0.009869677173963864,-0.007910470574713752
-0.0035022553575530524,-0.008382716907295695
0.0016167726071691368,-0.006635302789478853
-0.006539701832185718,-0.004182093731340902
-0.004501206206500852,-0.013616064124065103
-0.0021637342518531777,-0.009262453154468664
-0.009275097261510656,-0.012560475937762688
-0.00956901447226488,-0.0077061583293018265
-0.008363303703041391,-0.003973378917035919
-0.010251288717782803,-0.011580404201266437
-0.007345727509017963,-0.005167985888173271
-0.002811593510105903,-0.005430233815653662
-0.001275864170126817,-0.011725750941189272
-0.009785892628957682,-0.005104215031851489
-0.00039614267687104743,-0.01062567379295623
-0.0046637604400562305,-0.01268255575025809
-0.007123565974575197,-0.012877555323132173
-0.008661489222042185,-0.012032875858622671
-0.009528808572498049,-0.006219813300980953
-0.008730946238053594,-0.007341231990446562
-0.00739900685481748,-0.005445620675903484
-0.004886056235145542,-0.011743988258242521
-0.011504473166386864,-0.008245653016489995
-0.005451787813293918,-0.006591858404886131
-0.00512708212812274,-0.006068899908097836
-0.0017861372489049177,-0.00946107924019099
-0.0066929581471204536,-0.006560174367695043
-0.007115283125458005,-0.001724989639061647
-0.008381272498801606,-0.005105259609189394
-0.003526954890340772,-0.005437472087432893
-0.007621944445305118,-0.0043257540985275345
-0.008205271545108361,-0.008953776124945606
-0.0021831208990564788,-0.00930085317477003
-0.006523031381139244,-0.011857531454244952
-0.0023695986093547616,-0.0067880220618274645
-0.002559807585313434,-0.004563571014513296
-0.00720373876065028,-0.011029388180135269
-0.007657508762720255,-0.01181381854835914
-0.006433426415796972,-0.009209039548022602
-0.011658222262156182,-0.008187463567045694
-0.006681183045801564,-0.009225590492339703
-0.003613992674089961,-0.01081330083340451
-0.006848244601062203,-0.0074592972620713405
-0.011328845486798855,-0.007016004016606403
-0.0022111931773165505,-0.009933071805397015
-0.010236543652931196,-0.008199223914447357
-0.007897639092923237,-0.008212416867209277
-0.004747679245708958,-0.009975352105922486
-0.0021868669186340672,-0.004056521666643803
-0.007294388303330512,-0.006980320192461892
-0.0064460970798899675,-0.005807577051226032
-0.008611716882361564,-0.010154711051170856
-0.007443883844770516,-0.008436264774388247
-0.007015977459555456,-0.007808702480030211
-0.00024639336805515333,-0.0043058451626553085
-0.009674035805691483,-0.00826738258574497
-0.009818218461547068,-0.008760582431537017
-0.0033247022917701763,-0.008028789613714421
-0.005425670429063112,-0.008016118949621426
-0.0013287407339866997,-0.0028254548153170966
-0.006137420050366937,-0.0038633279732352144
-0.006904120636289202,-0.006583187527746587
-0.012161242315237797,-0.005578550519109188
-0.009836829052705554,-0.0077026660771001565
-0.00473165059006081,-0.005910628736706169
-0.01294501613414617,-0.012315808778020076
-0.0027482401896409825,-0.009330731332495595
-0.01068655288150644,-0.00866372444049826
-0.01130441447530428,-0.008098231875808604
-0.010278062651329078,-0.00934844636087992
-0.004739411150508965,-0.007137681047162198
-0.011746409376055367,-0.004962106776754488
0.000999015766183442,-0.0043697207717892095
-0.009034056614616315,-0.005991577578826124
-0.003019666529012588,-0.0030799421823492767
-0.00944151702137297,-0.007803270087716474
-0.008537872051374351,-0.006773799285644838
-0.00656195369010959,-0.005691317659066775
-0.0021942542049770974,-0.007002945324491028
0.0002640139713694367,-0.011379957482161418
-0.004780273599591378,-0.0051981178132747
-0.006143613744808318,-0.006574143376501834
-0.0006379593798102046,-0.007699815620296729
-0.00580119303125276,-0.013089240100969929
-0.004441986933635844,-0.007216301721147733
-0.004684445431973272,-0.009097705013425328
-0.006570370799873271,-0.01208834911191009
-0.0027857151393337887,-0.005586699107579807
-0.007010291299865856,-0.008375359128787091
-0.006074186236631307,-0.008766268591226645
-0.0072253340692587376,-0.0032034398462877645
-0.010152356325985434,-0.00434463321097911
-0.011304160707928335,-0.0070851925113247505
-0.0036941507062479007,-0.003708922328150427
-0.005435385883540533,-0.00941503816617073
-0.004014602837089709,-0.005005431654617892
-0.013088183720498248,-0.00765093884339027
-0.004101237838899319,-0.011762345082025144
-0.008827669968445806,-0.006242184665634198
-0.0018872635481902433,-0.01066047680824378
-0.0030362027194125174,-0.011880917888401649
-0.012849590748467699,-0.011542243194423707
-0.002066607739521331,-0.008014954865554202
-0.005500545083471031,-0.012619829471274213
-0.0069826218035453635,-0.005893943531742524
-0.0053663168955515594,-0.00807483068773468
-0.0003625184995679209,-0.006151803644247056
-0.007710773354602574,-0.009653884905577143
-0.00976868513532514,-0.009533357205171372
-0.002516497461367284,-0.009290510678811509
-0.001491936762940349,-0.004530588632608412
-0.00948031982361397,-0.008950030105368045
-0.008192093346263696,-0.007092684550479872
-0.0017109940732039641,-0.005302199322175544
-0.004046809162949805,-0.0049596591018906955
-0.010293180990285922,-0.0029989933402292945
-0.0035767419839385917,-0.01234322450696465
-0.010598351013690055,-0.00817944923922162
-0.006872048571075762,-0.010859088140048906
-0.006720612889523692,-0.006227961889451572
-0.0023011861706812575,-0.007329591149774245
-0.005177525771036029,-0.00990410396436281
-0.007934755522428116,-0.00866217232840863
-0.0025543899469168685,-0.008915883639395966
-0.00824083586252361,-0.005369969965450749
-0.008054104384849436,-0.013882058071123027
-0.008132217524083163,-0.0064434074407840325
-0.00848007062995243,-0.00915899868704892
-0.0059298693201291774,-0.007230927279269966
-0.011894740833428119,-0.004609089799864602
-0.007768321008648604,-0.0022735432314117954
-0.0037157460148563026,-0.007134964851005371
-0.0070618842729291975,-0.006925608241302061
-0.011419375522749742,-0.007639566524011043
-0.012422714186673345,-0.009332925239983525
-0.006769623927076696,-0.008634890860110572
-0.004874012612533674,-0.007529515580210339
-0.00803949358064443,-0.008017671061711057
-0.006481527136658616,-0.011252848059291859
-0.004554619812946914,-0.007085312018054096
-0.007310551219625205,-0.010933843287727507
-0.0036341553773380775,-0.005946700588873088
-0.0008089012152949215,-0.007403301720114941
-0.004630390030128995,-0.008651307543781156
-0.0067307163720235486,-0.008334750447080569
-0.006293243546894811,-0.004919692215582472
-0.0015205313298694012,-0.009992813366930947
-0.01178754034643087,-0.013679954487116203
-0.0073058948833562565,-0.005775878260117745
-0.009542001525259969,-0.0071947211664565025
-0.008976508960570284,-0.009299823351349351
-0.005871023321369406,-0.007091400959683303
-0.002412535459195786,-0.013570545338713796
-0.009043100765861067,-0.008032147605269546
-0.0037668314531678626,-0.0064855682345802135
-0.005205061006709977,-0.005466305667820581
-0.00038229317479365754,-0.011744883821016683
-0.006873600683165393,-0.002163372780881745
-0.008767794146265329,-0.006259780187289177
-0.005601283354733866,-0.012012176112788375
-0.004426465812739422,-0.0059953235984036846
-0.004625479926484211,-0.007558349160597999
-0.003232381130271078,-0.008204402539385203
-0.002435160591224894,-0.00682346687251334
-0.0020751443560144134,-0.006518789629943733
-0.008856503548833494,-0.010844089307821464
-0.005582792270304726,-0.00899619068611765
-0.006564281858244092,-0.0028285590394963867
-0.004092581715676946,-0.00807923325662771
-0.002433474218488718,-0.008853948170374104
-0.007971991458662286,-0.008862335772303387
-0.006130167024670452,-0.01158492627688884
-0.00919789443896829,-0.006730877189721068
-0.006805188244491889,-0.009630871745525599
-0.006060859023222842,-0.007266237829309269
-0.004056495109592828,-0.008311468765735963
-0.010092360997075667,-0.008779461543988593
-0.005132260753060558,-0.007628955506759433
-0.00715978684130586,-0.00795870555622194
-0.004764230190026031,-0.006972813399389571
-0.0052404910634785695,-0.008535048151621871
-0.0032477679905209,-0.006198217992372523
-0.005648085730881769,-0.009126016305144063
-0.009882482098703405,-0.00900278716249861
-0.006565445942311288,-0.012696778526440716
-0.005325454446469147,-0.00722549488695623
-0.011401406726989527,-0.004955390793644182
0.001785923317105531,-0.007722186984949975
-0.0042798207281028455,-0.008519153756620268
-0.004638807139892676,-0.0040971303483502974
-0.007192739715376262,-0.013209379773353264
-0.0068050687377625985,-0.0032779264726733037
-0.006512032335865281,-0.010274850723554246
-0.0076897003346630965,-0.008016506977643834
-0.00964324733127453,-0.007112220212246889
-0.010276883813344684,-0.0032487048642632077
0.0015459124936318402,-0.0040920859840589685
-0.0071419227983577915,-0.0074364036087491425
-0.007254689938315351,-0.00394272470326551
-0.0054824420270642715,-0.006581769676303473
-0.009712182058617014,-0.006623139660137611
-0.00581995263697499,-0.008776357319809303
-0.003666615470573953,-0.004478473370876146
-0.0031568646804648326,-0.007821238883476661
-0.009405042387266416,-0.004565884428730516
-0.011095699660999214,-0.004368556687721958
-0.0017640196516275353,-0.0062309466069014885
-0.002368300264641021,-0.008430444354052102
-0.0023239455633569106,-0.005185686162640396
-0.007691640474775163,-0.009438707875537744
-0.011431538652090956,-0.009408710211082832
-0.0057311237276774785,-0.011450444321593478
-0.008088250850821488,-0.007098639231462561
-0.006472094957391428,-0.0101554871072157
-0.010601201470493427,-0.00984151194602545
-0.008438820152847637,-0.005653171406141244
-0.002821294210666181,-0.008883289285513518
-0.005262742921402497,-0.01054278481072421
-0.0051995091076668665,-0.003614138737870254
-0.005865217654950405,-0.005321093188544318
-0.0005775612689608023,-0.008965670732993786
-0.00041642488684850987,-0.007902456246889678
-0.006205951995769787,-0.007764989574144399
-0.007916398698645466,-0.00687079153733014
-0.001034301234563495,-0.006981872304551551
-0.008621805610944222,-0.011528930734932441
-0.012055728200976668,-0.004813402045276527
-0.009663290527793356,-0.009294002931013179
-0.004824106012206508,-0.008084785155670793
-0.010990439314113976,-0.0038103023948115877
-0.0017932412600376035,-0.01044941907188715
-0.0042142587462327685,-0.008703034777491014
-0.00951782428114123,-0.003780438991003221
-0.008746198837656927,-0.012488571246887459
-0.010004547157281607,-0.010346486893136358
-0.007327624452611203,-0.011746047905083934
-0.0033697135423697566,-0.008208282819609336
-0.0030116374472713425,-0.008673171373682648
-0.006916015244337437,-0.0064969405539594405
-0.005861068853433238,-0.007593256928697695
-0.008744646725567295,-0.004666368932617543
-0.0018740705954282122,-0.0055348523671406025
-0.007503610652387249,-0.007472609721562606
-0.005005017069544537,-0.006122567281919761
0.001112827483478962,-0.010005349770377397
-0.010316596932276989,-0.00886558901104642
-0.008745810809634491,-0.007978748752740739
-0.005938391182705005,-0.010306908034850515
-0.00497655676326203,-0.007537276140658522
0.0007376781553944389,-0.009001235050408951
-0.00485759592886309,-0.009061230379318774
-0.003092854810684331,-0.006411081608194674
-0.0026659782488899775,-0.00617235437551758
-0.005552928866496332,-0.007872578089164112
-0.008432865471864948,-0.005295617599711755
-0.005345109614965593,-0.005404235938152174
-0.0048014808801774,-0.00488620229892589
-0.004546978759228049,-0.008525615972354683
-0.00324155954216232,-0.009160416538492033
-0.008945989007446475,-0.010353471397539726
-0.006753849038804438,-0.009649482336684112
-0.01098409660510885,-0.009922729309438494
-0.005173511230165406,-0.009945354441467574
-0.016373655346428595,-0.004950988224751152
-0.011504995455055789,-0.007484638590257303
-0.007557158519479801,-0.0027180005609439284
-0.004473670970826904,-0.0037175932052899707
-0.006116466537156806,-0.008303976726580842
-0.006500525755839481,-0.007310458269946807
-0.0018926959405039523,-0.006534564518215991
-0.0019082023074831755,-0.0067352650046969
-0.004240390884380829,-0.008798474917086685
-0.0069166570397357074,-0.009197279200620967
-0.005884484795424416,-0.006933637323043362
-0.007670433194189141,-0.008957656405169712
-0.003914506361225201,-0.006250601775397879
-0.0042570613354271924,-0.009836736103027183
-0.007027230272205309,-0.006578277424101803
-0.0032107710677454215,-0.00896774513375237
-0.002499543735110521,-0.007312786438081281
0.0032739252103281546,-0.010733262307975916
-0.00399055985361757,-0.010945737895775659
-0.0017058154482660348,-0.008321049959566895
-0.009728464481641053,-0.007580586264604727
-0.007722428949192062,-0.006825272751978834
-0.007805183670777538,-0.007605434811956163
-0.0025327946383084665,-0.006756472285282922
-0.0029703869701665497,-0.00764692430251962
-0.006427456980897084,-0.007215391404456373
-0.007044691533213798,-0.012906642670895724
-0.011282819166695823,-0.0035056546600763794
-0.005174287286210222,-0.007879189319462299
-0.00319733910152481,-0.008526392028399526
-0.004333995636676524,-0.009595949223508704
-0.005063072258342238,-0.011228670815173092
-0.0041370559236904025,-0.008082725508829408
-0.009188193738408013,-0.009291286734856324
-0.0027483449424530737,-0.009498315176425104
-0.005639429607659396,-0.009480734408687352
-0.004137697719088673,-0.014754675553246055
-0.012125827012386348,-0.005841320735258504
-0.012841307899350562,-0.0023175099046734704
-0.0057044840547777476,-0.008282500924701758
-0.005691037334639937,-0.005738642323883575
-0.009393147779218236,-0.009724998786490302
-0.005281756294500561,-0.011212507898878427
-0.007752680381022836,-0.011203583254362992
-0.0034823464216808264,-0.01092373980522765
-0.002728958295249828,-0.009293480642344226
-0.0021818225543427383,-0.005840932707236124
-0.004744440760883095,-0.010368335969120651
-0.011193587475458733,-0.00799659804177158
-0.005257444789735333,-0.008574492749261142
-0.005006554427716914,-0.007293385036960753
-0.00952545058094284,-0.013479507768011156
-0.002713437174353406,-0.009395636765050203
-0.010119254437351233,-0.012118854311116756
-0.007269300742520413,-0.00548363266818247
-0.005006837702927258,-0.005532643705735502
-0.0044479268607013345,-0.006099031833199292
-0.0052292382508286606,-0.007362573531679101
-0.006653379288834638,-0.012685779481166698
-0.003545311714123367,-0.009712716150419715
-0.007104298834101186,-0.007493817002148628
-0.004651731571361506,-0.008863902638310217
-0.0005416089235231736,-0.009282750118363298
-0.005637997002299111,-0.009956741514764028
-0.013866256625799822,-0.008392298101126572
-0.008010794260903231,-0.006938801194064037
-0.007948709777317653,-0.007565333665001395
-0.0057140357407742814,-0.011417342432959304
-0.006061247051245222,-0.009377160434538262
-0.001970018269775664,-0.010858565851379953
-0.010460899094861975,-0.007191870709653075
-0.01110980293045255,-0.00504344364689685
-0.005024015688725347,-0.008626876532286498
-0.006338508564870227,-0.006460868701792494
-0.0024314145716473057,-0.0048159839807868365
-0.008281056516207697,-0.008948597500007732
-0.005588746951287471,-0.012709971479202636
-0.006324271034770401,-0.009848242683052955
-0.009110468627196666,-0.006381979506513924
-0.008799343922809844,-0.006842987780363158
-0.007275135916773756,-0.008155257241185682
-0.006928954429723522,-0.008940851693476748
-0.008250924591106212,-0.012160507570161128
-0.006900255109982323,-0.007827327825105895
-0.009139704989523989,-0.003558277456560399
-0.007666806681340899,-0.009531297558329987
-0.0008708514382339549,-0.010249628902097574
-0.0022384746456146076,-0.004590598715435434
-0.003030770327098753,-0.010752141420427463
-0.0046064665533860905,-0.013038154662658313
-0.005156169475886263,-0.012987083978263925
-0.008390331403963558,-0.005751447248623143
-0.0069717422650007466,-0.005460485247484409
-0.0020273121564458596,-0.0038747002926144414
-0.001916097128577876,-0.00866876880478959
-0.0038135143225864754,-0.008395909860057615
-0.003915028649894126,-0.009629051112142906
-0.007968379699731243,-0.010411660846984028
-0.005533258944082797,-0.005596146040764194
-0.007287269538280572,-0.0069298765495486025
-0.0022905751534296748,-0.008417131894560836
-0.004709398732136882,-0.00601860527974829
-0.009606145655686904,-0.006748457957458848
0.0017300472818784773,-0.007977330901297625
-0.001367409275581155,-0.007444940225242169
-0.00019000979807637375,-0.009323612567445683
-0.004059733594418635,-0.010416839471921902
-0.0012552986849391212,-0.008424504426986612
-0.004036839941096493,-0.011058624542462592
-0.0041549052127212716,-0.00632702854189543
-0.008659937109952554,-0.0076425364875437884
-0.010318925100411491,-0.008048056754188376
-0.006449574578174411,-0.01227999069322902
-0.004547635308543518,-0.008316378869380775
-0.002505632676739755,-0.007765899890835759
-0.009593206470300875,-0.009223530845498318
-0.003846750471867111,-0.007855519610095285
-0.0045931540938948245,-0.007723485329663743
-0.013620171614614152,-0.0129083290436319
-0.007442316978763686,-0.010172038051532772
-0.009043100765861067,-0.010753962053810184
-0.002250503514309332,-0.010533218370810477
-0.008165573180093255,-0.007119712251402038
-0.0030627228855829025,-0.009626722944008431
-0.0039097305182269615,-0.008577596973440432
-0.009485871722657024,-0.007107310108602105
-0.00861313473380465,-0.005341255891792407
-0.002468516247234931,-0.006644481201370178
-0.008501919705936722,-0.007730723601443001
-0.005715736867427601,-0.008023103454024821
-0.01109104332473032,-0.005195267356471328
-0.00877052509633941,-0.010832448467149147
-0.006186177320544051,-0.006921742714995183
-0.007925054821867838,-0.006664792919182011
-0.005915124255277626,-0.009257528296906653
-0.0012228385917031903,-0.010661372371017941
-0.006362685808988966,-0.006281375495897579
-0.0014852207798300987,-0.008444413362858866
-0.010755084826909234,-0.011988521157338589
-0.009569029226182135,-0.00938129448213823
0.00010186251975363714,-0.006267660254466706
-0.010734922123661117,-0.0022325465216828655
-0.006090602920301835,-0.010128459406293505
-0.009224265590574987,-0.006029082036353356
-0.007886908568942308,-0.006462928348633906
-0.008168289376250137,-0.005010461264992022
-0.0011620524528313525,-0.006349131385255613
-0.0019180225147727437,-0.008126423660798021
-0.008230120092459825,-0.009061498900611864
-0.0017632435955827197,-0.012881167082063216
0.00019843723558216064,-0.006664136369866541
-0.01000817367012985,-0.004288518162293364
-0.008728752330565637,-0.005992995430269238
-0.009708943573791207,-0.012307794450196002
-0.00282013012659893,-0.00549604956489963
-0.00802798700061863,-0.008276814765012158
-0.01032240259869599,-0.00943987195960494
-0.013096705583074075,-0.007217868587154563
-0.0075142216696388875,-0.011072713057998701
0.0029457272729552786,-0.002765847514429709
-0.009994219415240313,-0.010440494427371716
-0.005103695693966015,-0.00775142334727727
-0.0052417894081923655,-0.006617453500448012
-0.007528190678445623,-0.007155142308170659
-0.0047761247980742105,-0.010268254247173259
-0.0041777988660434695,-0.009139343518552528
-0.007960484878636487,-0.010687877783271155
-0.0029153017449015106,-0.011573285436216524
-0.010629781283505224,-0.009935399973531489
-0.007951052699369299,-0.007602838122528627
-0.0024392946388248626,-0.009243439781370544
-0.008897112230540016,-0.010674431063133344
-0.0012461202730477683,-0.008656098140696594
-0.009469455038986496,-0.007997493604545741
-0.0078076313456413304,-0.006524356282903987
-0.005620416234561332,-0.004914259823268735
-0.005175585630923962,-0.01216943221467659
-0.007094463872894419,-0.01075499187723089
-0.013673958495165395,-0.007419598897056151
-0.00846753422650598,-0.009457840755365154
-0.002738270967787615,-0.003710220672864195
-0.0030001308672455984,-0.007816060258538787
-0.011016049163593056,-0.010889861860548633
-0.0030583203166899,-0.005113020169637605
-0.003100346849839508,-0.010305624444053946
-0.00947475317065366,-0.00988250865575438
-0.002576627050923541,-0.009384383952400321
0.0011734793617041994,-0.007852922920667749
-0.006019354778742159,-0.009392144512848533
-0.007592588576248505,-0.008381045288476718
-0.0013098763754523235,-0.0017718067691267214
-0.003979814575719387,-0.0031413701166193853
-0.0056002387773959605,-0.011737003753839154
-0.005100830483245389,-0.005433069518539835
-0.006017951681216216,-0.008028147818316123
-0.005662457521628139,-0.008636308711553686
-0.00565780118535919,-0.011788730987549012
-0.008582226752658406,-0.007298041373229702
-0.00509644266826953,-0.009850958879209809
-0.0060131315764663795,-0.005586699107579807
-0.007828331091475627,-0.01049417655511084
-0.0036329912932708264,-0.011109441459481117
-0.006300616079320587,-0.0063699506378191995
-0.002010238923459806,-0.008478933102936181
-0.006726940844611562,-0.008610057066676363
-0.0030884522417913285,-0.008598550486650564
-0.002270934738850483,-0.003985139264437554
-0.006039517481990275,-0.009671211905939059
-0.007299044639599406,-0.006073048709615031
-0.007309655656851044,-0.006951874640096639
-0.010455600963194756,-0.0074741618336522375
-0.009556478068818486,-0.009983769215686167
-0.00488320577834217,-0.013544681721858853
-0.006970712441579985,-0.0068270786314443554
-0.0052945612192401015,-0.006584217351167265
-0.011965988974987851,-0.007656759263726415
-0.005847756393941972,-0.0073453660380465025
-0.005741212456260192,-0.012071022111548146
-0.00905202541037653,-0.007715082973817261
-0.0050015248173428395,-0.010684131763693594
-0.005200658437816863,-0.005241039909198469
-0.001545469876115757,-0.007561065356754881
-0.009396132496668208,-0.006883596462069652
-0.0027932366863233082,-0.0067211617352435915
-0.01254970410281353,-0.01237607262822299
-0.006290005062069004,-0.013458300487425162
-0.004265090417168493,-0.008629712235172726
-0.010673494189391064,-0.007362693038408447
-0.009381387431816657,-0.005732045847502615
-0.0004800614825237748,-0.007546454552549847
-0.004544650591093602,-0.006686388227790441
-0.007154861983743821,-0.006020291652484466
-0.007076748844510039,-0.005236905861598529
-0.00407162820246687,-0.00833319833499091
-0.005744033405229165,-0.009410516090548326
-0.0017971215402617369,-0.009716730691290365
-0.006638380456607196,-0.006280077151183838
-0.005071489368105919,-0.009887030731376756
-0.002529824674775749,-0.009034978734441451
-0.014084149851996075,-0.012752505547103998
-0.008038075729201288,-0.002516135990395796
-0.005298949034215961,-0.008572686869795648
-0.009295006197382938,-0.0059464468214972255
0.004134125795734078,-0.007135233372298433
0.001741165833881786,-0.010390722087691096
-0.0015413505824330431,-0.00972061097151447
-0.0032716914672638042,-0.004956032589042453
-0.004212587127413792,-0.006275943103583842
-0.006607726242836787,-0.010476969061478242
-0.0042848650923941745,-0.00790517244304656
-0.00405274909001524,-0.006365294301550306
-0.005132783041729538,-0.005513122797885628
-0.003626663338182956,-0.003592811950554886
-0.012227983135092324,-0.014048104556880131
-0.004426197291446332,-0.010790421933999539
-0.00781540666000674,-0.010759648213499784
-0.010317880523073586,-0.008232460063728075
-0.004502370290568103,-0.0105818413803411
-0.0034771677967429526,-0.0035263396519934487
-0.004557977804502067,-0.0017230494989495804
-0.00325463298819495,-0.008350913363375262
-0.005877366030374476,-0.0096251708319188
-0.009992518288586938,-0.0045515421458185434
-0.011092087902068226,-0.011087980411519233
-0.01102239187259818,-0.008063831642460662
-0.012167331256867031,-0.009706761469437053
-0.007547577325648924,-0.009085810405377148
-0.007402364846372633,-0.007930901799254958
-0.0008008868874708752,-0.008540614804582153
-0.002615683620540432,-0.006672822000923284
-0.004663238151387306,-0.012822977632618915
-0.0012058996193636817,-0.006003994475543228
-0.001646088640649357,-0.0053437183205733985
-0.007020111507155424,-0.006221499673717129
-0.0034178142632314557,-0.004053805470486921
-0.010924877332243899,-0.011170869393751198
-0.009363672403432277,-0.01561796560891407
-0.0064376799701262866,-0.008306692922737724
-0.006964906775161095,-0.0062274543546998185
-0.009094305710901973,-0.010439718371326873
-0.007360338313223025,-0.006374741234734693
-0.010106061484589313,-0.00907197565721693
-0.009638590995005691,-0.009148133902421418
-0.008316635587540033,-0.005737732007192242
-0.00957522292062346,-0.010686713699203904
-0.009694332769586145,-0.0067718591455327715
-0.007391768583038194,-0.012364700308843735
-0.00210876853331754,-0.004810939616495535
-0.0042255115588826775,-0.0072698495882403125
-0.006479840763922384,-0.009264124773287613
-0.006415054838097178,-0.007220450522664873
-0.008654907499578368,-0.006776784003094782
-0.0032546182342777508,-0.009916132833057506
-0.0035000614500651506,-0.01299315816597596
-0.006672646429308593,-0.009291540502232215
-0.005033984910578715,-0.007333337169351806
-0.012896407878532745,-0.00821978939963508
-0.008364855815131023,-0.009038605247289666
-0.0025255563665292358,-0.008484619262625781
-0.003421948310831424,-0.009319478519845714
-0.0027117655555343734,-0.006705267340242016
-0.001536037696848569,-0.006533161420690103
-0.009617652235712704,-0.0021605223240783455
-0.000274062864375646,-0.006118179466943929
-0.0031056449815066722,-0.006781171818070614
-0.0073793516863210895,-0.011124574552355104
-0.0014098238367532545,-0.006035424745358453
-0.009130646084362037,-0.0056866613227978535
-0.01218530005262719,-0.007834431836238581
-0.00323496306578136,-0.005222936852791765
-0.005110531183805667,-0.008740285467642384
-0.01273903226991524,-0.006366592646264074
-0.004956125538720824,-0.014419881139492247
-0.002758821699058167,-0.007653535532817807
-0.0044728949147820884,-0.010160411964777682
-0.0036182609823364187,-0.009980530730860387
-0.009523629947560175,-0.006549951378465868
-0.005786582227047754,-0.007849952957135004
-0.004705264684536914,-0.014265609755054004
-0.00468095317977163,-0.005255904480779394
-0.0027539115954133275,-0.008820965788469248
-0.0023189011990655817,-0.013244153280806414
-0.006817993169231429,-0.009428350625661996
-0.006149822193166843,-0.01088081770930388
-0.011152351752271084,-0.005809636698067444
-0.007881102902523418,-0.011541213371003056
-0.010195412682555749,-0.008439622765943428
-0.003031426876414278,-0.009900357944785249
-0.0018942332986763843,-0.010612227072818392
-0.0055015749068917374,-0.007351305965111993
-0.0020084182900770853,-0.007007721167489267
-0.0029661186619200364,-0.006430214488022112
-0.008299547600636836,-0.006388441722248367
-0.0033521180207147783,-0.010563604063287824
-0.002650337621264265,-0.008354271354930415
-0.01019220370556434,-0.011323454405453265
-0.002731032696008384,-0.006145983223910911
-0.0035917408161660336,-0.011586478388978472
-0.010473062224203189,-0.01022248169444609
-0.0022603237215989003,-0.0026317388332395553
-0.0038891650330391547,-0.007661937888664289
-0.0031240165592065217,-0.009848108422406437
-0.008447998564738934,-0.0033992154752067183
-0.004893160246278283,-0.015299602632748016
-0.011489459580242223,-0.004985388458099094
-0.006778160543569722,-0.008100425783296533
-0.004688071944821515,-0.009697583057545728
-0.008297607460524825,-0.005612174696412342
-0.009040265062974895,-0.005240905648551952
-0.005673188045609068,-0.007306577989722729
-0.0045151752153075875,-0.01063382238142685
-0.0037253272086872347,-0.010879131336567677
-0.004150905425767848,-0.0037646641027309358
-0.010438139702186322,-0.012653961183329093
-0.0022824265649590836,-0.008490185915586063
-0.002234340598014639,-0.010936425223237817
-0.010930951519955934,-0.00846432229873112
-0.006206728051814603,-0.00824111618695042
-0.006875943605217039,-0.007709382060210462
-0.00607727570689337,-0.010356068086967263
-0.0017033677734022423,-0.01343618289014778
-0.0016614755008991788,-0.008576044861350801
-0.009358628039140948,-0.009239693761792983
-0.005064624370431925,-0.009284436491099474
-0.003015263960119585,-0.00578260899714525
-0.005065668947769775,-0.009760175075883087
-0.014219795891358633,-0.008747389478775097
-0.00817981071019308,-0.008122289613198025
-0.003400233495493621,-0.006071884625547808
-0.002001060511568453,-0.00825896547598129
-0.0027505536038581746,-0.008573074897818056
-0.004001021856305409,-0.007471714158788445
-0.01205922045317842,-0.005416906602245142
-0.004262105699718577,-0.0031555928928020116
-0.01324063447155377,-0.01076067803692049
-0.0075067296304837106,-0.010044540600640833
-0.008248611176888965,-0.015623920289896787
-0.007604363677567283,-0.005762953828648887
-0.012295992791826194,-0.011552988472321862
-0.005078981407261096,-0.005605443959384837
-0.003983038306627995,-0.0070869983907902445
-0.008017644504660137,-0.011074533691381394
-0.009902913323244611,-0.006495910730538734
-0.005787626804385659,-0.008016641238290378
-0.009376223560795927,-0.009689956757744062
-0.00730435752518388,-0.007312264149412329
-0.0061795660902458915,-0.006100718205935468
-0.004119221388576733,-0.007523695159874194
-0.009211982954504372,-0.010839432971552515
-0.0028487099396107274,-0.007646402013850667
-0.004642045624718483,-0.009527671045481745
-0.009284156166672664,-0.011954643212659571
-0.006106646329867238,-0.010503862501753863
-0.004610734861632604,-0.006656256302688984
-0.00921611700210434,-0.012210414170488293
-0.007519519801306052,-0.00662534832154274
-0.007969663290527784,-0.007154500512772388
-0.001503189575590258,-0.007048210342466443
-0.007337190892524936,-0.008831188777698451
-0.008953227279225706,-0.004687456706474219
-0.007849418865332303,-0.006110165139119855
-0.006343284407868521,-0.007385198663708209
-0.008205271545108361,-0.007894829947088011
-0.009047369074107636,-0.008855754049839626
-0.003061812568891542,-0.0076964576287415765
-0.008507486358896976,-0.008043922706588408
-0.005658950515509242,-0.0029789501437105237
-0.007907071272190425,-0.010126907294203902
-0.005020135408501325,-0.010333428201020955
-0.0041657699973486895,-0.012681257405544322
-0.0028887963326483246,-0.013664940900971562
-0.00447392473820285,-0.012318271206801096
-0.008509546005738389,-0.006469390564368321
-0.006358805528764888,-0.007023645070325268
-0.004514399159262772,-0.0067797539666275
-0.011657685219570002,-0.008310438942315285
-0.007688536250595901,-0.00861019132732288
-0.009572775245759724,-0.007356096562027459
-0.003706821370340896,-0.007522143047784535
-0.008484592705574778,-0.00813431848189275
-0.005219537550268438,-0.007526799384053484
-0.009427428505836888,-0.00349310350271273
-0.006560133056726869,-0.004930810767585836
-0.005778045610554727,-0.0031180884352747795
-0.004075642743337438,-0.013065048102933963
-0.009696914705096482,-0.013280881682288831
-0.0028595747242382563,-0.011885977006610204
-0.009136854532720562,-0.015653156652224054
-0.009663678555815736,-0.009777114048222568
-0.0028073252018594452,-0.010071568301562972
-0.0012529705168046745,-0.009026591132512168
-0.0008096772713397371,-0.006716385892245352
-0.00899577610104424,-0.006376412853553642
-0.00585177093481265,-0.007637357862605915
-0.004669954134497611,-0.0032241248382048615
-0.0016195684744788608,-0.008785669992347145
-0.010880254109666754,-0.007572959964803061
-0.0072012763318692885,-0.00975410088817108
-0.002327572076205209,-0.007713530861727602
-0.007491074248940743,-0.0068778955484628534
-0.008756944115554999,-0.0041965850288166184
-0.011690294327369621,-0.01018614132098608
-0.0014646552946423474,-0.008620921851303809
-0.0060070721426715434,-0.010821464175792328
-0.00567524769245048,-0.009831691738735854
-0.00892619957830354,-0.00611249330725433
-8.758515407736311e-05,-0.004686934417805266
-0.009176687158382268,-0.008756448383937077
-0.003045395885221014,-0.008675753309192985
-0.004824240272853053,-0.01256668438612124
-0.005231312651587272,-0.008290007717774078
-0.0024758887796607065,-0.0051735377872163535
-0.007917816550088608,-0.010444896996264746
-0.00935952360191511,-0.005793339521126206
-0.005108725304340089,-0.010819524035680289
-0.004032556878932725,-0.006461376236544247
-0.0020432065514474074,-0.0065674126394743015
-0.00224856337419721,-0.008401342252371352
-0.009956968725088888,-0.0038063026078581363
-0.007066272087905057,-0.007755811162253101
-0.003767219481190298,-0.007535977795944754
-0.0057709415994220414,-0.011023060225047399
-0.005170287499256798,-0.009415560454839655
-0.0014765499026905826,-0.007614598469930262
-0.0032638114000862473,-0.006713027900690227
-0.009984250193386945,-0.007678996367733143
0.0007269476314135104,-0.007089326558924719
-0.01002097859486939,-0.009819006320725687
-0.006003848411762935,-0.00993074363726254
-0.0007133563228871598,-0.00733011343844317
-0.007495088789811422,-0.007395421652937384
-0.006262857854417492,-0.005949416785029971
-0.007364472360822993,-0.005315138507561601
-0.003953562930842092,-0.008099530220522372
-0.007618705960479255,-0.007482444682769401
-0.008508262414941792,-0.008997354770184873
-0.0007860075619727236,-0.008147496680737498
-0.002167614532077311,-0.008189269446511216
-0.013405651133890195,-0.010985943795542574
-0.006862094103139649,-0.008959462284635233
-0.005572584034992778,-0.012221278955115794
-0.009098320251772651,-0.010556873326260319
-0.006376266789773377,-0.009680778345852792
-0.010363533569071437,-0.009459124346161724
-0.007582499847665791,-0.00265346840249453
-0.003708000208325346,-0.0028974937668388157
-0.005946808292468686,-0.00883972539419145
-0.004599870077005075,-0.010551067659841373
-0.006743252775470054,-0.007509979918443294
-0.002986027597792318,-0.009784232813272481
-0.004377828049291654,-0.014520216628815474
-0.0030400829996365952,-0.009291032967480461
-0.0006016042524329968,-0.002850930404149604
-0.002627070693836886,-0.0063157757292455485
-0.00479409359383437,-0.008977565341041938
-0.006085946584032942,-0.011109963748150042
-0.005872843954752127,-0.010169709883398326
-0.0065173304675325006,-0.007806374311895736
-0.0075303845859335805,-0.012166193729850755
-0.005088025558505849,-0.00370725070933145
-0.0033615649538991654,-0.005759849604469625
-0.007748934361445303,-0.005342942264528583
-0.00040479880009341995,-0.008427862418541793
-0.010080854417049867,-0.007063343435340458
-0.00948794612341558,-0.00855225564525447
-0.001873279785466253,-0.0064887919654888215
-0.005871545610038331,-0.006154266073028047
-0.005440415493914719,-0.014783777654926805
-0.003610500421888263,-0.006396978338741394
-0.007905519160100793,-0.010469596529052466
-0.0026882301068139047,-0.009673928102095941
-0.00503411917122526,-0.00632379005706965
-0.00869924744694528,-0.006650555389082186
-0.002949701978249508,-0.011739331921973628
-0.004364784111093478,-0.008712735478051264
-0.012205850783897743,-0.00993074363726254
-0.004157621408878098,-0.004918662392161766
-0.004988719892603299,-0.010673266979066093
-0.0072448549771085835,-0.0124340083102914
-0.0010870582916940874,-0.008670455177525765
-0.011573258879165604,-0.010619480098514877
-0.007004724646905547,-0.011002240972483784
-0.003381339629124902,-0.003765828186798187
-0.0057970589836528474,-0.008660366448943108
-0.0061983256959680655,-0.015584356185528142
-0.005087383763107578,-0.012886211446354517
-0.005318335681419262,-0.005876362764004772
-0.008295667320412703,-0.006449347367849523
-0.008510336815700403,-0.005999591906650198
-0.007098478413765041,-0.00928676465923392
0.0020358591006808813,-0.009782814961829422
0.0008464455083985745,-0.012229427543586385
-0.008317904424419431,-0.009883284711799195
-0.004767976209603619,-0.007762915173385815
-0.01484632836229599,-0.005545836658497422
-0.004387274982475986,-0.011065743307512504
-0.004213497444105152,-0.01237698294491435
0.0027265504559624287,-0.006724534480715971
-0.007525996770957666,-0.004485860657219148
-0.005615252363540657,-0.00534203194783725
-0.008729379372046708,-0.010348173265872534
-0.005189420379084209,-0.005874810651915113
-0.010922937192131832,-0.0113044410323552
-0.002438264815404101,-0.008322855839032417
-0.0032431116542520066,-0.009762891272039942
-0.002937285081532348,-0.00965995909328915
-0.006185908799250961,-0.01196562750401639
-0.008709604696821027,-0.007907232089887972
-0.006019742806764539,-0.006297404151545727
-0.011252687241594339,-0.013028588222744608
-0.0024842911355071884,-0.009844228142182304
-5.164756255698899e-05,-0.01076067803692049
-0.004611257150301529,-0.006331431110788488
-0.007797945398998307,-0.01212055543777013
-0.009765446650499332,-0.007621971002356037
-0.005495620225909048,-0.01052650238770017
-0.0010152878614654304,-0.0014225210578971692
-0.0016746684536611545,-0.011604969473407611
-0.0031128980072031576,-0.006722848107979795
-0.0013636632560036221,-0.0063890982715638645
-0.007420333642132848,-0.00844868167110538
-0.0094624705345831,-0.009761339159950339
-0.002135288699487925,-0.0076457602184523965
-0.004838970583787405,-0.009572682296081297
-0.0026565460696229004,-0.009790307000984544
-0.01119152782861732,-0.003971826804946288
-0.009929806763520233,-0.007922230922115386
-0.004343054541838476,-0.005256814797470755
-0.0068764511399687644,-0.006338012833252277
-0.006856661710825884,-0.007402257142777036
-0.00904104111901971,-0.010493639512524688
-0.009305870982010411,-0.006137834635440292
-0.01338390681071805,-0.0017459431522717783
-0.006894539442458325,-0.008963342564859311
-0.005866247478371167,-0.009047141863782693
-0.008938228446998209,-0.009931773460683246
-0.0116247323454996,-0.006711207267307506
-0.003045127363927924,-0.006827466659466763
-0.00790113134512499,-0.011879380530229244
-0.005013419425390964,-0.01206896246470679
-0.006100423127591459,-0.012335075918494032
0.0032683733112851,-0.01354790545276749
-0.009532554592075582,-0.007256014840080066
-0.0044607170315236755,-0.004923452989077232
-0.00821743467444963,-0.008922211594483864
-0.006712105780865063,-0.005721957118919985
-0.002578701451682208,-0.0022761251669221327
-0.0015443057920485614,-0.007032301193547641
-0.004877907646675006,-0.009800141962191311
-0.0060115942182939475,-0.01077284116626176
-0.0080594025165166,-0.01156527110839245
-0.009480573590989805,-0.00936693744530906
-0.0066995398695842145,-0.004551019857149646
-0.00298357992292847,-0.009822244805551467
-0.005234685397059624,-0.003670910335871469
-0.009147450796055001,-0.009629827168187749
-0.002803056893612932,-0.008642517159912239
-0.0027699550049787303,-0.011708423940827356
-0.007568023304107274,-0.012339090459364682
-0.006608890326904038,-0.011841234277303714
-0.009680109993403518,-0.005087156552782635
-0.0014871609199421099,-0.005797354061996829
-0.007650912286339295,-0.005337763639590709
-0.004500564411102526,-0.010297744376876417
-0.00014359544995096174,-0.0037488892144586505
-0.0020112539929633133,-0.007200019298123694
-0.004662864877282069,-0.00836100209195792
-0.00932346650366539,-0.010485237156678207
-0.005828743020843907,-0.011596179089538722
-0.006659587737193218,-0.007273864129110935
9.784797888301444e-05,-0.009321030631935373
-0.005745466010589451,-0.00995195091784859
-0.00747452330462367,-0.011122365890949976
-0.0005025523539063381,-0.011351765697172
-0.008893873745714154,-0.0073826019742806726
-0.004655358084209749,-0.004176780845756511
-0.010985529210469192,-0.00878023760003338
-0.003076035345074224,-0.008802996992709033
-0.0037414901249819277,-0.005396863405726371
-0.008282996656319763,-0.003759097449770682
-0.0094681566942727,-0.0080018961734388
0.0010832178470464027,-0.0088666188344671
-0.005961956139259872,-0.004571197314314962
-0.008943914606687864,-0.01364400214167863
-0.004654059739496008,-0.01085714799993684
-0.0031445672904770183,-0.010307818351541875
-0.003023666315966067,-0.007930513771232522
-0.009650485603053816,-0.013104880728595641
-0.010485852395025475,-0.007917455079117147
-0.0067175234192616284,-0.011844980296881275
-0.004999330909854882,-0.008272292689389782
-0.009617517975066214,-0.007717664909327571
-0.008561019472072384,-0.010601362288190919
-0.001787420839701459,-0.0063191337208007015
-0.0057306014390085536,-0.00793026000385666
-0.006936968757547568,-0.008334228158411616
-0.004389229876505252,-0.005698809698221896
-0.002741240931320388,-0.00659094808819477
-0.0027056766139051946,-0.007218390875823516
-0.0064132342047144575,-0.007607613965526866
-0.006775190580036949,-0.006871433332728438
-0.0072921943958426105,-0.004740079502958239
-0.007637077538179049,-0.006481419433063018
-0.0035511321344595115,-0.004362348239363406
-0.004842074807966723,-0.009127448910504349
-0.005965672651003007,-0.007927021519030852
-0.0038972988675926024,-0.001359301998078738
-0.005579165757456539,-0.007807016107294035
-0.0086622800320042,-0.008840367189589748
-0.008462475108297396,-0.007940602499815208
-0.004458791645328808,-0.008862738554242994
-0.007519385540659507,-0.008275396913569044
-0.0027941322490974696,-0.004922811193678961
-0.0011748721314880917,-0.010417347006673627
-0.0032225461690642554,-0.009605649924068982
-0.010760009684471272,-0.006270630217999451
-0.0023890000104753173,-0.004977493637004338
-0.00893939253106546,-0.0030851208072871505
-0.005138722968795029,-0.012400249872341729
-0.002428952142866314,-0.01252103134012339
-0.012535108052525723,-0.008584461971114482
-0.004455179886397764,-0.01138047977083037
-0.0015975851378480233,-0.004387182032797671
0.0007282607300444499,-0.007314070028877823
-0.006281468445575977,-0.006134730411261002
-0.006629709579467624,-0.008825234096715762
-0.00785173227954955,-0.002569803364217721
-0.00846119151750091,-0.00927448202316336
-0.00043052815630184593,-0.005720016978807918
-0.0022507572816851673,-0.010780855494085806
-0.006937744813592328,-0.009959845738943318
-0.01009715159399105,-0.008751015991623312
-0.010459735010794668,-0.007165619064775752
-0.01128371472946993,-0.007590421225811522
-0.0025378390025997954,-0.012390280650488417
-0.011088834663325164,-0.00854101758652176
-0.0019154405792624063,-0.0035984981102445412
-0.006898434476599602,-0.00949870320444754
-0.00023940886365181324,-0.008802996992709033
-0.004826702701634045,-0.01011980328307116
-0.015079220420719797,-0.009754488916193488
-0.002588909686994212,-0.0037819911030928244
-0.006824201617589953,-0.004918140103492813
-0.005389598576896137,-0.010459895828492188
-0.0037017917599667105,-0.010790421933999539
-0.007949620094009013,-0.009548102270022951
-0.009088873318588264,-0.006272331344652854
-0.005316410295224394,-0.009889358899511203
-0.00959423629372158,-0.004224120264490511
-0.0074349444463378545,-0.01346967280680439
-0.007141803291628446,-0.005809502437420899
-0.0010644331596649792,-0.007619508573575073
-0.005396568327382334,-0.009691896897856128
-0.0030197860357419892,-0.008341212662815012
-0.008182004617681038,-0.016014964012982857
-0.005964135292830575,-0.007701501993032905
-0.0061393454365617495,-0.006569740807608776
-0.003288630439603313,-0.0091508500985783
-0.005907378448746614,-0.00747817637452286
-0.00392678899729576,-0.009746728355745277
-0.002927838148347961,-0.010935902934568864
-0.0015996595386066903,-0.007538171703432683
-0.00426689629663396,-0.007769257882390912
-0.009223758055823206,-0.007576586477651304
-0.0022482948529041757,-0.008473127436517208
-0.01044279603845516,-0.00920942757604501
-0.004430346092963555,-0.013965603602670518
-0.009727942192972128,-0.004652026649705571
-0.010873284359180557,-0.009388920781939897
-0.0076196162771706155,-0.006592768721577491
-0.006993620848819437,-0.006343445225566013
-0.002691856619662203,-0.008064353931129586
-0.0027665822595063783,-0.0075723181694047625
-0.007717101309690444,-0.011308575079955169
-0.0068552438593827425,-0.0035865887482791348
-0.007056451880615433,-0.012444738834272329
0.00221160628699818,-0.006005292820256997
0.0016209066547691053,-0.005193715244381669
-5.333393529316499e-05,-0.008350913363375262
-0.00624111353124529,-0.011655398362403702
-0.008896350928412344,-0.012178998654590295
-0.009062367906335078,-0.007107563875977996
0.004148856106668486,-0.003516250923410791
-0.0008801493568545982,-0.010527278443745014
-0.004604526413274024,-0.004099458516484772
-0.007308611079513139,-0.010078164777943932
-0.0038299457601742026,-0.013400887094025676
-0.009085649587679656,-0.00618892007375188
-0.002575850994878781,-0.004970777653894032
-0.00989554079081878,-0.005620711312905369
0.000411957400719809,-0.006373577150667442
-0.006005385769935423,-0.008213327183900637
-0.002414983134059523,-0.007738484161891213
-0.011266521989754585,-0.015839097319936185
-0.007882640260695795,-0.006082883670821826
-0.001396511377261933,-0.008597774430605748
-0.004770050610362175,-0.008277859342350036
-0.005518916661170825,-0.010426405911835607
-0.002378642760599514,-0.010347531470474236
-0.012234833378849175,-0.007856027144847039
-0.004199513681381217,-0.012514837645682036
-0.00476927455431736,-0.01051990591131921
-0.006654558126819032,-0.010593347960366845
-0.006594548043992066,-0.009219382043981122
-0.0013860346206568397,-0.010161441788198361
-0.0019075457581676503,-0.011087846150872688
-0.004496430363502557,-0.006219693794251607
-0.009323063721725755,-0.006783365725558543
-0.008271355815647419,-0.003631719505608033
-0.001496070810540373,-0.009695389150057826
-0.0016226726986581785,-0.010754350081832592
-0.0027184962925618783,-0.007888099210060506
-0.004295461355728614,-0.007708366990706955
-0.008710126985489952,-0.008490693450337788
-0.008400285871899726,-0.0021291068081803477
-0.005079488942012822,-0.008944985741076716
-0.009081261772703797,-0.007240493719183699
-0.0107010441789821,-0.009943936590024488
-0.0033765637861266073,-0.006258616103221953
-0.0038326472024138303,-0.01548387168164117
-0.007632421201910156,-0.010322817183769345
-0.0013551266395105954,-0.005344240609242351
-0.005998923554200952,-0.0026472599541359776
-0.006843334497417419,-0.004314635546524198
-0.005327126065288179,-0.007686622667534809
-0.005495500719179647,-0.010341964817513954
-0.005488396708046961,-0.0075557672250876895
-0.011201362789824143,-0.011243803908047079
-0.004822956682056512,-0.007001661733694431
-0.005466025343393743,-0.009023994443084632
-0.0034950170857738216,-0.01009355163819381
-0.005827713197423201,-0.006842465491694205
-0.0037358039652922725,-0.007502995414039926
-0.0037271330881527565,-0.011026030188580144
-0.006461095912117409,-0.01009355163819381
-0.006512181350429025,-0.007595465590102823
-0.009078530822629716,-0.003243272471949471
-0.001623448754702994,-0.009025278033881201
-0.00493920132029857,-0.008784759675655784
-0.009849633977445094,-0.005030265448052129
-0.006582907203319777,-0.006775873686403422
-0.005646787386167973,-0.00929140624158567
-0.006118406677268817,-0.0037862594113393655
-0.0047550517781347335,-0.009820573186732517
-0.008992791383594323,-0.00654645912626417
-0.00724745166653612,-0.006215813514027502
-0.00424801718418244,-0.005958729457567785
-0.007453047502744614,-0.00738985499997713
-0.0029054667836947434,-0.009679360494409678
-0.004662327834695945,-0.011044789794302373
-0.011236404818570356,-0.01176376293346823
-0.005150229548820773,-0.008815801917448601
-0.013332328591571907,-0.010575379164606658
-0.00959528087105943,-0.007374721907103143
-0.012069697209783403,-0.011490903988736256
-0.00687089924092571,-0.006849061968075193
-0.006847229531558696,-0.00799529969705784
-0.008667055875002438,-0.007103937363129753
-0.00458073719717772,-0.006343833253588421
-0.003760742511538684,-0.008447383326391611
-0.006379759041975019,-0.011375166885245952
-0.004460343757418439,-0.006493328795028425
-0.002368822553309946,-0.004259296553883296
-0.007207365273498523,-0.0039027725708744854
-0.004201334314763938,-0.010320877043657278
-0.0102467518882432,-0.010765856661858364
-0.0016279855842425417,-0.008110006977127437
0.0019083616497889144,-0.008986878013579808
-0.003425843344972701,-0.009609664464939605
-0.0038258117125741786,-0.00783571542703515
-0.002806414885168085,-0.007883442873791613
-0.005934391395751526,-0.011037671029252433
-0.008990597476106421,-0.004488174071436396
-0.008393943162894602,-0.007564677115685897
-0.003421187008703752,-0.005683945126640999
-0.006103676366334465,-0.010490535288345398
-0.01310225748211713,-0.008248622980022768
-0.00950631770111543,-0.008912525647840813
-0.0087878373427841,-0.012183908758235079
-0.006121257134072244,-0.009228709470436164
-0.00801388373116535,-0.010085268789076673
-0.005849428012760949,-0.013165398346174417
-0.0005008807350873612,-0.005710196771518322
-0.016255202046781436,-0.008098231875808604
-0.003869121836520384,-0.008556911981523363
-0.009181731522673597,-0.00937378768906591
-0.001514442388240167,-0.008743643459197509
-0.00434189045777128,-0.008715839702230527
-0.0019665260175739663,-0.00800317976423534
-0.0020968739252693047,-0.007293773064983189
-0.009107618170393295,-0.006241035335484146
-0.003827349070746666,-0.006900013145740236
-0.004643060694221934,-0.006915788034012493
-0.003077587457163855,-0.00945551258723068
-0.013953025888255866,-0.011063280878731513
-0.0033318210568201168,-0.011631997174329778
-0.0024621882921470606,-0.012214040683336536
-0.002687961585520815,-0.006111075455811216
-0.003333253662180402,-0.005935447776223207
-0.002780685528959659,-0.008111678595946442
-0.0068792868428549925,-0.006347847794459044
0.0002689240750142208,-0.010352307313472503
-0.002040878383313016,-0.0055247488846407455
-0.0025148110886310526,-0.009191190258991733
-0.003622648797312278,-0.010179410583958576
-0.009008581025783835,-0.008350913363375262
-0.007203484993274445,-0.006313313300464557
-0.003726745060130321,-0.006650958171021792
-0.010912460435526794,-0.004791030680623282
-0.005027895968949481,-0.010665118390595502
-0.005545810101446447,-0.01090784541022602
-0.004678490750990638,-0.008165733997790747
-0.008881591109643594,-0.0058043385664002245
-0.008774271115916943,-0.009481629971461514
0.0034536721835989326,-0.011876664334072362
-0.010342833823237196,-0.008174927163599244
-0.005194464743375482,-0.0052698882435033845
-0.0035525647398198523,-0.006957038511117286
-0.004359605486155549,-0.010122131451205607
-0.0038660176123411216,-0.014259281799966106
-0.0014659536393561434,-0.00809332177216382
-0.00895245122318089,-0.008402118308416168
-0.009539792863854812,-0.009347924072210995
-0.004694534160555985,-0.008616907310433186
-0.0017075018210022108,-0.009278362303387466
-0.009361209974651286,-0.012156358768643988
-0.009086037615702092,-0.007453611102381713
-0.0061650895466873745,-0.010814867699411368
-0.009047249567378235,-0.009005503358655492
-0.004611391410948074,-0.0061490726941729745
-0.004155039473367761,-0.007841804368664385
-0.009425368858995475,-0.010514846793110683
-0.010589963411760717,-0.006859150696657851
-0.008350886806324287,-0.008004090080926701
-0.0006261842784913707,-0.007493428974126193
-0.00543666947433713,-0.005073575571998307
-0.005747794178723953,-0.013007380942158614
-0.007246407089198215,-0.004263803875588501
-0.005672411989564252,-0.00955974311069524
-0.0025088564076484188,-0.011946226102895863
-0.008683606819319567,-0.007414942560787258
-0.006739894783914846,-0.009998111498598139
-0.011303130884507684,-0.006927682642060673
-0.006360745668876955,-0.006421677871529086
-0.003994679147300284,-0.004953316392885626
-0.004474820300976956,-0.012316987616004527
0.0011504662016527112,-0.0046312073971419565
-0.003932997445654285,-0.006971649315322348
-0.006004102179138826,-0.0032214233959651783
-0.005000106965899753,-0.006631034481232367
-0.008354379058525985,-0.005997532259808813
-0.008767406118242949,-0.006897431210229871
-0.006808814757340076,-0.010227779826113281
-0.013400338248305776,-0.010351023722675934
-0.002522437388432719,-0.011093024775810534
-0.004808838658685977,-0.010438046752507896
-0.005215925791337395,-0.005281782851551536
-0.010310388483918409,-0.01253513460957667
-0.006143240470703082,-0.009081019808461682
-0.005233640819721774,-0.004402434632401003
-0.008213151612285918,-0.0028855844048734647
-0.003808081930272711,-0.007142471644077691
-4.4275030131157855e-05,-0.003932770235329397
-0.003918252380802734,-0.010699891898048652
-0.0031924142439628267,-0.00955095272682635
0.0015496585132094287,-0.006782589669513728
-0.008546154900491487,-0.006377711198267411
0.002486017343819813,-0.00715696294155338
-0.004659357871163172,-0.009870226019683792
-0.00856258633807927,-0.007870249921029665
-0.008510590583076294,-0.005067247616910409
-0.006214234844886923,-0.00997859059074832
-0.010381621871560942,-0.003674402588073139
-0.005805207572123439,-0.008036162146140197
-0.005954180824894462,-0.011605865036181773
-0.010338057980238902,-0.008528988717827063
-0.0015713334929707279,-0.008702915270761669
0.0013807763245661242,-0.010764946345167031
-0.006862616391808574,-0.0068007074798376865
-0.007682462062883866,-0.007415196328163121
-0.001171245618639849,-0.008509453056060018
-0.010010636098910841,-0.006015635316215545
-0.009538509273058271,-0.00819974620311631
-0.01339050328709901,-0.004749780203518461
-0.0034395438324864025,-0.010567618604158474
-0.0034184708125469254,-0.010305370676678083
-0.009011670496045898,-0.0052239814301296705
-0.008023196403703192,-0.009666943597692546
-0.0036486466748137936,-0.012351492602164615
-0.004841433012568397,-0.011798685455485153
-0.007171666695436785,-0.00375729157030516
-0.004770572899031156,-0.009881478832333673
-0.002308558703107033,-0.009582099721431286
-0.007577992525960586,-0.010854178036404094
-0.008347916842791514,-0.008818891387710664
-0.0008985209345543921,-0.008081815192138048
-0.01680645708137124,-0.007406928232963184
-0.005712886410624229,-0.010662670715731709
-0.008108547814716205,-0.010280283115867983
-0.004739664917884856,-0.005446128210655238
-0.004233899160811905,-0.008004478108949109
-0.0074424512394102305,-0.006385337498069077
-0.00227194980835399,-0.008417505168666045
-0.006398891921802485,-0.01217602869105755
-0.011050568903670344,-0.009480988176063215
-0.004792168207639502,-0.012560341677116144
-0.003550370832331895,-0.004395584388644153
-0.007598274735938104,-0.007634134131697307
-0.006014310414450774,-0.008133796193223797
-0.009120049821027654,-0.008480231447649922
-0.006175566303292412,-0.011599551835011074
-0.008508784703610772,-0.0036541056241784775
-0.00299677287569039,-0.005806920501910562
-0.0071341769918267794,-0.006312537244419741
-0.005011225517903062,-0.008730584767082106
-0.0034347532355709087,-0.007637104095230024
-0.00873054345611396,-0.008451397867262234
-0.00402158734149316,-0.004557094044861654
-0.0005099248863321137,-0.00998673917921894
-0.0063281513149945345,-0.009814498999020482
-0.00015146076321126412,-0.009036530846531082
-0.007570739500264156,-0.008643293215957054
-0.004496176596126722,-0.008712481710675402
-0.0041935737543156715,-0.007719739310086182
-0.01099561793905185,-0.007263253111859325
-0.007760828969493427,-0.00307516633935101
-0.005463950942635187,-0.007708606004165619
-0.00473229238545908,-0.0074922796439761685
-0.006991531694143627,-0.006810139659104847
-0.009705063293567073,-0.007003064831220346
-0.006980681663433352,-0.012857497372696203
-0.005603089234199443,-0.006315895235974894
-0.007930860488286784,-0.007774048479306378
-0.009598250834592204,-0.008118528839703265
-0.005075235387683508,-0.011151467992630726
-0.004666730403588948,-0.00755860292797389
-0.0029433592692443833,-0.008519407523996131
-0.0034920471222411043,-0.005131645514713262
-0.0026002967602905547,-0.008290918034465439
-0.010085376492672216,-0.011153154365366902
-0.005883440218086511,-0.010051644611773547
-0.00585124864614367,-0.012615695423674217
-0.004369440447362372,-0.006783499986205088
-0.0042815071008390215,-0.006476509329418234
-0.004785437470611997,-0.013211707941487738
-0.007837763270742815,-0.005892391419652893
-0.0006680913049116888,-0.0126012188801157
-0.0038236030511690777,-0.007004109408558251
-0.0055327514093310715,-0.0070511803059991884
-0.005053117790406125,-0.011021776634250857
-0.003215442157931514,-0.005140047870559744
-0.010106971801280673,-0.008445189418903681
-0.0046570297030287255,-0.007987419629880282
-0.007856522876465044,-0.00675777062999669
-0.005772881739534053,-0.005257978881538006
-0.009171508533444395,-0.008499752355499768
-0.004676804378254407,-0.007669295667172865
-0.0030088017443851145,-0.004767107203880405
-0.004338920494238507,-0.009359564912883284
-0.006217070547773151,-0.008147123406632262
-0.00684515513080014,-0.009475421523102961
-0.008325023189469372,-0.012562147556581638
-0.005759300758749697,-0.006866911257106062
-0.0066829889252671415,-0.006350683497345244
-0.010289554477437624,-0.005856707595508354
-0.006232725929316063,-0.0055394939494923245
-0.007089702783813379,-0.010964870775603097
-0.00854330444368806,-0.009523790765257667
-0.00538506174735659,-0.009138433201861196
-0.004075374222044348,-0.007347828466827522
-0.0062928407649551765,-0.009779695983732933
-0.004372022382872709,-0.0026129939814345526
-0.011848445992031997,-0.007153082661329302
-0.005004629041522102,-0.010935768673922347
-0.0028624104271243733,-0.009179803185695307
-0.0030537982410674958,-0.0068301828556236455
-0.008597359845532393,-0.005786743044745246
-0.000765844858724607,-0.001020746810830142
-0.009136735025991216,-0.007709904348879387
-0.009240577521433369,-0.005133197626802893
-0.0045018480018991225,-0.01264439474341536
-0.006824455384965844,-0.009237753621680944
-0.004045898846258444,-0.007249940652368059
-0.007527026594378372,-0.00767096728599187
-0.006481139108636236,-0.012623575490851746
-0.00714063920756125,-0.004816372008809272
-0.0070543774798568215,-0.00638960580631559
-0.007861313473380482,-0.007731633918134362
-0.00796449941950711,-0.006754144117148475
-0.007305387348604531,-0.00801031328320248
-0.005139379518110498,-0.0010785482322520357
-0.0070312448130759875,-0.006121283691123192
-0.010160639175102626,-0.005994816063651959
-0.0003283867875130686,-0.008393074157171415
-0.00830381590888335,-0.009401337678657029
-0.006975368777848934,-0.004463996827317629
-0.0012383597125996126,-0.0010450583155954263
-0.00654837270932529,-0.008580969718912812
-0.003558504666885287,-0.00840173028039376
0.001995533694184648,-0.0018488753310225703
-0.009757178555299395,-0.006750263836924342
-0.004925605585597015,-0.01031932493156762
-0.010736205714457714,-0.00703734555783897
-0.0011671115710398805,-0.004850772242157242
-0.0004133354165864467,-0.007208167886594313
-0.010366772053897244,-0.005525659201332106
-0.006705106522544524,-0.004959898115349387
-0.010173951634593836,-0.007677056227621076
-0.012551121954256672,-0.01242172567422084
-0.005098770836403976,-0.011324752750167033
-0.005287308193543672,-0.007205585951083976
-0.008915857082344991,-0.004297562313538145
0.002260244050446003,-0.009566593354452091
-0.0024042526100785944,-0.0113432438345962
-0.009098962047170922,-0.010279119031800732
-0.004494743990766381,-0.010572528707803258
-0.005596492757818428,-0.008060219883529646
-0.006435098034615894,-0.004884396419460368
-0.010081884240470573,-0.006906221594098788
-0.00906547213051434,-0.010659297970259357
-0.009889974137858581,-0.011208105329985368
-0.0009256681422059043,-0.00732351696206221
-0.0007830375984400062,-0.008409102812819563
-0.01231733433305876,-0.004594344735013023
-0.004957543390163965,-0.008226773904038448
-0.008913260392917455,-0.005540658033559548
-0.0008104680813017517,-0.011181599917732155
-0.0007060885432734754,-0.008299066622936058
-0.0030089212511144603,-0.006695820407057629
-0.009533464908766942,-0.014037627800275038
-0.007777111392517522,-0.009260901042379005
-0.002784177781161301,-0.013163860988001957
-0.010835003845608537,-0.006557980460207141
-0.0077163547614800265,-0.009181370051702165
-0.002028849514618236,-0.010775288841125524
-0.007075077225691118,-0.011157542180342733
-0.007500521182125186,-0.009278616070763301
-0.006915119681563275,-0.005633904265667289
-0.0031524621115717744,-0.007202093698882306
-0.008786553751987558,-0.009646900401173747
-0.009268247017753861,-0.012976607221658859
-0.0032048311406799312,-0.007943840984641043
-0.010643481771018926,-0.004805507224181799
-0.00683105186134686,-0.009535819633952364
-0.003887612920949579,-0.0020922441460513863
-0.005792029373278662,-0.009903327908317966
-0.0013191742940730222,-0.012385519561407377
-0.0009158479349163362,-0.004159200078018704
-0.004286685725776895,-0.008974863898802282
-0.0054737711499247554,-0.010442703088776845
-0.0038687338084979483,-0.013691968601893728
-0.004323921662011065,-0.01302637956133948
-0.0061538367340374656,-0.0018428011433105629
-0.0043889613552122175,-0.010046361234023554
-0.00032410372534935616,-0.006656510070064875
-0.004167829644190102,-0.011080473618446884
-0.0031162559987583105,-0.008735241103351055
-0.004004379847860562,-0.009234649397501654
-0.0055750317098565705,-0.010514861547027882
-0.008079848494975006,-0.007912664482201681
-0.005245803949062988,-0.012106317907670305
-0.00485850624555445,-0.007101877716288368
-0.004764871985424302,-0.00787013041430032
-0.013646423259491447,-0.011053311656878173
-0.005538825597043051,-0.009025800322550154
-0.010182876279109299,-0.010742440719867241
-0.008589599285084182,-0.012502674516340795
-0.010093137053120482,-0.009959711478296773
-0.0068481250943328575,-0.006322357451709337
-0.002845725222160811,-0.004908588417496307
-0.009019311549764764,-0.007174021420622234
-0.007589872380091567,-0.008427474390519385
-0.00025415392850342,-0.0077682280589702335
-0.005927794919370566,-0.006200038625755244
-0.007034200022691506,-0.0085982967192747
-0.005552272317180917,-0.004691322232781098
0.0010499816977657117,-0.0018031027782954012
-0.007955962803014083,-0.007595465590102823
-0.005155661941134537,-0.005749119080488668
-0.006979114797426522,-0.007561841412799697
-0.0016361194187959893,-0.011165437001437462
-0.0029376731095547837,-0.0028153660867344388
-0.008139067767840014,-0.004871725755367373
-0.0028876174946638744,-0.007883442873791613
-0.00791948816890753,-0.006064646353768549
-0.008211226226091106,-0.0055494484174284375
-0.005608655887159697,-0.006879193893176622
-0.009600713263373195,-0.0055247488846407455
-0.00405791296103597,-0.015237279135703719
-0.004508324971550792,-0.004487920304060533
-0.0048018541542826365,-0.010069240133428525
0.0006553262157485973,-0.004101264395950294
-0.010269899308941288,-0.0015211996823186469
-0.00902111742923023,-0.00783662574372651
-0.008564645984920571,-0.008308245034827355
-0.00331009148756517,-0.005125049038332302
-0.006733164046887341,-0.008355569699644155
-0.005753734105789443,-0.008125005809354907
-0.011566796663431134,-0.0036577173831094933
-0.0019563177822619626,-0.005664021436851546
-0.00925453177632296,-0.007609568859556132
-0.0016622515569439944,-0.009163655023317813
-0.007808153634310311,-0.005925508062204293
-0.004383648469627799,-0.006572591264412175
-0.0013888850774603223,-0.007050269989307828
-0.0012669395256114102,-0.006834704931246022
-0.009747477854739117,-0.009280033922206415
-0.013928714383490637,-0.015174164828697434
-0.0015849144737550835,-0.004097518376372705
-0.010235782350803635,-0.008869469291270499
-0.006550835138106226,-0.008734062265366632
-0.0037221034777786266,-0.012264469572332626
-0.01131696563266793,-0.01105396820619367
-0.0056949028609468155,-0.006970485231255097
-0.006100303620862113,-0.010516279398470996
-0.008515769208014112,-0.008168838221970037
-0.0054352516228939884,-0.009363833221129797
-0.005093845978841993,-0.007397227532402906
-0.003397905327359174,-0.012183908758235079
-0.003790501162534876,-0.006159429944048722
-0.008023330664349737,-0.010552619771931004
-0.0063065560063861326,-0.007083894166610982
5.0508560148987414e-05,-0.008913435964532174
-0.0005632189860488301,-0.007441582233686989
-0.0043168028969611805,-0.012442918200889636
-0.006601398287748861,-0.007167305437511928
-0.003212203673105707,-0.0075314557203223775
-0.004037615997141308,-0.009328910699112902
-0.0064237257152366944,-0.007959601118996074
-0.003270795904489643,-0.009183563959190066
-0.011451328081233891,-0.011402089833356
-0.012026909374506178,-0.009144134115467994
-0.008255715188021706,-0.004800074831868034
-0.006365790033168284,-0.004580629493582095
-0.005273592952112771,-0.00996888989018807
-0.005656637101291995,-0.013369203056834589
-0.0011599928059899955,-0.009408575950436288
-0.009741911201778863,-0.0031144766763437637
-0.008050358365271848,-0.008769626582781798
-0.000982051712184684,-0.008808175617646935
-0.005227298110716649,-0.007992717761547474
-0.0058725901873762365,-0.01173803357725986
-0.01229729113653999,-0.008159271782056304
-0.006539970353478752,-0.005647724259910336
-0.007795348709570771,-0.005850499147149801
-0.00590219982380874,-0.010262941361588868
-0.005213866144496038,-0.010097700439711005
-0.006545522252521863,-0.01016390421697938
-0.0008482115522876477,-0.007311488093367513
-0.002425982179333541,-0.0037015645496418226
-0.008821849548109606,-0.008622861991415876
-0.011005826174363853,-0.010334204257065743
-0.0137502657549336,-0.007098504970816016
-0.008459117116742298,-0.007949392883684098
-0.004896383977186947,-0.007477922607146997
-0.005606059197732105,-0.006134864671907547
-0.0004060971448072159,-0.013412647441427311
-0.011344635128988367,-0.006881387800664551
-0.00858870372231002,-0.012288915337744455
-0.0005987685495468242,-0.009017397966703644
-0.008703261987815902,-0.012903030911964708
0.00021488342708714248,-0.010080746713454297
-0.011644775542018315,-0.008069278788691597
-0.006585623399476603,-0.004731154858442804
-0.009848723660753733,-0.009261289070401413
-0.004257583624096173,-0.007183975888558347
-0.004004379847860562,-0.0068975507169592165
-0.013518791547952935,-0.003401677903987682
-0.005044715434559699,-0.01333687722424523
-0.00324155954216232,-0.006607379525782553
-0.004825792384942684,-0.009887806787421571
-0.008485891050288574,-0.009314956444223338
-0.007595290018488132,-0.007924439583520515
-0.008903708706920976,-0.011043759970881667
-0.009183029867387393,-0.013654329883719951
-0.004382618646207148,-0.008946015564497423
-0.011675937290540506,-0.004523604128205044
-0.010169041530949052,-0.008230654184262554
-0.006272155773038135,-0.0064514217686081066
-0.008922453558725951,-0.013359502356274366
-0.005927929180017111,-0.009172564913916048
-0.004583304378770858,-0.0067585466860415055
-0.007881729944004434,-0.008367464307692363
-0.0073647261281988285,-0.007582138376694358
-0.009354344976977236,-0.010776452925192775
-0.0005954105579916713,-0.008386731448166318
-0.004517115355419654,-0.007353514626517121
-0.003599128102509064,-0.006018097744996537
-0.0022085964878890696,-0.011037283001230025
-0.002902496820162026,-0.011525826510753179
-0.004338532466216072,-0.010352053546096612
-0.005083503482883445,-0.007390377288646083
-0.0049870482737843225,-0.008662948384453417
-0.004807032779220455,-0.010312340427164252
-0.002134751656901801,-0.013520489723822915
-0.007982348708537979,-0.011174734920058133
-0.014225347790401688,-0.00615322149569017
-0.0035706677962265565,-0.008198716379695603
-0.005331916662203617,-0.007001781240423777
-0.004749365618445134,-0.004231224275623224
-0.00921572897408196,-0.0070784617742972455
-0.009403117001071548,-0.007317442774350202
-0.0034139339830073223,-0.009730177411428176
-0.0026204594635386713,-0.009451244278984194
-0.0059982817588026816,-0.010770901026149693
-0.007604483184296629,-0.006765143162422466
-0.0070428856537482765,-0.010228302114782234
-0.006565848724250867,-0.00331374455746436
-0.007414005687044922,-0.01049107233093155
-0.001150038338053827,-0.0036476286545268632
-0.011760632152237993,-0.005533807789802697
-0.004363739533755573,-0.006348489589857315
0.0007035464433395866,-0.00819159761464569
-0.0005739495100298142,-0.00852937674584947
-0.004975661200487869,-0.009408710211082832
-0.002514169293232782,-0.006920832398303822
-0.0064987198763739595,-0.005759849604469625
-0.007107791086302884,-0.007521620759115583
-0.010599783619050285,-0.005413294843314126
-0.0056161626802320175,-0.004380839323792574
-0.00616083599235806,-0.008269188465210492
-0.003809634042362342,-0.007675504115531417
-0.00397748640758494,-0.00505935279581568
-0.01020342701037985,-0.010691370035472852
-0.005670979384203967,-0.0179575267182375
-0.005658054952735081,-0.0034316755684425937
-0.011581138946343106,-0.006907639445541902
-0.006467050593100099,-0.006155415403178099
-0.009410101505474944,-0.00791020205342069
-0.0013630214606053515,-0.008419072034672903
-0.004575170544217411,-0.00944866234347383
-0.0036198130944261053,-0.007338769561665542
-0.003823349283793187,-0.008467038494887974
-0.006968010999340302,-0.006361025993303793
-0.009239920972117899,-0.007589376648473617
-0.007074420676375648,-0.00879149041268329
-0.002202014765425253,-0.007579422180537476
-0.004243614615289382,-0.010643135053964664
-0.005980805743877049,-0.005429592020255364
-0.002870678522324366,-0.009142179221438729
-0.006015474498518025,-0.006329088188736842
-0.005063206518988783,-0.011376077201937312
-0.0023331239752482635,-0.004670637240864028
-0.007789006000565646,-0.006973723716080932
-0.007353353808819629,-0.008018700885131735
0.0015956848333124607,-0.006039170764936014
-0.01171057653734714,-0.010915725477403576
-0.005772747478887508,-0.01059631792389959
-0.001052926579639235,-0.008183971314844024
-0.010325387316145906,-0.008990892554450458
-0.004908547106528105,-0.008579417606823153
-0.009328749881415355,-0.009227396371805197
-0.007700311351914735,-0.007296623521786588
-0.0044819390660268965,-0.01038399135066359
-0.0002448412559655777,-0.011024224309114622
-0.005716498169555273,-0.009003816985919316
-0.007380127742365905,-0.006907251417519467
-0.003989246754986575,-0.01304410934364103
-0.005910855947031113,-0.006165892159783137
-0.010318910346494237,-0.00770072593698809
-0.0021195138112156675,-0.007779227104244252
-0.004146756624250625,-0.011580404201266437
-0.006055829412848657,-0.0038185852439287238
-0.009324884355108476,-0.008098231875808604
-0.005516707999765669,-0.004995730954057642
-0.006449335564715775,-0.007871802033119296
-0.0008074833638518353,-0.007520456675048359
-0.0028781853153966863,-0.006531072266014293
-0.0013578575895846767,-0.009058260415786057
-0.008244208607995962,-0.011587388705669804
-0.007853150130992637,-0.006181025252657152
-0.005110799705098701,-0.009639527868747971
-0.0049757954611344135,-0.002872137684735654
2.233152907676894e-05,-0.0058025326869347305
-0.0019026504084401208,-0.00829272391393096
-0.009314661365879329,-0.005470320208691204
-0.0020783828408402205,-0.005625621416550153
-0.0012987430695318158,-0.005773952873922905
-0.008161692899869177,-0.003210812378713568
-0.0098951527627964,-0.00999708167517746
-0.006086066090762288,-0.008136766156756542
-0.0056028354668235525,-0.009931788214600445
-0.005907751722851795,-0.006460212152477024
-0.010459869271441213,-0.0082164314080799
-0.004357023550645267,-0.00885214229090861
-0.008095757643893864,-0.006359220113838271
-0.0053372147938707815,-0.007552274972885992
-0.007409871639444954,-0.010015960787629036
-0.003868599547851459,-0.007802747799047521
-0.004694802681849075,-0.008399014084236878
0.0008254919951884432,-0.0071098920441124425
-0.006906060776401324,-0.009971859853720816
-7.066093565510911e-05,-0.00872851036632355
-0.0023598979087945393,-0.005800846314198527
-0.003433201123481333,-0.006447153460361621
-0.006779324627636918,-0.009332014923292165
-0.004091283370963206,-0.007326233158219092
-0.01162446382420651,-0.013356786160117484
-0.00993213493165468,-0.007858877601650438
-0.005423476521575155,-0.00964651237315134
-0.00543575915764577,-0.008300992009130898
-0.0046421651314478285,-0.005326779348233918
-0.0065838027660938825,-0.007127084783827814
-0.0020332520835112944,-0.0079014116695518
-0.0015850487344016284,-0.010604332251723636
-0.006224443080198927,-0.012432575704931087
-0.004611122889654984,-0.007121786652160622
-0.006401473857312823,-0.008065920797136444
-0.00993898517541153,-0.0028890766570751347
-0.007157578179900703,-0.006520595509409255
-0.004995823903735985,-0.009116703632606193
-0.004656656428923545,-0.003909234786608928
-0.0037087762643701616,-0.006349653673924566
-0.0056177000384044495,-0.007793703647802741
-0.002133468066105204,-0.005203281684295402
-0.0017398276535915969,-0.004768137027301084
-0.003737863612133685,-0.011220507472785274
-0.008400927667297997,-0.0059464468214972255
-0.004566902449017474,-0.005683034809949639
-0.011862280740192244,-0.01037093265854816
-0.006603204167214438,-0.007494473551464098
-0.0016772503891714363,-0.0036870732521661342
-0.003868599547851459,-0.0077472745457600745
-0.0051069046709573684,-0.009796127421320688
-0.0017250973426572447,-0.013388335936662027
-0.006084394471943311,-0.00920348764897952
-0.005068370390009458,-0.008534018328201193
-0.004019124912712113,-0.009277840014718514
-0.008638998350659621,-0.010981541226649516
-0.005069280706700818,-0.010310415040969412
-0.00754992024770057,-0.007701233471739843
-0.013201070367185208,-0.013215185439772209
-0.011305698066100767,-0.007430329421037107
-0.011939603069463955,-0.006536638918974602
-0.0019276037086036202,-0.009886000907956077
-0.004006454248619118,-0.011735317381102978
-0.011557364484163946,-0.00831742344671868
-0.0013774980041638685,-0.010805943054895933
-0.0018300891682493936,-0.008151123193585685
-0.00783246513907554,-0.009368877585421126
-0.00892063292534323,-0.004253207612254062
-0.0039606669419747775,-0.011461816640972733
-0.005868963674527994,-0.005289916686104956
-0.004705652712559294,-0.007635940011162828
-0.006130301285316997,-0.008823935752001993
0.0006180755255972281,-0.009559608850048695
-0.004470178718625262,-0.007612270301795815
-0.007450465567234221,-0.010133384263855516
0.0012164162115452237,-0.0038697901889696296
-0.002963536726409699,-0.010059927460890683
-0.0029688348580769186,-0.01012419109804702
-0.004157501902148808,-0.008157719669966673
-0.00434098014107992,-0.010757320045365365
0.0025091647645179016,-0.009769607255150248
-0.0011181005334868765,-0.0062782712717183164
-0.009597982313299114,-0.008537779101695953
-0.010022262185665931,-0.010080746713454297
-0.008296323869728228,-0.010218079125553031
-0.0058090878523475165,-0.006756994573951874
-0.009916882332051347,-0.008521347664108198
-0.012608415840926812,-0.008034087745381613
-0.002264980057867849,-0.009371459520931463
-0.00757330668185735,-0.007714694945794853
-0.0047716027224518065,-0.0029139104505093993
-0.0026653364534917068,-0.007607882486819956
-0.0016777579239232177,-0.013156742222952045
-0.009868125061874289,-0.0065526675746227225
-0.005533661726022432,-0.009742713814874626
-0.004525129683243756,-0.009522626681190416
-0.0042324813093688185,-0.01039563219133588
-0.00936703039498743,-0.007029838764766622
-0.007225199808612193,-0.010140100246965822
-0.0056749939250745896,-0.009895313580493892
-0.0041276237444232144,-0.008108186343744717
-0.010703372347116602,-0.011041939337498946
-0.003320568244170208,-0.008325184007166864
-0.0043449946819505425,-0.007130577036029512
-0.0048102712640463174,-0.010357097910387941
-0.006486944775055126,-0.007994657901659541
-0.0074655986601082636,-0.009219635811356985
-0.0022484291135507206,-0.006813766171953062
-0.005664531922386695,-0.003954365543937827
-0.006731746195444255,-0.007233897242802684
-0.008007809543453315,-0.011287114031993256
-0.004063091585973788,-0.005338539695635552
0.00016249964406178652,-0.009649348076037567
-0.0064410379616814395,-0.007160201426379215
-0.0073038352365148995,-0.007998926209906054
-0.007787468642393214,-0.009156416751538582
-0.0008199002605689398,-0.00816251026688214
-0.007852881609699602,-0.0034307800056684323
-0.0020789051295091454,-0.00966306331746844
-0.004923545938755602,-0.009512672213254303
-0.001146277564559095,-0.010011692479382495
-0.00830381590888335,-0.013423392719325467
-0.007438973741125732,-0.010144502815858852
-0.0023878359264080107,-0.0050675013842862715
-0.005940585090192907,-0.011200479030183702
-0.007425243745777632,-0.010745544944046503
-0.008029419605978916,-0.007834043808216201
-0.002299753565320972,-0.009271631566359934
-0.0075420254266058695,-0.008297380250199882
-0.005829653337535268,-0.007409644429120066
-0.011314249436510992,-0.0069871704362187426
-0.01092551912764217,-0.010178246499891352
-0.0033737133293232358,-0.011668203287143242
-0.007346249797686888,-0.007983927377678585
-0.0055277070450397425,-0.009008085294165802
-0.009214057355262983,-0.0069724253713671636
-0.004096715763276915,-0.009246678266196379
-0.005590284309459903,-0.0044266266304369695
-0.005413119271699407,-0.010667968847398901
-0.0017452747998225049,-0.008337347136508105
-0.0011518442175194044,-0.005769162277007439
-0.0033583264690733583,-0.007626493077978441
-0.009608847097926587,-0.00573218010814916
-0.011207825005558558,-0.000904890200610492
-0.011851938244233695,-0.007234419531471636
-0.006956370158668013,-0.006447287721008138
-0.004603765111146463,-0.008591565982247196
-0.00847256383688011,-0.004285413938114102
-0.0031236137772669426,-0.005855677772087703
-0.00018601001112295013,-0.012222308778536473
-0.0060854242953639615,-0.0026830780389270337
-0.002772148912466632,-0.007493040946103785
-0.002360673964839355,-0.010875116795697054
-0.0031849369587249043,-0.008973297032795452
-0.005832623301067985,-0.012919581856281809
-0.0003428633310715856,-0.008945881303850878
-0.005114545724676234,-0.008998130826229689
-0.01519728569234452,-0.009388920781939897
-0.008808014799949415,-0.006526938218414324
-0.005848666710633332,-0.012046576346136345
-0.012707855767475906,-0.008082845015558754
-0.010457018814637842,-0.011922824914821967
-0.009158972129997944,-0.01021122888179618
-0.006031368893519684,-0.005394669498238441
-0.005645384288642086,-0.008574373242531824
-0.011016049163593056,-0.011771926275856048
-0.0038426016703499988,-0.0069104899023453015
-0.006724254156289133,-0.01177126972654055
-0.00953034593067048,-0.009389950605360603
-0.004883981834386986,-0.01056748434351193
-0.006154493283352935,-0.009889746927533638
-0.0024215796104405385,-0.008703542312242768
-0.005463428653966207,-0.009460049416770283
-0.0033722954778801495,-0.012494272160494285
-0.01079466368519505,-0.0041703186300220685
-0.004089731258873575,-0.00880829512437628
-0.0036192908057571804,-0.008134572249268612
-0.0063456125760029125,-0.0065165957224558035
-0.005869739730572809,-0.007852788660021204
-0.006867914523475793,-0.008072890547622613
-0.006666452734867212,-0.009340297772409328
-0.012189836882166849,-0.006401246646987879
-0.005979775920456287,-0.004284772142715831
-0.009100514159260553,-0.008788251927857454
-0.00017268279771448514,-0.00652732624643676
-0.004483625438763017,-0.01004376454459599
-0.007483328442409787,-0.010636538577583704
-0.01215904840774984,-0.004968061457737205
-0.0011440836570711377,-0.012459991433875661
-0.008822610850237278,-0.011482382126160456
0.003397169106890807,-0.0035938417739755923
-0.008609508220956463,-0.006427632552511775
-3.8066581772633334e-05,-0.009389562577338195
-0.0036492884702120643,-0.010784735774309911
-0.008644296482326841,-0.009420992847153392
-0.010067139175618967,-0.0069740969901861405
-0.005437833558404326,-0.009512284185231895
-0.008300443163410942,-0.009019084339439848
-0.009042846998485232,-0.0071212643634916695
-0.010383576765590208,-0.007788271255489004
-0.007088792467122018,-0.008414012916464347
-0.008326187273536623,-0.001153437640577154
-0.005509603988632983,-0.010185753292963673
-0.006037443081231664,-0.0040964885529520545
-0.0035887708526332607,-0.0109864660842115
-0.004692594020443919,-0.007091266699036758
-0.0017477224746863529,-0.007529903608232746
-0.007195216898074452,-0.011084219638024445
-0.00876366009866536,-0.005328585227699412
-0.012012791351135699,-0.008380657260454283
-0.003973218099338427,-0.011322036554010179
-0.007427586667829278,-0.01301475347458439
-0.0021745842825635076,-0.00969435932663712
-0.0012011237763654425,-0.008394238241238638
-0.010595127282781391,-0.008798206395793595
-0.0034838837798532585,-0.00804328091119011
-0.005500022794802051,-0.01003963049699605
-0.007290642283752924,-0.008597252141936795
-0.008256610750795812,-0.009620648756296424
-0.00873170754018121,-0.005300393442710022
-0.0092227134784853,-0.006379397571003587
-0.009678677388043233,-0.011572509380171708
-0.0036075157044383466,-0.006913847893900454
-0.009496856014013844,-0.009493285566051002
-0.010799693295569235,-0.004860726710093327
-0.007325952833792226,-0.005271171834299926
-0.0032058609641006375,-0.0038613878331231755
-0.00265563575293154,-0.009337327808876555
-0.003844676071108555,-0.010098073713816214
-0.008511247132391764,-0.00864368124397949
-0.009457426170291772,-0.010599675915454743
-0.0026271902005662318,-0.006448063777052981
-0.007853164884909891,-0.009054633902937814
-0.003360669391125004,-0.006456719900275298
-0.003405919655183276,-0.00434243930349118
-0.005338378877938088,-0.0034580614739664894
-0.0024920516959553995,-0.005512212481194267
-0.003866793668385937,-0.010304326099340178
-0.0041689937282572975,-0.004370243060458162
-0.006713896906413386,-0.006189173841127743
-0.004624838131085884,-0.007362439271032556
-0.00265602378095392,-0.01617324993829175
-0.0031122414578876323,-0.01218171485074715
-0.0035258055601907756,-0.008911495824420135
-0.012097620473479787,-0.010099103537236892
-0.005006822949010004,-0.008834427262524258
-0.009874721538255249,-0.006842211724318342
-0.0030407247950349214,-0.011407119443730102
-0.0025162289400741944,-0.008581223486288675
-0.009370791168482218,-0.009512269431314668
-0.007188605667776293,-0.006506253226497283
-0.0059252129838602285,-0.011501261238612004
-0.0039053279493338477,-0.012400249872341729
-0.005881365817327899,-0.00639245626311899
-0.006026861571814479,-0.008040564715033255
-0.008458863349366408,-0.007165753325422297
-0.00962527853551437,-0.006452839620051221
-0.001982957455161749,-0.007149844176503467
-0.010484822571604824,-0.00649913446144737
-0.003716924852840753,-0.009341208089100689
-0.0010999827231629178,-0.003874192757862688
-0.003721820202568338,-0.008811145581179652
-0.004400990223906942,-0.005296647423132461
-0.006580444774538785,-0.01056309652853607
-0.008405718264213435,-0.009472973848239141
-0.00805825318636666,-0.005637516024598305
-0.00580649116291998,-0.007291310636202197
-0.004574006460150215,-0.006617975789116937
-0.010136581437713177,-0.012592159974953748
-0.008768570202310144,-0.007035151650351068
-0.008862831503921365,-0.0019395248737027748
-0.011736977196788234,-0.008924554516535538
-0.0058696054699262645,-0.009271631566359934
0.000392809766975144,-0.005715763424478604
-0.006803009090921186,-0.006205590524798327
-0.006629590072738278,0.0004429583315444241
-0.014880982363019823,-0.004834997353884957
-0.0015916452107825885,-0.007312010382036466
-0.00867520446347303,-0.00895649232110246
-0.007677417698592537,-0.008603982878964328
-0.011808747627016836,-0.009701597598416378
-0.010725475190476785,-0.005132287310111561
-0.007821854121824012,-0.011647130267203765
-0.008166991031536397,-0.008076129032448448
0.0025550568239743887,-0.008869200769977437
-0.010798931993441618,-0.006560174367695043
-0.009032235981233594,-0.005278932394748137
-0.009136869286637761,-0.009096540929358077
-0.005595074906375341,-0.007133427492832911
-0.011761796236305189,-0.00722989745584926
-0.005259370175930089,-0.008304872289355003
-0.005575151216585861,-0.006978245791703308
-0.006958041777487045,-0.012605860462467422
-0.006247993282836595,-0.004328992583353369
-0.004196812239141534,-0.008001254378040501
-0.002743046810785854,-0.002797009262951844
-0.010145252314852748,-0.011782642045919806
-0.005218000192096006,-0.007227300766421724
-0.004378096570584744,-0.007574646337539237
-0.009484841899236374,-0.008312379082427324
-0.003458034916915542,-0.00958444264348296
-0.006598159802923109,-0.007857847778229732
-0.009566701058047633,-0.006763203022310427
-0.003602351833417672,-0.0023449256336180446
-0.004777930677539677,-0.00895649232110246
-0.002521019536989577,-0.010817449634921678
-0.008269027647513028,-0.00804417647396427
-0.0015418433632675699,-0.006062959981032345
0.00287188244196801,-0.011425222500136861
-0.0063617754922976055,-0.009610306260337875
-0.007948844037964142,-0.009236067248944768
-0.011151680449038415,-0.006000636483988103
-0.011538082589772791,-0.013647091611940693
-0.006239964201095349,-0.008577223699335224
-0.0022167450763596608,-0.002602517224829487
-0.005686246737724443,-0.0076148522373061245
-0.006121003366696354,-0.005830321689984486
-0.0029134811115187897,-0.00928016818285296
-0.009522331602846379,-0.005604026107941723
-0.012997787945193906,-0.009408575950436288
-0.005321305644952035,-0.008119453910311825
-0.007725518419454125,-0.005015654643847067
-0.01224011675659914,-0.008061891502348595
-0.005557062914096356,-0.010550933399194828
-0.012936360010923798,-0.008901019067815041
-0.004812330910887619,-0.004593702939614724
-0.013202876246650674,-0.006694790583636923
-0.006571132102000887,-0.010015184731584192
-0.004886056235145542,-0.007566497749068618
-0.004661686039297619,-0.00311899875196614
-0.009708555545768771,-0.006770963582758638
-0.0041947230844657235,-0.005546090425873312
-0.0038140366112554003,-0.008205700884098971
-0.00993277672705295,-0.011276517768658872
-0.012975804608563068,-0.00535898567409393
-0.007973021282082937,-0.0055017357245892295
-0.008632267613632116,-0.00805323537912625
0.001346883625969908,-0.008762388311002539
-0.005574763188563481,-0.0070513145666457056
-0.0038092460143399065,-0.0027406256929730644
-0.006406652482250641,-0.009433663511246387
-0.0015674679666638491,-0.007331277522510421
-0.005422700465530339,-0.00764343205031795
-0.007077405393825564,-0.005222414564122813
-0.00012586566764943852,-0.009101839061025324
-0.005828101225445637,-0.010834388607261186
-0.012092322341812567,-0.009100943498251163
-0.010570427749993672,-0.011927615511737405
-0.010734534095638681,-0.008234788231862522
-0.004181664392350348,-0.008286515465572408
-0.009180686945335692,-0.006758292918665615
-0.0030891087911068538,-0.012438396125267231
0.004634175885283032,-0.003820137356018355
-0.0025775373676149016,-0.0025214341220629877
-0.011250239566730602,-0.008472858915224118
-0.002080711008974667,-0.009534401782509278
0.001252622324358632,-0.007633611843028354
-0.003014756425367804,-0.012587623145414173
-0.0008872681219045386,-0.013010604673067194
-0.005460727211726524,-0.010453045584735365
-0.00881965564062176,-0.007599868158995882
-0.006287676893934502,-0.005536643492688925
-0.008086564478085367,-0.011012583468442333
-0.008596076254735852,-0.007279550288800535
-0.00021833584371233616,-0.0119402861758304
0.0013855521675643634,-0.009201667015596798
-0.0017799140466291385,-0.005896659727899406
-0.006906971093092684,-0.009309777819285464
-0.0003940682761124914,-0.005711748883607953
-0.010624736919213895,-0.005855289744065295
-0.0024717547320607935,-0.008103410500746477
-0.0012334496089548286,-0.005664677986167044
-0.007553666267278103,-0.008502990840325575
-0.0002952701449616679,-0.006253317971554734
0.0007256640406169135,-0.010833224523193963
-0.0070017546833728295,-0.008836098881343263
-0.0059753733515632845,-0.005671528229923867
-0.0061979376679456855,-0.007513084142622556
-0.0023765831137581572,-0.005247770646225974
-0.007461196091215205,-0.009224680175648342
-0.009497393056600023,-0.005373342710923101
0.0007075609842102093,-0.007235180833599281
-0.0025232134444775345,-0.007009795568247851
-0.005386882380739311,-0.009165729424076424
-0.009949208164640733,-0.006253049450261672
-0.007727592820212792,-0.009912372059562746
-0.012589805249768327,-0.005737866267838787
-0.004472506886759708,-0.008103276240099933
-0.0018353872999166132,-0.008592342038292011
0.0015426740088059776,-0.004425970081121472
-0.0062078921358817984,-0.001179420764161443
-0.002023939410973452,-0.003889967646134973
-0.0025476592098893636,-0.008878259675139388
-0.008611463114985674,-0.01199950544869538
-0.010243916185357027,-0.009314956444223338
-0.0029908181947077006,-0.011860367157131124
-0.0016273290349271274,-0.010482132932498917
-0.004890563556850802,-0.0029024038704836275
-0.0027308836814445847,-0.010009364311248048
-0.0030755278103224426,-0.010045316656685649
-0.0007489058863850984,-0.004601583006792281
-0.007888445927114796,-0.006928846726127896
-0.0052928748465039255,-0.009168579880879824
-0.01373202843788035,-0.010922575721160399
-0.00651891208745653,-0.00834225724015289
-0.005384419951958319,-0.00989880583269559
-0.006698375785517019,-0.005698421670199488
-0.005866247478371167,-0.009589098979751881
-0.0012734017413458254,-0.00880144488061943
-0.0028594404635917114,-0.009000981283033088
-0.005678605684005578,-0.006568188695519117
-0.008177482542058634,-0.01191687023383925
-0.0072743451068117415,-0.012850915650232414
-1.000905742976066e-05,-0.009072483191968683
-0.012892139570286232,-0.011934853783516663
-0.008640923736854433,-0.007841147819348887
-0.0022162227876906804,-0.009796381188696551
-0.002937792616284074,-0.012291243505878902
-0.0041898129808209394,-0.011350094078353051
-0.00319772712954719,-0.008876453795673866
-0.003502643385575488,-0.009276153641982338
-0.006682481390515416,-0.009636931179320435
-0.010068691287708598,-0.01256577406942988
0.00076549666627862,-0.006800050930522189
-0.0092615162807263,-0.01153358707120139
-0.012352898650473954,-0.009773368028645035
-0.003916968790006192,-0.00632637199257996
-0.0028168916417731227,-0.010254673266388903
-0.006199877808057697,-0.004343857154934294
-0.0016606994448543633,-0.008397342465417929
-0.002590849827106223,-0.007858877601650438
-0.0048792059913887464,-0.008182941491423318
-0.006171954544361424,-0.009915744805035098
-0.005085055594973076,-0.007465505710429893
-0.005690127017948576,-0.005907136484504472
-0.007048437552791331,-0.010788108519782291
-0.005459951155681708,-0.012833842417246388
-0.005891976834579482,-0.007009288033496097
-0.0029515078577149745,-0.012699091940657992
-0.008038598017870213,-0.010864132504340235
-0.00025091544367755736,-0.00957914451181574
-0.009461679724621086,-0.006679135202093983
-0.007156160328457617,-0.007164589241355046
-0.008419030723704701,-0.00936189308101773
-0.0011342634497815696,-0.006334132553028143
-0.0015184421751935906,-0.00609282338484074
-0.005627012710942292,-0.007708486497436301
-0.007629585499023983,-0.0075640353202876265
-0.0039657260601833055,-0.007825760959099065
-0.004817778057118638,-0.008082710754912209
-0.0006617485959066194,-0.008035386090095381
-0.0031618942908389625,-0.005935716297516297
-0.002237564328923247,-0.006283315636009645
-0.006262335565748567,-0.005313198367449562
-0.01072005755208022,-0.008009134445218058
-0.005755823260465254,-0.010352561080848366
-0.012501603381951942,-0.006694790583636923
-0.009661738415703724,-0.0030362440303806637
0.0024774807273268418,-0.007530813924924107
-0.0073988725941709355,-0.009268527342180671
-0.0032475142231450094,-0.013333907260712485
-0.0075084160032198866,-0.012965996204407249
-0.008124979252303932,-0.007392183168111605
-0.002986415625814698,-0.007581630841942605
-0.005636325383480134,-0.012759102023485014
-0.00388243429601165,-0.004837713550041811
-0.004783094548560407,-0.007864698021986583
-0.008792493679052993,-0.009714536783802435
-0.004594183917315475,-0.00746847567396261
-0.007135192061330231,-0.006454003704118444
-0.004960274340238047,-0.008748807330218211
-0.007674193967683929,-0.0042128674518406295
-0.0001753842399541683,-0.005540016238161277
-0.003309583952813444,-0.004875606035591451
-0.007579141856110638,-0.009645214028437571
-0.008214464710916913,-0.008225997847993632
-0.013320687750899618,-0.007988583713947534
-0.0013632752279811866,-0.014332858109660257
-0.008102219859628279,-0.008302932149242964
-0.007745054081221225,-0.007646148246474804
-0.0009598146081780112,-0.004281921685912404
-0.00589481253746571,-0.007031002848833873
-0.007562590911793565,-0.01005967369351482
-0.003343715664868352,-0.008481649299093036
-0.006392041678045635,-0.005507168116902966
-0.007084001870206524,-0.007100833138950491
-0.001926051596513989,-0.006912803316562549
-0.009670916827594966,-0.00991161075743513
-0.0034713473764067526,-0.010011050683984224
-0.011648253040302814,-0.011254802953321125
-0.0022797103688022013,-0.009211501976803593
-0.0072162899180139295,-0.010773094933637622
-0.012242847706673221,-0.009714790551178326
-0.002286829133852142,-0.01030484838800913
-0.006406264454228261,-0.008019223173800688
-0.012692349400496739,-0.00885782845059821
-0.009747477854739117,-0.0070982512034401535
-0.0026567998369987356,-0.010046092712730464
-0.00697796546727647,-0.00960359027722757
-0.006216816780397205,-0.006846868060587236
-0.009339883187335973,-0.0048498766793830805
-0.005179839185253277,-0.008881617666694569
-0.007739741195636807,-0.013120013821469628
-0.005585627973190954,-0.008802862732062516
-0.004477790264509729,-0.009844362402828849
-0.0012829681812595584,-0.012321629198356221
-0.007298910378952861,-0.009554952513779802
-0.007600214876050115,-0.012054605427877618
-0.006611487016331574,-0.01061882354919938
-0.0055372734849534755,-0.006589918264774092
0.0026537354483958664,-0.008840113422213886
-0.005883320711357165,-0.008595312001824784
-0.0036261410495139756,-0.007745080638272173
-0.0007746499965107234,-0.006645525778708056
-0.004566887695100275,-0.008900884807168524
-0.006201176152771493,-0.009787202776805254
-0.0008941183656613894,-0.0067029391721075415
-0.010784709217258936,-0.007403570241408003
-0.006030085302723087,-0.008249533296714101
-0.0062763045745553026,-0.007604136467242395
-0.0065373884179684705,-0.014293413512020958
-0.006236083920871216,-0.009401203418010484
-0.006259097080922704,-0.007205063662415023
-0.0018553109897060382,-0.00721333175761496
-0.005223298323763226,-0.006900401173762644
-0.009527390721054907,-0.009227664893098259
-0.0041499951090764875,-0.00023904739268038044
-0.004784019619168911,-0.008784774429572983
-0.007039886182381105,-0.009572801802810643
-0.007366920035686786,-0.0070557023816215925
-0.005309560051467599,-0.009051663939405069
-0.0051998971356892465,-0.011679068071770715
-0.004448956684122041,-0.009151238126600708
-0.014199752694839807,-0.010278208715109372
-0.005456578410209356,-0.007584466544828833
-0.005794477048142455,-0.004887112615617223
-0.011702323196064346,-0.009654780468351304
-0.003492569410910029,-0.008406252356016136
-0.011428180660535803,-0.010679087399402237
-0.006965802337935201,-0.00727993831682297
-0.008300845945350577,-0.0026264407015723634
-0.0016357461446908084,-0.008582895105107624
-0.004522025459064438,-0.005037369459184843
-0.0023814932174029413,-0.010413347219720204
-0.0062107425926852255,-0.008005000397618062
-0.014474551779683875,-0.008911749591795998
-0.008991776314090816,-0.007088296735504013
-0.011399332326230915,-0.01177501574611814
-0.007798199166374142,-0.009488748736511426
-0.0104361995620742,-0.00967871869901138
-0.01339709976347997,-0.005848170979015382
-0.00538003213698246,-0.006537803003041798
-0.002567836667054735,-0.007848266584398828
-0.005101352771914314,-0.011134275252915327
-0.006621053456245307,-0.006409783263480906
-0.017691103432188993,-0.005578296751733325
0.0006542816384107475,-0.01024821105065446
-0.0034276344705210238,-0.007681070768491699
-0.0061306893133394325,-0.008669156832812025
-0.01568817212391932,-0.009580293841965765
-0.0015608714902828336,-0.009355818893305723
-0.0008435552160187543,-0.007325710869550139
-0.0049902720046929305,-0.008034356266674675
-0.004312415081985321,-0.003940530795777608
-0.0029166000896153066,-0.005424532902046808
-0.009764939115747606,-0.011208627618654321
-0.008494800940886782,-0.007192392998322028
-0.0005213119596285676,-0.008238668512086628
-0.010745264619619666,-0.009193264659750316
-0.004111072800106141,-0.010275373012223199
-0.007948858791881397,-0.009641468008860038
-0.0015269787916866728,-0.007306055701053776
-0.0005256850206871722,-0.01009070118139041
-0.013616425595036563,-0.004090533871969337
-0.00847413070288694,-0.008620145795258993
0.00014556067172227793,-0.008362300436671688
-0.005574389914458244,-0.0028830024693631273
-0.00045367557699987904,-0.006344743570279782
-0.012620190942245646,-0.0019104375259392237
-0.013582159622335166,-0.006206500841489687
-0.009395087919330303,-0.009554191211652185
-0.006678213082268902,-0.012475258787396193
-0.005980044441749377,-0.008293753737351667
-0.0034917786009480145,-0.005836798659636128
-0.004996614713698,-0.007314846084922666
-0.005527438523746653,-0.010991898476525264
-0.008753825137458537,-0.01077969141001861
-0.00623412902684195,-0.005137212167673572
-0.0020044185031236617,-0.01678594766106889
-0.0014685355748664808,-0.0096868525335648
-0.008557915247893066,-0.002565147027948772
-0.009066248186559156,-0.009169206922360895
-0.007837509503366924,-0.01051808527793649
0.002208382556089572,-0.006828376976158124
-0.008712574660353745,-0.00940727760572252
-0.0032763330496154985,-0.005354060816531947
-0.007496252873878617,-0.010773482961660003
-0.00332976140997876,-0.0031065818552490354
-0.00433607003743508,-0.0026149341215466193
-0.0024921859566019444,-0.008722824206633922
-0.005258086585133603,-0.01253759703835769
-0.006441306482974529,-0.008123185175972186
-0.005684038076319342,-0.007642790254919679
-0.013657929839517191,-0.012549611153135187
-0.00467408818209758,-0.007210496054728788
-0.006856542204096594,-0.008591177954224788
-0.007183307536109074,-0.008844635497836262
-0.006755415904811268,-0.009985052806482764
-0.006260410179553699,-0.010702234820100326
-0.0030032350914248607,-0.011044013738257558
-0.006105467491882788,-0.00354042816752953
-0.002956805989382194,-0.009570607895322741
-0.010459481243418833,-0.008969939041240299
0.0005730790289149024,-0.004985403212016293
-0.0043237874013645206,-0.01303984103539449
-0.004120251211997383,-0.008834293001877741
-0.009009222821182106,-0.0034892232224886244
-0.007785916530303583,-0.005472126088156726
-0.003843780508334449,-0.0034412567622735257
-0.006038368151840223,-0.009343655763964481
-0.002352271608992873,-0.014342544056303308
-0.009014267185473435,-0.007916932790448195
-0.005183211930725629,-0.006644615462016695
-0.010250497907820733,-0.008382209372543942
-0.007990348282444881,-0.007335277309463872
-0.003446916364912178,-0.008664246729167213
-0.007269046975144522,-0.009652720821509891
-0.003961323491290247,-0.010706368867700294
-0.00914771931734809,-0.007527441179451727
-0.0031489698593700766,-0.004996372749455913
-0.005603477262221823,-0.011358123160094324
-0.004407586700287902,-0.010491848386976366
-0.006710538914858233,-0.012406592581346826
-0.00873275211751906,-0.007730723601443001
-0.005432132644797527,-0.005762953828648887
-0.008024629009063478,-0.007065015054159407
-0.007643017465244595,-0.008131333764442805
-0.006999023733298748,-0.015932851086795652
-0.0039644277154695096,-0.010253643442968197
-0.008525455154657247,-0.008337720410613314
-0.0029115557253239777,-0.006565726266738153
-0.004977093805848154,-0.009737937971876387
-0.012287082901227986,-0.009242409957949838
-0.0034941215229996603,-0.008264412622212225
-0.011913231917857259,-0.0071226969688519826
-0.013494599549917052,-0.0042815336578899965
-0.005742108019034298,-0.012356283199080054
-0.003664272548522307,-0.010535546538944951
-0.006235815399578126,-0.007715082973817261
-0.005921974499034421,-0.009377011419974546
-0.006741834924026913,-0.00772581349779819
-0.001726903222122711,-0.004210405023059638
-0.0020770844961264245,-0.009708447842173229
-0.004090373054271845,-0.011155482533501349
-0.007333967161616328,-0.008276949025658675
-0.0031251806432737173,-0.009173743751900498
-0.004260165559606455,-0.0032224532193858846
-0.00791960767563693,-0.008919510152244181
-0.011295877858811199,-0.00859984883136436
-0.0066908689924446985,-0.010404034547182361
-0.004532248448293641,-0.0023537160174869343
-0.0031050031861084015,-0.008149705342142627
-0.00675669949560781,-0.006250333254104817
-0.006560535838666504,-0.01684982327020279
-0.003110435578422166,-0.010661879905769694
-0.0036038891915900484,-0.00875113549835263
-0.0024444732637627364,-0.008499498588123905
-0.0029349569133979014,-0.009187578500060717
-0.011236270557923811,-0.011974029859862872
-0.00799695951274304,-0.006058318398680651
0.002735982635229617,-0.010325279612550337
-0.004439912532877288,-0.011395090575035405
-0.006502734417244582,-0.00899178811722462
-0.00802165904553076,-0.0073121298887658115
-0.006152418882594379,-0.003786781700008318
-0.004664402235454557,-0.008520705868709899
-0.00809587715062321,-0.004816894297478197
-0.016197922914028495,-0.008241518968890027
-0.006662557700725935,-0.006068914662015035
-0.0012613728726511009,-0.009667988175030423
-0.003996753548058896,-0.009230112567962079
-0.0023802096266064,-0.012605994723113967
-0.010861777779154813,-0.005059606563191543
-0.003966890144250557,-0.005729851940014713
-0.009216370769480176,-0.002059784052815483
-0.002853485782609022,-0.006918116202146968
-0.007750740240910825,-0.01009005938599214
-0.012300380606802053,-0.006617453500448012
-0.008210315909399746,-0.007535336000546483
-0.006177237922111445,-0.008226773904038448
-0.004245689016047993,-0.012730387949826644
-0.0018753689401420082,-0.011899677494123878
-0.0017997182296892733,-0.007315114606215728
-0.005101367525831513,-0.01218947541119536
-0.008606926285446126,-0.008562986169235398
-0.004424391411980866,-0.00896489467694897
-0.010646854516491278,-0.008167927905278677
-0.0119203506829072,-0.00887346907822395
-0.002305066450905391,-0.00545854510737237
-0.006404190053469649,-0.010815375234163122
-0.005932451255639515,-0.012511330639563112
-0.002139676514463784,-0.0070920427550815734
-0.0045313381316022805,-0.006640093386394347
-0.005091652071354036,-0.012374654776779875
-0.012287456175333167,-0.005339450012326913
-0.002806146363874995,-0.0034627178102354106
-0.008022286087011832,-0.009095899133959806
-0.004867162368776823,-0.012524404085595742
-0.008232179739301237,-0.0019508971930820018
-0.0034542888973379537,-0.009641094734754801
-0.012613594465864686,-0.012060679615589653
-0.0066100691648884324,-0.007613702907156128
-0.005398388960765055,-0.00853324227215635
-0.006856930232118974,-0.007082342054521323
-5.331918137596592e-05,-0.004396748472711376
-0.011247672385137408,-0.006972813399389571
-0.006209832275993865,-0.007388690915909879
-0.008810984763482133,-0.006364398738776145
-0.0077661271011607025,-0.008726450719482165
-0.009009998877226921,-0.009202069797536433
-0.008236313786901206,-0.007826805536436943
-0.001306518383897226,-0.0100772544612526
-0.006064097508048649,-0.005851409463841162
-0.01612549593448437,-0.007787226678151127
-0.0038141413640674915,-0.004121695620491472
0.0022576473610184666,-0.006238572906703155
-0.007874491672225203,-0.009589606514503607
0.002910804750938356,-0.011095994739343279
-0.005302948821169384,-0.008488633803496404
-0.006033189526902405,-0.0043470956397600735
-0.005227954660032119,-0.004931333056254789
-0.010584784786822898,-0.005073068037246553
-0.007817854334870533,-0.008657515992139708
-0.004832627874782336,-0.006119597318387016
-0.005536363168262115,-0.004633655072005749
-0.007081539441425533,-0.009970695769653592
-0.004595736029405106,-0.010561798183822302
-0.005500157055448596,-0.008962312741438633
-0.009848469893377843,-0.006648749509616664
-0.009185492296168385,-0.011844980296881275
-0.0032034132892367895,-0.006347191245143546
-0.00847386218159385,-0.009971606086344953
-0.005464338970657567,-0.006440168955958225
-0.00880685071588222,-0.012823634181934385
-0.010710998646918268,-0.008251339176179623
-0.0032542302062553707,-0.009932161488705654
-0.0032306947575348466,-0.009597501335598363
-0.0018008675598393253,-0.013653568581592335
-0.005363093164642896,-0.011189479984909712
-0.008292309328857606,-0.008513467596930668
-0.0038938066153909046,-0.00543320377918638
-0.002195284028397748,-0.006924712678527928
-0.010897730124592442,-0.007456715326560975
-0.009649843807655545,-0.007255880579433521
-0.006839722738486376,-0.00646849500159416
-0.0031598346439976055,-0.010472312725209348
-0.0036423039658086687,-0.008466784727512111
-0.004200677765448413,-0.0027571766372901374
-0.0102410657285536,-0.0063391769173195
-0.0033769518141489874,-0.01170958802489458
-0.005496276775224518,-0.0027752796936968693
-0.004629613974084179,-0.00970780604677493
-0.014103551253116575,-0.01256175952855923
-0.005395284736585737,-0.009591680915262218
-0.0062268907550627195,-0.0055119587138184045
-0.006554207883578578,-0.006048751958766918
-0.008180706272967242,-0.009388786521293352
-0.006150478742482368,-0.011951912262585518
-0.006580325267809384,-0.007921469619987798
-0.004715860947871298,-0.008121782078446271
-0.008834773979578547,-0.009604605346731077
-0.005002300873387655,-0.007405107599580463
-0.004328324230904124,-0.008916913462816672
-0.00425434513927031,-0.00630128443176986
-0.004635956683089304,-0.006651599966420091
-0.008608344136889157,-0.0037571720635758143
-0.00866913027576105,-0.007855131582072877
-0.005968284094347798,-0.009840735889980634
-0.007785513748363948,-0.011688634511684448
-0.008421493152485748,-0.008856007817215489
-0.001863847606199065,-0.004661846856995139
-0.009079187371945185,-0.007909306490646528
-0.00035242977098526307,-0.008755926095268124
-0.006048068852400501,-0.006877776041733508
-0.002482097228019231,-0.01078628788639957
-0.005836115553269683,-0.012375684600200582
-0.00597707447821666,-0.01065050758639044
-0.005449086371054235,-0.008882393722739385
-0.006126286744446374,-0.010805689287520043
-0.0035906962388281283,-0.007187870922699652
-0.00914151086898951,-0.0071899305695410365
-0.0029149137168791306,-0.008951582217457676
-0.0016210010798392016,-0.007356872618072302
-0.010174727690638652,-0.008815025861403786
-0.0030966008302619197,-0.003032095228863496
-0.004345382709972978,-0.006650301621706323
-0.008577316649013622,-0.00464801210883492
-0.001001065085282804,-0.007508174038977772
-0.00987704970638964,-0.010842283428355942
-0.010954382215864256,-0.00214191173291986
-0.0017289776228813225,-0.00645970461772527
-0.0073748296106986855,-0.007880219142882977
-0.008534648320465743,-0.005481692528070459
-0.006252634865188289,-0.013683297724754157
-0.0033191503927271215,-0.010106610330309213
-0.007125506114687208,-0.00791202268680341
-0.012889930908881131,-0.008392163840480055
-0.008301368234019557,-0.008540868571958016
-0.0070527058610379,-0.008186807017730224
-0.008211868021489377,-0.006186189123677799
-0.009805279276160983,-0.009726431391850615
-0.007734577324616132,-0.009941876943183103
-0.006417771034254005,-0.007596361152876985
-0.007568277071483165,-0.008732778674570035
-0.0037551906124955736,-0.006309567280886996
-0.0025648519496047073,-0.006139909036198876
-0.012327423061641418,-0.011360182806935681
-0.009467902926896865,-0.008667216692699958
-0.012143915314875908,-0.007720769133506861
-0.001147963937295271,-0.0046081794831732414
-0.004960274340238047,-0.009177355510831514
-0.00572476626475521,-0.009481629971461514
-0.00906548688443154,-0.0067780675938913515
-0.004777288882141406,-0.004062342086979948
-0.0004174694641864152,-0.01136961498620287
-0.0068601539630275266,-0.009178519594898737
-0.007665911118566793,-0.00826839765524845
-0.006176073838044138,-0.00692275778449869
-0.005047819658738906,-0.009650258392728928
-0.004321459233230018,-0.012742163051145478
-0.0025939540512854853,-0.008961268164100755
-0.007266718807010075,-0.011150691936585883
-0.005624296514785465,-0.006319775516198972
-0.002140706337884435,-0.007344724242648232
-0.0069655338166421665,-0.012953594061607343
-0.0033076290587841783,-0.007746244722339396
-0.0038399002281103156,-0.009926609589662572
-0.006909553028602966,-0.011089144495586428
-0.004361679886914216,-0.006960396502672467
-0.0005571300444195959,-0.008981833649288479
0.0017756855739590738,-0.0033662478472190616
-0.009410623794143869,-0.008395268064659345
-0.0082431787845752,-0.01368847634969203
-0.0029187939971032084,-0.006707461247729918
-0.006366954117235479,-0.009438185586868791
-0.006524075958477149,-0.008191851382021553
-0.00737366552663149,-0.008114917080772222
-0.006390355305309403,-0.00702454063309943
-0.0018228508964701629,-0.011925794878354684
-0.007521071913395683,-0.009628663084120498
-0.004785705991905087,-0.006445213320249554
-0.004548784638693515,-0.006645257257414994
-0.01022864883183644,-0.01002087089127382
-0.01039817281587807,-0.0033697253455035603
-0.007765739073138267,-0.009841646206671995
-0.002975819362480314,-0.007953795452577128
-0.004597288141494793,-0.0044612806311607744
-0.0016397606855613756,-0.010994346151389056
-0.005734989253984413,-0.01089127971199172
0.002382309109024261,-0.006998811276891059
-0.007836733447322108,-0.007921335359341253
-0.0060933191164587175,-0.012042188531160486
-0.0009389953556143693,-0.008064353931129586
-0.0038356319198638023,-0.004121964141784562
-0.002538331783434322,-0.010664208073904141
-0.0034245450002589606,-0.008787475871812639
-0.006841797139244987,-0.009918714768567843
-0.00587620194630728,-0.004492830407705317
-0.008166871524806996,-0.004299502453650211
-0.005769777515354735,-0.010693563942960754
0.0015637470287455102,-0.007350290895608513
-0.006135479910254871,-0.009841646206671995
-0.013339178835328702,-0.011091980198472656
-0.01073725029179562,-0.004882456279348302
-0.001749796875444909,-0.0025771758966434966
0.0011835680902868573,-0.009197786735372693
-0.004346412533393629,-0.004945167804415007
-0.00584465216976271,-0.006129954568262763
-0.006223413256778221,-0.01179880496221447
-0.0038804941558996386,-0.006535862862929787
-0.007212409637789852,-0.008114529052749814
-0.011239777564042708,-0.009071841396570413
0.0024882112513077703,-0.009238141649703352
-0.005812833871925049,-0.003618541306763312
-0.004972691236955151,-0.0027278355221506956
-0.005204941499980575,-0.009817856990575635
-0.0035685933954680005,-0.00806926403477437
-0.003533685627368277,-0.01162216221312301
-0.0029140181541049692,-0.010511369294826184
-0.00851705279881071,-0.008605281223678068
-0.009804115192093787,-0.010312996976479749
-0.004361933654290051,-0.008153063333697752
-0.008756033798863638,-0.011215209341118082
-0.002281784769560813,-0.003791945571028965
-0.00717891972113327,-0.005072023459908648
-0.01415384588146612,-0.0063528774048332015
-0.006512942652556641,-0.009138567462507713
-0.00471909943269716,-0.00789197949028464
-0.004390916249241428,-0.008958432461214527
-0.008700948573598655,-0.007715336741193124
0.00035970787834099793,-0.010072075836314726
-0.009150301252858373,-0.0028420057596341974
-0.006602816139192003,-0.008267636353120833
-0.011396884651367178,-0.0065917241442396135
-0.007461852640530675,-0.008520317840687491
-0.005329976522091551,-0.009340551539785191
0.0026170218008306767,-0.006951486612074231
-0.001350470303241702,-0.00821734172477126
-0.006063963247402104,-0.011547302312632263
-0.00925982990799018,-0.005335315964726944
-0.007987378318912108,-0.009718029036004133
-0.0009153256462473558,-0.00959763559624488
-0.005773150260827142,-0.01331838613981609
-0.0046874301494232995,-0.008754120215802602
-0.010226201156972647,-0.008029834191052326
-0.008581972985282516,-0.008072248752224342
-0.006858213822915515,-0.008473500710622417
-0.016076887678870944,-0.007144799812212166
-0.004476387166983786,-0.009548624558691904
-0.006482556960079322,-0.008696826329132462
-0.008244193854078707,-0.006562636796476062
-0.0024972303208932733,-0.008464695572836328
-0.0072897319670615635,-0.009183429698543522
-0.0024576514626074575,-0.007913574798893042
-0.002647621425107438,-0.004883739870144871
-0.007168816238633413,-0.011835921391719295
-0.008553005144248282,-0.008856142077862034
-0.010092226736429122,-0.00981267836563779
-0.003883090845327175,-0.009053738340163653
-0.002097381460021086,-0.009833885646223783
-0.010311940596008096,-0.004617104127688676
-0.0043350402140144295,-0.010699772391319334
-0.007111790873256363,-0.004872113783389781
-0.011056762598111725,-0.00637330862937438
-0.005152050182203494,-0.004565764922001225
-0.00561899838311819,-0.0051865964793317565
-0.005726198870115551,-0.00419088411520982
-0.004897801828630033,-0.010231779613066705
-0.0013150402464730537,-0.004201360871814858
-0.008874352837864363,-0.010775691623065159
0.0012885746697962608,-0.006643197610573609
-0.0073731432379625095,-0.011138663067891186
-0.00430413223286813,-0.0064383630764927036
-0.004030497232091368,-0.009881090804311266
-0.005815550068081987,-0.007734991909689487
-0.009525704348318731,-0.008794072348193627
-0.012182464349741018,-0.007211272110773603
-0.003898597212306343,-0.007837536060417871
-0.01110980293045255,-0.013931457136698439
-0.01132265179235753,-0.006718191771710874
-0.004295088081623377,-0.011598507257673196
-0.00912742235345343,-0.005214788264321146
-0.007552755950586798,-0.007133039464810503
-0.008280399966892227,-0.0042695047891953
-0.004317459446276595,-0.009492240988713097
-0.011394929757337913,-0.008757343946711238
-0.004935455300720981,-0.008318453270139331
-0.005360884503237795,-0.00878929650519536
-0.00096988858284347,-0.009600993587800033
-0.013205070154138632,-0.009047276124429238
-0.007620392333215431,-0.009103779201137335
-0.006470140063362162,-0.008984042310693607
-0.008835952817562998,-0.007759049647078936
-0.00710973122641495,-0.004451057641931572
-0.003703478132702942,-0.010990853899187386
-0.007983632299334575,-0.01004777908546664
-0.006855885654781069,-0.0045183059965378525
-0.008241223890546046,-0.0012361923621626303
-0.009150569774151462,-0.0034858652309334714
-0.006506346176175626,-0.008931016732269953
-0.0093288841420619,-0.010499594193507378
-0.003527208657716663,-0.0054284279361881405
-0.006213324528195563,-0.004275967004929715
-0.01057392000219537,-0.010471536669164505
-0.005843488085695514,-0.003664701887512889
-0.0064181443083592415,-0.005411086181908997
-0.008852369501233526,-0.009001100789762434
-0.00736589021226608,-0.004615298248223154
-0.008658653519155957,-0.006207664925556883
-0.012277635968043599,-0.009274213501870271
-0.002445756854559278,-0.010535412278298434
-0.009347509487137584,-0.0039021307754762147
-0.007152533815609374,-0.007255238784035278
-0.007067824199994688,-0.009980664991506905
-0.006609278354926418,-0.006982379839303304
-0.0013632752279811866,-0.006683791538362904
-0.004843238892033919,-0.01133005088183428
-0.008614164557225357,-0.008113887257351543
-0.004842611850552847,-0.005009565702217861
-0.006013922386428394,-0.009877076263440643
-0.006068351062377908,-0.008742986909882039
-0.010334565728037204,-0.007205839718459839
-0.006954041990533566,-0.00835906195184588
-0.006160701731711515,-0.012431933909532816
-0.007109850733144241,-0.010807480413068365
-0.004914875061616031,-0.012600159548860623
-0.0066215609909969775,-0.00982587131839971
-0.001659669621433657,-0.008544495084806258
-0.004973974827751693,-0.004619044267800715
-0.006188624995407843,-0.0031771882014104413
-0.0057696580086254445,-0.00986750982352691
-0.007231288750241427,-0.004855950867095088
-0.008809164130099412,-0.011605879790098972
-0.010016710286622876,-0.009009249378233053
-0.006263619156545108,-0.012510435076788978
-0.006954041990533566,-0.009111674022232091
-0.0009124899433612388,-0.004796716840312909
-8.319733910150395e-05,-0.009469615856683988
-0.001941960745432847,-0.017545663742587814
-0.0007426974380265183,-0.007587182740985687
-0.005898453804231152,-0.006340729029409131
0.0051841473290762385,-0.010039242468973614
-0.0066701987544448005,-0.008356345755688999
-0.007186023732266011,-0.0024582150622445564
-0.0052629966887783874,-0.011573941985531994
-0.0116555060659993,-0.007520844703070767
-0.001249985799354647,-0.006286807888211343
-0.007722936483943843,-0.009076497732839306
-0.005056102507856097,-0.009462885119656483
-0.003812872527188149,-0.006433050190908313
-0.00478260176772588,-0.010573558531223937
-0.0020982917767124465,-0.0069527702028708005
-0.013225247611303947,-0.005898346100635582
-0.002967924541385558,-0.008549942231037194
-0.0057318850298051505,-0.010715681540238137
-0.012698035560186338,-0.006866896503188835
-0.00173194758641404,-0.007216570242440795
-0.003711865734632225,-0.011599537081093875
-0.01118042403053121,-0.007194064617141005
-0.004239734335065304,-0.009777367815598459
8.438650482800458e-05,-0.005003372007776508
-0.007989318459024175,-0.011018403888778477
-0.009240174739493734,-0.009847332366361594
-0.005395016215292703,-0.010792496334758123
-0.002845202933491886,-0.006796170650298083
-0.007482552386364916,-0.009104167229159743
-0.007235945086510376,-0.00908788480613576
-0.004803152498996377,-0.0050640091320846015
-0.004869490536911325,-0.004122337415889771
-0.007304999320582095,-0.0073056676730313685
-0.008450326732873381,-0.011211075293518113
-0.00327246752330862,-0.006543877190753861
-0.009759506723433842,-0.01374577023636217
0.00020051163634071667,-0.007314070028877823
-0.007334220928992163,-0.009430678793796471
-0.004295729877021703,-0.003906787111745136
-0.010798678226065728,-0.01084835761606795
-0.008645072538371601,-0.010548858998436217
-0.002425579397393962,-0.011224387753009407
-0.006913955597496024,-0.008128483307639378
-0.0023464659425739276,-0.011200479030183702
-0.0036132166180450898,-0.009044947956294763
-0.008191705318241205,-0.005737732007192242
-0.002504602853319049,-0.009620380235003362
-0.011356529737036491,-0.007375363702501414
-0.0068676607560999026,-0.0049755534968923265
-0.003984217144612445,-0.013836927313794128
-0.005733705663187871,-0.009033426622351792
-0.0020425647560491367,-0.010062509396400993
-0.008708440612753776,-0.009994887767689559
-0.010387845073836721,-0.009526760728790412
-0.0047060407405817295,-0.0047404675309806465
-0.0020935011797969527,-0.007397361793049451
-0.004451672880278923,-0.011036506945185237
-0.012096590650059025,-0.00932865693173704
-0.005137170856705342,-0.0046718013249312795
-0.002761552649132193,-0.005288498834661842
-0.006940326749102721,-0.006390128094984543
-0.003422082571477969,-0.011152109788028997
-0.009329018402708444,-0.0055085859683460525
-0.003101376673260159,-0.007462267225604058
-0.0057305866850913545,-0.0005420382625138109
-0.005453220418654203,-0.006800826986567005
-0.007149175824054221,-0.0043809735844391184
-0.006685331847318787,-0.007230016962578606
-0.009308975206189674,-0.00483113182757805
-0.004680699412395739,-0.012862287969611641
-0.003522820842740748,-0.00632043206551447
-0.002082904916462569,-0.01329807442200423
-0.009112931055977713,-0.009549146847360857
-0.002063503515342069,-0.00434812546318078
-0.006659841504569053,-0.007022212464964983
-0.006245784621431494,-0.005921881549356051
-0.009173836701578841,-0.00781904497598876
-0.004468372839159684,-0.0069593666792517606
-0.007239437338712018,-0.006442497124092672
-0.008712201386248508,-0.012572758573833248
-0.0019204849435537352,-0.004697276913763815
-0.008446580713295848,-0.008595192495095438
-0.011250239566730602,-0.009773502289291552
-0.0015996595386066903,-0.00930615130643725
-0.009378685989576974,-0.008820189732424433
-0.0045234580644247235,-0.005578550519109188
-0.0035594149835766475,-0.011587000677647424
0.0025158955015454065,-0.012268096085180868
-0.005242699724883726,-0.007849042640443643
-0.007968887234482969,-0.00871066107729268
-0.005651980765023046,-0.0074085998517821605
-0.002245981438686928,-0.008019223173800688
-0.005836384074562773,-0.007424509000700935
-0.0004403631175086131,-0.003957081740094709
-0.008364214019732752,-0.009250812313796347
-0.005682888746169346,-0.005980712794198623
-0.004365948195160674,-0.012829305587706813
-0.0057294373549413025,-0.006520864030702317
-0.003420649966117628,-0.006648495742240801
-0.00965721634008132,-0.007605942346707917
-0.0028845280244018112,-0.010309638984924596
-0.006247068212228035,-0.004332872863577447
-0.0018006137924634347,-0.008099142192499964
-0.00527256312869212,-0.005952670023772977
-0.009653470320503788,-0.00949585274764414
-0.004437703871472132,-0.007351574486405055
-0.0020478628877163563,-0.00791202268680341
-0.006207384601130017,-0.007654550602321286
-0.010371935924917919,-0.011867605428910383
-0.011621240093297847,-0.007987673397256173
-0.0018091504089564614,-0.010108042935669526
-0.008003675495853346,-0.008612639002186673
-0.007170771132662679,-0.0042898017530899335
-0.008091996870399076,-0.00937378768906591
-0.007680909950794179,-0.01257987733888316
-0.01143579220642027,-0.008190045502556031
-0.001179140439734605,-0.00531488474018571
0.00010237005450541847,-0.00872889839434593
-0.00801674894188592,-0.011294994099170813
-0.002581029619816655,-0.0053711340495180004
-0.005259653451140434,-0.012487019134797855
-0.006349880884249481,-0.0031345198728625623
-0.010868762283558153,-0.009802455376408586
-0.0033744893853680513,-0.009817334701906683
-0.007251854235429123,-0.008478813596206836
-0.006004878235183642,-0.004915558167982503
-0.0027689251815579685,-0.007604121713325196
-0.006594413783345521,-0.007489429187172769
0.0031646503225722933,-0.009209173808669147
-0.004525249189973046,-0.006823198351220222
-0.004849327833663153,-0.012727283725647381
-0.008186660953949931,-0.006795916882922193
0.0018916764448252965,-0.007541410188258518
-0.0059932226405941535,-0.005971026847555599
-0.011044882743980744,-0.0067469058453692166
-0.004563022168793396,-0.009067185060301464
-0.007136758927337117,-0.009060857105213566
-0.002754956172751233,-0.007013944369765046
-0.004820106225253029,-0.008634502832088164
-0.004302311599485409,-0.001352302739758171
-0.0023397352055464227,-0.010768960886037654
0.0016818123003702334,-0.01223550173129842
-0.007299701188914931,-0.006391933974450037
-0.004341517183666099,-0.009612500167825805
-0.002505244648717375,-0.0070722533259386655
-0.003409009125445339,-0.005855931539463538
-0.005220059838937363,-0.008467948811579334
-0.01227944184750912,-0.010214586873351361
-0.009675185135841535,-0.011131812824134363
-0.003757906808652456,-0.005379282637988592
-0.0047064287686041095,-0.011223492190235246
-0.015096025132412705,-0.007519038823605273
-0.0008055432237397686,-0.00654711567557964
-0.005089711931242025,-0.005407728190353872
-0.004238570250998108,-0.012663273855866936
-0.008600195548418621,-0.007178170222139402
-0.002182852377763389,-0.00563479982844145
-0.0074133491377294525,-0.010693175914938347
-0.0012175257061188272,-0.004926422952609977
-0.006359059296140779,-0.008603341083566057
-0.003824110585920859,-0.006289001795699245
-0.0040246915656724225,-0.0136280929927598
-0.0009116991333991686,-0.011114097795750011
-0.009030683869143963,-0.00652823656312812
-0.005534035000127613,-0.006330267026721265
-0.004039690397899864,-0.00809047131536042
-0.008375974367134442,-0.009085676144730631
-0.002060279784433461,-0.00787478675056924
-0.0023300197510689458,-0.009183832480483128
-0.004499385573118131,-0.009117613949297554
-0.002280366918117671,-0.0072520002992094434
-0.006577997099674993,-0.002555073053283341
-0.007624272613439564,-0.006883074173400727
-0.006258589546170978,-0.012035980082801934
-0.005569718824272152,-0.008496648131320478
-0.005118814032922803,-0.009819140581372204
-0.009245860899183334,-0.011484441773001813
-0.006060605255846896,-0.004778867551282012
-0.007997989336163747,-0.009640945720191085
-0.006763430232635315,-0.007770302459728817
-0.01211599205117958,-0.008787863899835047
-0.004813509748872069,-0.011843159663498554
-0.005216567586735721,-0.006377188909598458
-0.010355250719954301,-0.006768247386601756
-0.007409349350776029,-0.010966945176361681
-0.003418068030607291,-0.013781588321153226
-0.004914755554886685,-0.010713487632750235
-0.004540516543493633,-0.007478042113876343
-0.006711434477632394,-0.007953138903261658
-0.009113453344646638,-0.007617314666087116
-0.007993721027917178,-0.0075886153463460004
-0.004468746113264921,-0.010106610330309213
-0.0052459382097094776,-0.007077819978898947
-0.00917850779176499,-0.010842925223754213
-0.006665796185551798,-0.011956449092125093
-0.004791780179617122,-0.00595537146601266
-0.01016411667338707,-0.009741295963431512
-0.009061994632229842,-0.007281102400890194
-0.013369042239137097,-0.006742115248453778
-0.003611395984662369,-0.00577601252076429
-0.0008767913652994452,-0.012023951214107237
-0.014076269784818518,-0.01195786694356818
-0.006868824840167154,-0.009220158100025938
-0.0016381938195546009,-0.008894422591434081
-0.001911187024933092,-0.007276311803974755
-0.0008059312517622041,-0.002441127075341304
0.0003970780752217129,-0.006839227006868398
-0.005594686878352906,-0.010230361761623619
-0.009032758269902574,-0.01084926793275931
-0.00803962784129092,-0.007364245150498078
-0.007435227721548143,-0.008382731661212894
-0.006631649719579691,-0.009536341922621289
-0.00046157039809463507,-0.005165523459392279
-0.005931167664842918,-0.008701885447340962
-0.00659377198794725,-0.009179683678965989
-0.006837260309705384,-0.006751039892969185
-0.009461037929222815,-0.012049680570315607
-0.005163422501582748,-0.006460092645747678
-0.0069726673356092506,-0.008443503046167505
-0.006627635178709013,-0.005909733173932008
-0.012607639784881997,-0.007837670321064416
-0.00502725417355121,-0.00870600474102376
-0.006114645903774085,-0.008333974391035753
-0.0016292691750391386,-0.0072455380834750005
-0.0076802681553959085,-0.010197647901011825
-0.009914031875247975,-0.01079546629829084
-0.005732661085849966,-0.005836395877696521
-0.006976279094540294,-0.007294937149050412
-0.006213846816864488,-0.01176377768738543
-0.00642411374325913,-0.012934192660486843
-0.0012477918918668007,-0.009173221463231546
-0.0030642749976725336,-0.0057536411561110445
-0.00659350346665416,-0.009263094949866935
-0.0026269216792731975,-0.008511527456818602
-0.0045989597603137145,-0.011939763887161448
-0.0032229341970866354,-0.005057681176996676
-0.006560535838666504,-0.009405337465610453
-0.004149860848429943,-0.00750068199982265
-0.0049019653840643995,-0.01010570001361788
-0.010211709859496987,-0.011846144380948498
-0.00897780730528408,-0.00844802512178991
-0.005350019718610377,-0.009878106086861349
-0.008593987100060041,-0.008044056967234953
-0.0023322284124740467,-0.005441352367656999
-0.0034663177660326783,-0.007153724456727573
-0.009314153831127547,-0.008486439896008502
-0.007339011525907657,-0.009180713502386667
-0.004806390983822184,-0.007963481399220207
-0.004702026199711107,-0.009651556737442696
-0.005349765951234431,-0.0077291714893533425
-0.0010196904303584886,-0.011312335853449929
-0.007543846059988535,-0.008324661718497939
-0.01352408967962021,-0.009831303710713446
-0.0049018163695006,-0.005918001269131945
-0.006607472475460896,-0.00821410323994548
-0.005054804163142301,-0.011280786076905386
-0.010650093001317085,-0.00538031246140927
-0.011363768008815722,-0.00802762552964717
-0.004181276364327913,-0.007016272537899493
-0.008696411744059052,-0.007234941820140589
-0.008869935515054106,-0.009020770712176024
-0.00414159275322995,-0.009076109704816898
-0.010116015952525426,-0.01147759152924499
-0.005539855420463757,-0.010682833418979826
-0.00936004589058409,-0.009277063958673698
-0.004534427601864344,-0.010910412591819157
-0.007287269538280572,-0.00967210746871322
-0.009114871196089724,-0.005914897044952655
-0.006077947010126039,-0.008868947002601546
-0.007907981588881785,-0.008424877701091849
-0.002127005850370789,-0.011054878522885031
-0.0020064633960478195,-0.010889996121195178
-0.0015331872400451974,-0.008254309139712368
-0.009219370240847347,-0.00806512998717443
-0.004291983857444115,-0.0075376494147637585
-0.0003599218101403845,-0.01030110236843157
-0.00792195059768852,-0.01045950780046978
-0.0021537650299998656,-0.008098619903831011
-0.010891641182963208,-0.009351147803119575
-0.01234836182093435,-0.010003931918934283
-0.0097251064900859,-0.0034001257918980787
-0.006774534030721535,-0.006063482269701298
-0.0002821966989290381,-0.008354927904245912
-0.001055120487127137,-0.008078188679289805
-0.009407504816047407,-0.008730450506435589
-0.004642553159470264,-0.00747817637452286
-0.0026195491468473664,-0.005633770005020772
-0.007536846801667996,-0.011132335112803288
0.0006017783486559902,-0.007432523328525009
-0.00592701886332575,-0.012908463304278445
-0.008352185151038027,-0.0051556884981854845
-0.00837182556561722,-0.006588888441353413
-0.013896761825006487,-0.006400470590943064
-0.007018947423088173,-0.006262496383446059
-0.002140318309862055,-0.007222002634754532
0.003487684388924439,-0.008265054417610523
-0.0015021597521696073,-0.009209173808669147
-0.007879401775869987,-0.004403091181716473
-0.006541776232944274,-0.005260695077694888
-0.0007496819424299139,-0.008330094110811648
-0.004635822422442759,-0.004522708565430883
-0.0043322045111282015,-0.008821876105160609
-0.006231935119354048,-0.00844959198779674
-0.006416860717562645,-0.006999706839665193
-0.009725360257461735,-0.007406793972316639
-0.012336481966803425,-0.004953450653532143
-0.009425876393747201,-0.013366098832655327
-0.0043449946819505425,-0.007801717975626815
-0.007338354976592187,-0.006489568021533637
-0.0014462984708597526,-0.008220953483702303
-0.0033211052867563873,-0.005776400548786698
-0.004859282301599266,-0.011869679829668967
-0.0040151251257586895,-0.002407771419331267
-0.0031025407573274655,-0.0030754201067269005
-0.011245075695709872,-0.012779667508672737
-0.001839804622726815,-0.011278323648124394
-0.008371840319534474,-0.0072895047567366755
-0.003265736786281115,-0.011203448993716447
-0.0012290617939789694,-0.007829909760616205
-0.002329377955670675,-0.00740213763604769
-0.008882889454357334,-0.006625094554166877
-0.010989917025444995,-0.008618862204462452
-0.0037844122209056974,-0.01526506813875353
-0.0033671168529422757,-0.008933091133028565
-0.009208759223595764,-0.0029029114052353533
-0.006858601850937895,-0.00960448584000173
-0.010951770772519576,-0.005128929318556408
0.00010134023108471224,-0.004247267685188599
-0.007332415049526697,-0.006560562395717451
-0.007460046761065209,-0.006228484178120525
-0.001450432518459721,-0.009781770384491517
-0.010879746574915028,-0.007730857862089546
-0.009574058836556265,-0.006368786553751976
-0.0024682624798590402,-0.01126474266734001
-0.008740005143215546,-0.010213557049930655
-0.002616981965254228,-0.010990077843142543
-0.0040363324063447115,-0.010804002914783867
-0.001241851964801255,-0.006587202068617237
-0.007597110651870798,-0.01099422664465971
-0.002813667910864459,-0.010298639939650578
-0.005534811056172484,-0.004911931655134261
-0.00573783971078784,-0.00833216851157026
-0.0015131440435264265,-0.008923509939197632
-0.011675026973849145,-0.007224853091557959
-0.000555309411036875,-0.011901737140965263
-0.0014074809147015532,-0.008133273904554844
-0.004226407121656839,-0.00498397060665598
-0.008076221982126819,-0.013416139693629009
0.0011736136223507443,-0.006545951591512417
-0.0010738800928493664,-0.008413773903005684
-0.010778366508253812,-0.0023860418500762925
-0.004565604104303678,-0.013174457251336369
-0.004156069296788467,-0.005187118768000709
-0.007231020228948337,-0.0017271983004667757
-0.006883032862432581,-0.00803693820218504
-0.006890017366835921,-0.003411363850630761
-0.007506073081168241,-0.009916386600433369
-0.0053351551470294245,-0.004503172903663866
-0.011274028782826906,-0.004215329880621621
-0.002893586929563763,-0.008070950407510574
-0.009640919163140138,-0.008320661931544487
-0.006765489879476727,-0.0083140654551635
-0.011564080467274251,-0.007425926852144049
-0.0066273961652503766,-0.01135824266682367
-0.003413038420233161,-0.004976732334876749
-0.009940537287501217,-0.0091342991542612
-0.012842486737334957,-0.0049270647480082475
-0.007729413453595513,-0.0024497979524808755
-0.0051916142865721104,-0.005992741662893347
0.0012729340421705482,-0.003375291998463814
-0.000994856636924224,-0.008191851382021553
-0.00947281303054165,-0.007438731776883589
-0.009035474466059457,-0.008782312000791992
0.004474486862448224,-0.0069071319107901485
-0.006108854991272339,-0.00300908206881198
-0.007595812307157057,-0.009531417065059306
-0.01189408428411265,-0.008156689846545995
-0.005796551448901066,-0.011649070407315831
-0.00997766847092324,-0.003493237763359275
-0.007564143023883196,-0.009501165633228531
-0.001391452259053405,-0.0047698234000372874
-0.006716359335194433,-0.005284618554437737
-0.00983812739741935,-0.012618023591808691
-0.0024628300875453313,-0.007148038297037945
-0.00792660693395747,-0.005858393968244557
-0.0050554459585406275,-0.0034493905968269456
-0.008034075942247865,-0.006523714487505716
-0.002249339430242081,-0.008621563646702107
-0.007873193327511463,-0.004432312790126569
-0.013930266495580212,-0.008089321985210396
-0.007985050150777662,-0.013902369788934887
-0.0024965885254950027,-0.010640553118454354
-0.007135072554600941,-0.010646881073542225
-0.006483974811522353,-0.01065735783014729
-0.004515040954661043,-0.00631164168164558
-0.011802270657365221,-0.0067897084345636405
-0.005369674887106712,-0.011271607665014088
-0.010042693410207137,-0.0104676563889404
-0.002118723001253653,-0.01087965362523663
-0.006392295445421525,-0.007773914218659833
-0.009069232904009072,-0.01143880348092119
-0.00210412695096579,-0.007067731250316289
-0.006992442010834987,-0.007108862220691764
-0.000940025179035131,-0.015969967516300476
-0.006746610767025152,-0.012865645961166794
-0.0021639880192290684,-0.0070542845301784785
-0.0077336522540075725,-0.006793066426118821
-0.005862620965522869,-0.006889148361112735
-0.005171705350699829,-0.012808874363165607
-0.010299643206020337,-0.002973398244667469
-0.008142306252665876,-0.007171573745758442
-0.009932269192301224,-0.006491373900999159
-0.004819971964606484,-0.008711183365961633
-0.005966582967694367,-0.008205432362805909
-0.004619539999418665,-0.005685616745459976
-0.011723515722733169,-0.004365198696166833
-0.009929941024166777,-0.005099051160830842
-0.006093065349082827,-0.013537055422057187
-0.01011485186845823,-0.005047338681038155
-0.0038316173789931796,-0.009310031586661327
-0.006226905508979863,-0.007485414646302119
-0.01013464129760111,-0.010267612451774988
-0.004465388121709768,-0.007095400746636726
-0.0018436849029509483,-0.012631604572593047
-0.0010057214215516974,-0.008926882684669984
-0.001275849416209618,-0.010373260826682634
-0.006085946584032942,-0.011933033150133943
-0.004786347787303358,-0.009399651305920853
-0.005242043175568201,-0.005111080029525539
-0.007353353808819629,-0.006810527687127255
-0.008130008862678062,-0.008845023525858697
-0.00276335852859777,-0.006464226693347674
-0.000621781709598368,-0.003604184269934141
-0.003271183932512023,-0.00987940443157509
-0.0097752816117061,-0.006261198038732263
-0.0061701339109787035,-0.006880223716597328
-0.0012290470400617148,-0.005592385267269406
-0.011365588642198443,-0.011432863553855727
-0.0077315926071662155,-0.008015462400305956
-0.009378671235659719,-0.008238160977334874
-0.008282742888943873,-0.007413256188051082
-0.008152648748624425,-0.008414937987072907
-0.010173817373947291,-0.010076224637831921
-0.011299116343637006,-0.007778316787552891
-0.0007487716257385535,-0.005089753242210199
-0.004085060168687482,-0.012747849210835105
-0.01012274668955293,-0.01022531739733229
-0.004875579478540504,-0.008083098782934617
-0.0029923703067973872,-0.007898053677996647
-0.00100857187835518,-0.006636078845523696
-0.007398484566148555,-0.009090332480999525
-0.003622007001914007,-0.004603388886257775
-0.0024379962941110667,-0.010562051951198165
-0.003837303538682779,-0.007148426325060353
0.001338988804875152,-0.010746455260737864
-0.002955776165961488,-0.008372254904607801
-0.003907909884844241,-0.008918734096199393
-0.0063439262032667365,-0.0075328735717654915
-0.006973682405112758,-0.006124656436595571
-0.011749259832858794,-0.006509745478698953
-0.009390565843707899,-0.009441677839070461
-0.0011200406735989432,-0.009081930125153043
-0.0011138322252404187,-0.013101656997687033
-0.007382843938522787,-0.009808917592143002
-0.007481254041651175,-0.011949330327075153
-0.0008959389990441102,-0.006986394380173927
-0.005666457308581563,-0.01348932797530078
-0.006603726455883363,-0.002092378406697931
-0.002736196567029059,-0.011722780977656527
-0.001799971997065164,-0.009579264018545086
-0.013018741458404093,-0.006214515169313761
-0.004031795576805164,-0.006818676275597846
-0.010580650739222874,-0.009392413034141595
0.0024213656786410964,-0.006353011665479719
-0.0070248873501536635,-0.010867878523917796
-0.011176394735743334,-0.005396475377703963
-0.007167532647836872,-0.009231291405946501
-0.002106962653852018,-0.00783908817250753
-0.009359150327809873,-0.009377026173891745
-0.00862659620785966,-0.011406343387685286
-0.005280711717162712,-0.005003103486483418
-0.004112222130256138,-0.005842216298032665
-0.0012776700495923388,-0.007479982253988382
-0.007151757759564559,-0.005693511566554704
-0.011860594367456068,-0.01091779987816216
-0.009802309312628321,-0.007303473765543439
-0.007561292567079769,-0.006230931852984289
-0.004414690711420588,-0.006642943843197718
-0.004634016542977182,-0.01292398442517484
-0.0039935150632330885,-0.008627503573767598
-0.002147690842287886,-0.00875231433633708
-0.0022044624402890456,-0.007068387799631759
-0.0026636500807555863,-0.008416863373267747
-0.009740627610982322,-0.011926705195046045
-0.01043672185074318,-0.0037121608129762618
-0.012943732543349629,-0.005729851940014713
-0.0019201116694484988,-0.007837670321064416
-0.008896201913848656,-0.009644318465663437
-0.005960777301275477,-0.012432963732953523
-0.0032533198895640103,-0.010667312298083431
-0.00758676815591236,-0.007384825389603
-0.002701542566305226,-0.011072981579291763
-0.0007805899235762137,-0.005988861382669242
-0.005583060791597816,-0.009927773673729823
-0.005551242493760211,-0.009338223371650717
-0.0024973498276225636,-0.008324407951122048
-0.005839219777448945,-0.006956142948343125
-0.009395490701269937,-0.007142993932746644
-0.001947258877100011,-0.011906527737880729
-0.005419208213328697,-0.009098212548177081
-0.004382499139477747,-0.002829588862917065
-0.006016772843231766,-0.005168373916195679
-0.004460731785440819,-0.0064007391122361534
-0.012069697209783403,-0.009691389363104375
-0.012948388879618467,-0.011412805603419729
-0.010585948870890094,-0.011144602994956676
-0.010558264620652402,-0.012885435390309702
-0.009922046203072021,-0.003870312477638582
-0.013564176072657752,-0.01053050217465365
-0.004936470370224488,-0.005564073975550671
-0.0020660854508524062,-0.007565467925647912
-0.006585742906205949,-0.00581700923049322
-0.005045610997333805,-0.005040861711386541
-0.0022719645622711893,-0.006238826674079018
-0.012573508072827089,-0.007759422921184145
-0.0037042541887477576,-0.004605209519640496
-0.010076586108803354,-0.01019337959276534
-0.0023937758534735565,-0.006577769889350049
-0.006455275491781265,-0.005354195077178492
-0.012880379222884653,-0.010424212004347677
-0.005488904242798687,-0.011805669959888548
-0.0025177958060810246,-0.005007894083398884
-0.008548483068625934,-0.011089786290984727
-0.007834539539834207,-0.008689468550623858
-0.010110717820858206,-0.007013675848471956
-0.00510368094004876,-0.004126217696113849
-0.008768838723603234,-0.00889919843443232
0.0021871752755036056,-0.006671643162938862
0.00033927665379979155,-0.008220177427657488
-0.004552813933481337,-0.008101858388656846
-0.0031435374670563676,-0.00814375066115991
-0.005610476520542418,-0.005432173955765673
-0.0050035992181013955,-0.007375363702501414
-0.007439615536524002,-0.007938930880996231
-0.002466322339747029,-0.005157628638297551
0.0030771050040713233,-0.00830500655000152
-0.008101041021643884,-0.0061722348687882345
-0.012637771709983425,-0.008385313596723204
-0.0010481359827237413,-0.008627130299662389
-0.00773936792153157,-0.005919031092552651
-0.005721408273200057,-0.011408029760421462
-0.0072074847802278685,-0.005373327957005902
-0.00899655215708911,-0.007812836527630151
-0.0072420192742223555,-0.00770072593698809
-0.008966942520656607,-0.007949139116308235
0.0008161793226506564,-0.005954341642591954
-0.003783516658131536,-0.009775830457426027
-0.004982391937515374,-0.0027651909651142115
-0.012305051696988145,-0.00554997070609739
-0.0034670790681602948,-0.010729262521022492
0.001278351680567058,-0.0067732769969758855
-0.006697868250765238,-0.007550588600149816
-0.005381061960403166,-0.011089010234939883
-0.006289751294693113,-0.009627499000053275
-0.008707918324084851,-0.006846480032564828
-0.008858831716967941,-0.00505341286875019
-0.002015283287751135,-0.004930810767585836
-0.0020514894005645434,-0.005373969752404173
-0.00437318646693996,-0.010708309007812333
-0.0018869950268971536,-0.008317677214094543
-0.010201501624184983,-0.0071585002997258396
-0.007979363991088062,-0.00496792719709066
-0.002225281692852632,-0.005865363718730726
-0.002116155819660459,-0.006918116202146968
-0.0010180040576223126,-0.011435833517388444
-0.004751947553955416,-0.007056866465688816
-2.914193725722658e-05,-0.007998015893214694
-0.004425809263423952,-0.007234807559494044
-0.008164931384694984,-0.007193422821742734
-0.0036719283561583715,-0.005758685520402401
0.0016408155906413313,-0.012462319602010136
-0.0024153711620819585,-0.006616692198320395
-0.00908553008095031,-0.015866647309527304
-0.00680700887787461,-0.006563278591874333
-0.005797835039697663,-0.007783614919220083
-0.008426015228108097,-0.013378008194620677
-0.010688239254242615,-0.014815446938200721
-0.01187753333979552,-0.002273931259434203
-0.008261386593794162,-0.008386104406685219
-0.006740536579313117,-0.00965904877659779
-0.009453799657443585,-0.010536203088260448
-0.0042142587462327685,-0.009768323664353706
-0.009753552042451152,-0.008585491794535188
-0.0022939478989020268,-0.008426041785159072
-0.008890247232865967,-0.006553443630667538
-0.007481000274275285,-0.009918968535943706
-0.007074554937022193,-0.009426156718174067
-0.00517777953841192,-0.00432872406206028
-0.007335370259142215,-0.006929100493503787
-0.006212682732797292,-0.009632155336322168
-0.003001294951312794,-0.007817104835876693
-0.013021577161290265,-0.010117087086914278
-0.004068777745663388,-0.011295008853088012
-0.0048288818552047474,-0.008640442759153655
-0.0032654977728224233,-0.003942470935889675
0.002458467354228666,-0.009743892652859076
-0.008620253498854591,-0.00792767806834635
-0.009624233958176465,-0.008491349999653286
-0.006579549211764568,-0.008059697594860693
-0.003846362443844731,-0.009126031059061263
-0.001811478577090908,-0.01050244465031075
-0.006526911661363377,-0.010198423957056668
-0.004743933226131369,-0.007684309253317534
-0.00811593510105918,-0.009991783543510269
-0.0037467882566491473,-0.009708582102819774
-0.004806271477092838,-0.010164799779753542
-0.00293367332260136,-0.008447383326391611
-0.00245506952709712,-0.009566981382474499
-0.010358862478885345,-0.01463234197337479
-0.010127014997799444,-0.010547575407639648
-0.005758270935328991,-0.010664864623219611
-0.002358987592103179,-0.008140392669604757
-0.01016684762346115,-0.006935055174486449
-0.006607472475460896,-0.011878858241560292
-0.005876082439577879,-0.008018700885131735
-0.01049349344874434,-0.007638521946673138
-0.0025283920694154083,-0.005069441524398338
-0.00910336461606398,-0.008575925354621455
-0.0010104972645499366,-0.007510636467758791
-0.0018068222408220147,-0.010177858471868945
-0.0007979169239381023,-0.003852075160585333
-0.007637331305554995,-0.010409213172120235
-0.008502173473312613,-0.008779461543988593
-0.005452175841316298,-0.008757866235380163
-0.009544717721416796,-0.0024746317459151124
-0.006387370587859487,-0.011296172937155236
-0.006089707357527674,-0.011413462152735199
-0.010510163899790814,-0.007462267225604058
-0.008603314526515082,-0.008940851693476748
-0.01071371484307515,-0.010290103323157551
-0.004809495208001502,-0.009163252241378206
-0.0023123047226846216,-0.0056902878356460684
-0.0051608405660723555,-0.00920374141635541
-0.009066248186559156,-0.011564883080370042
-0.001641820332402788,-0.0034822387180852288
-0.005564047418499696,-0.00605055783823244
-0.010272869272474006,-0.009017532227350189
-0.0056805458241177,-0.01020022983652219
-0.0035146722542702125,-0.007400839291333949
-0.009856096193179564,-0.009397323137786379
-0.006519673389584091,-0.00961547013135855
-0.009547956206242658,-0.012681899200942592
-0.011800345271170354,-0.012874704866328773
-0.008299279079343747,-0.006283957431407944
-0.00512139596843314,-0.008231176472931506
-0.0030138313547593,-0.008161599950190779
-0.003806664078829569,-0.00613162618708174
-0.009178105009825355,-0.006924190389859003
-0.0027256003036946197,-0.00625085554277377
-0.007445555463589437,-0.007393601019554691
-0.0025276160133705927,-0.009687897110902705
-0.0014741022278267346,-0.006389725313044936
-0.0064526935562709276,-0.012116928924921888
-0.005452310101962843,-0.005831500527968936
-0.012862007645184803,-0.00396742423605323
-0.00680765067327288,-0.0057391646125525275
-0.006035383434390307,-0.011861531241198375
-0.003386264486686885,-0.005367253769293867
-0.005329588494069171,-0.010634732698118182
-0.011302474335192159,-0.009931907721329764
-0.0029349716673151005,-0.009294644726411477
-0.008276788207961183,-0.009160028510469626
-0.006523538915891025,-0.0069757833629223165
-0.004768364237625999,-0.013908055948624515
-0.006611860290436755,-0.006734623209298629
-0.006937879074238873,-0.006471852993149313
-0.005723363167229323,-0.014560571543146134
-0.008956973298803295,-0.009622454635761918
-0.013575175117931715,-0.0058891529348270855
-0.00875679510099131,-0.008179568745950966
-0.01218361367989107,-0.008115812643546383
-0.0016425963884476036,0.00020991725855695753
-0.0026745148653830597,-0.0086405770198002
-0.00841671730948751,-0.008878767209891142
-0.005948867939310043,-0.007447790682045541
-0.007138952834825019,-0.005190222992179971
-0.005929749813399832,-0.006451809796630514
-0.009833083033127965,-0.009112181556983817
-0.0034478119276863395,-0.009408575950436288
-0.007949620094009013,-0.00581041275411226
-0.007896475008856041,-0.008321945522341057
-0.004417153140201635,-0.00804043045438671
-0.00792104028099716,-0.009122270285566503
-0.007311969071068292,-0.008769760843428343
-0.008772972771203147,-0.012506808563940736
-0.00470733908529547,-0.009346759988143744
-0.003396860750021269,-0.010310668808345302
-0.00017720487333688917,-0.0125538794613817
-0.006231308077872977,-0.005959893541635036
-0.0032961372326756333,-0.007404212036806301
-0.009763267496928574,-0.007119189962733086
-0.006537268911239069,-0.006886700686248942
-0.006963205648507664,-0.006542578846040092
-0.004933888434714151,-0.0077144264245017635
-0.007760172420178013,-0.009889493160157747
-0.004999062388561848,-0.010397572331447946
-0.007488999848182187,-0.010816419811500999
-0.009075963641036577,-0.004566152950023605
-0.0007667404214987683,-0.006213604852622401
-0.002897974744539622,-0.006629228601766846
-0.0020219992708613854,-0.011740107978018444
-0.012893945449751809,-0.007177513672823904
-0.004542859465545279,-0.009899701395469751
-0.006283930874356969,-0.012377102451643668
-0.0084671461984836,-0.008247205128579654
-0.0037667119464385723,-0.006270898739292541
-0.007469866968354777,-0.010210706593127228
-0.004193559000398528,-0.00871661575827537
0.0021765642582519673,-0.009122016518190612
-0.009413071469007717,-0.006828108454865034
-0.008595539212149672,-0.010313250743855612
-0.00405300285739113,-0.00833719812194439
-0.008648445283843953,-0.007180886418296284
-0.006206340023792167,-0.008030475986450597
-0.006398250126404215,-0.011082801786581331
-0.010604186187943343,-0.010800256895206334
-0.008421746919861584,-0.006781694106739566
-0.008306278337664341,-0.010261523510145754
-0.010747980815776548,-0.00895804443319212
-0.0076897003346630965,-0.01276117642424357
0.0014242207091588188,-0.010471148641142097
-0.0035458340027923474,-0.0056951979392908525
-0.011690160066723077,-0.00693311503437441
-0.006340448704982293,-0.003261241267709658
-0.007048303292144786,-0.011241475739912632
-0.010971694462309,-0.01157806127921479
-0.0014051675004843056,-0.011963045568506053
-0.0007349368775783627,-0.004662354391746892
-0.004979541480712002,-0.006773799285644838
-0.007007052815040049,-0.010336532425200218
-0.006399787484576591,-0.005692481743133998
-0.005135618744615711,-0.012721597565957754
-0.01087716463940469,-0.012228129198872617
-0.0070217978798916,-0.008626608010993436
-0.0018154931179615308,-0.005453888771103449
-0.002489469760445062,-0.008254711921651975
-0.006316002939570464,-0.011622430734416073
-0.009313109253789642,-0.007937632536282463
-0.0030934818521654583,-0.007075491810764473
-0.00355023657168535,-0.011216253918455987
-0.0033408652080648693,-0.011450444321593478
-0.0039221326610268115,-0.004114964883463967
-0.007478403584847804,-0.003949067412270635
-0.004235077998796355,-0.007985598996497562
-0.010413962458067527,-0.010526233866407109
-0.006939938721080285,-0.009101316772356371
-0.0022441755592214063,-0.008172972269570006
-0.0026114153122939188,-0.009496001762207884
-0.001150172598700372,-0.014738900664973797
-0.00020526239767970633,-0.005113930486328966
-0.01020278521498158,-0.009591800421991564
-0.003014234136698879,-0.0075557672250876895
-0.01635594031804427,-0.006988334520285966
-0.005727885242851727,-0.0075558867318170075
-0.009841351128327958,-0.008266994557722562
-0.007988810924272394,-0.005763088089295432
-0.013644348858732835,-0.004537573137011808
-0.004567409983769255,-0.006055199420584162
-0.009069486671385019,-0.012347239047835301
-0.005453474186030094,-0.008351167130751125
-0.011876369255728325,-0.013121700194205804
-0.004267284324656451,-0.0138090040500978
-0.0011530083015866,-0.008074696427088135
-0.007306551432671726,-0.007244373999407777
-0.00815911096435884,-0.005960803858326397
-0.0058857683862209575,-0.006866523229083654
-0.006641604187515804,-0.0029807560231760455
-0.004414436944044753,-0.010211348388525526
-0.010320716225959814,-0.005598071426959034
-0.0047471717109571765,-0.008804414844152147
-0.005220447866959799,-0.013120924138160989
-0.008187690777370638,-0.010041824404483951
-0.0075623223905004755,-0.011998983160026427
-0.010013591308526415,-0.008251980971577894
-0.01281363840303007,-0.01265409544397561
-0.01067518056212724,-0.009512791719983621
-0.007585081783176129,-0.00619111398123981
-0.006718687503328824,-0.007382094439528919
-0.0043624559429590315,-0.007707964208767348
0.0002628498873022411,-0.003478104670485288
-0.003355356505540641,-0.00776046749852205
-0.012182449595823819,-0.010277432659064556
-0.005291054213121205,-0.0061030463740699425
-0.0018735483067593428,-0.006964545304189607
-0.0042715526329029085,-0.007599077349033867
-0.007352965780797249,-0.013198649249372335
-0.004726740486416026,-0.007822671488836974
-0.00683143988936924,-0.007511144002510545
-0.0054476537656939494,-0.009319732287221605
-0.007014171580089934,-0.0074823104221228565
-0.009537852723742801,-0.004673995232419209
-0.011080835089418317,-0.012619053415229398
-0.011497742429359359,-0.004808491941631715
-0.009111378943888027,-0.006787126499053303
-8.616730263427685e-05,-0.009476212333064976
-0.005215149735292579,-0.005360642538995708
-0.003433977179526093,-0.011869157541000042
-0.007593872167045046,-0.007159679137710262
-0.009507213263889591,-0.008141034465003055
-0.0008738214017667278,-0.0039049664783624427
0.00045992386093490767,-0.009130418874037122
-0.005091010275955765,-0.011705961512046337
-0.0017554830351345085,-0.004030150515037134
-0.007447107575679124,-0.0066540623952010824
-0.009692124108181044,-0.006738249722146844
-0.007098612674411586,-0.004337394939199851
-0.004248912746956601,-0.015697884627613345
-0.003182071748004278,-0.005948521222255809
-0.008502068720500466,-0.0026970470477337694
-0.002836039275517732,-0.007313696754772642
-0.006116332276510261,-0.002586100541158931
-0.005084801827597241,-0.004815342185388566
-0.005313306071045132,-0.010093163610171402
-0.009856618481848434,-0.010079328862011183
-0.009631084201933315,-0.010033541555366787
-0.0025999087322681746,-0.008946791620542238
-0.010393650740255667,-0.011256340311493557
-0.008867368333460912,-0.008903078714656454
-0.009205789260063046,-0.007875682313343402
-0.002806146363874995,-0.008461083813905312
-0.01205831013648706,-0.01167351617272766
-0.0029176299130359573,-0.009466377371858181
-0.004343323063131566,-0.00858484999913689
-0.00813068016591073,-0.00932555270755775
-0.004677729448863022,-0.007948616827639282
-0.00020669500304004718,-0.0050706056084655615
-0.002965730633897601,-0.009434051539268795
-0.010993289770917403,-0.010553261567329303
-0.00851796311550207,-0.009500777605206123
-0.005753092310391172,-0.0027636388530245526
-0.002407744862280292,-0.007339933645732766
-0.0039644129615523105,-0.009062394463386025
-0.006691645048489514,-0.007659475459883269
-0.003007488645754175,-0.005343598813844053
-0.015063967821116464,-0.005798518146064052
-0.0048089729193325215,-0.0055901913597815045
-0.01423636158959296,-0.004887500643639658
-0.006479586996546549,-0.006794364770832562
-0.005760464842816948,-0.006269346627202882
-0.005032298537842539,-0.008548897653699289
-0.0009772758691864447,-0.007338381533643135
-0.011963407039477514,-0.008168196426571739
-0.007152533815609374,-0.007033331016968347
-0.0037391619568474255,-0.008040952743055663
-0.010674150738706478,-0.001997714323147076
-0.008426283749401131,-0.011295784909132828
-0.006095647284593164,-0.008905287376061555
-0.005496799063893498,-0.007377706624553088
-0.006578638895073208,-0.006506253226497283
-0.0027777303193441405,-0.005591086922555666
-0.006454096653796815,-0.007034883129057978
-0.008793538256390898,-0.006642287293882249
-0.0067464912602958615,-0.0034976255783351062
-0.010663793488830786,-0.006246587234527229
-0.005049118003452702,-0.008123453697265248
-0.008557392959224142,-0.006482583517130269
-0.004244524931980742,-0.011964463419949167
-0.0112285099974756,-0.006914877717321133
-0.0011748573775708926,-0.011163228340032333
-0.011859698804681906,-0.008233624147795299
-0.006828096651731286,-0.005762043511957526
-0.006057889059690069,-0.009508015876985382
-0.009577177814652726,-0.008749851907556089
-0.008520157022989971,-0.011562301144859705
-0.006465349466446724,-0.010627225905045834
-0.008577570416389513,-0.006718579799733282
-0.00393986244332839,-0.007637357862605915
-0.0076167805742843875,-0.004268594472503939
-0.0017685417272499393,-0.009493927361449273
-0.010164773222702594,-0.01028790941566965
-0.007574097491819309,-0.01082235973856649
-0.0006680765509944897,-0.00818383705419748
-0.0100596471364639,-0.011246251582910899
-0.0073058948833562565,-0.010222362187716744
-0.005513603775586462,-0.0058908393075632615
-0.0021149769816760644,-0.007114667887110709
-0.007887550364340579,-0.010878101513146998
-0.013314225535165147,-0.00684168943564939
-0.004618241654704924,-0.00784502809957302
-0.009194267926120048,-0.008786699815767851
-0.0014240466129358254,-0.006728549021586594
-0.0030410080702451547,-0.007827969620504166
-0.007797169342953492,-0.006886820192978288
-0.007004217112153821,-0.009812290337615381
-0.010049931681986368,-0.012797248276410489
-0.002753284553932256,-0.012208220263000391
-0.007868163717137333,-0.008281217333905216
-1.6725040540122027e-05,-0.004898231167620587
-0.004131250257271402,-0.0060510653729841934
-0.00806484966274762,-0.01102771656131632
-0.008023852953018662,-0.010075448581787105
-0.006754237066826818,-0.002492988569697707
-0.006074708525300232,-0.006004516764212181
-1.8277152629753157e-05,-0.009529223157571376
-0.007357756377712632,-0.00876355239506979
-0.007620272826486085,-0.01034803900522599
-0.007313401676428577,-0.009568279727188267
-0.01391435734666141,-0.004061446524205786
-0.004630121508835905,-0.009901522028852444
-0.002733092342849741,-0.007558737188620407
-0.0031554468290217463,-0.008198716379695603
-0.0026164596765852477,-0.01156268917288214
-0.006858989878960331,-0.009912640580855808
-0.0016683257446560296,-0.00992389339350569
-0.005735123514630958,-0.0026850181790390726
-0.00607597736217963,-0.008345734738437388
-0.008988523075347865,-0.013332474655352172
-0.0018516844768577956,-0.007302309681476216
-0.011614121328247962,-0.00880804135700039
-0.008990985504128801,-0.0022307406422173437
-0.00821549453433762,-0.00878489393630233
-0.0034134264482555965,-0.008756955918688802
-0.008001601095094735,-0.01170764788478254
-0.005990655459001015,-0.004131530581698267
-0.003569503712159361,-0.0018963342564859431
-0.001079566252538966,-0.0062242158698739836
-0.004514652926638663,-0.011388240331278554
-0.0031981151575696254,-0.006757904890643207
0.0008231638270539965,-0.006247885579240997
-0.0064821689320568865,-0.005921493521333671
-0.003193324560654187,-0.010484983389302316
-0.0072536601148946445,-0.0055819085106643684
-0.0023953279655631876,-0.00592976161653358
-0.007559232920238412,-0.00743937357228186
-0.00047734528636689255,-0.0070954155005539254
-0.0046553433302925495,-0.010358903789853463
-0.012236773518961186,-0.007302697709498623
-0.008278340320050814,-0.009224172640896589
-0.0020426990166956815,-0.009322851265318094
-0.004268314148077101,-0.008456427477636391
-0.004951349695722584,-0.009052186228074022
-0.0035847563117626935,-0.009472183038277127
-0.008947406858889562,-0.011701573697070505
-0.0021739424871651813,-0.015706033216083937
-0.01034969882091119,-0.006957292278493177
-0.006024652910409323,-0.010112042722622977
-0.005955464415691003,-0.006674613126471607
-0.0067532219973233665,-0.009375727829177949
-0.0008976106178630872,-0.012442798694160317
-0.009645709760055576,-0.010309370463631534
-0.002709810661505163,-0.010526621894429516
-0.0032760792822396634,-0.00579760782937272
-0.009212251475797462,-0.010286491564226535
-0.005331916662203617,-0.00716600709279816
-0.007994243316586158,-0.01065580571805766
-0.005680023535448719,-0.010798182494447722
-0.007261808703365236,-0.007377184335884135
-0.005188510062392848,-0.008876065767651459
0.003121847733377814,-0.007111951690953827
-0.004854357444037283,-0.009868032112195863
-0.009399490488223361,-0.014175990035794478
-0.001092744451383687,-0.008858604506643025
-0.004633882282330637,-0.007848266584398828
-0.004769796842986285,-0.007683264675979629
-0.0029676560200924684,-0.00566299161343084
-0.0027383904745169607,-0.008386611941436972
-0.004886683276626669,-0.00903627707915522
-0.010948935069633348,-0.009254946361396316
-0.0031386273634115835,-0.00936784776200042
-0.007690222623332077,-0.008043146650543592
-0.0031670729157768363,-0.007750766797961772
-0.0025510319553617156,-0.00744338811315251
-0.0026256380884766006,-0.009526626468143867
-0.00540537346516845,-0.008360867831311403
-0.004837164704321939,-0.00755640902048596
-0.010801916710891535,-0.008609415271278065
-0.0029848635137250668,-0.010741157129070672
-0.001754706979089693,-0.003773842514622261
-0.0035785478634041135,-0.007390108767352993
-0.009897346670284357,-0.00938659261380545
-0.004281626607568423,-0.009827677197865231
-0.010105539195920332,-0.00923257499674307
-0.0013319792188125623,-0.001695768030651551
-0.000371950678835109,-0.009187056211391764
-0.01209736670610384,-0.005456485460530985
-0.001142919573003942,-0.00895208975220943
-0.006611098988309139,-0.0002883121976092473
-0.013438872529253687,-0.006846345771918311
-0.008932810808601699,-0.00768765249095546
-0.008002779933079185,-0.0078231790235887
-0.00634871680018223,-0.00979147108505174
-0.0008817014689442293,-0.007429165336969884
-0.004739784424614202,-0.007236091150290641
-0.0013796919116517703,-0.00385558216670423
-0.003028576419610851,-0.007988837481323369
-0.0025896857430390274,-0.008712213189382312
-0.007031901362391513,-0.01021122888179618
-0.01046619722652914,-0.010783691196972034
-0.009497900591351749,-0.007574124048870284
-0.005798611095742479,-0.00866657489730166
-0.0018057924174013085,-0.00953374523319378
-0.007025155871446753,-0.005567043939083444
-0.004194215549713998,-0.007306324222346866
-0.004844537236747715,-0.006317969636733478
-0.007111925133902908,-0.011269667524902022
-0.00045703356855503197,-0.009526506961414521
-0.011586571338656815,-0.009614320801208526
-0.0025752091994805104,-0.008849933629503481
-0.005475338015931586,-0.008199358175093902
-0.008654773238931879,-0.006410693580172266
0.0005955699002974657,-0.010279238538530078
-0.00533527465375877,-0.0032828365763181155
-0.0024183558795319304,-0.009898298297943836
-0.005059057717471671,-0.007109623522819353
-0.0067680865689042635,-0.012852721529697936
-0.0011487547472572301,-0.013327057016955635
-0.00742409441562758,-0.010153039432351879
-0.001957989401080995,-0.007969301819556351
-0.005718572570313829,-0.008298544334267105
-0.005172600913474046,-0.009819006320725687
-0.00763758507293083,-0.011913900270306532
-0.005905557815363893,-0.009760951131927903
-0.0010605528794408459,-0.007918231135161963
-0.006431993810436631,-0.008722689945987377
-0.0057700460366478246,-0.01387728222812476
-0.006769116392324914,-0.012067022324594723
-0.00496440838783796,-0.008464829833482845
-0.008138933507193469,-0.005935716297516297
-0.0023586143179979424,-0.006417155795906709
0.0011630026050991615,-0.00758989893714257
-0.004955364236593263,-0.011699365035665377
-0.009802309312628321,-0.00684853967940624
-0.00685213963520348,-0.009721909316228239
-0.005276831436938578,-0.007656371235704007
-0.007927248729355796,-0.01208149886815324
-0.01140451095116879,-0.010040018525018457
-0.0084419243770269,-0.010166874180512098
-0.00537277911128603,-0.00716627561409125
-0.0037231333011992773,-0.008973565554088514
-0.0026049530965595036,-0.010529979885984697
-0.011900949281786699,-0.0050689192357293855
-0.0005508020893317256,-0.010347009181805311
-0.012804325730492283,-0.008253025548915799
-0.00909742468899849,-0.013733219078998521
-0.0090469810460852,-0.007490459010593448
-0.010129731193956326,-0.009259736958311782
-0.002900034391380979,-0.006981738043905006
-0.006195101965059457,-0.009078049844928965
-0.006673302978624118,-0.011945718568144165
-0.009023057569342297,-0.006574919432546622
-0.004496549870231958,-0.004590598715435434
-0.006249918669031407,-0.00954344593375403
-0.008515246919345187,-0.011344407918663424
-0.013369952555828457,-0.006408619179413683
-0.0038137680899623105,-0.00498732859821116
-0.0038442880430861193,-0.006424916356354893
-0.006502226882492856,-0.007049747700638875
-0.0032590208031707535,-0.00651232741420929
-0.004949543816257118,-0.006360130430529631
-0.004331025673143751,-0.009378832053357239
-0.008760167846463662,-0.003225288922272085
-0.010264347409898178,-0.010786541653775433
-0.0025115873577224446,-0.005087932608827478
-0.0004522429716395937,-0.010548739491706899
-0.003733341536511281,-0.009456034875899633
-0.00338019029897485,-0.009755787260907228
-0.006168059510220092,-0.011415790320869673
-0.005119082554215892,-0.006197188168951817
-0.006480214038027621,-0.008794206608840172
-0.009915330219961715,-0.006373189122645034
-0.0033513419646699627,-0.00877829745992137
-0.00731146153631651,-0.012282587382656585
-0.008314024144195353,-0.009685956970790638
-0.004843119385304628,-0.006813109622637592
-0.003724028863973494,-0.007733574058246401
-0.0043400845783057584,-0.009167669564188463
-0.002732062519429035,-0.010495072117884974
-0.006453469612315743,-0.005554507535636993
-0.00657410206553366,-0.010521697036867533
-0.0036451396686948967,-0.009706388195331817
-0.0017387978301709461,-0.006511431851435129
-0.007150071386828383,-0.010606406652482248
-0.005765121179085841,-0.007278251944086767
-0.00732387843303367,-0.008495364540523909
-0.0027965946778785167,-0.009086571707504792
0.0006753546583502246,-0.010655939978704204
-0.004996614713698,-0.006170040961300333
-0.00498185489492925,-0.005919165353199196
-0.00646872221191902,-0.009599456229627601
-0.005074459331638692,-0.011175003441351194
-0.005166526725762011,-0.0092096813434209
-0.004815703656360026,-0.005053666636126053
-0.008759123269125757,-0.008846695144677647
-0.005894827291382965,-0.011371555126314936
-0.004762678077936344,-0.004753272455720187
-0.003629499041069184,-0.007600763721770015
-0.010214948344322794,-0.008204268278738686
-0.006852124881286281,-0.01258025061298837
-0.010372458213586844,-0.010482267193145434
-0.006097199396682795,-0.0055688498185489654
-0.008301756262041937,-0.010582871203761751
-0.008438954413494182,-0.007403301720114941
-0.007806213494198244,-0.014121934633950173
-0.00903922048563699,-0.013434108489389196
-0.001542111884560604,-0.004783523887550961
-3.7678553750197796e-05,-0.011828295091917657
-0.0007770976713744604,-0.008579805634845561
-0.00190781427946074,-0.01256992287094702
-0.009291006410429459,-0.006350937264721135
-0.006212175198045511,-0.0075297693475862015
-0.006762519915943954,-0.0054642460209791965
-0.003640483332425948,-0.00826117413738639
-0.008745154260319021,-0.005275186375170576
-0.01501664315629958,-0.014300651783800217
-0.0027505536038581746,-0.00916649072620404
-0.00326057291526044,-0.007131875380743252
-0.007777126146434665,-0.009844228142182304
-0.01336619178233367,-0.010805943054895933
0.0011421833525355751,-0.009879150664199227
-0.013488405855475671,-0.007688443300917502
-0.006453335351669254,-0.008477380990846523
-0.006014310414450774,-0.008886408263610007
-0.00622780107175408,-0.0054739319676222475
-0.005645250027995541,-0.005507168116902966
-0.00829721943250239,-0.005998830604522581
-0.007639017678291171,-0.012845483257918705
-0.006658155131832877,-0.002988262816248366
-0.00654967105403903,-0.007714053150396555
-0.004184649109800265,-0.006643585638596017
-0.006665393403612108,-0.006901565257829867
-0.0015560808933673953,-0.0076686538717745945
-0.005518260111855355,-0.015163180537340615
-0.007668224532783985,-0.005993129690915783
-0.009143839037123958,-0.010921023609070768
-0.006389833016640534,-0.008419445308778112
-0.007883028288718175,-0.009462631352280593
-0.008188720600791288,-0.00785137080857809
-0.00029967271385472616,-0.006661688695002749
-0.007431720715429246,-0.011871754230427578
-0.0034756304385705206,-0.004815207924742021
-0.0073594279965316645,-0.010796361861065001
-0.00621565269633001,-0.008575537326599048
-0.012209880078685564,-0.008622861991415876
-0.006144912089522059,-0.0037500532985259016
-0.0087513774625948,-0.004912588204449758
0.0029092673927659796,-0.007338008259537926
-0.0031246583546047924,-0.002297212940778809
-0.0036845842663341677,-0.011375957695207967
-0.0033521180207147783,-0.010918963962229383
-0.003123225749244507,-0.009834795962915144
-0.0003529373057370444,-0.003303790089528247
-0.0028247717089506796,-0.009818110757951526
-0.00241084908645961,-0.008022327397979978
-0.007700938393395751,-0.009312359754795801
-0.01300708586381455,-0.011613894117923046
-0.0034973452539082683,-0.005890331772811508
-0.009531256247361841,-0.006396082775967232
-0.005858874945945336,-0.005842619079972272
-0.009443203394109145,-0.00795146728444271
-0.004527592112024692,-0.006100718205935468
-0.008791061073692708,-0.008838576064041453
-0.004907890557212691,-0.005472767883555024
-0.014662701108801135,-0.009202443071641642
-0.002984609746349176,-0.008315871334629021
-0.004231585746594657,-0.0027928752153518477
-0.005236610783254436,-0.009269691426247895
-0.00876339157737227,-0.007418688580364791
-0.005477009634750563,-0.004704261418167183
0.0007192018248824983,-0.01105965436588327
-0.008609134946851227,-0.0139345613608777
-0.0011477101699193804,-0.005752999360712774
-0.011897069001562566,-0.007871548265743405
-0.011088595649866528,-0.004414851529118108
-0.005145319445175989,-0.007492921439374467
-0.007476731966028771,-0.0064025449917016475
-0.01031180633536155,-0.00464710179214356
-0.0032859142434464306,-0.010134414087276222
-0.005830175626204193,-0.007970346396894229
-0.009129616260941276,-0.007447014626000725
-0.007780872166012254,-0.010289207760383418
-0.010778112740877976,-0.00885472422641892
-0.012252548407233499,-0.007445716281286985
-0.008552348594932813,-0.0034384063054700986
-0.014632957211722086,-0.015931821263375
-0.0049367388915175225,-0.0073053991517383066
-0.007668746821452965,-0.008162122238859731
-0.00985157411755716,-0.0040134653100734885
-0.008961763895718677,-0.007556662787861823
-0.002043460318823298,-0.009665913774271867
-0.008694591110676386,-0.010258031257944056
-0.002649695825865994,-0.005890063251518446
-0.0037992915464037935,-0.00862208593537106
-0.008847966932340467,-0.0100406603204167
-0.010375681944495452,-0.017323621714874365
-0.004393110156729385,-0.008675499541817094
-0.008679860799741979,-0.00803693820218504
-0.006313555264706672,-0.010256359639125079
-0.004408616523708608,-0.006914877717321133
-0.016433650675338418,-0.00653832529171075
-0.008037433933803018,-0.008276949025658675
-0.0059206909082378245,-0.010862968420272984
-0.005123336108545151,-0.009627379493323929
-0.0050248064986874175,-0.006995572792065224
0.0008641752907001532,-0.009261423331047958
-0.003189966569099034,-0.008005254164993925
-0.004724919853033305,-0.00832091569892035
-0.002634428472345518,-0.008432638261540032
-0.0046076306374533416,-0.011965239475993983
-0.0048416867799442875,-0.007467699617917822
-0.007588574035377826,-0.008708079141782343
-0.012293784130421093,-0.008698646962515183
-0.0026445172009281204,-0.011329274825789437
-0.006233367724714334,-0.0074772660578315
-0.004232496063286018,-0.003793885711141032
-0.010540161564245698,-0.010116176770222945
-0.004283715762244178,-0.0053945352375918965
-0.004700727854997366,-0.012013862485524551
-0.009082799130876229,-0.003918159431124363
-0.00194466218767253,-0.007108981727421082
-0.0065563870371492805,-0.006192278065307033
-0.005288860305633247,-0.0055263157506476035
-0.009252591636210894,-0.0062583623358460905
-0.006711971520218574,-0.006798245051056667
-0.009698093543080932,-0.011974940176554233
-0.006626485848559016,-0.008732136879171765
-0.010709446534828637,-0.008561822085168175
-0.006998650459193512,-0.006154519840403938
-0.005590418570106392,-0.007539216280770589
-0.0023483913287687397,-0.008257801391914066
0.0007234701331290116,-0.009528059073504153
-0.0020122985703011076,-0.0021689394338420542
-0.009057069774667803,-0.009354117766652348
-0.0009318913444816834,-0.00906885667912044
-0.010293837539601336,-0.007597271469568345
-0.008702485931771087,-0.01345494249587001
-0.011690160066723077,-0.006610737517337678
-0.007900101521704228,-0.009490300848601058
-0.008468952077949066,-0.0037863936719859104
0.002060707648032345,-0.009448274315451421
-0.002475635012284816,-0.006073048709615031
-0.0043840512515674335,-0.004048119310797321
-0.0073386087439680225,-0.00596856441877458
-0.00016893677813689667,-0.007129547212608833
-0.013205980470829992,-0.007943826230723844
-0.0060987515087724264,-0.007014974193185725
-0.003863569937477329,-0.003746561046324204
-0.010113434017015088,-0.010857282260583384
-0.006976532861916129,-0.007767586263571963
-0.0024187291536371114,-0.011047371729812683
-0.0069266262615890195,-0.012359267916529998
-0.0023557491072773717,-0.010706368867700294
-0.01014653590564929,-0.010205796489482444
-0.00505984852743363,-0.009717506747335208
-0.002840680857869482,-0.009767681868955408
-0.0005467875484610474,-0.009745952299700461
-0.00941733977725423,-0.015012789433126478
-0.007557666054231582,-0.010486923529414383
-0.0035440281233268256,-0.003928501927082884
0.0008993220722585127,-0.009093302444532297
-0.012862127151914149,-0.007696845656763984
-0.003613470385421036,-0.006406291011279208
-0.009902913323244611,-0.005136167590335666
-0.0034919128615945594,-0.007502622139934717
-0.005363734960041222,-0.012858407689387563
-0.004357665346043538,-0.006900401173762644
-0.0020080302620546497,-0.0069362192585537
-0.004130713214685278,-0.00448456231250538
-0.0058756796576383,-0.009377787476019361
-0.007481254041651175,-0.0073615289543411955
-0.004411720747887871,-0.010042988488551174
-0.0069643844864921145,-0.009531163297683443
-0.003046947997310645,-0.01083232896041983
-0.008101055775561028,-0.01140182131206291
-0.0021232598307932005,-0.009515776437433565
-0.007994497083961993,-0.01209119956871349
-0.006919507496539079,-0.00944231963446876
0.0006132996825989889,-0.008849157573458638
-0.003415098067074518,-0.006470420387789028
-0.0019137542065262303,-0.006080809270063242
-0.0006286319533551632,-0.012990576230465622
-0.011891382841872966,-0.014007883903196017
-0.0022578612928179087,-0.00771326234043454
-0.004532755983045367,-0.004573003193780484
-0.007442585500056775,-0.008010179022555936
-0.007816555990156793,-0.005902868176257958
-0.0013824081078086525,-0.010424853799745976
-0.005641115980395572,-0.00883532282529842
-0.008275743630623278,-0.005356135217290531
-0.003825796958657035,-0.0041068310489105475
0.0006866074710000225,-0.010419167640056348
-0.004564305759589937,-0.005955490972742006
-0.009986846882814482,-0.007001273705672023
-0.004496161842209523,-0.007257313184793834
-0.0025774031069683567,-0.009599441475710402
-0.004803152498996377,-0.011875365989358594
-0.01027998803752389,-0.007297145810455541
-0.0031471639799045548,-0.007223554746844191
-0.004964811169777594,-0.007417658756944112
-0.0016469842034234627,-0.0063336250182764176
0.0027492950947208827,-0.005002461691085147
0.0001840949526701885,-0.008520705868709899
-0.0031109578670911464,-0.008958432461214527
-0.0004155293240743485,-0.007965436293249445
-0.0023448990765670974,-0.007160843221777485
-0.01048094229138069,-0.004573137454427001
-0.008085654161394007,-0.008595700029847192
-0.004366470483829599,-0.004075400779095351
-0.005954166070977263,-0.005822695390182819
-0.00404019793265159,-0.004597448959192285
-0.011961078871343067,-0.006895356809471315
-0.0077308313050385435,-0.007340843962424126
-0.005578389701411668,-0.011989939008781675
-0.0019198431481554645,-0.006572457003765658
-0.005634653764661157,-0.00739955570053738
-0.008770629849151557,-0.003416422968839261
-0.004495251525518162,-0.010423943483054615
-0.007242138780951701,-0.006422841955596309
-0.007475433621315031,-0.006910743669721192
-0.007491074248940743,-0.008430563860781448
-0.006437694724043486,-0.0035886631490377463
-0.005665546991890202,-0.011362376714423611
-0.014237376659096412,-0.005362343665649083
-0.011848177470738908,-0.006326506253226477
-0.006743909324785469,-0.007687786751602005
0.0003611257297840842,-0.007937632536282463
-0.0009185641310732184,-0.013556188301884625
-0.004730740273369449,-0.006195904578155248
-0.009998472969569627,-0.006880865511995599
-0.004718965172050615,-0.00966488395085116
-0.009776057667750915,-0.011295262620463875
-0.01427850762947186,-0.0103922594458635
-0.004604914441296459,-0.007743274758806651
-0.008023852953018662,-0.01125065415180393
-0.005076265211104158,-0.0067065656849557564
-0.007269046975144522,-0.01215003081355609
-0.004707980880693796,-0.005495273508854787
-0.01022761900841579,-0.006308791224842181
-0.002673231274586463,-0.005056382832282935
-0.0023234232746879857,-0.01077633341846343
-0.0018430283536354786,-0.012042308037889832
-0.005087383763107578,-0.00785447503275738
-0.0077304432770161635,-0.005568461790526558
-0.002435802386623165,-0.005896659727899406
-0.009300304329050102,-0.009120598666747526
0.00046562477454165085,-0.0012769205505984704
-0.010719535263411295,-0.0053270331156097805
-0.004615391197901497,-0.0108996968217554
-0.011102818426049155,-0.011925794878354684
-0.009338196814599797,-0.005205609852429849
-0.0055555108020067245,-0.009937981909041799
-0.008507352098250431,-0.013879610396259234
-0.0015146961556160576,-0.005976190718576246
-0.008473981688323251,-0.006073302476990894
-0.010608976784858837,-0.0065874558359931
-0.008585584744213559,-0.004442401518709199
-0.007214857312653644,-0.008424504426986612
-0.004745604844950346,-0.008961268164100755
0.0019838928535123035,-0.0068189300429737365
-0.007740382991035077,-0.009154476611426515
-0.010562786696274806,-0.008519795552018539
-0.0026569340976452804,-0.00698381244466359
-0.0032653487582586793,-0.0040296282263681815
-0.00358075652480927,-0.009195473321155445
-0.009906793603468689,-0.00817724057781652
-0.003940892266749041,-0.008060473650905509
-0.005128246212189935,-0.007831461872705864
0.00021680881328189905,-0.00928804825003049
-0.0017241870259658842,-0.008088665435894898
-0.00988855628641544,-0.010553261567329303
-0.0066341269022778815,-0.004447057854978148
-0.009533703922225578,-0.007322875166663939
-0.0015034580968833477,-0.005847006894948131
-0.004102924211635495,-0.006255631385772009
-0.0054198647626441665,-0.00743679163677155
-0.007356204265623001,-0.009941608421890041
-0.009998338708923082,-0.011896439009298071
-0.002287485683167556,-0.010164292245001788
-0.007422408042891404,-0.010813315587321709
-0.00726037609800495,-0.012136061804749326
-0.004814659079022121,-0.00925325998866014
-0.0017486327913777133,-0.0046749055491105695
-0.003686136378423799,-0.011651786603472686
-0.007711176136542153,-0.009213695884291523
-0.001388228528144797,-0.007239717663138856
-0.008652325564068086,-0.01069678767386939
-0.00603527868157816,-0.010470372585097282
-0.010764263238800531,-0.006997766699553154
-0.00810284690110935,-0.005200819255514383
-0.002472530788105609,-0.012341030599476749
-0.006782951140485216,-0.010377648641658466
-0.008013376196413624,-0.011715020417208316
-0.007332400295609498,-0.008174792902952727
-0.009087067439122742,-0.005908032047278633
-0.0029063771003860484,-0.010229719966225348
0.004006091302255932,-0.0029189400608835014
-0.0020801887203057423,-0.007428643048300931
-0.00573163126242926,-0.007295474191636564
-0.0006441530742515855,-0.009378055997312423
-0.002803056893612932,-0.008562986169235398
-0.0021995523366442615,-0.01009289508887834
-0.0085868830889273,-0.007099027259484969
-0.008590509601775542,-0.009176713715433216
-0.007407409210663907,-0.00434463321097911
-0.0030021905140869554,-0.00885381390972756
-0.002006209628671929,-0.0045920313207957475
-0.00620505643299557,-0.009940175816529728
-0.00463815059057715,-0.005286558694549803
-0.006204011855657721,-0.0020884981264738256
-0.0024114908818578806,-0.006997900960199699
-0.004980974086072287,-0.0036804767757851464
-0.006230009733159181,-0.012185326609678193
-0.0069735628983834674,-0.005350449057600931
-0.005725945102739605,-0.006770053266067277
-0.00921690781206641,-0.008817607796914095
-0.00559300050561673,-0.011191420125021723
-0.00900883479315967,-0.0054497547235034804
-0.004774960714006959,-0.010344158725001884
-0.008087862822799108,-0.008616653543057323
-0.007745561615972951,-0.007856280912222874
-0.005233118531052794,-0.008137676473447875
-0.005388046464806506,-0.007896635826553533
-0.006329957194460001,-0.007684577774610596
0.002421097157348062,-0.006429304171330752
-0.011010228743256911,-0.006664404891159603
-0.009426920971085107,-0.009266199174046197
-0.007001874190102175,-0.005508854489639142
-0.004366589990559,-0.007576183695711669
-0.0037910234512038565,-0.00962491706454291
-0.006404190053469649,-0.013568993226624138
-0.007715056416766286,-0.006673837070426791
-0.0037372218167354143,-0.0062794353557855676
-0.011968570910498133,-0.0089886986469625
-0.006825619469033095,-0.005925896090226701
-0.005684038076319342,-0.006740831657657181
-0.0038783002484116813,-0.00975978704786068
-0.004922904143357332,-0.006943069502310523
-0.011974913619503258,-0.007948736334368628
-0.001957989401080995,-0.007544380151791236
-0.0028518141637899896,-0.01041722749994431
-0.008429507480309795,-0.006257705786530593
-0.0031112116344669816,-0.007349768606939561
-0.008609120192934028,-0.008322855839032417
-0.0038529589202257464,-0.0058369181663654734
-0.0030333522626090903,-0.009807887768722323
-0.006767176252212903,-0.006168354588564157
-0.007100164786501217,-0.008638368358395071
0.00039216797157687333,-0.007053374213487118
-0.010144073476868298,-0.009841258178649587
-0.003013070052631628,-0.006631168741878912
-0.007353100041443794,-0.0032821800270026458
-0.002715123547089582,-0.010378946986372234
-0.009594624321744016,-0.010094715722261033
-0.0028582763795244603,-0.0069090720509021875
-0.009763506510387265,-0.005514286881952879
-0.004602735287725701,-0.012245978487903486
-0.0012114515184067365,-0.008520571608063382
-0.01136091755201235,-0.010502190882934914
-0.003699463591832264,-0.01144254950049875
-0.0029387029329754344,-0.011380091742807963
-0.006493153223413706,-0.0068006927259204875
-0.004047838986370456,-0.00688332794077659
-0.005590672337482283,-0.0072554925514111135
-0.008591151397173813,-0.0073286808330828845
0.0037169499345000023,-0.005932612073337007
-0.009196864615547584,-0.009268795863473733
-0.0013456944602434628,-0.006012919120058663
-0.007174905180262647,-0.0035510391847811684
-0.003855794623111919,-0.004157394198553183
-0.00791535412130756,-0.006436930471132418
-0.010311672074715006,-0.012862168462882323
-0.008698366638088317,-0.01007880657334223
-0.007183307536109074,-0.009165460902783334
-0.012207163882528738,-0.005840544679213716
-0.006150090714459877,-0.008147242913361608
-0.009465962786784798,-0.009567369410496906
-0.0041935737543156715,-0.004831370841036714
-0.009765700417875223,-0.008880587843273863
-0.00427865664403565,-0.004351363948006615
3.0226350171580485e-05,-0.009689568729721654
-0.006064231768695194,-0.006822288034528889
-0.007996422470156861,-0.003625257289873618
-0.006331136032444451,-0.004058984095424795
-0.007256242050404982,-0.00784814707766951
-0.010048513830543282,-0.00913520947095256
0.00020348159987343406,-0.0030353337136893033
-0.0068300367918433524,-0.006436557197027182
-0.006885241523837682,-0.011714498128539363
-0.008120442422764329,-0.007853579469983218
-0.0001428046399889471,-0.004665085341820974
-0.0030491419047986024,-0.0099990218152895
-0.003696747395675437,-0.0027748916656744615
-0.008193123169684347,-0.008645352862798467
-0.007691640474775163,-0.007909052723270638
-0.0038550333209843024,-0.01459665814923028
-0.012009060085475365,-0.00709398289519364
-0.0024760230403072514,-0.007955198550103043
-0.003306345467987637,-0.005618383144770894
-0.006979517579366157,-0.0067372051448089665
-0.004599482048982695,-0.008089829519962122
-0.005033596882556335,-0.008180344801995781
-0.0002935837722254919,-0.0027988151424173657
-0.002345809393258458,-0.006109254822428495
-0.008161827160515667,-0.005557985033921464
-0.004363097738357302,-0.009247708089617085
-0.003942175857545638,-0.006454525992787397
-0.012015641807939126,-0.005115990133170323
-0.006669034670377549,-0.009402113734701845
-0.0013100106360988684,-0.012371028263931633
-0.0013094735935127444,-0.006506253226497283
-0.0028646043346123307,-0.00620120270982244
0.003444747539083526,-0.005906494689106201
-0.006062023107290038,-0.006086629690399387
-0.003821782417786357,-0.010774005250328955
-0.006924417600183863,-0.0104088103901806
-0.007199082424381387,-0.010220407293687506
-0.004183350765086524,-0.006086749197128705
-0.009055905690600607,-0.005724285287054404
-0.010448631212708559,-0.007399943728559788
-0.004833552945390895,-0.00766942992781941
-0.004763588394627705,-0.008856664366530986
-0.010847823524265221,-0.005599235511026257
-0.008111010243497141,-0.007029584997390759
-0.005113635407984873,-0.011930063186601197
-0.009975594070164573,-0.006891342268600664
-0.0071233122071992505,-0.005119348124725476
-0.0070115601367451985,-0.008260398081341574
-0.0031811614313129177,-0.007034629361682115
-0.0043550834105332,-0.006321715656311039
0.0006123746119903739,-0.00445480366150916
-0.005772493711511617,-0.010110490610533318
-0.004754663750112298,-0.010926978290053457
-0.006633201831669322,-0.005425189451362306
-0.005906721899431089,-0.009453960475141077
-0.008591673685842793,-0.006893162901983385
-0.005671635933519437,-0.0067699190054207325
-0.00831196449735394,-0.006316551785290392
-0.007690207869414822,-0.005003237747129963
-0.004818166085141018,-0.009252110658510115
-0.00926654589110043,-0.013005321295317201
0.0002385383825369014,-0.008211909332457551
-0.009115393484758705,-0.010168426292601757
-0.006555610981104465,-0.006973201427411979
-0.00683764833772782,-0.0074925334113520314
-0.005754136887729022,-0.009427067034865427
-0.007855090271104703,-0.0031210731527247515
-0.003392338674398865,-0.012681764940296048
-0.006302168191410273,-0.008821353816491656
-0.0057858209249201376,-0.008404326969821324
-0.005034626705976986,-0.008382985428588757
-0.004069434294978913,-0.008091247371405208
-0.005828996788219742,-0.009045455491046517
-0.002984878267642266,-0.009748026700459017
-0.008204107461041166,-0.007909440751293073
-0.003245708343679543,-0.009259990725687645
-0.006442843841146906,-0.009255468650065268
-0.005134723181841605,-0.0056752742495014274
-0.006294929919630987,-0.006757248341327737
-0.009210953131083666,-0.010433002388216567
-0.008234254140059849,-0.007663221479460858
-0.006967100682648941,-0.0038522094212318503
-0.001392884864413746,-0.0073563650833205485
-0.008988149801242629,-0.0071687232889550145
-0.0067464912602958615,-0.01290923936032326
-0.003953950958864472,-0.005698690191492578
-0.004744589775446895,-0.009674823664870075
-0.00038268120281603757,-0.011669367371210465
-0.003138373596035693,-0.015564178728362826
-0.0017090686870090965,-0.007232613652006142
-0.011275715155563082,-0.003321370857266026
-0.0062971238271189445,-0.006081451065461513
0.0001729764006667689,-0.005496691360297873
-0.007334996985036979,-0.00489939525168781
-0.0036302750971139996,-0.007115846725095132
0.003522980185046598,-0.008874245134268766
-0.005362048587305046,-0.007489429187172769
-0.007195336404803798,-0.008754373983178465
-0.0032107858216626206,-0.009937474374290073
-0.0031868623449197164,-0.00923038108925514
-0.012482082474102096,-0.007144934072858683
-0.00811566657976609,-0.01152299080786695
-0.0031290609234978506,-0.005748596791819716
-0.008282086339628403,-0.011623848585859159
-0.007092150458677171,-0.008926494656647577
-0.006496003680217077,-0.008401207991724807
0.000294921952515681,-0.008835457085944964
-0.006741581156651022,-0.006434482796268626
-0.009485871722657024,-0.011809804007488489
-0.0015022940128161522,-0.0103643361821672
-0.004000380060907138,-0.005991965606848532
-0.011887114533626453,-0.012960056277341758
-0.011071014882128749,-0.006294299927366465
-0.009682154886327732,-0.011878335952891339
-0.004051062717279064,-0.005878944699515082
-0.003844676071108555,-0.010828180158902634
-0.010183264307131734,-0.007806762339918144
-0.008023211157620336,-0.007919648986605077
-0.005584478643040902,-0.010190931917901519
-0.00844308846109415,-0.003204350162979125
-0.008527917583438183,-0.010404556835851314
-0.006392041678045635,-0.002738163264192045
-0.0156269979570251,-0.006698282835838648
-0.007753053655128073,-0.006252019626840966
-0.010552444200316258,-0.010178246499891352
-0.007914190037240365,-0.012795054368922587
-0.003319926448771937,-0.006578799712770755
-0.011249075482663295,-0.009351028296390285
-0.01180201688998933,-0.006751039892969185
-0.00207126407579028,-0.008798594423816003
-0.0063780579153217,-0.008684812214354964
-0.003911536397692428,-0.00851125893552554
-0.0039010596410873344,-0.011446817808745291
-0.003332597112864988,-0.007651326871412678
-0.012874678309277798,-0.009526775482707611
-0.0027558517355254497,-0.0074675801111884765
-0.009113184823353604,-0.011199180685469934
-0.005234028847744154,-0.006925622995219288
-0.007060332160839511,-0.009056454536320535
-0.007359696517824754,-0.00876770119658693
-0.003881016444568619,-0.010808913018428679
-0.009149137168791177,-0.007674340031464194
-9.148018821864001e-05,-0.012045934550738074
-0.0016597891281630028,-0.00801223866939732
-0.004787646132017209,-0.005440576311612155
-0.010802678013019151,-0.007949646651059988
-0.01083424254348092,-0.008252115232224438
0.0003994062433561041,-0.00698664814754979
-0.012722735092974002,-0.012549476892488642
-0.0058218927770870565,-0.00500490936594894
-0.005625848626875041,-0.0075835709820546715
-0.00762504866948438,-0.006887984277045539
-0.005263907005469748,-0.00855976243832679
-0.0037778304984419364,-0.008662948384453417
-0.002740345368546171,-0.004018255906988927
-0.0068711530083016,-0.006858120873237145
-0.0036816143028014503,-0.0097450419830091
-0.012862395673207239,-0.014306337943489844
-0.010660943032027359,-0.007776376647440825
-0.0033333731689098034,-0.011906273970504866
-0.004705264684536914,-0.01069616063238829
-0.0032989729355618613,-0.007018839719492631
-0.0062439787419659165,-0.009843198318761626
-0.006956877693419794,-0.0070718800518334846
-0.005958195365765084,-0.014696351843155236
-0.0039739794014660434,-0.008178538922530287
-0.007999660954982724,-0.0064898217889095
-0.0036201863685312863,-0.007488011335729655
-0.011754945992548393,-0.008101858388656846
-0.004274791117728771,-0.007685204816091695
-0.014780900641072459,-0.0045021430802431595
-0.006299317734606846,-0.002253246267517134
-0.01018533870789029,-0.005438636171500116
-0.006781160014936893,-0.01278159289486755
-0.00820321189826706,-0.00852536220497882
-0.005616923982359634,-0.009257408790177307
-0.005737451682765404,-0.006024171932708572
-0.008580689394485974,-0.009789918972962136
0.0009912847135696845,-0.006581769676303473
-0.011454029523473519,-0.008520183580040974
-0.004170545840346984,-0.011759763146514807
-0.011210392187151641,-0.00969370277732165
-0.006061261805162421,-0.008582641337731761
-0.005536631689555205,-0.0070811779704541
-0.005733302881248237,-0.005205609852429849
-0.006432247577812522,-0.009018562050770895
-0.0061012139375534735,-0.008548509625676881
-0.00775048647353499,-0.013158160074395159
-0.00812885953252801,-0.009162744706626452
-0.001281550329816472,-0.0057011378663563705
-0.0026796934903209335,-0.0034222433891754334
-0.003069170347400174,-0.007474669368403963
-0.0013345611543228442,-0.010110490610533318
-0.00147990789424568,-0.008380522999807766
-0.003543117806635465,-0.006120373374431831
0.0006060466569025036,-0.013579858011251639
-0.003992873267834818,-0.006737981200853782
-0.008768062667558363,-0.01755173793029985
-0.005417521840592521,-0.007252522587878396
-0.009293588345939852,-0.005169538000262902
-0.0061181381559757275,-0.00579541392188479
-0.004972945004331042,-0.010227779826113281
-0.005707976306979445,-0.008564404020678512
-0.006478542419208644,-0.006644615462016695
-0.003197846636276591,-0.006889670649781687
-0.001483295393635231,-0.009839840327206473
-0.005618476094449265,-0.009326716791624973
-0.007099239715892658,-0.011809938268135034
-0.0012785656123665001,-0.007649520991947184
-0.002486231275619255,-0.012978159333748518
-0.0016141360821651518,-0.011487038462429378
-0.012303499584898514,-0.007777406470861531
-0.0011520979848952395,-0.007867667985519328
-0.0096325168072936,-0.011507081658948148
-0.0026392190692609008,-0.008288455605684447
-0.0030002651278921433,-0.003724965737715774
-0.007958022449855495,-0.0034138262794117524
-0.007621153635343048,-0.008234026929734906
-0.007063824413041209,-0.010889996121195178
-0.00943530857301439,-0.011526751581361738
-0.005275145064202402,-0.008600236859386767
-0.006905299474273652,-0.00957914451181574
-0.011463864484680342,-0.005133451394178784
-0.008944048867334409,-0.005116258654463385
-0.008200361441463577,-0.007094624690591911
-0.0029822815782147294,-0.006525520366971238
-0.007295418126751219,-0.005721061556145823
-0.0037731594082557884,-0.009201681769513997
-0.003036725008081498,-0.008458636139041492
-0.0071071492909045575,-0.007659341199236752
-0.0010879686083854478,-0.008702646749468607
-0.0071095969657684055,-0.0024813477290254182
-0.004918247807088383,-0.0046035231469042925
-0.00835424479787944,-0.009349476184300626
-0.005508693671941622,-0.011145259544272174
-0.0028349946981798824,-0.007306055701053776
-0.0007172218491940385,-0.00899593691874176
-0.007147743218693936,-0.01306919690445113
-0.0042972819891113345,-0.0071834683538065935
-0.005469502841678242,-0.010152785664976016
-0.0039076561174682944,-0.008862604293596449
-0.007392664145812355,-0.008186030961685381
-0.009961237033335457,-0.007736544021779146
-0.001999359384915078,-0.007536739098072398
-0.002774999369270059,-0.004487920304060533
-0.006810501130076252,-0.009835960046982367
-0.008141649703350351,-0.006014083204125914
-0.006539716586102917,-0.003682416915897213
-0.003266124814303495,-0.005364164299031804
-0.007145415050559489,-0.007922887471430884
-0.007767410691957244,-0.008107813069639508
-0.0012287932726858797,-0.008891184106608246
-0.00807065532916651,-0.0072548507560128705
-0.004675013252706084,-0.008507766683323842
0.0018958400002596631,-0.009756817084327934
-0.009416563721209414,-0.009448528082827312
-0.0015353959014503538,-0.006726086592805602
-0.008366273666574164,-0.009347924072210995
-0.006032801498879969,-0.00824578727713654
-0.00778811043779154,-0.008677051653906753
-0.0010504789047754426,-0.006174816804298572
-0.006314331320751487,-0.00690802747356431
-0.005262086372087027,-0.010089283329947324
-0.005729168833648213,-0.00755951324466525
-0.013210890574474776,-0.0069054455380539725
-0.005753092310391172,-0.004747586296030559
-0.00034349037255260173,-0.007769257882390912
-0.010331581010587287,-0.012802412147431191
-0.005725034786048244,-0.008443503046167505
-0.004093999567120088,-0.006834704931246022
-0.004931321253121013,-0.0058188151099587415
-0.00480780883526527,-0.008749717646909572
-0.0037087762643701616,-0.008666052608632735
-0.007404439247131245,-0.008048191014834893
-0.005170944048572268,-0.007017690389342607
-0.012304021873567494,-0.006702163116062726
-0.0038106786197002473,-0.007563139757513493
-0.0039399819500576805,-0.007370065570834222
-0.006362163520320097,-0.0171372782652226
-0.0067175234192616284,-0.00902748669528633
-0.005301142941703918,-0.01202110075730381
-0.006532209793030597,-0.00945861681140997
-0.0056049098675821085,-0.008324273690475503
-0.0032696170665051927,-0.004946719916504638
-0.008889605437467696,-0.011178495693552865
-0.005203643155266835,-0.00544290447974663
-0.00903340006530079,-0.008465232615422452
-0.008820536449478666,-0.008340317100040878
-0.00947281303054165,-0.003996138309711572
-0.005640593691726592,-0.007714441178418963
-0.00657514664287151,-0.006813243883284137
-0.005142080960350126,-0.004732065175134165
-0.008559855388005189,-0.006764098585084588
0.0011031267829186842,-0.012574818220674633
-0.004071240174444435,-0.009025412294527718
-0.009370417894377037,-0.010313131237126266
-0.0022947239549468423,-0.004027046290857844
-0.004309445118452548,-0.009196115116553744
-0.006534284193789153,-0.007569721479977254
-0.008124844991657387,-0.005278798134101592
-0.00562390848676303,-0.009320642603912965
-0.001652550856383772,-0.006535474834907351
-0.007010545067241691,-0.005986025679783041
-0.006307600583723927,-0.00784568464888849
-0.005380927699756621,-0.005678781255620324
-0.004428152185475598,-0.007234031503449229
-0.009175388813668528,-0.005285394610482552
-0.009088231523189993,-0.008583805421798985
-0.0042101246986328,-0.014499531636898433
-0.004296759700442354,-0.005495019741478924
-0.009098962047170922,-0.007354171175832619
-0.007757351471208984,-0.015237130121139975
-0.012471471456850458,-0.005721569090897549
-0.00655005908206141,-0.012559311853695437
-0.004439390244208308,-0.0069741117441033396
-0.01341211334962461,-0.004828012849481589
-0.003883986408101281,-0.009718029036004133
-0.008947660626265397,-0.0055053622374374445
0.0015865064214211078,-0.006011232747322487
0.0036807585756037375,-0.012925521783347299
-0.003958353527757474,-0.013331176310638404
-0.007017395310998598,-0.003315042902178128
-0.0043603815422003644,-0.00834652554839943
-0.008501024143162561,-0.006942173939536361
-0.006025816994476574,-0.0055623876028145225
-0.0015012494354782469,-0.008307976513534293
-0.004256016758089287,-0.007840252256574753
-0.006948087309550877,-0.0077731381626150176
-0.0036059635923487154,-0.01021600472479442
-0.00828596661985248,-0.00685824037996649
-0.00749314864969941,-0.009875524151350984
-0.009750313557625345,-0.008975639954847126
-0.01334331288292867,-0.005997397999162268
-0.0003680703986109757,-0.010776199157816885
-0.0060854242953639615,-0.010102730050085135
-0.005879306170486542,-0.00897240147002129
-0.004486729662942335,-0.012516121236478606
-0.005892752890624353,-0.009611336083758582
-0.009854036546338152,-0.010702622848122734
-0.011367528782310565,-0.01085404377575755
-0.008664727706867992,-0.01137143561958559
-0.008287130703919732,-0.006873492979569823
-0.004490609943166413,-0.012297317693590964
-0.012511557849888055,-0.006510775302119659
-0.0005238938951389049,-0.005809890465443307
-0.004401632019305213,-0.006077705045883952
-0.006914851160270186,-0.006532370610728061
-0.007792513006684543,-0.008394626269261046
-0.005571031922903147,-0.010030705852480615
-0.0016353581166683728,-0.005375014329742078
-0.007697460895111308,-0.006508447133985185
-0.010401933589372803,-0.00959103911986392
-0.004417929196246451,-0.01081110692591658
-0.0008584197875996513,-0.008103276240099933
-0.008301099712726467,-0.007138725624500103
-0.01012183637286157,-0.006650301621706323
-0.0034419915073501395,-0.006143132767107484
0.0002619395706108807,-0.007164201213332638
-0.0024960662368260778,-0.010108804237797142
-0.008985821633108182,-0.009984679532377527
-0.00786337312022184,-0.00788293533903986
-0.007251973742158524,-0.008953388096923198
-0.004369440447362372,-0.008179583499868193
-0.010337669952216466,-0.008527421851820205
-0.007988930431001795,-0.01011514694680224
-0.009287245636934727,-0.006181279020033015
-0.007904877364702523,-0.006097360214380343
-0.004383394702251964,-0.001733138227532266
-0.00037169691145921835,-0.010928664662789633
-0.0036035159174848674,-0.005714211312388973
-0.00472014401003501,-0.006804065471392812
-0.003461646675846586,-0.010503086445709048
-0.007558830138298833,-0.009517970344921522
-0.007762381081583114,-0.012822470097867161
-0.005409253745392528,-0.007327785270308751
-0.006189401051452714,-0.009211501976803593
-0.009805667304183419,-0.005849842597834332
-0.0019145302625710459,-0.0036132284211788934
-0.00030392626818404045,-0.007159156849041309
-0.007347145360461105,-0.010150965031593295
-0.008235806252149425,-0.011931615298690829
-0.004193051465646747,-0.007550334832773925
-0.005618864122471701,-0.008381433316499126
-0.008550423208738,-0.007657266798478168
-0.007501551005545837,-0.006830048594977101
-0.0039499364179937935,-0.008918599835552848
-0.005842458262274752,-0.00686768731315085
-0.008826117856356175,-0.013006724392843116
-0.007520683885373303,-0.012357835311169685
-0.008396659359051428,-0.008004090080926701
-0.005320932370846798,-0.006509999246074816
-0.0037094180597684323,-0.004845474110490022
-0.005738093478163675,-0.01133922929372555
-0.004423107821184269,-0.006674359359095744
-0.0030788858018775955,-0.006902848848626436
-0.006435754583931419,-0.007089580326300582
-0.009978429773050801,-0.0046361175007867406
-0.001754706979089693,-0.0056247258537759914
-0.0066108452209333035,-0.0038681185701506804
0.0006301043942919526,-0.013795049795208236
-0.00563735520690084,-0.010725770268820795
-0.006440798948222748,-0.006713923463464361
-0.003994559640570994,-0.00844802512178991
-0.006739506755892466,-0.009041843732115501
0.001620384366100125,-0.009542804138355732
-0.008833744156157841,-0.004737617074177247
-0.0054957692404727365,-0.011504887751460247
-0.004157487148231553,-0.008806623505557276
-0.0058318472450231695,-0.012188565094504
-0.005729944889693084,-0.004124158049272492
-0.005784119798266707,-0.006936473025929563
-0.008844340419492225,-0.004696888885741407
-0.0041864549892657865,-0.010847835327398997
-0.0036636455070412355,-0.0057303594747664666
-0.00437848459860718,-0.009304091659595864
-0.005416238249795924,-0.008411819008976446
-0.010877284146133981,-0.009638751812703156
-0.0036887330678513353,-0.011315828105651599
-0.0032041893452816606,-0.008606057279722912
-0.0036439903385448447,-0.005787265333414199
-0.004995450629630804,-0.013162040354619264
-0.0034917786009480145,-0.007952362847216843
-0.003817260342163953,-0.008860932674777472
-0.0031458656351908143,-0.010429122107992461
-0.004479864665268285,-0.006247363290572044
-0.004062315529928973,-0.005008789646173045
-0.0020067319173409093,-0.00697760399630501
-0.0019877332981599882,-0.006973335688058524
-5.022971111384722e-05,-0.006824750463309881
-0.00503437293860115,-0.008886393509692808
-0.005892633383895007,-0.00987901640355271
-0.006823933096296864,-0.011690455145067141
-0.008911200746076042,-0.006116239326831863
-0.003377862130840348,-0.009505433941475072
-0.00659247364323351,-0.010671714866976462
-0.0007977826632915574,-0.011298366844643165
-0.009042070942440417,-0.00812551334410666
-0.00402688547316038,-0.001894916405042829
-0.01044266177780867,-0.005217250693102166
-0.00948134964703462,-0.0041096667517967755
-0.001764273419003426,-0.006638929302327096
-0.006174536479871762,-0.009353610231900594
-0.00287173785357947,-0.009396159053719155
-0.008511486145850455,-0.007545424729129141
-0.005601805643402846,-0.005743030138859462
-0.0055866725505288595,-0.009374683251840071
-0.00605323272342112,-0.0016256839731590977
-0.003803933128755488,-0.00878334182421267
-0.005408343428701168,-0.007521352237822521
-0.002273636181090166,-0.009554444979028048
-0.00900158176746324,-0.006978887587101579
-0.0032146661018866984,-0.005899898212725213
-0.007867641428468408,-0.0099294452925488
-0.005388180725453051,-0.0031081339673386665
-0.0021205436346363737,-0.006312014955750789
-0.008317784917690085,-0.006068526633992655
-0.004987555808536104,-0.0077030393512053374
-0.006015205977224991,-0.00806486146588134
-0.005576330054570311,-0.007929483947811872
-0.003742400441673288,-0.009854704898787398
-0.014885772959935317,-0.00745593927051616
-0.0073199981528095925,-0.007978614492094194
-0.008939914819734385,-0.014790105610014703
-0.0038427359309965436,-0.012324613915806193
-0.011010228743256911,-0.010929560225563795
-0.00539891124943398,-0.006670091050849231
-0.005370973231820453,-0.008738464834259663
-0.004922381854688351,-0.00884217306905527
-0.0060132805910301235,-0.010605123061685706
-0.007918980634155859,-0.010955811870441146
-0.007030065975091537,-0.006305164711993938
-0.005871545610038331,-0.007488399363752091
-0.006587041250919745,-0.007122428447558921
0.0017853862745193516,-0.006864448828325043
-0.007633182504037772,-0.012261768130092943
-0.005609566203851057,-0.011082413758558923
0.000916917593913491,-0.0024394554565223547
-0.008393420874225677,-0.010216661274109917
-0.002736196567029059,-0.0052225488247693574
-0.001376975715494888,-0.008175822726373405
-0.002254891329285136,-0.00947051141945815
-0.004240122363087739,-0.007454640925802392
-0.008213808161601444,-0.0060281717196619955
-0.006153582966661575,-0.004992895251171414
-0.006631276445474454,-0.009096540929358077
0.0006139414779972596,-0.010376618818237787
-0.00818019873821546,-0.007450760645578314
-0.010112135672301292,-0.00973819173925225
-0.007720862083185287,-0.012211190226533108
-0.0017328579031054003,-0.00471654405423777
-0.006079096340276091,0.0002594505847788864
-0.008130143123324607,-0.007045359885663044
-0.00917849303784779,-0.0062323644583446025
-0.0031047494187325664,-0.00650262671364904
-0.005292352557835001,-0.009482286520776984
-0.0051587661653137995,-0.006437975048470296
-0.004497191665630174,-0.01537744725068868
-0.008531932124308805,-0.0073760202518169116
-0.004484909029559614,-0.009192354343058956
-0.00432275757794387,-0.007825119163700767
-0.0033787724475317082,-0.012331583666292362
-0.011140322883576415,-0.006527072479060869
-0.01053550522797675,-0.007845550388241945
-0.002930688605151388,-0.01157277790146477
-0.0005501455400162558,-0.008883169778784172
-0.007862865585470058,-0.011101039103634608
-0.011995464350773755,-0.006492940767005989
-0.0076765221358183755,-0.00439882287346996
-0.0062045341443266455,-0.011156766124297918
-0.007312625620383761,-0.01015963590873284
-0.004306728922295666,-0.00977414408468985
-0.004320683177185258,-0.002016205407576216
-0.0035410434058768536,-0.007773914218659833
-0.012488156661814076,-0.00842759389724873
-0.002199283815351172,-0.008259353504003697
-0.006497167764284384,-0.006510775302119659
-0.004526681795333332,-0.007764735806768536
-0.005705245356905364,-0.007943572463347953
-0.009804383713386877,-0.008823935752001993
-0.006803516625672912,-0.007425673084768186
-0.005505455187115815,-0.010495460145907382
-0.010159206569742285,-0.004575853650583855
-0.009038056401569738,-0.008636696739576094
-0.0007730831305038932,-0.006966604951031019
-0.009384357395349374,-0.007215659925749435
-0.009000178669937298,-0.008305782606046364
-0.006982487542898819,-0.005002073663062739
-0.006124615125627397,-0.008222639856438507
-0.0057057676455743445,-0.008822905928581315
-0.0037337148106165174,0.0007970198857722155
-0.001416032285111779,-0.011193763047073396
-0.005764345123041081,-0.015462410633679285
0.0012871420644359755,-0.009297375676485559
-0.00755560640739017,-0.010132205425871094
-0.005907109927453524,-0.00782913370457139
-0.003502509124928943,-0.00923878344510165
-0.013479615471606754,-0.003700400465574627
-0.004428271692204999,-0.011581956313356095
-0.002821682238688561,-0.005074754409982729
-0.011386795922784465,-0.008976923545643695
-0.005869859237302155,-0.012245605213798277
-0.00910905077575358,-0.010434942528328633
-0.006827813376520997,-0.004465026650738335
-0.006729015245370229,-0.008556135925478547
-0.009403758796469874,-0.008186941278376741
-0.0070971948229685,-0.0025877869138950793
-0.009563984861890806,-0.004076311095786711
-0.008094071271157688,-0.008043788445941863
-0.008097951551381766,-0.009032008770908706
-0.009950237988061383,-0.0053465540234596265
-0.007720220287786961,-0.010853924269028259
-0.0028543960993003825,-0.013066734475670139
-0.00748694020134083,-0.010706115100324431
-0.001964959151567136,-0.005269365954834432
-0.007043258927853457,-0.005511436425149452
-0.005566107065341108,-0.008462008884513872
-0.005279174358990224,-0.006659360526868302
-0.006912911020158119,-0.006354698038215867
-0.01020318799692116,-0.007450372617555906
0.0010383556110106218,-0.008719331954432225
-0.00451789141146447,-0.009086452200775447
-0.007775439773698489,-0.008834158741231196
-0.0041956481550743385,-0.002939132271966044
-0.011480281168350925,-0.004038299103507753
-0.007072749057556615,-0.008260129560048513
-0.007681163718170125,-0.009344431820009269
-0.0023653303011082483,-0.007050404249954373
-0.007959708822591671,-0.010854431803779985
-0.0034105907453693685,-0.013718474014146942
-0.0024120131705268055,-0.008742091347107905
-0.004881131377583614,-0.008129393624330739
-0.0032648412235069535,-0.007478042113876343
-0.005568449987392754,-0.0068631504836112744
-0.011373334448729455,-0.004263042573460857
-0.006489153436460282,-0.003241586099213295
-0.010615424246676053,-0.009751384692014198
-0.005873485750150398,-0.011123276207641336
-0.00796487269361229,-0.009233351052787914
-0.007945098018386665,-0.00574432848357323
-0.007411035723512205,-0.008240220624176259
-0.00702088756320024,-0.010591542080901323
-0.008911976802120913,-0.009406501549677704
-0.004217497231058631,-0.009079855724394487
0.0007671682850975969,-0.007614210441907854
-0.007190038273136579,-0.011561525088814889
-0.0038318859002862693,-0.00642749829186523
-0.008073117757947557,-0.007400197495935679
-0.009802951108026536,-0.007824865396324904
-0.010567457786460954,-0.006933905844336452
-0.008783822801913477,-0.005570536191285114
-0.010779142564298683,-0.008473888738644825
-0.010999229697982893,-0.00985186919590117
-0.00766294115503402,-0.011718632176139332
-0.003850242724068864,-0.0023299268013906027
-0.009980250406433522,-0.006724012192047019
-0.002477963180419318,-0.010613137389509752
-0.010793619107857144,-0.005890197512164991
-0.008792493679052993,-0.0032537492285545644
-0.0020103584301890964,-0.00805232506243489
-0.004403318392041389,-0.008951835984833567
-0.0020721743924816405,-0.010612092812171847
-0.00508298119421452,-0.012900702743830234
-0.005320022054155438,-0.01084240293508526
-0.001917380719374473,-0.007170931950360143
-0.00723569131913443,-0.01032048901563487
-0.004643971010913295,-0.008495618307899772
-0.000297732573742715,-0.006925742501948606
-0.01134967949327964,-0.008951582217457676
-0.0046446128063115655,-0.007041211084145876
-0.00908990314200897,-0.006762561226912156
-0.00024458748858968704,-0.010125369936031442
-0.005230670856189001,-0.009219516304627695
-0.00644881327604685,-0.010819897309785498
-0.0053392891946294485,-0.008786580309038505
-0.006038621919216114,-0.008615369952260754
-0.005281756294500561,-0.005750283164555892
-0.0033910550836023234,-0.005349658247638889
0.0024902856520663263,-0.008001373884769847
-0.0036924790874289237,-0.00996954643950354
-0.009141645129636,-0.00980711171267748
-0.0037948889775107353,-0.004950212168706308
-0.003353550626075119,-0.00986401757132524
-0.003468631180249926,-0.010236435949335654
-0.003350580662542346,-0.007243344175987071
-0.004697504124088703,-0.008164181885701088
-0.005661532451019524,-0.008973177526066106
-0.002968446830054483,-0.004746795486068545
-0.00590140901384667,-0.009160282277845488
-0.004878161414050841,-0.002750968188931585
-0.004842209068613268,-0.010125235675384897
-0.013311509339008265,-0.005904554548994162
-0.009489110207482887,-0.004135664629298236
-0.0042097366706103645,-0.004532663033367024
-0.004695817751352527,-0.009045589751693034
-0.0027305104073394038,-0.010219765498289207
0.0014266831379398104,-0.008149183053473674
-0.012064011050093804,-0.010863222187648874
-0.009518078048517065,-0.005967534595353902
-0.005854218609676443,-0.010372992305389572
-0.0033888464221972225,-0.008531570653337373
-0.0038117231970381527,-0.009755653000260683
-0.0031957869894351787,-0.011513812395975681
-0.0009885139279191546,-0.007231300553375175
-0.0069773236718781995,-0.005343837827302744
-0.0058874400050399345,-0.011173331822532218
-0.005965553144273716,-0.0026158444382379797
-0.00028712155649107673,-0.006636735394839166
-0.0019569595776602333,-0.008280307017213856
-0.0039710094379332705,-0.007916544762425787
-0.0034172919745624752,-0.010333174433645093
-0.006186804362025122,-0.00923878344510165
-0.005268548587821442,-0.007652237188104011
-0.007112313161925288,-0.005292379114885948
-0.01212709584926569,-0.010721755727950172
-0.0012902212069559882,-0.006382755562558767
-0.007892982756654343,-0.012519091200011323
-0.0026968862300362773,-0.010497266025372903
-0.002286694873205597,-0.009245633688858473
-0.0029623578884253043,-0.011787432642835244
-0.008296577637104063,-0.007801076180228544
-0.011334680661052254,-0.00846147184192772
-0.004747693999626101,-0.005883601035784003
-0.003616574609600298,-0.008291037541194785
-0.0037272673487993013,-0.009022442330994973
-0.0002849276490031194,-0.006858508901259552
-0.003622648797312278,-0.009407158098993174
-0.0056783519166297425,-0.007622359030378445
-0.005691156841369283,-0.006562890563851925
-0.007005112674927982,-0.010964990282332415
-0.008966942520656607,-0.009138821229883576
-0.004823329956161693,-0.010503474473731456
-0.00038333775213156285,-0.004076699123809119
-0.008585196716191124,-0.012036233850177797
-0.012717690728682673,-0.004530722893254957
-0.005400463361523611,-0.008164823681099387
-0.004475864878314861,-0.005193327216359261
-0.0029996233324938726,-0.006529012619172936
-0.0034095314141143196,-0.007127219044474359
-0.008158454415043315,-0.004504725015753497
0.003649194045141968,-0.005875452447313412
-0.006768340336280154,-0.010673266979066093
-0.005359854679817144,-0.013233810784847921
-0.00849508421609707,-0.009922341281416086
-0.0017649152144016966,-0.007335545830756934
-0.002842620997981493,-0.006857598584568192
-0.0020051945591684772,-0.006623661948806564
-0.007896728776231932,-0.009695657671350888
-0.002120155606613938,-0.008803250760084924
-0.004636210450465139,-0.010868505565398867
-5.0871506512117914e-05,-0.007076014099433425
-0.0017826302427860763,-0.010027855395677188
-0.0017256196313261696,-0.007965809567354681
-0.009230474038933567,-0.0063858597867380296
-0.006247082966145234,-0.012946594803286776
-0.006017280377983547,-0.010053062463216661
-0.0070489450875431126,-0.007845430881512627
-0.007498178260073485,-0.013624078451889149
-0.0028837372144397966,-0.004755854391230524
0.00019934755227352108,-0.007439507832928405
-0.00710947745903906,-0.009244603865437767
-0.0068137396149021145,-0.005071381664510405
-0.004317459446276595,-0.006295986300102641
-0.01041732044962268,-0.005347464340150987
-0.007588320268001991,-0.00827021828863117
-0.007629436484460184,-0.009768711692376114
-0.0010908043112716759,-0.01039058782704455
-0.0007170875885474937,-0.005456992995282739
-0.0005378629039456961,-0.006139252486883406
-0.006260007397614065,-0.00955974311069524
-0.003478212374080858,-0.011661606810762254
-0.0028188317818851893,-0.00735196251442749
-0.008592688755346245,-0.00950556820212159
-0.008118248515276427,-0.012265111367730924
-0.0115378288223969,-0.006771351610781046
-0.00834855863818984,-0.004550243801104803
0.0007736305008320121,-0.00987940443157509
-0.004038645820561959,-0.008331258194878899
-0.004510533632955893,-0.009627887028075682
-0.009949596192663113,-0.004859174598003696
-0.00699580000239014,-0.007109623522819353
-0.007358398173110958,-0.0096890611949699
-0.004639195167915056,-0.004345424020941124
-0.0029353449414202815,-0.008466262438843158
-0.0041636955965901334,-0.011055132290260894
-0.006582384914650796,-0.004954988011704575
-0.009028877989678441,-0.0013914935700215791
-0.0010822824486958482,-0.010297729622959217
-0.01113424869586438,-0.015405116747009118
-0.006087244928746682,-0.007413390448697599
-0.0022366540122318868,-0.007658177115169529
-0.00561834183380272,-0.00938065268673996
-0.0063744609103078,-0.011116545470613831
-0.00885793615419378,-0.009362669137062574
-0.005544646017379251,-0.005769938333052255
-0.009664200844484716,-0.010559604276334372
-0.006173626163180401,-0.005791667902307229
-0.006784637513221337,-0.006696850230478335
-0.006962175825087014,-0.012776294763200358
-0.008181736096387948,-0.011776582612124997
0.000887039436187953,-0.008392671375231808
-0.0014693116309112964,-0.004900037047086109
-0.0070834795815375995,-0.009434305306644686
-0.004361679886914216,-0.012543536965423152
-0.0017401109288018857,-0.01314341500954358
-0.007683745653680407,-0.008208670847631716
-0.006245008565386623,-0.008528078401135702
-0.008298249255923096,-0.00696156058673969
-0.007747367495438473,-0.008189015679135353
-0.008348946666212276,-0.00802944616302989
-0.005425938950356202,-0.007700337908965682
0.00025922337445399846,-0.008457591561703587
0.000982613836430113,-0.0070934753604418865
-0.005071355107459374,-0.009914192692945467
-0.007828331091475627,-0.00795934735162021
-0.0032036670566127357,-0.010672878951043685
-0.0039009253804407895,-0.007104459651798706
-0.009329913965482661,-0.011917914811177155
-0.002433474218488718,-0.011174346892035725
0.0002455228869402415,-0.00745904349469545
-0.0028386212110280695,-0.00649292601308879
0.0006440734030987438,-0.005615278920591604
-0.00777000738138478,-0.005849588830458441
-0.007494044212473516,-0.01201450428092285
-0.006313660017518763,-0.00998079925215345
0.002160655109333165,-0.01064610501749741
-0.008246387761566665,-0.00807857670731224
-0.003010995651873072,-0.007636969834583507
-0.006026473543792044,-0.008183971314844024
-0.007680656183418344,-0.011023194485693916
-0.006180356900207906,-0.0027959794395311377
-0.004723113973567783,-0.012106064140294415
-0.007043139421124167,-0.0020229361446037486
-0.006852005374556935,-0.008092933744141384
-0.005804446269995767,-0.007261312971747286
-0.003251125982076053,-0.013665075161618107
-0.006318331107704911,-0.009175161603343612
-0.011548439839648539,-0.011396776947771553
-0.015869202687986694,-0.00908800431286505
-0.003917356818028572,-0.005706316491294244
-0.004936619384788232,-0.009772472465870874
-0.009511093544113725,-0.005806010185219201
-0.0011680071338140419,-0.009425649183422313
-3.587267428473151e-05,-0.008373150467381962
-0.0001751452264954767,-0.008376642719583632
-0.0053969711093219686,-0.00848966362691711
-0.0031227182144927257,-0.009519656717657698
-0.002607147004047461,-0.0036802230084092835
-0.006117899142517036,-0.010738963221582742
-0.0077403977449522765,-0.008828338320895052
-0.00713352044251131,-0.008086979063158722
-0.004407571946370703,-0.008047922493541831
-0.00932876463533261,-0.00921059166011226
-0.007807123810889605,-0.0021783716131092146
-0.008488338725152367,-0.011501515005987867
-0.0011342486958643705,-0.008661142504987951
-0.008842415033297413,-0.008762656832295629
-0.0021064403651830377,-0.011072981579291763
-0.008546154900491487,-0.011906020203128975
-0.008205137284461816,-0.005111856085570354
-0.011276222690314863,-0.0060126653526828
-0.005415850221773488,-0.007621582974333657
-0.004446897037280628,-0.007102385251040094
-0.0046720285352561675,-0.00850972157735308
-0.0014768184239836168,-0.005816621202470812
-0.005909169574294937,-0.012257231300553367
-0.0007181174119681444,-0.010722919812017367
-0.006076260637389863,-0.00670358096750584
-0.011029242116354976,-0.01247719892750826
-0.009979593857118052,-0.006346027161076351
-0.012654203147571208,-0.009602799467265555
-0.010018516166088398,-0.008306424401444634
-0.002790386229519881,-0.00408135546007804
-0.001992777662451317,-0.0069073856781660115
-0.0020510866186249643,-0.012945445473136724
-0.0013723193792259947,-0.007756721478944462
-0.00078278383106406,-0.007324158757460508
-0.004101625866921699,-0.006156459980515977
-0.004411078952489544,-0.01029295377996095
-0.005716751936931108,-0.012123271633926985
-0.00424645031817561,-0.005176253983373208
-0.0065717886513164125,-0.010056047180666577
-0.0018246567759356291,-0.01226873788057914
-0.00538571829667206,-0.011207851562609505
-0.004645135094980546,-0.005942447034543802
-0.008237209349675367,-0.01079882428984602
-0.006705479796649705,-0.002154567643095656
-0.008780211042982433,-0.011249355807090189
-0.00872021571407261,-0.0059121808487958005
-0.0033075095520548325,-0.011250773658533275
-0.005327528847227758,-0.007707188152722533
-0.0014345233695409187,-0.011420446657138567
-0.011270670791271753,-0.004043343467799054
-0.0026667690588520476,-0.010510324717488306
-0.0019776593234945294,-0.00985276475867533
-0.004900920806726494,-0.011869157541000042
-0.006532478314323686,-0.005648768837248214
-0.008071043357188945,-0.01324428754145296
-0.0063074663230774375,-0.009240335557191282
-0.014543725520484996,-0.007920947331318845
-0.004915531610931556,-0.004115755693425982
-0.005680157796095264,-0.007532754065036146
-0.00048704598692711487,-0.010712965344081282
-0.002469038535903856,-0.007689353617608835
-0.0004828971854099473,-0.007438985544259452
-0.004005424425198467,-0.006979932164439484
-0.001355902695555411,-0.0025824740283106884
-0.00787152170869243,-0.00832000538222899
-0.006011459957647403,-0.007190452858209989
-7.906329150153546e-05,-0.005602354489122746
-0.00637871446463717,-0.004676323400553656
-0.0093039308418984,-0.003684103288633389
-0.003028576419610851,-0.010347262949181174
-0.0010641646383718895,-0.005556432921831833
-0.007654136017247959,-0.008588715525443796
-0.007591678259557144,-0.008502349044927277
-0.006589369419054192,-0.006832645284404609
-0.0015479323048967486,-0.0042848916494451494
-0.011143412353838478,-0.008764596972407668
-0.007403528930439884,-0.008019223173800688
-0.006901792468154755,-0.013307909383211025
-0.006760460269102597,-0.007185274233272115
-0.008455505357811255,-0.010258956328552615
-0.006526389372694452,-0.005334659415411447
-0.002204850468311481,-0.011993938795735126
-0.001043867674477228,-0.005393759181547109
-0.006763430232635315,-0.0068370330993804684
-0.005827339923317965,-0.008388805848924902
-0.009223758055823206,-0.00926011023241699
-0.012403327539470044,-0.009575906026989933
-0.00232924369502413,-0.00848746971942918
-0.004016931005224211,-0.0077487071511203875
-0.0033653109734766984,-0.009562593567498667
-0.008746452605032762,-0.010113982862734988
-0.011530456289971125,-0.007549305009353219
-0.004944753219341624,-0.009667331625714953
-0.010354206142616396,-0.007576064188982351
-0.007352831520150704,-0.0076096883662854775
-0.012439787419659398,-0.012248306656037933
-0.013371236146624998,-0.006217753654139568
-0.0043550834105332,-0.010584169548475547
-0.005403687092432274,-0.009221710212115597
-0.001264999385499399,-0.011218059797921509
-6.701966888966737e-05,-0.011393418956216428
-0.005102636362710911,-0.007976032556583856
-0.0059330930510377855,-0.007550334832773925
-0.005666830582686799,-0.008730838534457996
-0.0057596887867721325,-0.005977742830665905
-0.0006841052066426379,-0.009983754461768968
-0.0072112455537226006,-0.008249652803443447
-0.006870750226362021,-0.01130418726497931
-0.010166967130190496,-0.0031085367492782734
-0.004962214480350058,-0.011244445703445377
-0.006919641757185624,-0.007236091150290641
-0.003206905541438543,-0.009588442430436384
-0.005574255653811699,-0.01006186760100275
-5.630389882588238e-05,-0.006914877717321133
-0.004770692405760446,-0.009473227615615032
-0.006788129765423034,-0.007177782194116994
-0.00189036777236945,-0.011377883081402834
-0.0023108868712415354,-0.005550224473473253
-0.006504018008041179,-0.004220493751642296
-0.005833787385135236,-0.01419345129680294
-0.005778060364471926,-0.007780122667018413
-0.005581762446884075,-0.010275880546974925
-0.009735060958022013,-0.0068645830889715875
-0.008546408667867322,-0.013414080046787624
-0.007338086455299098,-0.008399148344883423
-0.00748732822936321,-0.009336551752831768
-0.001931872016850189,-0.005971026847555599
-0.006354537220518375,-0.008850978206841359
-0.0069042548969357465,-0.006886044136933472
-0.005360108447192979,-0.010627613933068242
-0.0020509671118956185,-0.008714929385539166
-0.003292003185075665,-0.006190069403901904
-0.012902228298868945,-0.008798728684462548
-0.007741681335748818,-0.003752769494682756
-0.006002923341154376,-0.009326597284895627
-0.003116897794156581,-0.011784850707324934
-0.006030473330745467,-0.010516533165846886
-0.004863804377221614,-0.009426290978820584
-0.010700387629666686,-0.007614210441907854
-0.00831765065704354,-0.00837444881209573
-0.0050052708369203724,-0.011198926918094071
-0.010410082177843394,-0.005928463271819812
-0.0026734850419623535,-0.01194467399080626
0.003689787972931291,-0.011515230247418767
-0.001046718131280655,-0.009215755531132908
-0.00882159578073377,-0.007066313398873175
-0.010244692241401843,-0.009868673907594161
-0.006394355092262882,-0.009010428216217475
0.003483938369346906,-0.006680955835476704
-0.0108941036117442,-0.005373074189630012
-0.005749077769520494,-0.0056769606222376034
-0.004052868596744641,-0.010023199059408266
-0.00847347415357147,-0.008382075111897397
-0.0053086497347762385,-0.01232409162713724
-0.00597785053426142,-0.012077364820553271
-0.003952398846774785,-0.0038304798519769034
-0.006828469925836467,-0.010702876615498597
-0.007818242362892969,-0.007585899150189118
-0.007458748416351413,-0.007793181359133788
-0.00828478778186803,-0.01138022600345448
-0.004170277319053894,-0.008804549104798692
-0.0061701339109787035,-0.007469132223278108
-0.004875057189871523,-0.010914829914629415
-0.008879262941509147,-0.00750287590731058
-0.007235810825863831,-0.011308455573225823
-0.0034987631053513546,-0.006947069289263946
-0.002299514551862336,-0.00813806450147031
-0.0018959196714125603,-0.008558464093613022
-0.0076196162771706155,-0.0090869597355272
-0.0036036354242142132,-0.011179659777620116
-0.008802836175011541,-0.006039678299687767
-0.0038238568185449684,-0.008020133490492048
-0.012691051055782887,-0.010141010563657182
-0.0037103283764597927,-0.004555422426042677
-0.0055983133912011485,-0.012399085788274505
-0.007866477344401102,-0.009569055783233082
-0.005699036908546784,-0.004644907884655658
-0.009177194693133994,-0.007928842152413573
-0.0030396949716141597,-0.007984181145054475
-0.007513833641616452,-0.010871117008743603
-0.0104671075432205,-0.0048615175200553695
-0.008786150970047923,-0.005356000956644014
-0.007760828969493427,-0.012314002898554555
-0.004697235602795613,-0.01068205736293501
-0.010294225567623772,-0.006138610691485108
-0.010675434329503075,-0.008859768590710276
-0.006780622972350714,-0.01255737171358337
-0.007802467474620656,-0.010831806671750877
-0.002687573557498435,-0.009001757339077904
-0.007706639307002605,-0.00817970300659751
-0.0034900922282118385,-0.007696189107448487
-0.010754055003488583,-0.009502837252047508
-0.007670567454835631,-0.004736587250756541
-0.006752699708654386,-0.009199607368755414
-0.0130606337309071,-0.006943591790979475
-0.004891220106166216,-0.007030749081457982
-0.0036141121808193066,-0.011542631222446115
-0.008036269849735822,-0.004403479209738881
-0.005660248860223038,-0.011583896453468134
-0.0036142464414658515,-0.006458406273011502
-0.00890732046585202,-0.01003716806821503
-0.010831392086677494,-0.010937977335327476
-0.006130555052692832,-0.007267909448128246
-0.0059182432333740875,-0.007582794926009856
-0.009214057355262983,-0.009976784711282799
-0.0073938282298796065,-0.01038903571495492
-0.009218579430885332,-0.007203123522302984
-0.002218685216471672,-0.012216622618846873
-0.00323457503775898,-0.008405610560617893
-0.015400821881711657,-0.010292431491292026
-0.006445440530574442,-0.005309706115247864
-0.00347433209385678,-0.005954849177343707
-0.006664497840838002,-0.005622770959746726
-0.004536516756540154,-0.004244297721655826
-0.007152280048233539,-0.0073739458510583
0.0005644081517753308,-0.010569290222977423
-0.0030607679915536368,-0.005887347055361564
-0.005102128827959129,-0.010629822594473398
-0.006540880670170113,-0.008225997847993632
-0.007903847541281817,-0.003693803989193667
0.0006301043942919526,-0.0042501033880748
-0.004631031825527265,-0.012741909283769615
-0.0032883766722273666,-0.009321926194709507
-0.008765854006153262,-0.01194688265221136
-0.001591257182760153,-0.009977934041432823
-0.007221707556410495,-0.009826139839692799
-0.0014959513038110273,-0.007939557922477303
-0.01178236172149294,-0.007334381746689711
-0.007404439247131245,-0.009150208303180002
-0.009383715599951103,-0.01039252796715659
-0.0057093794045053325,-0.008085814979091471
-0.007978080400291465,-0.008042370594498749
-0.003548147417009595,-0.00791487314360681
-0.0054219244094855235,-0.00849251408372051
-0.009213803587887093,-0.010541366959281095
-0.0029723123563614173,-0.006121671719145599
-0.00398317256727454,-0.013825554994414901
-0.006876958674720546,-0.007139755447920809
-0.004519563030283447,-0.009736132092410865
-0.004458925905975353,-0.007685339076738212
-0.0035640713198455964,-0.005168881450947432
-0.00432287708467316,-0.005608936211586507
-0.005422819972259685,-0.008933344900404427
-0.01082555691242415,-0.006480523870288857
-0.0031264789879875132,-0.006532624378103952
-0.004614346620563592,-0.007461625430205759
-0.0064709161194069775,-0.01184290589612269
-0.008269923210287133,-0.004045537375286984
-0.007918980634155859,-0.0060380066808687904
-0.0024465329106040934,-0.006409649002834389
-0.006087244928746682,-0.008704452628934128
-0.0006488094105205344,-0.005664931753542907
-0.008340932338388174,-0.005573520908735058
-0.005038387479471773,-0.010001484244070519
-0.008159245225005385,-0.006246199206504821
-0.005990252677061381,-0.008387895532233541
