customer_id,segment,churn_probability,risk_band,recency_days,frequency,monetary,monetary_90d,avg_order_value
15940,Hibernating,0.9479817339504465,High,312,1,35.8,0.0,35.8
15935,Hibernating,0.9273437680198257,High,240,1,108.04,0.0,108.04
17900,Hibernating,0.9129840644345079,High,191,2,112.2,0.0,56.099999999999994
16738,Hibernating,0.9095242548976266,High,298,1,3.75,0.0,3.75
17956,Hibernating,0.9083452042876901,High,250,1,12.75,0.0,12.75
17102,Hibernating,0.9022992160504181,High,262,1,25.5,0.0,25.5
16257,Hibernating,0.8990627869123231,High,177,1,21.95,0.0,21.95
15510,Hibernating,0.8975311892945683,High,331,1,250.0,0.0,250.0
14760,Hibernating,0.8970350476313597,High,298,1,89.2,0.0,89.2
18227,Hibernating,0.8966510983890346,High,218,2,388.75,0.0,194.375
17763,Hibernating,0.8901456253156265,High,264,4,86.15,0.0,21.5375
16073,Hibernating,0.8897150310113686,High,298,1,122.4,0.0,122.4
16162,Hibernating,0.8893715929342029,High,253,1,37.4,0.0,37.4
18068,Hibernating,0.8886817497079831,High,290,1,101.7,0.0,101.7
18233,Hibernating,0.8884750710910401,High,326,1,440.0,0.0,440.0
13391,Hibernating,0.8863554861509646,High,204,1,59.8,0.0,59.8
13120,Hibernating,0.8819573298476864,High,239,1,30.6,0.0,30.6
13185,Hibernating,0.8806794698264121,High,268,1,71.4,0.0,71.4
14185,Hibernating,0.8803932901780228,High,332,1,197.65,0.0,197.65
12401,Hibernating,0.8750040463637888,High,304,1,69.3,0.0,69.3
18072,Hibernating,0.8734802443873608,High,186,1,247.44,0.0,247.44
14373,Hibernating,0.8723217457394785,High,359,1,76.55,0.0,76.55
16144,Hibernating,0.8699059358713388,High,247,1,175.2,0.0,175.2
16349,Hibernating,0.8669327799248753,High,291,1,53.5,0.0,53.5
14351,Hibernating,0.8666658509457952,High,165,1,51.0,0.0,51.0
17408,Hibernating,0.8655405631528451,High,164,3,316.09000000000003,0.0,105.36333333333334
13682,Hibernating,0.8645839783021699,High,188,1,59.5,0.0,59.5
13132,Hibernating,0.8638378134644944,High,262,1,77.3,0.0,77.3
14816,Hibernating,0.862799934730969,High,198,1,271.84999999999997,0.0,271.84999999999997
14090,Hibernating,0.8622868820762241,High,325,1,76.32000000000001,0.0,76.32000000000001
15178,Hibernating,0.8618738612377634,High,261,1,40.5,0.0,40.5
15395,Hibernating,0.8609950687009698,High,326,1,107.45,0.0,107.45
14393,Hibernating,0.8592081557487783,High,219,1,67.95,0.0,67.95
17747,New / Promising,0.8588883626588248,High,113,1,71.4,0.0,71.4
15397,Hibernating,0.8577971978411841,High,290,1,94.0,0.0,94.0
14792,New / Promising,0.8572370557667962,High,64,1,6.2,6.2,6.2
16093,Hibernating,0.8567828177822645,High,107,1,17.0,0.0,17.0
12929,Hibernating,0.8563105153953944,High,312,1,117.85,0.0,117.85
18032,Hibernating,0.8553843650801797,High,335,1,73.5,0.0,73.5
14371,Hibernating,0.8553061905346516,High,296,1,100.5,0.0,100.5
16581,Hibernating,0.8540100067606162,High,183,1,105.84,0.0,105.84
15316,Hibernating,0.8529295161588308,High,327,1,165.0,0.0,165.0
17752,Hibernating,0.8505903311878604,High,360,1,80.64,0.0,80.64
14155,Hibernating,0.8504272379605345,High,267,1,118.75,0.0,118.75
15843,Hibernating,0.8497075012408073,High,304,1,118.95,0.0,118.95
15753,Hibernating,0.8496961678967191,High,305,1,79.2,0.0,79.2
15668,Hibernating,0.8495656506328736,High,218,1,76.32000000000001,0.0,76.32000000000001
13302,Hibernating,0.8492577278489538,High,156,2,159.2,0.0,79.6
13841,Hibernating,0.8487199808966671,High,253,1,85.0,0.0,85.0
17291,Hibernating,0.8484172308073256,High,309,1,550.8000000000001,0.0,550.8000000000001
13452,Hibernating,0.848284060516179,High,260,3,729.8,0.0,243.26666666666665
15083,Hibernating,0.847068870377569,High,257,1,88.19999999999999,0.0,88.19999999999999
17881,Hibernating,0.8464919174145891,High,305,1,133.35,0.0,133.35
12881,Hibernating,0.8461652479125525,High,276,1,298.0,0.0,298.0
17775,Hibernating,0.8460348487889425,High,255,1,56.4,0.0,56.4
14542,Hibernating,0.845808085976292,High,186,1,103.25,0.0,103.25
17174,Hibernating,0.8456995469543976,High,218,1,59.9,0.0,59.9
15049,Hibernating,0.8455872812869732,High,274,1,121.17000000000002,0.0,121.17000000000002
14368,Hibernating,0.8453043535321824,High,320,1,155.0,0.0,155.0
15313,New / Promising,0.8433407712019159,High,111,1,52.0,0.0,52.0
16659,Hibernating,0.8429451871470961,High,190,1,39.12,0.0,39.12
16339,Hibernating,0.8421025449417204,High,285,1,94.05,0.0,94.05
18138,Hibernating,0.8418959521382409,High,296,1,152.65,0.0,152.65
16405,Hibernating,0.8418357679979955,High,303,2,167.25,0.0,83.625
14457,Hibernating,0.8414893620371803,High,311,1,113.64,0.0,113.64
16055,Hibernating,0.8412681143936137,High,221,1,134.8,0.0,134.8
16665,Hibernating,0.8410294159687843,High,363,1,135.4,0.0,135.4
17906,Hibernating,0.8408515727227166,High,248,1,72.9,0.0,72.9
17331,New / Promising,0.83975087054302,High,124,1,175.2,0.0,175.2
16878,New / Promising,0.8394405973344411,High,85,1,13.3,13.3,13.3
16976,Hibernating,0.8391795845629978,High,268,1,251.52,0.0,251.52
12509,Hibernating,0.8390103877791182,High,285,1,158.5,0.0,158.5
14386,Hibernating,0.8387291833662277,High,297,1,142.4,0.0,142.4
13703,Hibernating,0.8379805153098512,High,319,2,425.56,0.0,212.78
12565,Hibernating,0.8375341064065934,High,289,1,145.92,0.0,145.92
14066,Hibernating,0.8374908707272127,High,267,1,152.55,0.0,152.55
12736,Hibernating,0.8355644335463345,High,333,1,144.0,0.0,144.0
14705,Hibernating,0.8355290278476688,High,199,1,179.0,0.0,179.0
18024,Hibernating,0.8354392846501271,High,153,2,389.7799999999999,0.0,194.88999999999996
14586,Hibernating,0.8353029588470288,High,277,1,237.36,0.0,237.36
15703,Hibernating,0.8333782334944048,High,265,1,211.5,0.0,211.5
15226,Hibernating,0.8333608114272789,High,311,1,154.41,0.0,154.41
15171,Hibernating,0.8332719582152458,High,332,1,1289.5,0.0,1289.5
12574,Hibernating,0.8328323985387261,High,316,1,182.45,0.0,182.45
14795,Hibernating,0.8323551252731347,High,167,1,131.45,0.0,131.45
17117,Hibernating,0.8316688279723237,High,289,1,116.2,0.0,116.2
16963,Hibernating,0.8313405286101985,High,188,1,110.55,0.0,110.55
16610,Hibernating,0.831271243100829,High,220,1,75.66,0.0,75.66
12506,Hibernating,0.83079562208694,High,233,1,73.5,0.0,73.5
16429,New / Promising,0.8306044438741303,High,107,1,284.55,0.0,284.55
14438,Hibernating,0.8297975804889209,High,307,1,131.9,0.0,131.9
14889,Hibernating,0.8297931572631573,High,337,1,135.9,0.0,135.9
12548,Hibernating,0.8294374155719322,High,167,1,67.19999999999999,0.0,67.19999999999999
13072,Hibernating,0.8293231177987811,High,267,1,177.15,0.0,177.15
16849,Hibernating,0.8293057327412966,High,187,1,124.57,0.0,124.57
16403,Hibernating,0.8292828223987604,High,313,1,177.5,0.0,177.5
14340,Hibernating,0.8292377628247599,High,219,1,134.7,0.0,134.7
12551,Hibernating,0.8290017744915121,High,358,1,168.0,0.0,168.0
14782,Hibernating,0.8287515291084941,High,320,1,200.1,0.0,200.1
15733,Hibernating,0.828505735766393,High,283,1,162.3,0.0,162.3
16697,Hibernating,0.8284524542437439,High,242,1,112.75,0.0,112.75
13551,Hibernating,0.8274784852367368,High,320,2,244.2,0.0,122.1
16319,Hibernating,0.8270323534939357,High,218,1,404.4,0.0,404.4
18086,Hibernating,0.8270031669706257,High,275,1,101.34,0.0,101.34
14149,Hibernating,0.8267897076826037,High,221,1,446.62,0.0,446.62
17128,Hibernating,0.8261670749322144,High,335,1,157.09000000000003,0.0,157.09000000000003
12902,Hibernating,0.826129018043904,High,265,1,138.68,0.0,138.68
16617,Hibernating,0.8260160558392996,High,236,1,151.85,0.0,151.85
18129,Hibernating,0.8259177788674973,High,244,1,112.55,0.0,112.55
15442,Hibernating,0.8252518362282455,High,249,1,594.0,0.0,594.0
15705,Hibernating,0.8246706787129411,High,202,1,143.1,0.0,143.1
17654,Hibernating,0.8246239005178614,High,278,1,117.54999999999998,0.0,117.54999999999998
13130,New / Promising,0.8246168951529859,High,95,1,64.0,0.0,64.0
18120,Hibernating,0.824474115598925,High,215,1,111.14999999999998,0.0,111.14999999999998
15063,Hibernating,0.8243478970175419,High,214,1,370.7999999999999,0.0,370.7999999999999
18224,Hibernating,0.8242294065561563,High,264,1,158.95,0.0,158.95
14632,Hibernating,0.8241597128987906,High,263,1,114.56,0.0,114.56
12814,New / Promising,0.8238812413234147,High,102,1,85.92,0.0,85.92
14536,Hibernating,0.8235737531221071,High,260,1,170.95,0.0,170.95
14280,Hibernating,0.8229124658786744,High,197,1,134.04,0.0,134.04
17698,Hibernating,0.8222314086931137,High,261,1,154.95,0.0,154.95
15388,Hibernating,0.8221491435532524,High,271,1,140.54000000000002,0.0,140.54000000000002
17517,Hibernating,0.8219960081993076,High,309,1,153.94,0.0,153.94
15729,Hibernating,0.821550502768581,High,213,3,192.55,0.0,64.18333333333334
17574,Hibernating,0.8215415382474033,High,243,1,185.65,0.0,185.65
17455,Hibernating,0.8201607038003357,High,204,1,131.7,0.0,131.7
12622,Hibernating,0.8199353294199913,High,233,1,162.1,0.0,162.1
13229,Hibernating,0.819866471457986,High,226,1,160.95,0.0,160.95
17263,Hibernating,0.8198659266387283,High,209,1,63.43999999999999,0.0,63.43999999999999
16509,Hibernating,0.8197083228096429,High,297,1,363.69999999999993,0.0,363.69999999999993
18010,Hibernating,0.8195493568528911,High,257,1,174.8,0.0,174.8
16866,Hibernating,0.8194472878298519,High,141,3,207.74,0.0,69.24666666666667
14165,Hibernating,0.8189263803702286,High,276,1,120.44,0.0,120.44
16598,Hibernating,0.8186986034985962,High,286,1,145.04999999999998,0.0,145.04999999999998
15554,Hibernating,0.8171917379355239,High,278,1,217.2,0.0,217.2
17118,Hibernating,0.8170949465916546,High,318,1,157.01999999999998,0.0,157.01999999999998
14117,Hibernating,0.8166378865348033,High,144,1,90.0,0.0,90.0
12489,Hibernating,0.8165772415680904,High,337,1,298.93,0.0,298.93
14059,Hibernating,0.8161084028539405,High,267,1,183.59999999999997,0.0,183.59999999999997
18004,Hibernating,0.8155546012232068,High,363,1,157.91999999999996,0.0,157.91999999999996
16097,Hibernating,0.8154928479173211,High,241,1,185.05,0.0,185.05
17972,Hibernating,0.8153205075172237,High,242,1,135.19,0.0,135.19
13932,Hibernating,0.815126178988131,High,295,1,307.4,0.0,307.4
14747,Hibernating,0.8146669572067979,High,250,1,328.2,0.0,328.2
13973,Hibernating,0.8140415226470502,High,288,1,264.7,0.0,264.7
12515,Hibernating,0.8138949312529271,High,354,1,278.7,0.0,278.7
14143,Hibernating,0.8137594539864134,High,134,1,115.8,0.0,115.8
17879,Hibernating,0.8131194757390513,High,174,1,178.51999999999998,0.0,178.51999999999998
16114,Hibernating,0.8124866694168397,High,171,1,135.75,0.0,135.75
18114,Hibernating,0.8123684913819388,High,291,1,220.1,0.0,220.1
13284,Hibernating,0.8120899705982118,High,331,1,201.19,0.0,201.19
16587,Hibernating,0.812027488363742,High,233,1,225.15,0.0,225.15
17060,Hibernating,0.8119699778871756,High,267,1,234.24,0.0,234.24
14689,Hibernating,0.8117755330108954,High,209,1,112.8,0.0,112.8
16517,Hibernating,0.8113293072595454,High,278,1,162.70000000000002,0.0,162.70000000000002
17844,New / Promising,0.8112647405640148,High,107,1,51.56,0.0,51.56
13091,Champions,0.8109504189530424,High,29,2,1108.8,345.82,554.4
13217,Hibernating,0.810790458575437,High,123,4,666.48,0.0,166.62
15052,Hibernating,0.81054010787269,High,320,1,207.73,0.0,207.73
16483,Hibernating,0.8105341049240136,High,193,1,139.35000000000002,0.0,139.35000000000002
13751,Hibernating,0.810487031806727,High,289,1,296.25,0.0,296.25
17501,Hibernating,0.8102901125104731,High,221,2,288.6,0.0,144.3
17535,Hibernating,0.8098068640205086,High,281,1,164.4,0.0,164.4
15098,Champions,0.8097945880404437,High,183,3,39916.5,0.0,13305.5
15820,Hibernating,0.8097080354270085,High,320,1,206.98,0.0,206.98
17859,Hibernating,0.8096505930324546,High,305,1,141.92000000000002,0.0,141.92000000000002
17923,Hibernating,0.8096052030707002,High,283,3,497.0,0.0,165.66666666666666
17234,Hibernating,0.8090363868831385,High,183,1,149.89,0.0,149.89
17939,Hibernating,0.8087528280392084,High,160,1,99.14,0.0,99.14
15204,Hibernating,0.8085857945127112,High,358,1,316.58,0.0,316.58
15256,Hibernating,0.8083971020998966,High,149,2,170.4,0.0,85.2
12614,Hibernating,0.8080437541143227,High,278,1,315.59999999999997,0.0,315.59999999999997
15119,Hibernating,0.8076238054809025,High,246,1,266.40000000000003,0.0,266.40000000000003
14041,Hibernating,0.8074945124588232,High,267,1,141.40999999999997,0.0,141.40999999999997
14697,Hibernating,0.8073857178074844,High,219,2,188.61,0.0,94.305
17887,Hibernating,0.8072511187764772,High,130,1,111.35,0.0,111.35
14453,Hibernating,0.8067000442678836,High,191,1,119.93,0.0,119.93
17394,Hibernating,0.8066321599760753,High,220,1,203.86999999999995,0.0,203.86999999999995
14727,Hibernating,0.8066259880836748,High,275,3,461.03,0.0,153.67666666666665
17670,Hibernating,0.8065379783401648,High,228,1,205.7,0.0,205.7
14603,Hibernating,0.8063059650271449,High,275,1,660.0,0.0,660.0
13144,Hibernating,0.8061607435987826,High,333,2,135.35,0.0,67.675
14259,Hibernating,0.8057962506995769,High,142,1,120.0,0.0,120.0
13218,Hibernating,0.8056882568641179,High,128,1,62.64,0.0,62.64
13227,Hibernating,0.8052834222728964,High,202,1,257.7,0.0,257.7
14476,Hibernating,0.8044463844607553,High,258,1,193.0,0.0,193.0
14012,Hibernating,0.8037451553498605,High,278,1,328.79999999999995,0.0,328.79999999999995
16457,Hibernating,0.8036350287614675,High,219,1,208.36,0.0,208.36
16323,Hibernating,0.8034680663414431,High,197,2,353.66,0.0,176.83
12834,Hibernating,0.8033831375230505,High,283,1,312.38000000000005,0.0,312.38000000000005
13216,Hibernating,0.8033313847571271,High,268,1,333.74,0.0,333.74
15897,Hibernating,0.8025244735812753,High,195,2,208.59,0.0,104.295
17443,Hibernating,0.8024373728596689,High,220,1,534.24,0.0,534.24
15292,Hibernating,0.8020955550236905,High,202,1,178.39,0.0,178.39
14964,Hibernating,0.8020259979078734,High,248,1,206.21,0.0,206.21
15537,Hibernating,0.8019127033051173,High,164,1,110.92,0.0,110.92
15925,Hibernating,0.8018188625327357,High,195,1,207.15,0.0,207.15
12561,Hibernating,0.8016135610642631,High,303,1,238.85,0.0,238.85
13967,Hibernating,0.8015336859449187,High,146,2,166.3,0.0,83.15
14633,Hibernating,0.8009222575755603,High,267,1,344.90000000000003,0.0,344.90000000000003
13716,Hibernating,0.8007961180314678,High,270,1,138.28,0.0,138.28
13060,Hibernating,0.8001805057200935,High,254,1,307.53000000000003,0.0,307.53000000000003
17893,Hibernating,0.8000825506940683,High,226,1,107.21,0.0,107.21
15319,Hibernating,0.8000649366885881,High,284,1,204.50000000000003,0.0,204.50000000000003
13494,Hibernating,0.7998239299161496,High,312,1,316.26000000000005,0.0,316.26000000000005
15578,Hibernating,0.7996709911309715,High,163,1,127.1,0.0,127.1
15234,Hibernating,0.7995215526675643,High,277,1,197.0,0.0,197.0
12350,Hibernating,0.7990295422838776,High,311,1,294.4,0.0,294.4
16454,Hibernating,0.7986785666528939,High,65,2,7.45,5.9,3.725
14501,Hibernating,0.7980483636301368,High,184,2,251.21,0.0,125.605
17948,Hibernating,0.7978871089152718,High,148,1,358.56000000000006,0.0,358.56000000000006
17697,Hibernating,0.7976738617548478,High,237,1,338.95,0.0,338.95
15460,Hibernating,0.7963406724839542,High,355,1,214.25999999999996,0.0,214.25999999999996
13043,Hibernating,0.7951842469679554,High,274,1,516.4200000000001,0.0,516.4200000000001
15909,Hibernating,0.7947907290741494,High,174,1,191.94,0.0,191.94
16828,New / Promising,0.7947592457804062,High,113,1,113.5,0.0,113.5
17551,Hibernating,0.7947001505836686,High,360,1,290.34,0.0,290.34
12690,Hibernating,0.7945648462557618,High,206,1,335.01,0.0,335.01
17120,Hibernating,0.7939148384119431,High,234,1,307.46,0.0,307.46
12852,Hibernating,0.7936880435436037,High,295,1,311.55,0.0,311.55
16990,Hibernating,0.7935055347996405,High,219,2,344.0,0.0,172.0
17569,Hibernating,0.7933837446383114,High,333,1,344.14,0.0,344.14
12564,Hibernating,0.7932715987947856,High,262,1,402.9,0.0,402.9
12968,New / Promising,0.793199060460499,High,113,1,135.95,0.0,135.95
12365,Hibernating,0.7931449147858759,High,292,1,320.69,0.0,320.69
17715,Hibernating,0.7928640577482957,High,201,2,489.6,0.0,244.8
16850,Hibernating,0.7927981770669051,High,334,1,332.41,0.0,332.41
18159,Hibernating,0.7927271542421072,High,302,1,530.15,0.0,530.15
13343,Hibernating,0.7926526569552955,High,178,1,303.43,0.0,303.43
15528,Hibernating,0.7925897966108466,High,255,1,229.33,0.0,229.33
15609,Hibernating,0.79236531129618,High,185,1,298.48,0.0,298.48
18174,Hibernating,0.792221363656236,High,8,2,162.5,104.0,81.25
16425,Hibernating,0.7920421806093598,High,303,1,302.7,0.0,302.7
13672,Hibernating,0.7917905980271032,High,302,3,419.92,0.0,139.97333333333333
15007,Hibernating,0.7916990924768229,High,160,1,156.91000000000005,0.0,156.91000000000005
15236,Hibernating,0.7912154112114412,High,299,1,321.05,0.0,321.05
17701,Hibernating,0.7912132081452197,High,253,1,417.95,0.0,417.95
13826,Hibernating,0.7908437786750917,High,177,1,189.5,0.0,189.5
15408,Hibernating,0.7908197088749107,High,265,1,267.18,0.0,267.18
14411,Hibernating,0.7905815337896761,High,311,1,1063.0,0.0,1063.0
13345,Hibernating,0.7902215818850761,High,288,1,339.50000000000006,0.0,339.50000000000006
14886,Hibernating,0.7900674772464994,High,253,1,364.7999999999999,0.0,364.7999999999999
17303,Hibernating,0.7899872233386745,High,362,1,250.04,0.0,250.04
18185,Hibernating,0.7894332161888744,High,250,1,304.25000000000006,0.0,304.25000000000006
13364,New / Promising,0.7892900607618494,High,72,1,134.96,134.96,134.96
14241,Hibernating,0.788581070091433,High,184,2,333.7,0.0,166.85
15090,Hibernating,0.7883404375450696,High,309,1,381.31999999999994,0.0,381.31999999999994
14046,Hibernating,0.7879616306547159,High,285,1,151.58999999999995,0.0,151.58999999999995
14348,Hibernating,0.7877180853469847,High,261,1,409.57,0.0,409.57
12821,Hibernating,0.7871359977851615,High,215,2,220.8,0.0,110.4
18213,Hibernating,0.7869176616392669,High,237,1,232.48,0.0,232.48
15775,Hibernating,0.7868574670134103,High,246,2,150.5,0.0,75.25
15213,Hibernating,0.7867751790867171,High,319,2,328.35,0.0,164.175
15445,Hibernating,0.7863460494090008,High,265,2,284.5,0.0,142.25
15412,Hibernating,0.7861535836072916,High,172,1,190.53000000000003,0.0,190.53000000000003
14270,Hibernating,0.785928708296698,High,332,1,492.65,0.0,492.65
16766,Hibernating,0.7854627655331664,High,274,2,1145.6,0.0,572.8
18281,Hibernating,0.7847218341401655,High,181,2,201.14,0.0,100.57
14406,New / Promising,0.7844735272878696,High,120,1,156.75,0.0,156.75
12732,Hibernating,0.7842481635560253,High,180,1,218.26,0.0,218.26
13570,Hibernating,0.7841465679041453,High,244,1,239.49,0.0,239.49
12641,New / Promising,0.7839883743147825,High,116,1,145.9,0.0,145.9
17367,Hibernating,0.7839383733906631,High,239,1,167.55,0.0,167.55
17217,Hibernating,0.7838785002198503,High,235,2,210.1,0.0,105.05
13893,Hibernating,0.7838732757240782,High,298,1,821.1,0.0,821.1
15257,Hibernating,0.7838143800895866,High,284,2,685.9,0.0,342.95
12735,Hibernating,0.7837927558579818,High,316,2,689.5699999999999,0.0,344.78499999999997
17991,Hibernating,0.7828938494961312,High,226,3,298.65000000000003,0.0,99.55
15047,Hibernating,0.78286877279676,High,270,1,343.62,0.0,343.62
13990,Hibernating,0.7828687461379618,High,214,1,311.30000000000007,0.0,311.30000000000007
15042,Hibernating,0.7827799217975645,High,200,2,315.45000000000005,0.0,157.72500000000002
17619,Hibernating,0.7822287325830358,High,313,1,214.37,0.0,214.37
15895,Hibernating,0.7822213385548459,High,150,1,179.17,0.0,179.17
14957,Hibernating,0.7821646130457477,High,254,2,261.69,0.0,130.845
15374,Hibernating,0.7821287902824708,High,129,2,307.32,0.0,153.66
16913,Hibernating,0.782115243067571,High,291,3,423.91,0.0,141.30333333333334
13887,Hibernating,0.7819893620392265,High,205,1,349.55,0.0,349.55
14972,Hibernating,0.7818275913701143,High,129,2,145.07,0.0,72.535
17486,Hibernating,0.7817296507046577,High,262,1,396.87,0.0,396.87
16338,Hibernating,0.7816562824578513,High,158,1,214.8,0.0,214.8
15308,Hibernating,0.7815401133523927,High,275,1,310.46999999999997,0.0,310.46999999999997
17877,Hibernating,0.7810443395361679,High,171,1,237.61,0.0,237.61
18176,Hibernating,0.7810408421411857,High,359,1,476.35,0.0,476.35
16297,Hibernating,0.7808041147009798,High,269,1,301.90000000000003,0.0,301.90000000000003
17548,Hibernating,0.7805821277468648,High,234,4,731.26,0.0,182.815
14772,New / Promising,0.7802316322360445,High,113,1,139.26,0.0,139.26
14483,Hibernating,0.779666012911835,High,282,2,257.1,0.0,128.55
16030,Hibernating,0.7794970512179047,High,310,1,331.24,0.0,331.24
17718,Hibernating,0.7791307515541935,High,233,2,439.18000000000006,0.0,219.59000000000003
17955,Hibernating,0.7786752144884004,High,199,6,949.9,0.0,158.31666666666663
18250,Hibernating,0.7784910739254041,High,311,1,349.27000000000004,0.0,349.27000000000004
14436,Hibernating,0.7784752212022997,High,99,2,271.70000000000005,0.0,135.85000000000002
15212,Hibernating,0.7782293022300363,High,242,2,208.27999999999997,0.0,104.14
16721,Hibernating,0.7781262009616143,High,263,1,292.47,0.0,292.47
13121,Hibernating,0.7780980543350996,High,270,1,283.72999999999996,0.0,283.72999999999996
15307,New / Promising,0.7779545365177643,High,96,1,205.3,0.0,205.3
12447,Hibernating,0.7778531502553528,High,244,1,431.49,0.0,431.49
15230,Hibernating,0.7776778417100526,High,240,2,429.6,0.0,214.8
15135,Hibernating,0.7775616413475662,High,240,2,305.68,0.0,152.84
15087,Hibernating,0.7775326126201179,High,282,1,306.94000000000005,0.0,306.94000000000005
16063,Hibernating,0.7772418162353865,High,261,1,335.32,0.0,335.32
15457,Hibernating,0.7771264384990801,High,263,1,237.07,0.0,237.07
17140,Hibernating,0.776879761416039,High,248,1,454.12,0.0,454.12
15541,New / Promising,0.7766167525112385,High,115,1,85.13000000000001,0.0,85.13000000000001
14888,Hibernating,0.7764634904981479,High,208,1,369.2,0.0,369.2
13737,Hibernating,0.7764077671413615,High,201,1,339.59999999999997,0.0,339.59999999999997
14622,Hibernating,0.7763604245830049,High,185,1,320.58000000000004,0.0,320.58000000000004
16897,Hibernating,0.7763545315524958,High,300,2,289.78000000000003,0.0,144.89
17391,Hibernating,0.7763184829584158,High,164,2,508.8,0.0,254.4
18133,Hibernating,0.7760453072702155,High,213,1,931.5,0.0,931.5
16965,Hibernating,0.7757713057188353,High,227,1,192.07,0.0,192.07
13099,New / Promising,0.7754047482768761,High,100,1,207.36,0.0,207.36
16084,Hibernating,0.7751965433262079,High,300,1,436.1799999999999,0.0,436.1799999999999
16484,Hibernating,0.7750505138440416,High,174,2,404.30000000000007,0.0,202.15000000000003
14311,Hibernating,0.7741993866669573,High,243,2,516.45,0.0,258.225
16247,Hibernating,0.7740229493381201,High,171,1,114.56,0.0,114.56
15225,Hibernating,0.7739078220553194,High,235,1,409.4,0.0,409.4
13385,Hibernating,0.7737894198897142,High,330,1,534.57,0.0,534.57
12974,Hibernating,0.7732664977004634,High,198,2,408.9500000000001,0.0,204.475
15663,New / Promising,0.7725312730562203,High,107,1,138.14,0.0,138.14
15438,New / Promising,0.7723765348379805,High,132,1,156.57999999999998,0.0,156.57999999999998
13482,Hibernating,0.7722679039277219,High,233,2,336.09000000000003,0.0,168.04500000000002
17124,Hibernating,0.7721520827803817,High,186,1,294.24,0.0,294.24
13062,Hibernating,0.7718348819542697,High,192,1,346.97999999999996,0.0,346.97999999999996
15019,Hibernating,0.7717893789796292,High,267,1,252.81,0.0,252.81
13358,Hibernating,0.7716304821321847,High,269,1,389.03,0.0,389.03
18084,Hibernating,0.7712798992777848,High,17,3,795.23,90.48,265.07666666666665
12977,Hibernating,0.7711172970970925,High,157,4,513.88,0.0,128.47
16113,Hibernating,0.7709922429903983,High,184,1,161.37999999999997,0.0,161.37999999999997
15552,Hibernating,0.7707956766224049,High,218,2,252.52,0.0,126.26
12707,Hibernating,0.7707277055380645,High,292,1,603.4200000000001,0.0,603.4200000000001
13645,New / Promising,0.7705934196062847,High,121,1,252.1,0.0,252.1
14288,Hibernating,0.7705650897716572,High,214,1,426.6,0.0,426.6
14100,New / Promising,0.7705420490778054,High,138,1,191.95,0.0,191.95
12988,Hibernating,0.7703090219970911,High,293,1,505.8200000000001,0.0,505.8200000000001
17431,Hibernating,0.7699530204969248,High,314,1,403.3,0.0,403.3
15869,Hibernating,0.7696683538059071,High,278,3,321.10999999999996,0.0,107.03666666666663
13568,Hibernating,0.7695664496047115,High,174,1,187.05,0.0,187.05
13508,Hibernating,0.7690389329771753,High,244,2,287.05,0.0,143.525
15263,New / Promising,0.7687212293617918,High,107,1,156.51,0.0,156.51
15517,Hibernating,0.7686729957802192,High,234,1,267.03,0.0,267.03
17278,Hibernating,0.7685512406503414,High,242,2,271.24,0.0,135.62
13244,New / Promising,0.7682277509549158,High,93,1,121.73999999999998,0.0,121.73999999999998
16302,New / Promising,0.7680349154792798,High,127,1,233.22000000000003,0.0,233.22000000000003
16446,Champions,0.767658667849957,High,1,2,168472.5,168469.6,84236.25
16424,Hibernating,0.7674152860042616,High,192,2,443.06,0.0,221.53
12672,Hibernating,0.7673153979622952,High,330,2,407.0499999999999,0.0,203.525
12864,Hibernating,0.7671855495872141,High,139,2,299.56999999999994,0.0,149.78499999999997
15524,Hibernating,0.7670754147306489,High,25,2,591.4,440.0,295.7
17245,Hibernating,0.7662242339216462,High,205,2,371.63,0.0,185.815
15655,Hibernating,0.7658623791673523,High,244,1,560.67,0.0,560.67
14981,Hibernating,0.7656036126784115,High,247,2,372.92,0.0,186.46
18013,Hibernating,0.7654207780375268,High,156,2,187.29,0.0,93.645
13618,Hibernating,0.7654126618764269,High,174,1,177.33999999999995,0.0,177.33999999999995
14036,Hibernating,0.7649690797743479,High,285,1,626.6500000000001,0.0,626.6500000000001
13187,Hibernating,0.7641637413342478,High,338,4,328.36,0.0,82.09
12888,Hibernating,0.7639312201665868,High,215,2,354.12,0.0,177.06
17312,Hibernating,0.7639249498912293,High,139,3,644.3,0.0,214.76666666666665
13033,Hibernating,0.7632644242289841,High,358,2,220.55,0.0,110.275
17789,Hibernating,0.7628138447626909,High,282,2,397.15,0.0,198.575
13708,Hibernating,0.7625921598174624,High,272,1,283.33,0.0,283.33
17781,Hibernating,0.7621193449084376,High,160,2,188.02,0.0,94.01
18165,Hibernating,0.7620317892850329,High,178,1,302.46000000000004,0.0,302.46000000000004
18027,New / Promising,0.7616543955441928,High,99,1,115.31,0.0,115.31
13411,New / Promising,0.76163264066314,High,108,1,213.55,0.0,213.55
17171,Hibernating,0.7613943030898656,High,290,2,384.59,0.0,192.295
15709,Hibernating,0.7606022736089278,High,284,2,327.85,0.0,163.925
16216,Hibernating,0.7603863682634836,High,268,1,914.93,0.0,914.93
16582,New / Promising,0.760047403220242,High,114,1,313.62,0.0,313.62
16967,Hibernating,0.7597564349078346,High,190,1,319.02,0.0,319.02
17339,Hibernating,0.7597348096758798,High,95,3,302.36,0.0,100.78666666666668
14840,Hibernating,0.7596617385077826,High,268,2,362.71,0.0,181.355
15097,Champions,0.7595942175626451,High,5,3,908.35,248.08,302.7833333333333
16217,Hibernating,0.7595811176219173,High,236,2,304.25,0.0,152.125
13328,Hibernating,0.7594049321667581,High,317,1,1308.48,0.0,1308.48
14196,New / Promising,0.7591077721981143,High,107,1,335.52,0.0,335.52
14076,New / Promising,0.7585644780381593,High,130,1,118.67,0.0,118.67
15333,Hibernating,0.7583923738235187,High,209,1,1028.56,0.0,1028.56
17040,Hibernating,0.7579367711729019,High,138,2,463.24999999999994,0.0,231.62499999999997
15670,Hibernating,0.7575299072602355,High,297,2,325.2,0.0,162.6
15454,Hibernating,0.7574210434404152,High,363,2,303.89,0.0,151.945
17446,Hibernating,0.756918750101681,High,177,2,120.9,0.0,60.45
16315,Hibernating,0.7565314713556311,High,331,2,402.71,0.0,201.355
17267,New / Promising,0.75650708111399,High,128,2,317.20000000000005,0.0,158.60000000000002
12831,Hibernating,0.7564514845359697,High,263,3,451.11,0.0,150.37
16078,Hibernating,0.7564387431432945,High,284,2,362.99,0.0,181.495
13811,Hibernating,0.7560951767231836,High,184,2,519.75,0.0,259.875
13273,New / Promising,0.7559163880238519,High,114,1,138.98,0.0,138.98
18212,Hibernating,0.7555715935864578,High,327,2,514.37,0.0,257.185
17899,Hibernating,0.7553492142671027,High,160,1,154.54999999999998,0.0,154.54999999999998
18099,New / Promising,0.7552080980743812,High,128,1,168.31,0.0,168.31
15396,Hibernating,0.7550651362452919,High,113,2,796.3800000000001,0.0,398.19000000000005
14557,New / Promising,0.7544754395582729,High,86,1,788.38,788.38,788.38
12750,New / Promising,0.7543413203441572,High,129,1,275.88,0.0,275.88
13341,Hibernating,0.7541361061837853,High,261,1,775.8500000000001,0.0,775.8500000000001
15776,New / Promising,0.7540779326631347,High,134,1,241.62,0.0,241.62
14171,Hibernating,0.7539774887647753,High,99,2,498.79,0.0,249.395
13934,Hibernating,0.7537656311967572,High,264,1,922.0999999999998,0.0,922.0999999999998
17542,Hibernating,0.7534445945153119,High,270,3,340.85,0.0,113.61666666666667
15118,New / Promising,0.7510865985079107,High,135,1,244.8,0.0,244.8
16142,Hibernating,0.7506214494886224,High,250,1,535.34,0.0,535.34
13161,Hibernating,0.7504755772041407,High,314,2,472.13,0.0,236.065
15415,Hibernating,0.7503826140219441,High,314,1,559.6099999999999,0.0,559.6099999999999
13194,Hibernating,0.7501738103722283,High,136,2,472.78,0.0,236.39
16022,Hibernating,0.7497301875589693,High,261,1,602.63,0.0,602.63
14314,Hibernating,0.7496498221617135,High,107,2,229.8,0.0,114.9
17556,Hibernating,0.7494781477646396,High,206,2,300.67,0.0,150.335
12764,Hibernating,0.7494078098096981,High,317,1,1693.88,0.0,1693.88
15437,Hibernating,0.7490871013847769,High,263,2,393.4500000000001,0.0,196.725
12769,Hibernating,0.7487258591880299,High,239,1,1143.6,0.0,1143.6
15130,Hibernating,0.7477215827394789,High,170,1,330.11,0.0,330.11
18200,New / Promising,0.7476095967349128,High,107,1,150.35,0.0,150.35
17660,Hibernating,0.7468018867822942,High,142,2,342.22,0.0,171.11
13002,Hibernating,0.7466316477718344,High,319,3,414.13,0.0,138.04333333333332
15503,Hibernating,0.7464981196282096,High,363,2,257.3,0.0,128.65
17958,Hibernating,0.7464358364115297,High,117,2,973.88,0.0,486.94
15746,New / Promising,0.74643475369322,High,135,1,196.88,0.0,196.88
16641,Hibernating,0.7463760735220638,High,106,2,554.5,0.0,277.25
18274,New / Promising,0.7458991847630948,High,31,1,175.92,175.92,175.92
16757,Hibernating,0.745719082151159,High,319,2,270.48,0.0,135.24
16116,Hibernating,0.7457118617407614,High,212,1,612.78,0.0,612.78
15603,Hibernating,0.7456381743497181,High,79,2,88.48,48.48,44.24
13739,Hibernating,0.7456090045863939,High,19,2,292.2,216.9,146.1
14353,Hibernating,0.7454918720957358,High,216,3,376.49999999999994,0.0,125.5
16498,Hibernating,0.745043447841851,High,162,2,100.97,0.0,50.485
18048,Hibernating,0.7449512481891295,High,204,3,394.93,0.0,131.64333333333337
14647,Hibernating,0.7445441083449533,High,202,2,506.04,0.0,253.02
14242,Hibernating,0.7445063009370575,High,235,2,280.54999999999995,0.0,140.27499999999998
17970,Hibernating,0.7445039987302969,High,212,1,562.7900000000001,0.0,562.7900000000001
15219,Hibernating,0.7438997778284765,High,177,2,685.45,0.0,342.725
15147,Hibernating,0.7438296923032531,High,241,1,623.5,0.0,623.5
15405,Hibernating,0.7428629705277042,High,190,2,659.8399999999999,0.0,329.91999999999996
15386,Hibernating,0.7419553806224909,High,187,1,394.14,0.0,394.14
14762,Hibernating,0.7417939229758618,High,264,2,417.5700000000001,0.0,208.78500000000005
15942,New / Promising,0.7416013901642664,High,134,1,337.44,0.0,337.44
14148,Hibernating,0.7413805565964589,High,234,2,466.29,0.0,233.145
16270,Hibernating,0.7407491706422924,High,354,1,1141.24,0.0,1141.24
15881,Hibernating,0.7405876466309742,High,313,5,501.39,0.0,100.278
12851,Hibernating,0.740421731896114,High,97,2,280.76,0.0,140.38
15045,Hibernating,0.7402618793629714,High,152,2,735.66,0.0,367.83
17094,Hibernating,0.7400345689206823,High,323,2,402.2,0.0,201.1
13307,Hibernating,0.7396274143383057,High,121,3,273.34,0.0,91.11333333333332
12833,New / Promising,0.7395211179661667,High,146,1,417.38,0.0,417.38
13859,Hibernating,0.7395078126361274,High,327,2,515.8600000000001,0.0,257.93000000000006
15825,Hibernating,0.7394213941531345,High,173,1,532.94,0.0,532.94
17693,New / Promising,0.7389161621403314,High,138,1,200.47,0.0,200.47
14523,New / Promising,0.738883940326242,High,109,1,241.09000000000003,0.0,241.09000000000003
18191,Hibernating,0.7388343509253237,High,262,2,529.4,0.0,264.7
16494,Hibernating,0.7387187760845447,High,297,1,826.53,0.0,826.53
16112,Hibernating,0.7387001175462942,High,144,4,195.74,0.0,48.935
15139,Hibernating,0.7386878752777066,High,240,2,178.95999999999998,0.0,89.47999999999999
16448,Hibernating,0.7386580455675461,High,199,2,361.12,0.0,180.56
16152,Hibernating,0.7380809555944219,High,269,1,1829.04,0.0,1829.04
14271,Hibernating,0.7378595056901659,High,226,2,214.18,0.0,107.09
17187,Hibernating,0.7376620766078905,High,227,2,467.71,0.0,233.855
17026,Hibernating,0.7372808167474323,High,186,3,175.82999999999998,0.0,58.60999999999999
14491,Hibernating,0.7371789645101082,High,176,2,340.93,0.0,170.465
12353,Hibernating,0.737055885478684,High,205,2,406.76,0.0,203.38
13581,Hibernating,0.7370279237499471,High,310,2,280.53,0.0,140.265
17946,Hibernating,0.7366550891160375,High,234,2,149.57999999999998,0.0,74.78999999999999
15832,Hibernating,0.736624317369655,High,255,1,836.79,0.0,836.79
13699,Hibernating,0.7363786264124198,High,156,2,764.1499999999999,0.0,382.07499999999993
14873,Hibernating,0.7363139314511534,High,211,2,854.1299999999999,0.0,427.06499999999994
15891,Hibernating,0.7362082080979707,High,227,1,509.13,0.0,509.13
12818,Hibernating,0.7360013265151181,High,262,1,1182.0800000000004,0.0,1182.0800000000004
13706,Hibernating,0.7359337546134054,High,303,2,631.1700000000001,0.0,315.58500000000004
16427,Hibernating,0.7359089977718426,High,264,2,241.06,0.0,120.53
17514,Hibernating,0.7352681621464865,High,129,2,522.0,0.0,261.0
13718,Hibernating,0.7343550339662832,High,247,2,306.55,0.0,153.275
17960,Hibernating,0.7339918613603812,High,172,3,135.08,0.0,45.02666666666667
14109,New / Promising,0.7339589859912533,High,73,1,144.2,144.2,144.2
14079,New / Promising,0.7333743518306756,High,125,1,375.1,0.0,375.1
12715,New / Promising,0.7333537057834753,High,107,1,263.36,0.0,263.36
13106,Hibernating,0.7330833564762913,High,134,2,603.46,0.0,301.73
16526,Hibernating,0.7329096274512097,High,172,2,717.21,0.0,358.605
13339,Hibernating,0.732817069887018,High,201,1,860.1199999999999,0.0,860.1199999999999
15507,Hibernating,0.7326556246255113,High,172,1,475.86,0.0,475.86
16050,Hibernating,0.7325455927806463,High,174,3,300.7,0.0,100.23333333333332
14520,New / Promising,0.7323326301291572,High,2,2,270.6,105.6,135.3
15683,Hibernating,0.7321663824742032,High,118,2,524.54,0.0,262.27
17901,Hibernating,0.7321655399502704,High,30,3,260.08,110.38,86.69333333333333
16716,Hibernating,0.732165319765193,High,267,3,2149.6800000000003,0.0,716.5600000000001
16552,Hibernating,0.7321141929037693,High,243,2,379.7300000000001,0.0,189.86500000000004
13686,Hibernating,0.7320557626598403,High,183,3,409.04,0.0,136.34666666666666
14208,Hibernating,0.7318284974996914,High,95,2,567.0500000000001,0.0,283.52500000000003
15464,Hibernating,0.7313782561866984,High,339,1,1044.65,0.0,1044.65
15970,Hibernating,0.7312888024916606,High,304,2,1017.32,0.0,508.66
13837,Hibernating,0.7308047219470432,High,212,2,266.59000000000003,0.0,133.29500000000002
14779,Hibernating,0.7307362532724408,High,281,3,386.15,0.0,128.71666666666667
16545,Hibernating,0.7307156472054683,High,165,2,689.8199999999999,0.0,344.90999999999997
15543,Hibernating,0.730278792054186,High,289,2,242.26,0.0,121.13
15158,Hibernating,0.7302578989548086,High,46,2,606.02,401.4,303.01
17678,Hibernating,0.7301381319784125,High,264,2,599.76,0.0,299.88
16305,New / Promising,0.729919278407294,High,139,1,361.22,0.0,361.22
16148,Hibernating,0.7295815749245669,High,297,2,386.62,0.0,193.31
18056,Hibernating,0.7295791358344811,High,289,2,554.6,0.0,277.3
13572,Hibernating,0.7295248774054541,High,206,1,1384.25,0.0,1384.25
17647,Hibernating,0.7294961615816599,High,66,3,331.65999999999997,133.06,110.55333333333331
12734,Hibernating,0.7294741801550991,High,353,3,603.65,0.0,201.21666666666667
17053,New / Promising,0.7288412865771876,High,131,1,498.48,0.0,498.48
13226,Hibernating,0.7285724920176213,High,274,2,312.46000000000004,0.0,156.23000000000002
16997,Hibernating,0.728464022775191,High,289,3,702.0,0.0,234.0
17891,Hibernating,0.7283451725903772,High,163,1,203.86,0.0,203.86
14722,Hibernating,0.7277800420756327,High,148,3,489.52,0.0,163.17333333333332
14670,Hibernating,0.727674631559152,High,281,3,583.33,0.0,194.44333333333336
13235,Hibernating,0.7271368267420479,High,213,1,1031.0700000000002,0.0,1031.0700000000002
13621,New / Promising,0.7270952185511974,High,117,1,213.84999999999997,0.0,213.84999999999997
13133,Hibernating,0.7267984647416144,High,274,3,200.45,0.0,66.81666666666666
16135,Hibernating,0.7267122113644154,High,263,2,819.45,0.0,409.725
18146,Hibernating,0.7262933692883714,High,141,2,160.35000000000002,0.0,80.17500000000001
15866,New / Promising,0.7261189392519126,High,102,1,211.89,0.0,211.89
14962,Hibernating,0.7258790529931767,High,271,4,366.9100000000001,0.0,91.72750000000002
15894,Hibernating,0.7252866542081811,High,254,2,257.6,0.0,128.8
12354,Hibernating,0.7251464197616119,High,233,1,1079.4,0.0,1079.4
15585,Hibernating,0.7246958174017014,High,177,1,455.2999999999999,0.0,455.2999999999999
17995,Hibernating,0.7242177039669889,High,282,3,495.48,0.0,165.16
12436,New / Promising,0.7238095161094307,High,100,1,429.01,0.0,429.01
13642,Hibernating,0.7237832581247462,High,216,4,472.2000000000001,0.0,118.05
14497,Hibernating,0.7236794850705359,High,310,2,697.06,0.0,348.53
13600,Hibernating,0.7234414804375979,High,313,2,518.4200000000001,0.0,259.21000000000004
14024,Hibernating,0.7232121303535459,High,122,3,645.74,0.0,215.24666666666667
16763,Hibernating,0.7232039447857417,High,199,2,964.7,0.0,482.35
12837,Hibernating,0.7229622739730999,High,174,2,662.66,0.0,331.33
12945,Hibernating,0.7228345022841354,High,289,2,900.1099999999999,0.0,450.0549999999999
18121,Hibernating,0.7225023926706378,High,150,2,653.3000000000001,0.0,326.65000000000003
12763,Hibernating,0.7224207969235192,High,139,2,494.08,0.0,247.04
14598,Hibernating,0.7221451965668703,High,45,2,384.04,221.96999999999997,192.02
15143,Hibernating,0.7219177984102135,High,226,2,563.63,0.0,281.815
13068,New / Promising,0.7217832810015059,High,11,2,344.0,179.0,172.0
15448,Hibernating,0.7211890221075139,High,313,2,788.81,0.0,394.405
12922,Hibernating,0.7211439107527133,High,162,1,405.38,0.0,405.38
12845,Hibernating,0.720914105745611,High,268,4,354.09,0.0,88.5225
15852,Hibernating,0.7208468630867848,High,187,3,257.26,0.0,85.75333333333333
16829,Hibernating,0.7206871860473896,High,157,2,513.32,0.0,256.66
12355,Hibernating,0.7206817355264685,High,215,2,947.61,0.0,473.8049999999999
12792,Hibernating,0.7206161264420476,High,257,2,715.01,0.0,357.505
16808,Hibernating,0.7205819940123238,High,100,2,288.41999999999996,0.0,144.20999999999998
12386,Hibernating,0.7204695422494359,High,338,2,401.9,0.0,200.95
14238,Hibernating,0.7204463824188954,High,327,3,434.23,0.0,144.74333333333334
13420,Hibernating,0.7201653273712723,High,150,2,159.85,0.0,79.925
13667,Hibernating,0.7199053272194991,High,150,1,299.05,0.0,299.05
16834,Hibernating,0.7197886020538378,High,228,2,898.96,0.0,449.48
16714,Champions,0.7196201338955279,High,318,3,1482.3300000000002,0.0,494.11000000000007
15120,New / Promising,0.7190578171586506,High,134,1,358.82,0.0,358.82
15577,Hibernating,0.7189625902326805,High,152,5,396.03,0.0,79.20599999999999
16272,New / Promising,0.7189119394129624,High,117,1,411.7,0.0,411.7
16761,New / Promising,0.7188000466478678,High,97,1,316.62,0.0,316.62
13678,Hibernating,0.7186980415330101,High,152,1,232.6,0.0,232.6
17309,Hibernating,0.7185201657921236,High,96,3,320.39,0.0,106.79666666666668
17536,Hibernating,0.7183646087902161,High,178,3,364.83,0.0,121.61
13730,Hibernating,0.7182519377743144,High,136,2,752.5999999999999,0.0,376.2999999999999
13398,Hibernating,0.7180436521101642,High,193,2,670.3399999999999,0.0,335.16999999999996
18018,Hibernating,0.7180240515834481,High,109,4,297.99,0.0,74.4975
16378,Hibernating,0.7179878337487535,High,248,3,362.95,0.0,120.98333333333332
17524,Hibernating,0.7178637172971513,High,362,3,539.1399999999999,0.0,179.71333333333328
12410,Hibernating,0.7176792179106035,High,309,3,773.7099999999999,0.0,257.9033333333333
16957,Hibernating,0.717027385105849,High,240,2,416.64,0.0,208.32
12729,New / Promising,0.7169877366120597,High,114,1,417.01,0.0,417.01
16178,Hibernating,0.7168711164404006,High,139,2,612.6,0.0,306.3
17440,Hibernating,0.7166141841762078,High,157,4,323.58,0.0,80.895
12593,Hibernating,0.7164445802297282,High,109,3,382.1,0.0,127.36666666666667
13493,Hibernating,0.7162742566830035,High,276,2,498.63,0.0,249.315
14162,Hibernating,0.7162706330452353,High,174,2,289.36,0.0,144.68
16377,Hibernating,0.7161915489065577,High,268,2,1308.48,0.0,654.24
15749,Champions,0.7158352740980977,High,236,3,44534.3,0.0,14844.766666666668
14570,Hibernating,0.7151346467102306,High,281,3,512.4,0.0,170.79999999999998
14377,Hibernating,0.7149335125743714,High,192,2,617.0500000000001,0.0,308.52500000000003
12790,Hibernating,0.7148921820910454,High,193,2,546.8500000000001,0.0,273.42500000000007
18050,Hibernating,0.7146542318236515,High,360,2,412.06000000000006,0.0,206.03000000000003
13261,Hibernating,0.7145517879869338,High,269,2,944.1,0.0,472.05
16402,Hibernating,0.714145740200709,High,265,2,293.45,0.0,146.725
15424,Hibernating,0.7133249974053438,High,255,3,597.78,0.0,199.26
12461,New / Promising,0.7129723539408128,High,155,1,626.8800000000001,0.0,626.8800000000001
15589,Hibernating,0.7128918551687483,High,256,3,478.5300000000001,0.0,159.51000000000002
16462,Hibernating,0.7117392762497722,High,74,3,136.0,68.0,45.333333333333336
17986,New / Promising,0.7115830759730355,High,57,1,20.8,20.8,20.8
18280,Hibernating,0.7114365469869594,High,278,2,488.1500000000001,0.0,244.07500000000005
15433,Hibernating,0.7106997000189049,High,214,2,533.3,0.0,266.65
15342,New / Promising,0.7105167523267186,High,130,1,406.09,0.0,406.09
16737,Hibernating,0.7098444484528497,High,54,2,835.1999999999999,417.6,417.6
13712,Hibernating,0.7087246600527581,High,247,2,766.4200000000001,0.0,383.21
12580,Hibernating,0.7084095935698225,High,247,2,962.9,0.0,481.45
12743,New / Promising,0.7074327400553713,High,135,2,540.13,0.0,270.065
12521,New / Promising,0.7073662059929922,High,143,1,545.6800000000001,0.0,545.6800000000001
13533,Hibernating,0.707285421573661,High,183,3,269.09,0.0,89.69666666666666
17770,Hibernating,0.7071483535691931,High,199,5,1143.27,0.0,228.654
17843,Hibernating,0.7068252991254622,High,304,2,312.65,0.0,156.325
16006,Hibernating,0.7068082735990867,High,212,2,332.82,0.0,166.41
13441,Hibernating,0.7064582261842274,High,92,2,720.9,0.0,360.45
15041,Hibernating,0.7063262223643506,High,171,2,288.98,0.0,144.49
18042,Hibernating,0.7061977531228768,High,54,2,281.15,165.04999999999998,140.575
12665,Hibernating,0.7055053355276182,High,325,3,259.6,0.0,86.53333333333335
15689,Hibernating,0.7049562034254632,High,120,3,521.03,0.0,173.67666666666665
13210,New / Promising,0.7047440768687669,High,94,1,353.47999999999996,0.0,353.47999999999996
17079,New / Promising,0.7046565280019342,High,79,1,118.8,118.8,118.8
17248,Hibernating,0.7046561544515282,High,121,2,500.54,0.0,250.27
14768,New / Promising,0.7038038410737902,High,18,2,192.6,59.400000000000006,96.3
16193,Hibernating,0.7029894497011789,High,237,2,630.43,0.0,315.215
14002,Hibernating,0.7028727891941818,High,135,2,529.73,0.0,264.865
13116,New / Promising,0.7024979483869815,High,139,1,501.13999999999993,0.0,501.13999999999993
12426,Hibernating,0.7018505466200041,High,195,2,1201.21,0.0,600.605
14039,Hibernating,0.7017630942435085,High,34,2,267.28,152.2,133.64
18222,New / Promising,0.7017083763150722,High,93,1,443.0,0.0,443.0
16998,Hibernating,0.7011974485834963,High,150,5,402.0,0.0,80.4
14823,Hibernating,0.700467860378031,High,181,3,321.42999999999995,0.0,107.14333333333332
15346,Hibernating,0.6998802897994161,High,333,3,596.12,0.0,198.70666666666668
15174,Hibernating,0.6995675054386651,High,323,2,481.46,0.0,240.73
12403,Hibernating,0.6993286396750995,High,50,2,947.36,391.7,473.68000000000006
14620,Hibernating,0.6993101396276848,High,206,2,412.78,0.0,206.39
13388,Champions,0.6991984482445178,High,132,3,1185.65,0.0,395.21666666666664
17194,Hibernating,0.698951063976451,High,361,2,776.66,0.0,388.33
14920,Champions,0.6989441712808925,High,213,3,1607.1699999999998,0.0,535.7233333333332
15432,Hibernating,0.6986427676220609,High,24,2,320.76,171.19000000000003,160.38
16810,Hibernating,0.6985642741213665,High,193,2,842.04,0.0,421.02
14448,New / Promising,0.6983445517097635,High,10,2,375.35,273.0,187.675
13833,Hibernating,0.698277444118162,High,160,2,700.41,0.0,350.205
15700,Hibernating,0.6982368880535116,High,173,2,696.68,0.0,348.34
16222,Champions,0.698164050752698,High,319,2,1272.05,0.0,636.025
13355,New / Promising,0.6974139494903593,High,123,1,674.7,0.0,674.7
14985,Hibernating,0.6968428231033357,High,199,2,292.01,0.0,146.005
14022,Hibernating,0.6967054123010747,High,226,2,792.1500000000001,0.0,396.0750000000001
17359,Hibernating,0.6964570154156684,High,12,2,284.46,127.86,142.23
12547,Hibernating,0.6963195933888284,High,198,3,299.58000000000004,0.0,99.86
16820,New / Promising,0.6957766489307002,High,96,1,497.61000000000007,0.0,497.61000000000007
14082,Hibernating,0.6953452402713418,High,365,2,413.36,0.0,206.68
17070,Hibernating,0.6947100713214841,High,115,2,437.42,0.0,218.71
13470,New / Promising,0.6946443764571328,High,100,2,165.0,0.0,82.5
14222,Hibernating,0.694193578370871,High,178,1,683.1700000000001,0.0,683.1700000000001
17383,New / Promising,0.6937568750117282,High,5,2,304.09000000000003,193.39,152.04500000000002
12999,Hibernating,0.6932048494688762,High,197,3,455.88000000000005,0.0,151.96
13003,Hibernating,0.6930921063693488,High,106,3,149.05,0.0,49.68333333333334
17601,Hibernating,0.6929202213491517,High,240,2,412.66,0.0,206.33
12559,Hibernating,0.6925448371785867,High,311,2,525.7099999999999,0.0,262.85499999999996
14965,New / Promising,0.6923236793064446,High,97,2,596.09,0.0,298.045
15648,Hibernating,0.6921741560179617,High,205,2,639.5,0.0,319.75
13075,New / Promising,0.6919841599378977,High,130,1,919.61,0.0,919.61
16091,Hibernating,0.6918484076065897,High,155,2,315.06000000000006,0.0,157.53000000000003
16765,Hibernating,0.6915880574995428,High,295,2,454.75,0.0,227.375
17110,Hibernating,0.6907133701140592,High,166,3,499.9,0.0,166.63333333333333
17427,New / Promising,0.6901637866357979,High,72,1,100.8,100.8,100.8
16952,Hibernating,0.689845011293985,High,110,5,795.83,0.0,159.166
15472,New / Promising,0.6896348443090009,High,114,1,371.55999999999995,0.0,371.55999999999995
12514,Champions,0.6896199433354638,High,268,2,1597.76,0.0,798.88
16988,New / Promising,0.689537391180412,High,6,2,382.67,126.12,191.335
18019,New / Promising,0.6891620469999864,High,52,1,38.45,38.45,38.45
13651,Hibernating,0.6890427141776052,High,40,2,211.84999999999997,79.2,105.92499999999998
17334,Hibernating,0.6881225214763752,High,303,3,635.15,0.0,211.71666666666667
13221,Hibernating,0.6879293312396799,High,241,2,844.8599999999999,0.0,422.4299999999999
16431,Hibernating,0.6873691192570315,High,214,3,623.28,0.0,207.76
13675,Hibernating,0.6867602837307287,High,152,2,486.82,0.0,243.41
17630,Hibernating,0.6867206748347155,High,170,2,503.6,0.0,251.8
12789,Hibernating,0.6866008339303284,High,66,3,225.35,76.85000000000001,75.11666666666667
15361,Hibernating,0.6858124407060531,High,362,4,689.0699999999999,0.0,172.26749999999998
15691,Hibernating,0.6850402309240126,High,253,4,571.3,0.0,142.825
12956,Hibernating,0.6850120758929676,High,307,4,521.89,0.0,130.4725
14954,Champions,0.6845436474291674,High,13,2,462.12,294.85,231.06
17709,Hibernating,0.684264858268173,High,170,5,671.01,0.0,134.202
15223,Hibernating,0.6841020290809618,High,226,5,1417.9500000000005,0.0,283.59000000000003
12453,New / Promising,0.684001577216085,High,135,1,707.0899999999999,0.0,707.0899999999999
15917,Hibernating,0.6836777761323479,High,248,5,530.1700000000001,0.0,106.03400000000002
14935,Champions,0.6836683952312905,High,298,2,2849.83,0.0,1424.915
13791,New / Promising,0.6830623783695049,High,128,2,1516.0,0.0,758.0
15115,Hibernating,0.6826768927566427,High,19,2,531.85,340.11,265.925
15314,Hibernating,0.6822343739142271,High,200,3,820.45,0.0,273.48333333333335
16739,Hibernating,0.6818240557259609,High,177,2,786.43,0.0,393.215
16698,Hibernating,0.6814876995734087,High,227,2,1998.0,0.0,999.0
17134,Hibernating,0.6810266218178762,High,107,3,625.3,0.0,208.4333333333333
15918,Hibernating,0.6807405691788676,High,191,3,582.88,0.0,194.29333333333332
13898,Hibernating,0.6806209355825862,High,326,2,686.3999999999999,0.0,343.19999999999993
14778,Hibernating,0.6806153388069003,High,128,2,730.8600000000001,0.0,365.43000000000006
12513,New / Promising,0.6801205918964229,High,113,1,558.29,0.0,558.29
16171,New / Promising,0.6800630803770763,High,60,1,73.2,73.2,73.2
12829,Hibernating,0.6795194016594516,High,337,3,385.3,0.0,128.43333333333334
17152,Hibernating,0.6792707248884848,High,195,4,2016.5,0.0,504.125
16953,New / Promising,0.678914283347867,High,31,1,20.8,20.8,20.8
14287,New / Promising,0.6772294365372675,High,9,3,176.63,93.35,58.876666666666665
16917,Hibernating,0.6770460250368646,High,277,2,1851.88,0.0,925.94
14339,Hibernating,0.676731257712126,High,243,2,620.27,0.0,310.135
12884,New / Promising,0.6765605354513072,High,89,1,309.05000000000007,309.05000000000007,309.05000000000007
12501,Champions,0.6764387902774845,High,337,1,2025.39,0.0,2025.39
15488,Hibernating,0.6764385712895017,High,93,5,431.9200000000001,0.0,86.38400000000001
12607,New / Promising,0.6762861166459231,High,61,1,1579.51,1579.51,1579.51
15836,New / Promising,0.6759831632373536,High,51,1,137.37,137.37,137.37
14423,Hibernating,0.6757391726814949,High,219,3,916.61,0.0,305.53666666666663
12816,Hibernating,0.6756928289596673,High,96,2,452.2000000000001,0.0,226.1
14924,Hibernating,0.6755678007801618,High,246,3,931.01,0.0,310.33666666666664
16801,Champions,0.6754929729951058,High,164,4,1594.2299999999998,0.0,398.55749999999995
16769,Hibernating,0.6754388886051104,High,261,4,1117.05,0.0,279.2625
18202,Hibernating,0.6753927318798806,High,200,3,1396.99,0.0,465.66333333333336
14619,Hibernating,0.6751954629754522,High,246,2,1291.24,0.0,645.62
15069,Hibernating,0.675175240526021,High,180,1,1109.53,0.0,1109.53
13885,Hibernating,0.6750233302748571,High,190,2,506.7999999999999,0.0,253.4
12363,Hibernating,0.6742573031443096,High,110,2,552.0,0.0,276.0
16536,New / Promising,0.6740754738909482,High,111,1,548.12,0.0,548.12
13626,Hibernating,0.6740412377713005,High,253,2,707.04,0.0,353.52
15368,Hibernating,0.673846238656928,High,22,2,722.74,446.94000000000005,361.37
14600,Hibernating,0.6736555142902055,High,306,2,865.1700000000001,0.0,432.585
15643,Hibernating,0.6733586280019925,High,192,3,664.0,0.0,221.33333333333337
13403,Hibernating,0.6717209213814189,High,18,3,229.5,75.0,76.5
13404,New / Promising,0.6714710135038572,High,2,2,252.49,34.68,126.245
12817,Hibernating,0.6714602273568165,High,282,3,570.98,0.0,190.32666666666668
15262,Hibernating,0.6708767357487259,High,324,3,418.82,0.0,139.60666666666663
17831,New / Promising,0.6705541374102107,High,34,1,35.400000000000006,35.400000000000006,35.400000000000006
18246,Hibernating,0.6704377510744277,High,24,3,758.8199999999999,363.2,252.93999999999997
12967,Champions,0.6703933077069504,High,359,3,2938.5199999999995,0.0,979.5066666666664
14333,New / Promising,0.6703896775587751,High,68,1,415.2000000000001,415.2000000000001,415.2000000000001
13731,Hibernating,0.6701313086631612,High,220,2,610.59,0.0,305.295
12493,Hibernating,0.6698824143796157,High,166,2,379.74,0.0,189.87
16696,Hibernating,0.6697454148582394,High,136,4,657.9000000000001,0.0,164.47500000000002
12953,Champions,0.6697427458868442,High,10,2,828.81,329.84999999999997,414.405
16586,Hibernating,0.6694616543996683,High,249,3,1462.78,0.0,487.5933333333333
15773,Champions,0.6691360304980808,High,6,2,774.52,635.68,387.26
15258,Hibernating,0.6685713882133628,High,169,2,623.1600000000001,0.0,311.58000000000004
16449,Hibernating,0.6685113422135281,High,198,2,707.69,0.0,353.845
13583,Champions,0.6685021125381742,High,156,2,1445.03,0.0,722.515
14799,Hibernating,0.6684073628146048,High,52,2,338.15,157.7,169.075
16666,Hibernating,0.6681128686402815,High,20,2,217.71,118.98,108.855
13484,Hibernating,0.6680359935512569,High,242,3,790.7199999999999,0.0,263.5733333333333
13754,Hibernating,0.6679537672616911,High,152,3,447.0499999999999,0.0,149.01666666666665
15724,Hibernating,0.6679022997791564,High,202,3,310.85,0.0,103.61666666666667
13262,Hibernating,0.6677919416302469,High,264,3,573.4499999999999,0.0,191.15
17795,Hibernating,0.6674286766306674,High,180,2,342.8299999999999,0.0,171.41499999999996
18273,Hibernating,0.667230750899343,High,3,4,357.0,51.0,89.25
16959,New / Promising,0.6670528082372416,High,88,1,117.35,117.35,117.35
17347,New / Promising,0.6670365594441944,High,87,1,228.96,228.96,228.96
13248,Hibernating,0.6668822892256271,High,125,2,465.68,0.0,232.84
16213,New / Promising,0.6666265239042211,High,79,1,159.0,159.0,159.0
14048,Hibernating,0.666549646164335,High,306,3,748.69,0.0,249.56333333333336
16567,Hibernating,0.6653434295211488,High,195,2,865.6,0.0,432.8
17767,Hibernating,0.6652559712644658,High,16,2,413.0499999999999,271.2,206.525
15109,Hibernating,0.6649178846958979,High,246,3,983.1,0.0,327.7
15695,Hibernating,0.6644839557366872,High,267,4,1131.04,0.0,282.76
17176,Hibernating,0.6642728092732526,High,202,3,902.32,0.0,300.7733333333333
16614,Hibernating,0.663815634341667,High,183,3,1179.7900000000002,0.0,393.2633333333334
17252,Hibernating,0.6638126440049794,High,117,2,348.90999999999997,0.0,174.45499999999998
13513,Hibernating,0.6636991319146615,High,127,3,824.5899999999999,0.0,274.8633333333333
14908,Hibernating,0.6634326215817807,High,75,2,381.9,277.8,190.95
17499,Hibernating,0.6634171057275818,High,290,2,1341.39,0.0,670.6949999999999
13584,Hibernating,0.6631679039062578,High,307,3,385.7,0.0,128.56666666666666
15562,Hibernating,0.6631319577736828,High,352,3,671.4300000000001,0.0,223.81000000000003
14009,Hibernating,0.6627754487785907,High,199,3,1099.91,0.0,366.6366666666667
13008,Hibernating,0.6626667852520438,High,324,3,612.1299999999999,0.0,204.0433333333333
16643,Hibernating,0.6626270479594308,High,246,2,923.11,0.0,461.5549999999999
13080,Hibernating,0.6625498277480665,High,180,4,280.73,0.0,70.1825
12995,New / Promising,0.6623126090261571,High,86,1,211.32,211.32,211.32
12535,Hibernating,0.6622849846949387,High,92,2,716.3499999999999,0.0,358.17499999999995
14220,Hibernating,0.6620555426199585,High,248,4,1515.0,0.0,378.75
16230,Hibernating,0.6619286429867788,High,190,2,542.03,0.0,271.015
17616,Hibernating,0.6611985938503541,High,174,4,734.4,0.0,183.6
16127,Champions,0.6609030197722154,High,40,2,801.31,656.25,400.655
16447,Hibernating,0.6608300122680448,High,136,3,727.1,0.0,242.36666666666667
18108,Hibernating,0.6607850825048913,High,255,3,848.81,0.0,282.93666666666667
13122,Hibernating,0.6604296517023472,High,95,2,922.39,0.0,461.1950000000001
12558,New / Promising,0.6601213458533975,High,8,1,269.96,269.96,269.96
15593,New / Promising,0.6599402209960912,High,71,1,199.8,199.8,199.8
17890,Hibernating,0.6598872482047385,High,323,2,586.8899999999999,0.0,293.44499999999994
13947,New / Promising,0.6598494898577181,High,66,1,90.6,90.6,90.6
17277,Hibernating,0.6597509217953745,High,228,2,1065.35,0.0,532.675
17325,Hibernating,0.6594557157275335,High,281,3,609.57,0.0,203.19000000000003
13428,Champions,0.659194679332572,High,11,3,478.54,201.78000000000003,159.51333333333332
17464,Hibernating,0.6587783232325937,High,159,3,907.14,0.0,302.37999999999994
16978,Hibernating,0.6587079838922089,High,78,3,768.8800000000001,344.33000000000004,256.29333333333335
13135,Champions,0.6585256209258878,High,197,2,3371.45,0.0,1685.725
16542,Hibernating,0.6583653646837917,High,54,2,257.32,119.62,128.66
17507,Hibernating,0.6582915296535934,High,262,2,605.58,0.0,302.79
17022,Hibernating,0.6580435192268881,High,32,2,259.99999999999994,70.99999999999999,129.99999999999997
15458,Hibernating,0.6578888376412839,High,26,2,370.43999999999994,161.64,185.21999999999997
15512,Hibernating,0.6576999083452689,High,156,4,331.58,0.0,82.895
14133,Hibernating,0.6576502217946181,High,130,4,911.14,0.0,227.785
13228,New / Promising,0.6575884401938211,High,82,1,358.0,358.0,358.0
14642,New / Promising,0.6575764609383229,High,59,1,96.12,96.12,96.12
17880,Hibernating,0.6575738179151278,High,365,3,824.92,0.0,274.9733333333333
12534,New / Promising,0.6574419382814048,High,131,1,981.1799999999998,0.0,981.1799999999998
13876,New / Promising,0.6572854084283001,High,64,1,122.7,122.7,122.7
15160,Hibernating,0.6570499198363585,High,358,4,589.27,0.0,147.3175
12373,Hibernating,0.6568226895040513,High,312,3,927.65,0.0,309.21666666666664
17301,Hibernating,0.6568035615213964,High,22,2,294.39,163.24,147.195
16565,Hibernating,0.6567608013256655,High,365,4,773.05,0.0,193.2625
15364,Hibernating,0.6567141642674408,High,96,2,913.19,0.0,456.595
16847,Hibernating,0.656452377403076,High,44,2,614.89,193.44,307.445
18203,Hibernating,0.6562590439986394,High,158,4,482.52,0.0,120.63
12652,Hibernating,0.6561502092012926,High,332,2,891.03,0.0,445.515
16852,New / Promising,0.6560253781249267,High,11,2,144.91,31.85,72.455
17628,New / Promising,0.6556469581737062,High,82,1,75.75,75.75,75.75
13866,New / Promising,0.6549618547361532,High,75,1,145.67000000000002,145.67000000000002,145.67000000000002
18262,Hibernating,0.6544790729382165,High,141,3,577.54,0.0,192.51333333333332
17256,Hibernating,0.6544680003890763,High,108,5,498.93,0.0,99.786
13689,Hibernating,0.6543801160255032,High,64,2,1259.5,910.0,629.75
14413,Hibernating,0.6543524910515591,High,363,3,421.72,0.0,140.57333333333335
13809,Hibernating,0.654340260119539,High,306,3,679.7,0.0,226.5666666666667
17553,Hibernating,0.6543156732468872,High,130,4,3757.6,0.0,939.4
13279,New / Promising,0.6542545211282679,High,79,1,137.75,137.75,137.75
15286,New / Promising,0.6541496357664437,High,50,1,240.55,240.55,240.55
15149,Champions,0.6538540418137161,High,134,4,1524.61,0.0,381.1525
12405,New / Promising,0.653813220150143,High,149,1,1390.39,0.0,1390.39
14594,New / Promising,0.6536089565567228,High,8,2,363.33,108.33,181.665
15780,Hibernating,0.6535406411973133,High,184,3,475.28,0.0,158.42666666666665
13937,Hibernating,0.653528379772027,High,170,2,880.13,0.0,440.065
14537,Hibernating,0.6533343575129916,High,58,2,641.4,355.56,320.7
15649,Hibernating,0.6533177074561672,High,337,4,1660.35,0.0,415.0875
16680,Hibernating,0.6533167571809536,High,44,3,821.45,183.7,273.81666666666666
18110,Hibernating,0.6531822014906229,High,20,2,392.28,198.8,196.14
13166,Hibernating,0.6527097830101238,High,284,2,875.9300000000001,0.0,437.965
16591,New / Promising,0.6526211417080235,High,69,1,213.50000000000003,213.50000000000003,213.50000000000003
13525,New / Promising,0.6524805206874955,High,15,2,628.78,345.9,314.39
14473,Hibernating,0.6520033432032769,High,75,2,234.34,149.34,117.17
13151,Champions,0.6518850997759599,High,296,3,2454.71,0.0,818.2366666666667
15246,Hibernating,0.6517631323178913,High,239,3,780.4000000000001,0.0,260.1333333333334
15100,Hibernating,0.6516752218892449,High,334,7,2193.9,0.0,313.4142857142857
14581,Hibernating,0.6513707700264021,High,17,2,409.65,138.6,204.825
16495,New / Promising,0.6512389560730373,High,4,3,648.26,401.75,216.08666666666667
13781,Hibernating,0.6507712965570582,High,251,3,778.83,0.0,259.61
14267,Hibernating,0.6506720522857438,High,163,3,1516.24,0.0,505.41333333333336
12361,Hibernating,0.6506008442622769,High,288,4,451.25,0.0,112.8125
12638,Hibernating,0.6505709774300946,High,34,2,681.49,511.68999999999994,340.745
17620,New / Promising,0.6503457750236243,High,60,1,81.44,81.44,81.44
12756,New / Promising,0.6499981657930237,High,87,1,112.07999999999998,112.07999999999998,112.07999999999998
17639,Hibernating,0.6499140348258433,High,277,6,615.17,0.0,102.52833333333332
17912,Hibernating,0.6499101428904228,High,311,6,371.6,0.0,61.93333333333334
13745,Hibernating,0.6498915182830808,High,163,2,777.36,0.0,388.68
13817,Hibernating,0.6498325708172735,High,30,2,328.98,218.27999999999997,164.49
13006,New / Promising,0.6497562260917633,High,57,1,81.57,81.57,81.57
12897,Hibernating,0.6491991489802229,High,205,4,514.25,0.0,128.5625
17704,Hibernating,0.6490023064626234,High,169,2,885.19,0.0,442.595
17866,Hibernating,0.6489713126239078,High,143,3,1134.95,0.0,378.31666666666666
15744,New / Promising,0.6489490670177154,High,78,1,34.8,34.8,34.8
14055,Hibernating,0.6488501311180662,High,107,3,1520.96,0.0,506.9866666666667
16927,Hibernating,0.6487245166356965,High,116,3,543.05,0.0,181.01666666666665
15280,Hibernating,0.648631918165515,High,173,3,397.52,0.0,132.50666666666666
16902,New / Promising,0.6484792034986492,High,117,1,1706.8799999999997,0.0,1706.8799999999997
17250,New / Promising,0.648429694498023,High,4,2,381.97,219.32,190.985
15748,Hibernating,0.6484160369911104,High,41,3,609.81,144.36,203.27
15634,Hibernating,0.6482716627681898,High,18,2,554.6500000000001,243.55,277.32500000000005
17344,Hibernating,0.6480555967625851,High,47,2,457.36,157.62,228.68
16943,Hibernating,0.647434763405217,High,212,3,816.73,0.0,272.24333333333334
17403,Hibernating,0.6472899059025681,High,37,2,382.87,263.92,191.435
15423,Hibernating,0.6469883809908035,High,39,3,266.89,43.5,88.96333333333332
16282,Hibernating,0.6469118853555563,High,340,3,1307.5800000000002,0.0,435.86000000000007
14199,Hibernating,0.6468552760267676,High,219,4,1091.6999999999998,0.0,272.92499999999995
17805,Hibernating,0.6467609624421083,High,74,2,927.03,512.31,463.515
15857,Hibernating,0.6466388033681133,High,19,2,570.48,297.0,285.24
14463,Hibernating,0.646478146034852,High,99,4,786.5699999999999,0.0,196.6425
14054,New / Promising,0.6464547743508459,High,66,1,92.46,92.46,92.46
13177,Hibernating,0.6453117524347565,High,65,2,512.2,282.45000000000005,256.1
15216,Hibernating,0.6450862902237228,High,88,2,486.0899999999999,96.6,243.04499999999996
14323,Hibernating,0.6447552853806738,High,115,2,605.06,0.0,302.53
16363,New / Promising,0.6446610123750017,High,54,1,109.36,109.36,109.36
16244,Champions,0.6445635943593886,High,212,2,1522.75,0.0,761.375
14206,Hibernating,0.644241709071758,High,240,3,1185.0099999999998,0.0,395.0033333333333
18080,New / Promising,0.6441542694210837,High,19,2,1231.5,390.0,615.75
16031,Hibernating,0.6436802109172951,High,93,2,547.9000000000001,0.0,273.95000000000005
14890,Hibernating,0.6435758744618165,High,254,3,817.2499999999999,0.0,272.41666666666663
13243,Champions,0.6434893950470338,High,204,5,1220.38,0.0,244.07599999999996
16433,Hibernating,0.6433889111568613,High,29,2,384.52,184.26,192.26
12346,Champions,0.6432947054848015,High,326,3,77352.96,0.0,25784.320000000003
17492,Hibernating,0.6430923470921636,High,249,3,1122.42,0.0,374.14
16024,Champions,0.6429597133080647,High,13,3,478.71,245.75,159.57000000000002
15269,Champions,0.6429584688168566,High,24,3,1225.36,408.8,408.4533333333333
17279,New / Promising,0.6429260189777213,High,58,1,187.83,187.83,187.83
17711,New / Promising,0.6425393123353104,High,11,2,385.1,164.57000000000002,192.55
14027,New / Promising,0.6424909891401889,High,61,1,104.82,104.82,104.82
15247,Hibernating,0.6424668580148933,High,123,3,976.06,0.0,325.3533333333333
16106,New / Promising,0.6423912125592809,High,66,1,108.38,108.38,108.38
14552,Hibernating,0.6422111822563061,High,152,3,507.9299999999999,0.0,169.30999999999997
17229,New / Promising,0.6421886050427639,High,97,2,318.76,0.0,159.38
13045,Hibernating,0.6420676867885422,High,100,3,808.9200000000001,0.0,269.64000000000004
16812,Champions,0.6419929919366023,High,361,4,2392.0,0.0,598.0
14053,Hibernating,0.6417162629582882,High,125,4,572.3,0.0,143.075
13489,Hibernating,0.6413202513575458,High,106,4,449.52,0.0,112.38
14495,Hibernating,0.6411450701991322,High,51,3,174.8,83.2,58.26666666666667
17510,Hibernating,0.6409033360762144,High,25,2,514.5600000000001,308.48,257.28000000000003
13806,New / Promising,0.640793753371404,High,64,1,256.38,256.38,256.38
15657,New / Promising,0.6407737697761241,High,23,1,30.0,30.0,30.0
12873,Hibernating,0.6407627371787925,High,283,3,2027.3,0.0,675.7666666666668
15540,New / Promising,0.6401609908398339,High,12,2,460.6799999999999,213.3,230.33999999999995
12770,Champions,0.6401556334989911,High,211,2,3246.45,0.0,1623.225
17691,Hibernating,0.6400553603510193,High,359,4,637.55,0.0,159.3875
13366,New / Promising,0.6399669680245264,High,51,1,56.16,56.16,56.16
17035,Hibernating,0.6398959535234144,High,246,4,613.59,0.0,153.3975
16250,Hibernating,0.6398851373349811,High,262,3,565.24,0.0,188.41333333333333
15937,New / Promising,0.6397946154696837,High,65,1,145.35,145.35,145.35
16832,Hibernating,0.639485986636078,High,185,5,417.61,0.0,83.522
13933,New / Promising,0.6390980248684673,High,110,2,608.7900000000001,0.0,304.39500000000004
17374,Hibernating,0.6387034137033798,High,219,3,727.1099999999999,0.0,242.37
18278,Hibernating,0.6384287905451028,High,74,2,414.2,173.89999999999998,207.1
18058,Hibernating,0.6380287228609195,High,10,3,774.06,170.15999999999997,258.02
12414,Hibernating,0.637952248614036,High,218,4,532.41,0.0,133.1025
14793,Hibernating,0.637721076037484,High,22,2,625.9,228.99,312.95
12639,Hibernating,0.6376876997127213,High,239,3,1072.37,0.0,357.45666666666665
17874,Hibernating,0.6375892799465936,High,186,6,683.4599999999999,0.0,113.90999999999998
16535,Champions,0.6374588039164467,High,6,2,952.04,593.75,476.02
15348,New / Promising,0.6370481375685468,High,73,1,158.04,158.04,158.04
18255,Hibernating,0.6368769359095774,High,90,2,303.15,103.29999999999998,151.575
18169,New / Promising,0.6368037824692838,High,61,1,202.65,202.65,202.65
15813,Hibernating,0.6367479901406298,High,208,2,1303.91,0.0,651.9549999999999
13496,New / Promising,0.6363712840757149,High,11,2,653.3299999999999,152.32,326.66499999999996
16309,Hibernating,0.6361945371687105,High,107,2,706.57,0.0,353.285
15004,New / Promising,0.6358585158460696,High,148,1,1220.38,0.0,1220.38
16117,Hibernating,0.6355621801437051,High,190,3,654.4000000000001,0.0,218.13333333333335
15597,Hibernating,0.6354660178026517,High,36,2,563.3700000000001,324.57000000000005,281.68500000000006
16248,New / Promising,0.6354456704518813,High,62,1,152.94000000000003,152.94000000000003,152.94000000000003
17525,Hibernating,0.6354405255701712,High,360,3,1161.9,0.0,387.3
17219,Hibernating,0.6354084928868678,High,32,2,259.13,114.23,129.565
13519,Hibernating,0.6353413289712205,High,79,2,343.21000000000004,122.75,171.60500000000002
13070,Hibernating,0.6352743126118324,High,193,4,751.7,0.0,187.925
13744,Hibernating,0.6348783630313783,High,96,2,1080.52,0.0,540.26
14494,Hibernating,0.634769930357475,High,26,3,401.46,139.56,133.82
14616,Hibernating,0.6344813416110875,High,243,5,527.78,0.0,105.556
16555,Champions,0.6344400349147596,High,36,6,1915.68,133.91,319.28
13492,Hibernating,0.634154369766045,High,137,3,1269.84,0.0,423.28
15659,Hibernating,0.6339152995478563,High,44,3,532.49,306.45,177.49666666666667
15720,Champions,0.6338448553150358,High,25,2,739.22,598.73,369.61
16227,Hibernating,0.6338260755121813,High,226,3,1027.22,0.0,342.4066666666667
16324,Hibernating,0.6336615907657099,High,129,3,408.59,0.0,136.19666666666666
15127,Hibernating,0.6335416533074296,High,66,2,711.5,406.53,355.75
16109,Hibernating,0.633311388767528,High,219,3,939.4799999999998,0.0,313.1599999999999
13899,New / Promising,0.6331390869039264,High,17,2,388.52,90.02000000000001,194.26
12445,Hibernating,0.6324357889430772,High,23,2,378.98,77.4,189.49
17166,Hibernating,0.6323968968549104,High,39,2,206.34,78.75,103.17
13690,New / Promising,0.6322495852188521,High,60,1,172.25,172.25,172.25
12624,Hibernating,0.6320719797492086,High,107,2,569.1299999999999,0.0,284.56499999999994
17649,Champions,0.6319215521822917,High,139,3,1578.89,0.0,526.2966666666667
12603,New / Promising,0.6317471209220406,High,22,1,613.1999999999999,613.1999999999999,613.1999999999999
15610,New / Promising,0.631716561174181,High,52,1,112.46,112.46,112.46
12739,Champions,0.631704987568851,High,100,2,2421.2299999999996,0.0,1210.6149999999998
12878,Hibernating,0.6316799578202018,High,237,2,854.99,0.0,427.495
15277,Hibernating,0.6316067533121794,High,47,2,476.34,255.9,238.17
17226,Hibernating,0.6315728101854929,High,309,3,895.47,0.0,298.49
18183,Hibernating,0.6315245779264446,High,228,2,632.0699999999999,0.0,316.03499999999997
13594,Hibernating,0.631520079005835,High,53,2,533.32,396.97,266.66
15343,New / Promising,0.6313829805470874,High,88,1,364.50000000000006,364.50000000000006,364.50000000000006
17105,Hibernating,0.6312078814437868,High,160,2,665.78,0.0,332.89
15334,Hibernating,0.6308562818088412,High,157,3,347.87,0.0,115.95666666666666
15303,Hibernating,0.6307784138379933,High,291,3,1224.1799999999998,0.0,408.05999999999995
17251,Hibernating,0.6303702838668974,High,363,3,798.98,0.0,266.32666666666665
14645,Hibernating,0.6303062217733384,High,157,3,876.89,0.0,292.2966666666667
13061,New / Promising,0.6302960285740825,High,73,1,248.61,248.61,248.61
17123,Hibernating,0.6302504311496063,High,162,3,966.67,0.0,322.22333333333336
17415,New / Promising,0.6299359576680116,High,80,1,507.84,507.84,507.84
17212,Hibernating,0.6299000626611352,High,254,3,794.41,0.0,264.80333333333334
12538,Hibernating,0.6297189797562742,High,30,2,640.45,363.9500000000001,320.225
17206,New / Promising,0.6296754989684811,High,54,1,204.24,204.24,204.24
15092,Hibernating,0.6293725692303225,High,216,3,776.4599999999999,0.0,258.82
13657,New / Promising,0.6293206824993384,High,11,2,382.14,229.8,191.07
17962,Hibernating,0.6290442830193613,High,143,4,665.9100000000001,0.0,166.47750000000002
17830,New / Promising,0.6289532797746922,High,2,3,398.7000000000001,111.05,132.9
12815,Hibernating,0.6287584196850088,High,148,2,863.46,0.0,431.73
16215,New / Promising,0.6285033717869908,High,81,1,242.34999999999997,242.34999999999997,242.34999999999997
15349,Hibernating,0.6284720366966079,High,159,2,463.9099999999999,0.0,231.95499999999996
12504,Hibernating,0.6282048861578596,High,19,4,689.05,428.0499999999999,172.2625
15644,Hibernating,0.6281977880930313,High,167,4,803.54,0.0,200.885
18156,Champions,0.6280040212159097,High,13,2,675.64,488.76,337.82
12785,Hibernating,0.6278147841936184,High,365,3,904.4,0.0,301.46666666666664
17223,Hibernating,0.6276987629280019,High,311,3,523.04,0.0,174.34666666666666
18040,New / Promising,0.6274737440695575,High,20,2,357.2,118.2,178.6
15645,Champions,0.6273031740017745,High,19,3,1054.7500000000002,611.5900000000001,351.5833333333334
16881,New / Promising,0.6273023777838821,High,67,1,432.0,432.0,432.0
15104,Hibernating,0.6272671627571035,High,197,2,993.54,0.0,496.77
15986,Hibernating,0.6270895216805371,High,31,2,354.42,168.12,177.21
17941,Hibernating,0.626785439704472,High,131,4,1433.28,0.0,358.32
17746,Hibernating,0.6267595300674556,High,241,4,904.18,0.0,226.045
17472,Champions,0.6265411757868553,High,192,4,922.35,0.0,230.5875
17458,Champions,0.626405462693414,High,16,2,529.5799999999999,316.5,264.78999999999996
14806,Hibernating,0.6262824196162825,High,76,2,303.42999999999995,193.39,151.71499999999995
15266,Hibernating,0.6262460756667287,High,339,5,852.21,0.0,170.442
13095,New / Promising,0.6261013357135966,High,71,1,74.39999999999999,74.39999999999999,74.39999999999999
14023,New / Promising,0.6260736810260907,High,8,2,584.0699999999999,310.93,292.03499999999997
17011,Hibernating,0.6258668968502745,High,31,3,671.7,270.90000000000003,223.9
13587,Champions,0.6252408826335805,High,64,4,1673.4999999999998,712.3999999999999,418.37499999999994
17286,Hibernating,0.6247538761596201,High,22,3,389.18,151.37,129.72666666666666
17749,Hibernating,0.6245086303062103,High,179,3,1026.18,0.0,342.06
12944,Hibernating,0.6244655600555848,High,36,2,604.51,317.56,302.255
14338,Hibernating,0.624463287470545,High,162,3,928.1,0.0,309.3666666666667
14865,Hibernating,0.6241864264965692,High,8,4,92.52,15.0,23.130000000000003
13030,Champions,0.6240972997092498,High,12,2,752.4399999999999,350.08,376.22
12717,Hibernating,0.6240329206126337,High,152,3,1058.91,0.0,352.96999999999997
17862,Hibernating,0.6240082345461685,High,324,4,1254.89,0.0,313.72249999999997
13260,New / Promising,0.6233719697702425,High,62,1,557.62,557.62,557.62
13858,New / Promising,0.6233088285109659,High,58,1,216.17,216.17,216.17
17658,New / Promising,0.6225260428411106,High,26,2,595.4200000000001,277.82,297.71000000000004
14345,New / Promising,0.6222756004160934,High,39,1,108.98,108.98,108.98
13800,Champions,0.6222270905328126,High,310,3,1679.5600000000004,0.0,559.8533333333335
14052,Champions,0.6220709056581651,High,20,2,466.66,225.36,233.33
14687,Hibernating,0.6216080245016902,High,107,3,1402.06,0.0,467.3533333333333
17987,Champions,0.6216035021222179,High,186,5,965.44,0.0,193.088
14652,New / Promising,0.6214829716876383,High,78,1,114.18,114.18,114.18
13474,Hibernating,0.6214448353083402,High,237,3,646.5899999999999,0.0,215.52999999999997
16450,Hibernating,0.621435431837353,High,150,3,1505.73,0.0,501.91
13948,Hibernating,0.6213691128293974,High,361,4,548.76,0.0,137.19
14331,New / Promising,0.6212300157016898,High,125,2,462.66,0.0,231.33
13347,New / Promising,0.6201849485329498,High,71,1,291.36,291.36,291.36
16181,New / Promising,0.6199894646187057,High,74,1,305.5400000000001,305.5400000000001,305.5400000000001
14661,New / Promising,0.6199395962183181,High,27,1,107.95000000000002,107.95000000000002,107.95000000000002
14304,Champions,0.6198817082940631,High,223,3,1725.0100000000002,0.0,575.0033333333334
12592,Champions,0.6198174295423354,High,93,4,1723.64,0.0,430.91
14424,New / Promising,0.6196854585968209,High,18,1,322.08,322.08,322.08
16780,Hibernating,0.6192364771641753,High,101,3,596.3999999999999,0.0,198.79999999999995
13127,New / Promising,0.6191564896847509,High,78,1,259.16999999999996,259.16999999999996,259.16999999999996
13193,New / Promising,0.619034589363978,High,62,1,112.08,112.08,112.08
16179,New / Promising,0.6184283849671571,High,61,1,215.83,215.83,215.83
15447,Hibernating,0.6183303865472556,High,331,5,492.88000000000005,0.0,98.576
12942,Hibernating,0.6179819029233464,High,132,3,675.6,0.0,225.2
12519,Hibernating,0.6175527500919932,High,64,2,626.54,276.84,313.27
14150,Hibernating,0.6174413898397917,High,36,2,658.64,352.46000000000004,329.32
13522,New / Promising,0.6173732048412023,High,31,1,125.8,125.8,125.8
15210,Hibernating,0.6173386971847503,High,226,3,1176.19,0.0,392.06333333333333
14248,Hibernating,0.61731106625881,High,319,3,1032.95,0.0,344.31666666666666
14764,New / Promising,0.6171898993689863,High,47,1,278.3,278.3,278.3
13325,New / Promising,0.6161494172204894,High,82,1,675.3,675.3,675.3
17148,New / Promising,0.6161401981921043,High,52,1,124.88,124.88,124.88
12866,Hibernating,0.6160927255494255,High,284,3,1092.35,0.0,364.1166666666666
14975,Hibernating,0.6157662720926581,High,58,2,472.39,279.94,236.195
17680,Hibernating,0.6157515868524749,High,24,3,497.44999999999993,184.4,165.81666666666663
18240,New / Promising,0.6153700983998347,High,47,1,422.58,422.58,422.58
14968,Hibernating,0.6151098774402735,High,31,2,497.49,147.59,248.745
13245,Hibernating,0.6148675335862397,High,51,2,989.22,430.5,494.61
14582,New / Promising,0.6147726765049412,High,41,1,114.11,114.11,114.11
13721,Hibernating,0.6145956298195374,High,37,2,741.54,524.14,370.77
13294,Champions,0.6141911050832852,High,190,3,1689.5299999999995,0.0,563.1766666666666
14459,Champions,0.6140437786179829,High,156,2,5375.74,0.0,2687.87
13351,New / Promising,0.613981974045102,High,67,1,323.94,323.94,323.94
12793,Hibernating,0.6139703367537598,High,335,3,745.53,0.0,248.51
13974,Hibernating,0.6135153364051782,High,50,2,677.72,413.59,338.86
15957,Champions,0.6133112385549142,High,32,3,921.25,428.89,307.0833333333333
17384,Hibernating,0.6130762487226544,High,20,3,507.55,108.75,169.18333333333334
16796,New / Promising,0.6130586033252058,High,90,1,305.62,305.62,305.62
14929,Hibernating,0.6129587675101539,High,33,2,836.6899999999999,223.88,418.345
13372,New / Promising,0.6128148279088785,High,90,1,328.64000000000004,328.64000000000004,328.64000000000004
13955,Hibernating,0.6126192818343006,High,155,3,544.0699999999999,0.0,181.35666666666663
13886,New / Promising,0.6124300592096186,High,72,1,243.56,243.56,243.56
17392,Hibernating,0.61235799249357,High,307,3,579.92,0.0,193.30666666666664
13845,New / Promising,0.6122784400418019,High,65,1,312.98,312.98,312.98
16198,Hibernating,0.6121402933102207,High,76,2,1030.04,400.68000000000006,515.02
15837,Hibernating,0.6120933724745335,High,65,2,777.01,391.98,388.505
17329,Champions,0.6114292929898393,High,15,5,998.53,279.75,199.706
13000,Hibernating,0.6111591533059805,High,107,4,1032.5,0.0,258.125
12908,Hibernating,0.6111391761205114,High,177,5,1776.0,0.0,355.2
17475,New / Promising,0.6110336522206999,High,80,1,194.37,194.37,194.37
12612,New / Promising,0.6108582497631183,High,75,1,668.0400000000001,668.0400000000001,668.0400000000001
14850,Champions,0.6102204678733748,High,312,7,1770.96,0.0,252.99428571428572
16692,Hibernating,0.6099132305898345,High,257,4,1764.6999999999998,0.0,441.1749999999999
17122,Hibernating,0.6094072158164752,High,120,4,570.5,0.0,142.625
13483,New / Promising,0.6093023240748465,High,66,1,140.34,140.34,140.34
13390,New / Promising,0.6091112764562031,High,75,1,544.08,544.08,544.08
12784,Champions,0.6089108327056026,High,16,2,1511.15,476.8200000000001,755.575
13710,Hibernating,0.6086383051250935,High,32,3,509.52,180.48,169.84
14326,Hibernating,0.6084283824305378,High,243,3,940.98,0.0,313.66
13992,Hibernating,0.6084197144361262,High,31,3,219.5,76.8,73.16666666666667
16951,Champions,0.6081320857964148,High,135,3,1277.75,0.0,425.9166666666667
17889,Hibernating,0.608084251199096,High,213,7,746.4200000000001,0.0,106.6314285714286
15025,Champions,0.6078782462502567,High,34,2,971.84,361.96,485.9200000000001
17030,New / Promising,0.6078636121313059,High,64,1,146.86999999999998,146.86999999999998,146.86999999999998
14753,Hibernating,0.6078421485478845,High,88,2,869.51,563.15,434.755
14757,New / Promising,0.6077506651161039,High,76,1,420.5,420.5,420.5
16792,Hibernating,0.6076803387817586,High,283,5,623.46,0.0,124.692
15327,New / Promising,0.6076350119177091,High,53,1,208.74999999999997,208.74999999999997,208.74999999999997
16627,New / Promising,0.6073784344920865,High,80,1,322.8,322.8,322.8
13348,New / Promising,0.6073061467791743,High,65,1,233.76,233.76,233.76
13085,Champions,0.6072231929695283,High,158,8,2433.2799999999997,0.0,304.15999999999997
17398,Hibernating,0.6071379171542799,High,115,3,653.3800000000001,0.0,217.79333333333335
16392,Hibernating,0.6070785882034532,High,270,3,755.4499999999999,0.0,251.81666666666663
12984,New / Promising,0.6070340845555035,High,19,1,97.5,97.5,97.5
14995,Hibernating,0.6070338854488027,High,39,2,231.98,112.67,115.99
12920,Hibernating,0.60665304194519,High,18,4,486.64,162.78,121.66
18071,Hibernating,0.6064910072478285,High,258,6,1169.68,0.0,194.9466666666667
13368,Hibernating,0.6064408244213668,High,257,4,1021.5,0.0,255.375
15091,Champions,0.6064261102455283,High,68,3,1046.61,480.71,348.87000000000006
15211,Hibernating,0.6062706661837424,High,61,2,894.4100000000001,511.34,447.205
16778,Hibernating,0.60604573846427,High,75,2,245.94000000000003,152.76000000000002,122.97
15653,New / Promising,0.6058869088635327,High,93,2,877.4399999999999,0.0,438.72
14658,New / Promising,0.605521958623427,High,6,2,247.15,124.01,123.575
16715,Hibernating,0.6052091182023284,High,79,2,625.52,301.71999999999997,312.76
12454,Champions,0.6051742088911533,High,57,4,16459.78,3528.34,4114.945
14636,Hibernating,0.605067159023913,High,37,2,609.8499999999999,309.66,304.92499999999995
16647,Hibernating,0.6050154537611937,High,170,4,541.9,0.0,135.475
16236,New / Promising,0.6048542775022497,High,79,1,432.2,432.2,432.2
16276,Champions,0.6047516687789511,High,177,3,2629.3900000000003,0.0,876.4633333333335
14987,Hibernating,0.604673460862398,High,16,8,1550.65,163.2,193.83125
17531,Hibernating,0.604653178482472,High,191,3,1266.82,0.0,422.2733333333333
14847,Hibernating,0.6045180141269072,High,149,3,1348.9499999999998,0.0,449.6499999999999
14946,New / Promising,0.6044478560860068,High,15,1,100.9,100.9,100.9
16516,New / Promising,0.6039439051954971,High,31,1,101.7,101.7,101.7
17265,Hibernating,0.6038587996749025,High,139,2,550.0100000000001,0.0,275.00500000000005
13922,Hibernating,0.603834701492944,High,352,3,865.2,0.0,288.40000000000003
14300,New / Promising,0.6036183666588971,High,19,1,43.2,43.2,43.2
16644,Hibernating,0.6036127318337131,High,178,2,833.7800000000001,0.0,416.89
17198,Champions,0.6032915002266065,High,24,3,692.22,170.56,230.74
16468,Hibernating,0.6027757160032131,High,75,3,787.52,74.9,262.50666666666666
16432,New / Promising,0.6026437270112532,High,65,1,287.4,287.4,287.4
17506,New / Promising,0.6026291274253334,High,76,1,302.20000000000005,302.20000000000005,302.20000000000005
13299,Hibernating,0.602439922793109,High,269,3,1218.7,0.0,406.23333333333335
15930,New / Promising,0.6024078677481066,High,68,1,426.63000000000005,426.63000000000005,426.63000000000005
13101,Hibernating,0.6021233003974175,High,235,4,695.4,0.0,173.85
15545,Hibernating,0.602025729449765,High,55,2,288.96999999999997,153.64,144.485
13938,New / Promising,0.6018944398426185,High,36,1,71.66,71.66,71.66
13774,New / Promising,0.6017889176960992,High,82,1,345.0,345.0,345.0
15919,Champions,0.6015067443834755,High,20,2,525.69,311.61,262.845
14974,New / Promising,0.6014141636359485,High,38,1,89.94,89.94,89.94
15168,New / Promising,0.601197557911359,High,26,1,106.56,106.56,106.56
14184,New / Promising,0.6008689849998841,High,67,1,452.89,452.89,452.89
13529,Hibernating,0.6007794425114316,High,79,2,307.76,126.66,153.88
17926,Hibernating,0.6007173480779865,High,134,5,1035.4900000000002,0.0,207.09800000000004
16594,New / Promising,0.6004688794501197,High,76,1,181.08999999999995,181.08999999999995,181.08999999999995
13512,Hibernating,0.6003063186081282,High,261,4,713.39,0.0,178.3475
17341,Champions,0.5995885143872055,Medium,157,5,1272.21,0.0,254.442
14089,New / Promising,0.5995462141982943,Medium,57,1,158.75,158.75,158.75
17111,Hibernating,0.5991004694135821,Medium,48,2,459.58,231.61,229.79
16275,Champions,0.599083167572605,Medium,197,3,2151.11,0.0,717.0366666666667
15121,Hibernating,0.5990501880418476,Medium,51,2,457.72,162.57,228.86
17468,Hibernating,0.5988450840131226,Medium,11,3,194.8,137.0,64.93333333333334
14569,Champions,0.5988343823366475,Medium,2,4,597.3299999999999,227.39,149.33249999999998
15193,New / Promising,0.5985313303764352,Medium,61,1,499.32,499.32,499.32
13976,Hibernating,0.5985252923341697,Medium,207,4,1192.36,0.0,298.09000000000003
13850,New / Promising,0.5985177249314354,Medium,130,1,1595.48,0.0,1595.48
13904,Hibernating,0.5985085402988458,Medium,38,2,332.64,131.52,166.32
12585,Champions,0.5983620086064763,Medium,235,2,1824.1,0.0,912.05
12602,New / Promising,0.5983340276830171,Medium,59,1,153.12,153.12,153.12
15385,Hibernating,0.5983156882711844,Medium,41,3,942.08,316.88,314.02666666666664
16413,Hibernating,0.5982739351867484,Medium,57,2,522.03,262.2,261.015
16141,Hibernating,0.5981034086240146,Medium,89,2,955.94,620.4,477.97
16256,Hibernating,0.5980144121633039,Medium,267,3,1579.37,0.0,526.4566666666667
14375,Champions,0.5979596228277633,Medium,186,3,1106.8200000000002,0.0,368.94000000000005
14803,Hibernating,0.5977092353102859,Medium,163,3,845.55,0.0,281.84999999999997
13453,Hibernating,0.5976429634978891,Medium,166,3,781.69,0.0,260.56333333333333
15345,New / Promising,0.5976086871215552,Medium,46,1,393.54,393.54,393.54
12507,Champions,0.5974263066160034,Medium,135,4,1508.06,0.0,377.015
15740,New / Promising,0.597153499621965,Medium,50,1,154.88000000000002,154.88000000000002,154.88000000000002
12430,New / Promising,0.5970412138437493,Medium,44,1,216.4,216.4,216.4
17964,Hibernating,0.5969586738860022,Medium,32,2,463.21,201.45,231.605
13188,New / Promising,0.5968820155354052,Medium,12,1,114.6,114.6,114.6
13160,New / Promising,0.5961492760804491,Medium,23,1,91.79999999999998,91.79999999999998,91.79999999999998
16602,Hibernating,0.5960203053679373,Medium,37,2,763.33,528.08,381.665
18184,New / Promising,0.5959803712158418,Medium,16,1,49.8,49.8,49.8
17791,New / Promising,0.5958994866767197,Medium,30,1,106.1,106.1,106.1
13762,Champions,0.5958804537226784,Medium,219,5,2472.48,0.0,494.496
13803,Hibernating,0.5956349419162668,Medium,256,3,1338.91,0.0,446.3033333333333
14887,New / Promising,0.5954395946087593,Medium,80,1,1862.0,1862.0,1862.0
15254,Hibernating,0.5953123485416172,Medium,128,3,1088.35,0.0,362.7833333333333
14885,Hibernating,0.5952424244826479,Medium,132,3,1598.12,0.0,532.7066666666666
15975,New / Promising,0.5952005506701186,Medium,85,1,371.0100000000001,371.0100000000001,371.0100000000001
18078,Hibernating,0.5951262912127481,Medium,218,4,725.53,0.0,181.3825
12718,New / Promising,0.595027198808919,Medium,72,1,202.25,202.25,202.25
16793,New / Promising,0.594943830401367,Medium,58,1,243.84,243.84,243.84
18105,New / Promising,0.5948763750550604,Medium,38,1,113.48000000000002,113.48000000000002,113.48000000000002
16961,Hibernating,0.5948677872765034,Medium,117,3,794.56,0.0,264.8533333333333
16345,Champions,0.5947754974513195,Medium,45,2,1178.79,565.46,589.395
18209,New / Promising,0.5944656843224985,Medium,29,1,139.10000000000002,139.10000000000002,139.10000000000002
15232,New / Promising,0.5943788707252314,Medium,114,2,612.0600000000001,0.0,306.03000000000003
16278,Hibernating,0.594306594571116,Medium,101,3,1117.84,0.0,372.6133333333333
14752,New / Promising,0.5941768309936033,Medium,44,1,389.64,389.64,389.64
16936,Champions,0.5937618533580878,Medium,26,2,548.29,261.9,274.145
15035,New / Promising,0.5937584743238199,Medium,90,1,252.73,252.73,252.73
16816,Hibernating,0.5935330820292929,Medium,104,4,417.05999999999995,0.0,104.265
12659,New / Promising,0.5935208899618645,Medium,30,1,73.68,73.68,73.68
17189,Champions,0.5934558209791481,Medium,107,5,953.63,0.0,190.72600000000003
17928,Hibernating,0.5932594002944949,Medium,46,3,313.15999999999997,106.2,104.38666666666666
15163,New / Promising,0.5931854384150295,Medium,19,2,304.47,149.47000000000003,152.235
13300,Hibernating,0.592496410346426,Medium,170,3,1285.5100000000002,0.0,428.5033333333334
17694,Champions,0.592400376567524,Medium,142,3,1695.9699999999998,0.0,565.3233333333333
12616,Hibernating,0.5923641016774861,Medium,96,3,1023.1,0.0,341.0333333333333
17142,Hibernating,0.5923496502274141,Medium,240,4,1275.25,0.0,318.8125
16337,New / Promising,0.5921604109085116,Medium,37,1,151.04999999999998,151.04999999999998,151.04999999999998
15739,New / Promising,0.5917452455452338,Medium,67,1,449.12,449.12,449.12
15096,New / Promising,0.5917051467667829,Medium,43,1,219.39,219.39,219.39
13801,New / Promising,0.5916273453894181,Medium,67,1,324.8,324.8,324.8
17674,Hibernating,0.5916228772159003,Medium,75,2,551.04,250.38,275.52
12604,Hibernating,0.5911267330073325,Medium,80,2,236.18,75.68,118.09
15264,Hibernating,0.5909108753141783,Medium,65,2,848.4000000000001,393.74,424.2000000000001
15758,New / Promising,0.5908958674476322,Medium,25,1,205.25,205.25,205.25
15844,New / Promising,0.5908033701868216,Medium,47,1,130.74,130.74,130.74
17274,Hibernating,0.5907015939810744,Medium,36,2,573.2199999999999,107.81999999999998,286.60999999999996
15944,Hibernating,0.5906652973387378,Medium,277,4,2164.24,0.0,541.06
15717,Hibernating,0.5904654449123123,Medium,235,5,607.0,0.0,121.4
16344,Hibernating,0.5903629696029293,Medium,159,4,842.4199999999998,0.0,210.60499999999996
12890,Champions,0.5898015813650926,Medium,25,2,706.02,376.72,353.01
13684,Hibernating,0.589589841511901,Medium,286,4,594.8799999999999,0.0,148.71999999999997
18270,Hibernating,0.5895245480900422,Medium,39,3,444.55,171.2,148.18333333333334
16856,Hibernating,0.5894540397110247,Medium,15,3,358.49,35.400000000000006,119.49666666666668
12475,Champions,0.5892355250267841,Medium,54,2,1065.64,669.38,532.8199999999999
15417,New / Promising,0.5892134077270944,Medium,86,1,508.7999999999999,508.7999999999999,508.7999999999999
14219,Champions,0.5890828191454659,Medium,5,3,633.83,89.94000000000003,211.27666666666667
18248,Hibernating,0.5888529969387777,Medium,123,2,804.02,0.0,402.01
13504,New / Promising,0.5886710811419481,Medium,65,1,295.92999999999995,295.92999999999995,295.92999999999995
14350,Hibernating,0.588485886255882,Medium,275,3,972.0300000000002,0.0,324.01000000000005
14951,New / Promising,0.5880601184710359,Medium,80,1,311.69,311.69,311.69
15508,Hibernating,0.5879679465371367,Medium,190,6,1000.27,0.0,166.71166666666667
16185,Hibernating,0.5877745944102907,Medium,17,3,644.72,194.40999999999997,214.90666666666667
13927,Hibernating,0.5875969071827014,Medium,75,2,708.26,348.99,354.13
12669,Champions,0.5875140510877874,Medium,151,2,1427.73,0.0,713.865
13548,Champions,0.5872644468163883,Medium,97,3,901.44,0.0,300.48
14638,New / Promising,0.5872216270130378,Medium,51,1,443.6,443.6,443.6
16758,New / Promising,0.587217536712443,Medium,66,1,369.3399999999999,369.3399999999999,369.3399999999999
15639,Hibernating,0.5870882856052895,Medium,135,3,1065.08,0.0,355.02666666666664
12962,New / Promising,0.5870450585403633,Medium,8,2,266.39,95.85,133.195
15071,Champions,0.5869577518101741,Medium,94,4,1455.56,0.0,363.89
15099,New / Promising,0.5869126350127689,Medium,85,1,410.48,410.48,410.48
15261,Champions,0.5868683246532017,Medium,136,4,1508.0,0.0,377.0
13951,Hibernating,0.5867974260150971,Medium,177,3,674.45,0.0,224.8166666666667
14124,New / Promising,0.5866185721092092,Medium,85,1,419.58,419.58,419.58
17973,New / Promising,0.5865898407754123,Medium,52,1,337.03999999999996,337.03999999999996,337.03999999999996
15920,Hibernating,0.5865219271861665,Medium,155,8,565.1899999999999,0.0,70.64874999999999
14474,Champions,0.5864789984917006,Medium,47,2,1258.89,547.6600000000001,629.445
17354,Champions,0.5864356081154797,Medium,51,4,3133.96,1393.06,783.49
15341,Champions,0.5862149686638807,Medium,81,2,2402.72,2020.52,1201.36
14960,New / Promising,0.5860316943961016,Medium,9,2,221.27,132.96999999999997,110.635
16982,New / Promising,0.5858236429571181,Medium,61,1,384.06,384.06,384.06
16226,Hibernating,0.5858145956562631,Medium,204,5,672.1700000000001,0.0,134.43400000000003
12552,New / Promising,0.5855003298859056,Medium,40,1,317.82,317.82,317.82
13639,Champions,0.5854888663559257,Medium,75,2,1346.27,1033.34,673.135
15335,New / Promising,0.5854120181006777,Medium,54,1,170.22,170.22,170.22
16123,New / Promising,0.5852508302156807,Medium,52,1,307.78,307.78,307.78
15462,Hibernating,0.5851478040138322,Medium,95,4,737.05,0.0,184.2625
16404,New / Promising,0.5851205772864655,Medium,71,1,443.05,443.05,443.05
18282,New / Promising,0.5851102947984187,Medium,8,2,178.05,77.84,89.025
17836,New / Promising,0.5849388384011076,Medium,48,1,109.83,109.83,109.83
12591,Hibernating,0.5849203772019348,Medium,318,3,1114.9499999999998,0.0,371.6499999999999
15066,New / Promising,0.584821652042626,Medium,54,1,893.5900000000001,893.5900000000001,893.5900000000001
15006,Champions,0.5847968479128203,Medium,52,2,752.8299999999999,475.43,376.415
18142,Hibernating,0.5846020843753769,Medium,158,2,1019.52,0.0,509.7600000000001
15604,New / Promising,0.5844678085079086,Medium,53,1,216.39,216.39,216.39
13439,Hibernating,0.5841831578474111,Medium,256,3,986.61,0.0,328.87
18088,New / Promising,0.5840871821828776,Medium,62,1,166.03,166.03,166.03
17233,Hibernating,0.5838987333094338,Medium,36,3,560.86,190.88,186.95333333333335
14212,Champions,0.5837426126880703,Medium,90,2,2190.1400000000003,1070.48,1095.0700000000002
13917,New / Promising,0.5836625413826331,Medium,50,2,272.03999999999996,206.66,136.01999999999998
13466,Hibernating,0.5836345436888699,Medium,185,5,1013.35,0.0,202.67
14789,New / Promising,0.5835891880249064,Medium,29,1,197.64,197.64,197.64
17038,Hibernating,0.5832109456351906,Medium,31,2,743.17,112.4,371.585
17733,New / Promising,0.5829756433378102,Medium,39,2,692.19,475.24,346.095
13666,Hibernating,0.5828567094322217,Medium,61,5,127.05,20.6,25.410000000000004
14034,New / Promising,0.5825254477479075,Medium,23,3,648.89,174.97999999999996,216.29666666666665
15921,Hibernating,0.582441106764809,Medium,173,4,765.6099999999999,0.0,191.40249999999995
17935,Hibernating,0.5823772424814926,Medium,139,7,683.24,0.0,97.60571428571428
13670,New / Promising,0.5823338482150897,Medium,76,1,349.70000000000005,349.70000000000005,349.70000000000005
12590,Champions,0.5819863179615731,Medium,212,1,9341.26,0.0,9341.26
13419,New / Promising,0.5817495445259979,Medium,64,1,221.06,221.06,221.06
15463,New / Promising,0.5817384411408626,Medium,30,1,126.14,126.14,126.14
14699,Hibernating,0.5816423382243858,Medium,215,4,702.6,0.0,175.65
17498,New / Promising,0.5814528469516861,Medium,76,1,272.22,272.22,272.22
14352,Hibernating,0.5814221855826343,Medium,158,4,1078.96,0.0,269.74
17765,Hibernating,0.5813650420514527,Medium,159,4,524.0,0.0,131.0
12651,Hibernating,0.5813021979462522,Medium,335,4,377.75,0.0,94.4375
12566,New / Promising,0.5812976185819105,Medium,87,1,297.65,297.65,297.65
15243,Hibernating,0.5811999027086484,Medium,75,2,927.28,316.68,463.64
15471,Champions,0.5810987464389625,Medium,3,3,1292.0100000000002,454.48,430.6700000000001
14518,New / Promising,0.5809155873319517,Medium,65,1,174.37000000000003,174.37000000000003,174.37000000000003
17333,New / Promising,0.5807841024522339,Medium,86,1,494.24999999999994,494.24999999999994,494.24999999999994
14675,Champions,0.5807547122612416,Medium,17,2,1015.58,596.3599999999999,507.79
15766,Hibernating,0.58074074154373,Medium,65,3,831.06,315.05999999999995,277.02
16461,Champions,0.5805956308339966,Medium,178,3,1539.8300000000002,0.0,513.2766666666668
15074,Champions,0.5804596273810229,Medium,106,3,1553.13,0.0,517.71
12531,Champions,0.5804211855169101,Medium,15,2,1771.2,125.22,885.6
17786,Hibernating,0.5803772203730113,Medium,86,2,266.85,163.5,133.425
15224,Hibernating,0.58036382173887,Medium,359,5,871.3599999999999,0.0,174.272
16773,Hibernating,0.5798297229387022,Medium,58,3,421.24,171.59,140.41333333333333
13923,New / Promising,0.5798216918367279,Medium,54,1,351.13,351.13,351.13
18106,Champions,0.5797657794502388,Medium,330,6,1441.0600000000002,0.0,240.1766666666667
17684,New / Promising,0.5797539346798868,Medium,44,1,239.40999999999997,239.40999999999997,239.40999999999997
16776,Hibernating,0.5796743091093166,Medium,61,2,592.51,371.54,296.255
17895,New / Promising,0.5795879983455504,Medium,45,1,95.45,95.45,95.45
12462,Champions,0.5793295496131394,Medium,19,2,937.59,343.48,468.795
16826,New / Promising,0.5793194321271053,Medium,52,1,341.70000000000005,341.70000000000005,341.70000000000005
14218,New / Promising,0.5793093288062915,Medium,43,1,169.48,169.48,169.48
14317,New / Promising,0.5792998076438399,Medium,65,1,508.58,508.58,508.58
16667,Hibernating,0.5792316494315763,Medium,69,2,567.18,366.78,283.59
16596,Hibernating,0.5792028488071355,Medium,16,4,458.98,129.5,114.745
17878,Champions,0.5791782154942486,Medium,44,3,1378.93,379.45,459.6433333333334
14381,Hibernating,0.5787085424065087,Medium,53,2,625.94,202.68,312.97
17919,Champions,0.5786424610743127,Medium,89,2,1840.32,1304.04,920.16
13311,New / Promising,0.5785801771144928,Medium,5,2,598.57,108.46,299.285
16803,New / Promising,0.5785164406965495,Medium,66,1,332.3,332.3,332.3
18085,Hibernating,0.5783754717969181,Medium,331,4,1341.85,0.0,335.46250000000003
14549,Hibernating,0.5781678042564866,Medium,312,4,913.6,0.0,228.4
12781,Hibernating,0.5781523937810508,Medium,64,2,786.74,237.48,393.37
17947,New / Promising,0.5781367249477749,Medium,38,1,176.68,176.68,176.68
15475,New / Promising,0.577912523061878,Medium,78,1,454.11,454.11,454.11
12812,New / Promising,0.5777524448826347,Medium,45,1,229.64,229.64,229.64
13832,Hibernating,0.5772745052046486,Medium,20,2,609.8900000000001,52.2,304.94500000000005
13182,New / Promising,0.5770671826500389,Medium,46,1,121.17999999999998,121.17999999999998,121.17999999999998
16557,New / Promising,0.5766655130007735,Medium,25,2,281.85,180.7,140.925
15017,New / Promising,0.5765764972522531,Medium,34,1,125.58,125.58,125.58
17433,Hibernating,0.576509047723594,Medium,89,2,569.96,303.16,284.98
13169,Hibernating,0.5761753113088185,Medium,64,3,840.0799999999999,207.68,280.02666666666664
17788,New / Promising,0.5761417541156497,Medium,74,2,1112.95,1101.2,556.475
12390,New / Promising,0.5761154357130972,Medium,80,1,504.8400000000001,504.8400000000001,504.8400000000001
16613,New / Promising,0.5757926869181583,Medium,71,1,618.59,618.59,618.59
13962,Hibernating,0.5756757215452964,Medium,22,3,362.7999999999999,51.95,120.93333333333332
17051,Hibernating,0.5751413920034225,Medium,195,4,706.49,0.0,176.6225
12648,Hibernating,0.5750223599155533,Medium,155,4,1039.0,0.0,259.75
14851,Champions,0.5748650710940796,Medium,24,3,829.4100000000001,305.22,276.47
13518,New / Promising,0.5748166347358385,Medium,86,1,627.16,627.16,627.16
12824,New / Promising,0.5742576472131663,Medium,60,1,397.12000000000006,397.12000000000006,397.12000000000006
15713,Hibernating,0.5741275704201005,Medium,144,4,839.6399999999999,0.0,209.90999999999997
16398,Champions,0.5739105899034915,Medium,155,2,1705.8000000000002,0.0,852.9000000000001
15888,Hibernating,0.5738661734178458,Medium,81,3,423.49,162.64,141.16333333333333
15598,Hibernating,0.5738533035942553,Medium,54,2,548.02,240.68,274.01
15075,New / Promising,0.5736790699240555,Medium,78,1,773.03,773.03,773.03
16159,Hibernating,0.573557448503943,Medium,282,4,1232.79,0.0,308.1975
13207,Hibernating,0.5734864476390248,Medium,16,4,535.86,52.739999999999995,133.965
13382,Champions,0.5734861832961339,Medium,281,5,1387.58,0.0,277.51599999999996
14073,New / Promising,0.5734420542865749,Medium,33,1,151.04000000000002,151.04000000000002,151.04000000000002
14517,New / Promising,0.5733014491404882,Medium,34,2,330.45,78.0,165.225
17462,Hibernating,0.5730820144043008,Medium,61,2,675.69,212.28,337.845
13356,New / Promising,0.5729591113295853,Medium,81,1,768.2399999999999,768.2399999999999,768.2399999999999
17349,Hibernating,0.5726860300230703,Medium,180,5,772.41,0.0,154.482
13255,Hibernating,0.5724229633705075,Medium,10,3,678.76,173.81,226.25333333333333
15829,New / Promising,0.5721198898925894,Medium,100,2,636.14,0.0,318.07
15198,Hibernating,0.5720410780762573,Medium,93,5,571.35,0.0,114.27
16603,New / Promising,0.5717315519373923,Medium,75,2,482.47,185.85,241.235
16149,New / Promising,0.5716034915634534,Medium,5,3,422.22,116.84,140.74
13359,Hibernating,0.5715958210076144,Medium,64,2,943.31,389.56000000000006,471.655
13103,Hibernating,0.5715486634198915,Medium,40,3,709.6400000000001,243.94000000000003,236.5466666666667
12581,New / Promising,0.5715350812575981,Medium,40,1,179.71,179.71,179.71
16260,New / Promising,0.5714732713488831,Medium,51,1,1035.4499999999998,1035.4499999999998,1035.4499999999998
17896,New / Promising,0.5714451948628059,Medium,24,1,256.32,256.32,256.32
13376,Hibernating,0.5708265148611811,Medium,100,3,869.76,0.0,289.92
15300,New / Promising,0.5707585155882586,Medium,65,1,496.44000000000005,496.44000000000005,496.44000000000005
13017,New / Promising,0.5700887391874331,Medium,8,1,204.0,204.0,204.0
15800,Champions,0.5699050286689321,Medium,108,7,1227.0700000000002,0.0,175.2957142857143
13778,Hibernating,0.5696622522518112,Medium,104,4,1124.49,0.0,281.1225
13697,New / Promising,0.5695776543112812,Medium,39,1,151.29999999999998,151.29999999999998,151.29999999999998
12702,New / Promising,0.569531812903568,Medium,20,1,201.0,201.0,201.0
16980,Champions,0.5694836414694637,Medium,256,3,1422.83,0.0,474.27666666666664
13395,Hibernating,0.569396053234998,Medium,186,3,1180.23,0.0,393.41
15154,Champions,0.5693919999061718,Medium,76,3,1343.7200000000005,254.28000000000003,447.9066666666667
15853,New / Promising,0.56921135918657,Medium,52,1,110.8,110.8,110.8
16356,Hibernating,0.569194589984669,Medium,198,6,415.87000000000006,0.0,69.31166666666668
12579,New / Promising,0.569181608319642,Medium,79,1,386.42,386.42,386.42
12596,Hibernating,0.568962851525381,Medium,52,2,450.27,236.32,225.135
15360,New / Promising,0.5688387959685416,Medium,40,1,427.93,427.93,427.93
16146,Hibernating,0.5686302431298023,Medium,158,4,946.38,0.0,236.595
12847,Champions,0.5685249819712125,Medium,23,2,1609.0,843.6399999999999,804.5
14672,Hibernating,0.5684702236534839,Medium,235,4,1113.14,0.0,278.28499999999997
14731,Hibernating,0.5683615145877942,Medium,48,3,380.02,129.0,126.67333333333332
13607,Champions,0.5682979142135884,Medium,41,2,1075.81,675.51,537.905
14479,Champions,0.5682848475518792,Medium,254,4,1124.71,0.0,281.1775
16971,New / Promising,0.5681383421976273,Medium,39,1,357.2099999999999,357.2099999999999,357.2099999999999
14863,New / Promising,0.5680129617391219,Medium,30,1,266.76,266.76,266.76
18126,New / Promising,0.5679019827384125,Medium,61,1,198.58,198.58,198.58
14966,Champions,0.5678370946422479,Medium,15,6,1064.26,183.02,177.3766666666667
17154,New / Promising,0.5678045641521876,Medium,76,1,329.34,329.34,329.34
13396,Champions,0.5677752477260241,Medium,30,2,1360.99,973.72,680.495
17181,Hibernating,0.5676104821997114,Medium,58,3,309.85,84.4,103.28333333333336
15016,Hibernating,0.5674511285427567,Medium,173,5,620.8900000000001,0.0,124.17800000000004
16909,New / Promising,0.5673722687197048,Medium,73,1,379.14,379.14,379.14
15322,Champions,0.5673718979169269,Medium,86,2,1390.86,679.6800000000001,695.4300000000001
17480,Hibernating,0.5673317493068051,Medium,78,2,882.23,511.82,441.115
14973,Hibernating,0.5670874004568284,Medium,108,3,1314.4499999999998,0.0,438.1499999999999
14641,New / Promising,0.5668899061538725,Medium,22,1,110.46,110.46,110.46
16753,New / Promising,0.5668055071963988,Medium,59,1,223.92,223.92,223.92
16096,Hibernating,0.566763385714868,Medium,265,4,1584.9700000000005,0.0,396.24250000000006
14098,New / Promising,0.5665544538284523,Medium,37,1,147.35,147.35,147.35
12544,New / Promising,0.5660253935542364,Medium,37,1,316.7,316.7,316.7
12420,New / Promising,0.5656832395969422,Medium,64,1,600.39,600.39,600.39
12740,New / Promising,0.5655697329838321,Medium,64,1,427.6,427.6,427.6
16623,Hibernating,0.5654863897264896,Medium,246,4,1015.24,0.0,253.81
14998,Hibernating,0.5653909139279709,Medium,171,4,753.1800000000001,0.0,188.295
13531,Hibernating,0.5652529869094419,Medium,206,6,1433.07,0.0,238.845
12875,Hibernating,0.5651833208239423,Medium,144,5,1356.99,0.0,271.398
12809,Champions,0.565084548893929,Medium,178,3,1384.34,0.0,461.44666666666666
15146,Champions,0.5648529478396561,Medium,165,2,1327.16,0.0,663.58
17436,Hibernating,0.5648334867745138,Medium,2,5,534.06,93.9,106.81199999999998
18143,New / Promising,0.5647926750330813,Medium,117,2,1000.16,0.0,500.08
17824,New / Promising,0.5646611749322228,Medium,52,1,298.4,298.4,298.4
14087,Champions,0.5643182497509558,Medium,3,3,829.47,191.47,276.49
15667,New / Promising,0.564252792580701,Medium,40,1,301.32000000000005,301.32000000000005,301.32000000000005
14015,New / Promising,0.5641922864099628,Medium,53,1,917.34,917.34,917.34
15175,New / Promising,0.5641604859161111,Medium,72,1,224.14,224.14,224.14
18192,New / Promising,0.5639584427639429,Medium,72,1,957.97,957.97,957.97
12915,Hibernating,0.5636897367913736,Medium,149,4,975.1,0.0,243.775
17438,Hibernating,0.5635608323516582,Medium,254,5,1422.7700000000002,0.0,284.55400000000003
13936,Hibernating,0.563516642014473,Medium,180,3,939.66,0.0,313.21999999999997
13972,Hibernating,0.5632313126381998,Medium,71,2,190.25,44.35,95.125
17957,New / Promising,0.5628670223689833,Medium,67,1,110.71999999999998,110.71999999999998,110.71999999999998
18218,Hibernating,0.5625486137285272,Medium,212,4,1121.84,0.0,280.46
16838,Hibernating,0.5624527496440541,Medium,198,4,1159.61,0.0,289.90250000000003
14761,Hibernating,0.5621959392962654,Medium,59,3,447.92,158.4,149.30666666666667
17708,Hibernating,0.5620831397450008,Medium,188,4,884.18,0.0,221.045
15734,Champions,0.5618626210828888,Medium,115,4,2263.3,0.0,565.825
18033,New / Promising,0.5617755343575989,Medium,66,1,93.82,93.82,93.82
14830,New / Promising,0.5613917941106965,Medium,54,1,188.03,188.03,188.03
14485,New / Promising,0.5611518877229852,Medium,39,1,162.79999999999998,162.79999999999998,162.79999999999998
16505,New / Promising,0.5611038310318227,Medium,32,1,777.6,777.6,777.6
15018,Hibernating,0.5609822140495979,Medium,39,3,496.21,204.87000000000003,165.40333333333334
16914,New / Promising,0.5607821572282259,Medium,37,1,183.76,183.76,183.76
16629,New / Promising,0.5607670190278468,Medium,74,2,408.63,180.95,204.315
14470,Champions,0.560711242580606,Medium,12,3,712.0400000000001,163.55,237.3466666666667
15947,New / Promising,0.5606824630902678,Medium,83,1,1708.24,1708.24,1708.24
15244,Hibernating,0.5604316380723469,Medium,66,3,912.0800000000002,333.63000000000005,304.0266666666667
13926,New / Promising,0.5602594533172853,Medium,24,1,223.85,223.85,223.85
12448,New / Promising,0.5601295822784558,Medium,45,1,365.44999999999993,365.44999999999993,365.44999999999993
15692,New / Promising,0.5600976516616737,Medium,29,1,191.04,191.04,191.04
17024,Hibernating,0.5595929856819426,Medium,46,3,95.85,39.599999999999994,31.95
13821,Champions,0.559483760172716,Medium,145,6,1379.08,0.0,229.84666666666664
17942,New / Promising,0.5594147664825845,Medium,8,1,77.50000000000001,77.50000000000001,77.50000000000001
13853,New / Promising,0.5593713862204869,Medium,58,1,1090.14,1090.14,1090.14
12378,Champions,0.5593480953905404,Medium,130,2,5416.32,0.0,2708.16
12532,New / Promising,0.5591676682729336,Medium,31,1,313.83,313.83,313.83
17785,Hibernating,0.5589956022293191,Medium,54,3,403.38000000000005,131.94,134.46
17578,Hibernating,0.5589127740550435,Medium,219,7,1047.3300000000002,0.0,149.61857142857144
16601,Hibernating,0.5589006275423347,Medium,41,3,675.8299999999999,241.52999999999997,225.27666666666664
12795,New / Promising,0.5587512937608058,Medium,19,1,318.47999999999996,318.47999999999996,318.47999999999996
16887,Champions,0.5585107958200007,Medium,36,3,658.17,192.33,219.39
15526,New / Promising,0.5582066527712938,Medium,34,2,148.44,148.44,74.22
17538,New / Promising,0.5580438656618304,Medium,26,1,98.42000000000002,98.42000000000002,98.42000000000002
14513,Hibernating,0.5577839658501821,Medium,101,6,788.0100000000001,0.0,131.335
14174,New / Promising,0.5577425062922625,Medium,34,1,134.46,134.46,134.46
12618,New / Promising,0.5576970413905795,Medium,22,1,137.31,137.31,137.31
18014,New / Promising,0.557578995822848,Medium,29,1,154.27,154.27,154.27
12938,New / Promising,0.5575678648581766,Medium,26,1,114.14,114.14,114.14
17253,New / Promising,0.557221229454599,Medium,19,1,178.26,178.26,178.26
13592,Hibernating,0.5571984448803089,Medium,36,4,247.96,42.45,61.99
14801,New / Promising,0.5571498468175387,Medium,62,1,189.34,189.34,189.34
13918,New / Promising,0.5567519639381795,Medium,50,2,1212.84,1014.64,606.4200000000001
16723,Champions,0.556651383196377,Medium,92,4,1231.36,0.0,307.84000000000003
12965,New / Promising,0.5565272080980718,Medium,90,1,769.8100000000001,769.8100000000001,769.8100000000001
15185,New / Promising,0.556463522351108,Medium,71,1,310.62,310.62,310.62
13792,Hibernating,0.55639820264679,Medium,67,3,383.9500000000001,120.95,127.98333333333336
16406,Champions,0.5563374595413294,Medium,19,3,528.36,154.35,176.12
17712,New / Promising,0.5562630913425209,Medium,45,1,522.91,522.91,522.91
12811,Hibernating,0.5562355393175461,Medium,262,4,893.9000000000001,0.0,223.475
16083,Champions,0.5560238882659332,Medium,101,4,2351.42,0.0,587.855
17153,New / Promising,0.5558928557096248,Medium,25,1,213.78000000000003,213.78000000000003,213.78000000000003
17513,Hibernating,0.5555411375567519,Medium,73,3,1158.8000000000002,513.2,386.2666666666667
13271,New / Promising,0.5553803786367038,Medium,38,1,211.49,211.49,211.49
13067,Hibernating,0.555120612103968,Medium,83,3,508.51,115.46,169.50333333333333
13242,Hibernating,0.5549718269015392,Medium,113,7,699.4,0.0,99.91428571428573
17537,Champions,0.5547362058761082,Medium,30,2,887.6700000000001,266.92,443.835
14489,Champions,0.554716688784449,Medium,208,4,1574.9299999999998,0.0,393.7325
17244,Champions,0.5546099992630463,Medium,54,5,1826.0400000000004,954.9,365.2080000000001
16473,Hibernating,0.5542793835968416,Medium,165,4,470.83,0.0,117.7075
14265,Champions,0.5540314479978988,Medium,110,4,1373.35,0.0,343.3375
17772,Hibernating,0.5539504242927678,Medium,11,3,360.75,173.45000000000002,120.25
12893,New / Promising,0.5538792972294464,Medium,31,1,176.55,176.55,176.55
15010,New / Promising,0.5538739069683046,Medium,36,1,308.94,308.94,308.94
13565,Hibernating,0.5538719392376007,Medium,20,3,414.7999999999999,130.04,138.26666666666665
16527,Champions,0.5538212049545262,Medium,82,2,1232.94,228.06,616.47
16052,New / Promising,0.5535816916051796,Medium,55,1,362.06,362.06,362.06
16318,New / Promising,0.5533673021153458,Medium,36,1,328.15,328.15,328.15
16480,New / Promising,0.5532685194842696,Medium,76,1,769.29,769.29,769.29
13140,Champions,0.5532150473022632,Medium,109,5,1054.92,0.0,210.984
16708,New / Promising,0.5528440249388009,Medium,46,1,656.6300000000001,656.6300000000001,656.6300000000001
18045,New / Promising,0.5524296713494815,Medium,46,1,178.33999999999995,178.33999999999995,178.33999999999995
14176,Hibernating,0.5523109519893122,Medium,298,5,756.46,0.0,151.292
12667,New / Promising,0.5520942588639763,Medium,59,1,460.13000000000005,460.13000000000005,460.13000000000005
14450,Hibernating,0.5520639018799195,Medium,181,7,1128.44,0.0,161.2057142857143
14357,New / Promising,0.5520383228305029,Medium,44,1,225.12,225.12,225.12
15014,New / Promising,0.5520240365560908,Medium,44,2,257.66999999999996,139.94,128.83499999999998
17186,New / Promising,0.5519563158637817,Medium,47,2,144.0,144.0,72.0
12573,Hibernating,0.5519224226135309,Medium,228,5,717.41,0.0,143.482
14784,Hibernating,0.5517211790102244,Medium,27,3,449.93,175.31,149.97666666666666
17520,New / Promising,0.5511343645867627,Medium,54,1,546.8100000000001,546.8100000000001,546.8100000000001
15951,Champions,0.5509779453678074,Medium,9,3,1013.1699999999998,333.04999999999995,337.7233333333333
16789,New / Promising,0.5509604196724056,Medium,9,1,80.8,80.8,80.8
13352,New / Promising,0.5508365462199326,Medium,61,1,347.97999999999996,347.97999999999996,347.97999999999996
17650,New / Promising,0.5505627435666521,Medium,22,1,166.08000000000004,166.08000000000004,166.08000000000004
12588,Hibernating,0.5504711452140473,Medium,40,3,718.78,174.9,239.59333333333333
15992,Champions,0.5499518938670308,Medium,4,3,896.6,41.989999999999995,298.8666666666667
17496,Hibernating,0.549922357391712,Medium,359,4,1412.89,0.0,353.22249999999997
15480,Champions,0.5497777312013272,Medium,117,3,3592.25,0.0,1197.4166666666667
15988,Champions,0.5496732953032893,Medium,20,3,736.3900000000001,156.78,245.46333333333337
13402,Hibernating,0.5496718333004805,Medium,128,4,1226.85,0.0,306.7125
16519,Hibernating,0.549465522088494,Medium,26,4,436.96,109.28,109.24
16340,Champions,0.5493428340494119,Medium,108,3,1496.2399999999998,0.0,498.7466666666666
13223,Hibernating,0.5491377755889643,Medium,201,6,969.12,0.0,161.52
12923,Hibernating,0.5490666187521935,Medium,65,3,769.17,171.57,256.39
13336,New / Promising,0.5489444167739849,Medium,78,1,795.12,795.12,795.12
12673,Champions,0.5489137763485191,Medium,6,3,1140.02,353.62,380.00666666666666
14528,New / Promising,0.5489052301743798,Medium,38,1,364.22,364.22,364.22
15723,Hibernating,0.54885039005667,Medium,365,4,930.7,0.0,232.675
13753,Champions,0.5487416506396723,Medium,288,4,2094.5699999999997,0.0,523.6424999999999
17239,Hibernating,0.5486432710288347,Medium,313,4,1189.4499999999998,0.0,297.36249999999995
15467,New / Promising,0.5484493636128185,Medium,10,3,524.88,122.32,174.96
17984,Champions,0.5484315178500799,Medium,146,5,1148.69,0.0,229.738
12550,New / Promising,0.5483668848437394,Medium,80,1,824.8300000000002,824.8300000000002,824.8300000000002
17298,Hibernating,0.5483024623487696,Medium,102,5,938.36,0.0,187.67200000000005
16846,Hibernating,0.5481144130408454,Medium,51,3,842.4100000000001,214.32,280.80333333333334
17856,New / Promising,0.5478931250406811,Medium,2,4,1418.0300000000002,275.4,354.50750000000005
12981,New / Promising,0.547888461530083,Medium,30,2,372.22,185.04,186.11
16430,Hibernating,0.547886868209474,Medium,58,6,1102.94,300.85,183.82333333333335
15435,New / Promising,0.5475768197983665,Medium,23,1,149.29,149.29,149.29
16648,Hibernating,0.5475113420099057,Medium,43,3,672.8,290.65999999999997,224.26666666666665
18190,Hibernating,0.5473114147939394,Medium,193,5,745.62,0.0,149.124
15592,New / Promising,0.547270226874957,Medium,47,1,388.58,388.58,388.58
14245,Champions,0.5471887925598229,Medium,220,2,1693.45,0.0,846.725
13925,New / Promising,0.5471356483436363,Medium,93,4,678.25,0.0,169.5625
15206,New / Promising,0.5471189586540625,Medium,11,4,420.2999999999999,183.6,105.075
16947,Hibernating,0.5467733987106838,Medium,236,4,946.71,0.0,236.6775
18193,Hibernating,0.5464397731351346,Medium,166,3,1207.35,0.0,402.4500000000001
17489,Hibernating,0.54639682360961,Medium,59,2,376.64,168.08,188.32
12491,New / Promising,0.546248303404595,Medium,39,1,424.4,424.4,424.4
18067,New / Promising,0.5461470731635603,Medium,41,1,396.3299999999999,396.3299999999999,396.3299999999999
12394,New / Promising,0.5459924406559648,Medium,64,2,1080.48,729.4,540.24
12425,Champions,0.5459782751012745,Medium,79,2,1741.41,777.1999999999999,870.7049999999999
17125,New / Promising,0.5459123600511452,Medium,51,1,230.5,230.5,230.5
18095,Champions,0.5458451289540538,Medium,313,5,2303.0899999999997,0.0,460.61799999999994
13146,New / Promising,0.5456033726685537,Medium,27,1,228.91,228.91,228.91
15557,New / Promising,0.545135805857049,Medium,29,1,468.91,468.91,468.91
16207,New / Promising,0.5449743510020509,Medium,26,1,394.38,394.38,394.38
12587,New / Promising,0.5449282767515174,Medium,8,1,104.0,104.0,104.0
14666,New / Promising,0.5448646677083387,Medium,25,1,179.95,179.95,179.95
14400,Champions,0.5447899079075453,Medium,150,3,1732.47,0.0,577.49
16026,New / Promising,0.5447544189917113,Medium,44,1,236.09,236.09,236.09
17904,New / Promising,0.5444705071583499,Medium,22,1,181.07,181.07,181.07
15803,Champions,0.5444002225650144,Medium,52,4,1929.66,415.82,482.415
15419,New / Promising,0.5443460070955346,Medium,25,1,135.86,135.86,135.86
13638,New / Promising,0.5436714992465693,Medium,16,1,122.64,122.64,122.64
16921,Hibernating,0.5435919266332606,Medium,62,3,409.21,154.18,136.40333333333334
13304,Hibernating,0.5433747688906838,Medium,352,4,1217.99,0.0,304.4975
12446,New / Promising,0.5432825449710686,Medium,58,1,1002.31,1002.31,1002.31
12653,Champions,0.5425413739932412,Medium,149,3,4160.83,0.0,1386.9433333333334
13005,Hibernating,0.5424641890379269,Medium,174,4,999.68,0.0,249.92
16968,New / Promising,0.5424239851634876,Medium,5,2,439.4299999999999,186.12,219.71499999999995
14894,Champions,0.5423395856404657,Medium,86,3,1492.81,655.75,497.6033333333333
12545,Hibernating,0.5422337780636464,Medium,76,2,832.39,288.24,416.195
17375,Hibernating,0.5421932030244417,Medium,200,4,660.5500000000001,0.0,165.13750000000002
15797,Champions,0.5421060753192126,Medium,114,5,2806.08,0.0,561.216
15153,New / Promising,0.5420485711863774,Medium,32,1,329.25,329.25,329.25
14967,Champions,0.541982464847649,Medium,50,6,1982.61,463.8,330.435
16689,New / Promising,0.5414776472671348,Medium,76,2,422.6,422.6,211.3
16529,Champions,0.541467877181147,Medium,191,4,1986.8,0.0,496.7
12703,Hibernating,0.5414114044445124,Medium,72,4,898.53,265.55,224.6325
16491,Champions,0.5410965208606696,Medium,47,2,1533.16,731.5,766.5799999999999
13354,New / Promising,0.5410200338517351,Medium,72,1,743.53,743.53,743.53
13046,Champions,0.5409447779810546,Medium,31,3,949.25,431.59,316.4166666666667
18147,New / Promising,0.5409269347467089,Medium,46,2,179.33999999999995,80.46,89.66999999999999
14068,Champions,0.5407612417986968,Medium,321,4,1516.72,0.0,379.18
15076,Champions,0.5405477996479973,Medium,173,3,1447.74,0.0,482.58
12871,Hibernating,0.540533797381077,Medium,85,3,744.02,248.64,248.00666666666663
13501,Champions,0.5403833116758193,Medium,289,3,2885.11,0.0,961.7033333333334
16204,Champions,0.540331290034383,Medium,24,3,918.71,384.18000000000006,306.2366666666667
16034,Hibernating,0.5403052536522013,Medium,197,6,911.32,0.0,151.88666666666666
15619,New / Promising,0.5403013306195581,Medium,11,1,336.40000000000003,336.40000000000003,336.40000000000003
16572,Hibernating,0.5401379874191028,Medium,128,3,1009.6,0.0,336.5333333333333
14231,Hibernating,0.5400802122347022,Medium,184,4,1235.62,0.0,308.90500000000003
15690,New / Promising,0.5398795166126408,Medium,5,2,239.76,128.76,119.88
18249,New / Promising,0.5397912529175939,Medium,18,1,95.34,95.34,95.34
18216,New / Promising,0.5396361598633472,Medium,32,1,481.75,481.75,481.75
14223,Hibernating,0.5395975262085149,Medium,93,3,991.13,0.0,330.3766666666667
13814,Champions,0.5395901247794354,Medium,93,3,2257.3199999999997,0.0,752.4399999999999
17197,New / Promising,0.5393530536768283,Medium,30,1,1013.01,1013.01,1013.01
14566,Champions,0.5385668699939752,Medium,111,4,4092.0,0.0,1023.0
13723,Hibernating,0.5384545015202761,Medium,218,6,1194.08,0.0,199.01333333333332
17854,Champions,0.5377874690436532,Medium,186,6,1068.5,0.0,178.08333333333334
16932,Hibernating,0.5376809869335972,Medium,54,3,412.5499999999999,150.23,137.51666666666665
14891,Hibernating,0.5376309309032433,Medium,149,4,1106.7299999999998,0.0,276.68249999999995
16124,Champions,0.5374921624550204,Medium,318,4,1772.4899999999998,0.0,443.12249999999995
16287,Hibernating,0.5374251764892356,Medium,170,5,1006.98,0.0,201.396
16842,Hibernating,0.5372163638657147,Medium,101,3,1264.1899999999998,0.0,421.3966666666666
17010,New / Promising,0.5371822644369174,Medium,19,1,195.36,195.36,195.36
15624,Hibernating,0.5370873738559026,Medium,117,4,588.13,0.0,147.0325
12688,Champions,0.5369458695280185,Medium,114,1,4873.8099999999995,0.0,4873.8099999999995
13897,Champions,0.5366694950820224,Medium,51,3,1160.72,311.15999999999997,386.9066666666667
16616,New / Promising,0.5362278457862988,Medium,16,2,500.42,290.32,250.21
12582,Champions,0.5359758160433599,Medium,239,4,1820.4,0.0,455.1
16163,Champions,0.5359240611529168,Medium,233,6,2407.98,0.0,401.33
16824,Hibernating,0.5357992853980285,Medium,16,3,686.24,237.73999999999995,228.74666666666667
16183,Hibernating,0.5357858508179169,Medium,68,4,1077.81,338.71,269.4525
15553,New / Promising,0.535502896571222,Medium,61,1,428.9299999999999,428.9299999999999,428.9299999999999
13375,Champions,0.5353336950022903,Medium,89,2,1792.23,778.65,896.115
16072,Champions,0.534947588313768,Medium,289,4,4180.09,0.0,1045.0225
18268,Champions,0.5348490716418682,Medium,135,6,1490.23,0.0,248.37166666666667
14923,New / Promising,0.5346634532282293,Medium,51,1,749.1,749.1,749.1
17832,New / Promising,0.5342866538896506,Medium,50,1,155.37,155.37,155.37
16343,Champions,0.5341726373165256,Medium,17,3,614.1200000000001,328.58000000000004,204.7066666666667
15886,Champions,0.5340002756510114,Medium,61,4,1052.87,181.09,263.21750000000003
16573,Hibernating,0.5339568873689822,Medium,85,2,663.6099999999999,370.98,331.80499999999995
15389,Hibernating,0.5338995034548819,Medium,173,5,2733.8,0.0,546.76
15567,New / Promising,0.5337955535704186,Medium,19,1,186.01,186.01,186.01
14240,Champions,0.5334035868628395,Medium,31,3,1247.49,663.49,415.83
17985,New / Promising,0.5332560356084122,Medium,23,1,631.35,631.35,631.35
13863,Hibernating,0.5331968533863308,Medium,248,4,1239.5500000000002,0.0,309.88750000000005
12384,New / Promising,0.5329040381574232,Medium,29,2,425.27,212.58,212.635
15320,New / Promising,0.5328302577755198,Medium,45,1,267.13,267.13,267.13
17871,Hibernating,0.5324987274101708,Medium,205,5,1068.95,0.0,213.79
17761,New / Promising,0.5324827199976737,Medium,33,1,712.7800000000001,712.7800000000001,712.7800000000001
16471,Hibernating,0.532445381490566,Medium,275,4,1189.98,0.0,297.495
17614,New / Promising,0.5323499781575991,Medium,58,1,386.3200000000001,386.3200000000001,386.3200000000001
12904,New / Promising,0.531985050344277,Medium,19,2,496.05999999999995,251.37,248.02999999999997
18006,Champions,0.5318143575066938,Medium,24,4,969.51,444.68000000000006,242.3775
15428,Champions,0.5316205332713565,Medium,16,4,762.75,93.78,190.6875
15000,New / Promising,0.5314954151963128,Medium,48,1,490.52,490.52,490.52
14108,Champions,0.5312546441607423,Medium,31,4,1044.96,306.58,261.24
16415,Champions,0.5312073239471413,Medium,45,3,696.76,200.27000000000004,232.25333333333333
12772,New / Promising,0.5311744163053315,Medium,60,1,752.4700000000001,752.4700000000001,752.4700000000001
14725,Champions,0.5311071328687338,Medium,25,4,1246.86,655.58,311.71500000000003
18164,New / Promising,0.5310574266051556,Medium,38,1,399.65,399.65,399.65
16720,Champions,0.530610287585779,Medium,27,3,566.7399999999999,152.95,188.9133333333333
18053,Hibernating,0.5303493185320979,Medium,71,3,571.0699999999999,300.02,190.35666666666663
18123,Hibernating,0.5296164079038932,Medium,25,3,666.6399999999999,574.4399999999999,222.21333333333328
16642,Champions,0.5294596832034179,Medium,5,3,1077.45,380.6,359.15000000000003
16380,New / Promising,0.5292957043385214,Medium,62,1,1743.15,1743.15,1743.15
16364,New / Promising,0.5290101934179402,Medium,12,2,705.79,359.49,352.895
15781,Hibernating,0.5289348610293638,Medium,26,3,345.46000000000004,134.16,115.15333333333336
14958,Hibernating,0.528852163343776,Medium,148,6,941.99,0.0,156.9983333333333
13034,Hibernating,0.5288048343471442,Medium,55,3,756.8199999999999,476.91,252.2733333333333
17839,New / Promising,0.5287953132339427,Medium,43,1,318.15,318.15,318.15
16956,New / Promising,0.5286813868053202,Medium,18,1,308.74,308.74,308.74
15699,New / Promising,0.5286322425691532,Medium,18,1,309.65,309.65,309.65
12375,New / Promising,0.5284523680953895,Medium,11,2,377.5,187.2,188.75
13669,Hibernating,0.5283213329087161,Medium,51,3,413.5499999999999,170.39999999999998,137.85
16423,New / Promising,0.5281514010432536,Medium,25,1,346.12,346.12,346.12
17977,Champions,0.5279776716795125,Medium,30,2,1511.4499999999998,288.14,755.7249999999999
15167,Champions,0.5276501596619617,Medium,321,5,1627.62,0.0,325.524
13819,Champions,0.527611655843364,Medium,302,6,2642.35,0.0,440.39166666666665
14320,Champions,0.5271001900927592,Medium,207,5,1346.75,0.0,269.35
18196,Champions,0.5270046090614978,Medium,96,4,1455.27,0.0,363.8175
13479,Hibernating,0.5269712256853575,Medium,201,4,851.37,0.0,212.8425
13170,New / Promising,0.526820177729844,Medium,27,1,108.81,108.81,108.81
13603,New / Promising,0.5267614033594116,Medium,27,1,164.34000000000003,164.34000000000003,164.34000000000003
15107,Hibernating,0.5266034092703852,Medium,312,9,824.35,0.0,91.59444444444443
13663,Champions,0.5265463382684651,Medium,180,5,2047.51,0.0,409.50200000000007
16041,New / Promising,0.5264972045907398,Medium,31,3,3166.4,426.6,1055.4666666666667
14029,New / Promising,0.5262387258106038,Medium,64,2,467.6600000000001,302.46000000000004,233.83000000000004
17600,New / Promising,0.5261828977286078,Medium,18,1,161.67000000000002,161.67000000000002,161.67000000000002
17980,Hibernating,0.5258613974640715,Medium,166,4,1012.72,0.0,253.18
13930,New / Promising,0.525751274853026,Medium,58,2,337.34,127.34,168.67
16445,Champions,0.5256642340391688,Medium,34,4,583.1600000000001,230.51000000000005,145.79000000000002
17046,Champions,0.5256202425617886,Medium,158,5,1906.07,0.0,381.21400000000006
16281,Champions,0.5255706345798028,Medium,73,3,3424.02,2062.06,1141.34
14204,Champions,0.5254840153953735,Medium,3,4,1024.83,150.60999999999996,256.2075
14246,Champions,0.5249583911302914,Medium,111,3,1474.06,0.0,491.3533333333333
17505,Champions,0.5249230955502249,Medium,162,5,2435.48,0.0,487.096
12716,New / Promising,0.5248736484957943,Medium,4,2,963.49,339.59000000000003,481.74500000000006
18104,New / Promising,0.5247584494700082,Medium,38,1,754.6400000000001,754.6400000000001,754.6400000000001
15870,Champions,0.5241370609778347,Medium,33,4,857.46,351.44,214.365
13301,Hibernating,0.5240355148019503,Medium,104,4,600.1899999999999,0.0,150.0475
13532,New / Promising,0.5240095582988622,Medium,34,1,210.31,210.31,210.31
13449,New / Promising,0.5239981599340637,Medium,24,1,291.88,291.88,291.88
13514,Hibernating,0.5238748584583393,Medium,74,4,815.9000000000001,152.20000000000002,203.975
14819,Hibernating,0.523784268210577,Medium,65,4,456.41,187.35,114.1025
14362,New / Promising,0.52338064341309,Medium,23,1,151.5,151.5,151.5
16387,Hibernating,0.52324523299066,Medium,323,5,882.46,0.0,176.49200000000002
16805,Champions,0.5232375038318785,Medium,174,4,1076.34,0.0,269.085
15900,Champions,0.5229263499194889,Medium,24,4,886.5699999999999,337.28000000000003,221.6425
16727,Champions,0.5228825466723602,Medium,365,4,1377.77,0.0,344.4425
13283,Hibernating,0.5227691439698434,Medium,60,4,373.36,68.16,93.34
12752,New / Promising,0.5226319976713567,Medium,82,1,4366.779999999999,4366.779999999999,4366.779999999999
12371,Champions,0.5224361759524451,Medium,60,4,3347.38,1527.96,836.845
15478,Champions,0.5220670666480852,Medium,41,3,1940.98,1399.92,646.9933333333333
12374,Champions,0.5220315672956487,Medium,26,3,2669.2200000000003,622.9300000000001,889.7400000000001
17636,New / Promising,0.521222769728459,Medium,20,1,285.56,285.56,285.56
14013,Hibernating,0.5210690040869732,Medium,111,5,1084.5700000000002,0.0,216.91400000000004
16056,New / Promising,0.5210562274418762,Medium,46,1,650.75,650.75,650.75
13497,Hibernating,0.5209047237645003,Medium,283,6,1166.8300000000002,0.0,194.4716666666667
12617,New / Promising,0.5207616278119039,Medium,30,1,352.9800000000001,352.9800000000001,352.9800000000001
18101,Champions,0.5205721571779696,Medium,12,5,622.01,112.17,124.402
17037,New / Promising,0.5205388015266385,Medium,88,1,1267.3200000000002,1267.3200000000002,1267.3200000000002
17951,Champions,0.5204541653513612,Medium,40,4,1340.5800000000002,599.0400000000001,335.14500000000004
17045,Hibernating,0.5203168597219621,Medium,114,5,827.68,0.0,165.536
15576,New / Promising,0.5200853172481474,Medium,38,1,921.37,921.37,921.37
14431,Champions,0.5200119976698913,Medium,303,4,2614.2,0.0,653.55
17615,Hibernating,0.519589874170714,Medium,131,6,721.8000000000001,0.0,120.3
14130,Champions,0.5194291527831582,Medium,320,4,1858.77,0.0,464.6925
16955,Hibernating,0.5191863899267761,Medium,185,6,1120.31,0.0,186.71833333333333
15652,Champions,0.5191201097870244,Medium,92,5,1405.94,0.0,281.188
14693,Hibernating,0.519099663100226,Medium,265,7,1165.36,0.0,166.48
16624,New / Promising,0.5190980455630625,Medium,81,2,810.57,384.14,405.285
13416,Hibernating,0.5190165805015993,Medium,44,3,940.8,712.5,313.6
17418,Hibernating,0.5185693314912911,Medium,43,3,670.0600000000001,296.07000000000005,223.35333333333335
12733,Champions,0.5182192553108586,Medium,235,4,2424.02,0.0,606.005
14902,Champions,0.5178169560381728,Medium,26,3,1035.62,332.65999999999997,345.20666666666665
12966,New / Promising,0.5176514420735343,Medium,10,1,160.18,160.18,160.18
15677,Champions,0.5175480421715427,Medium,50,3,1305.63,657.23,435.21
18017,Hibernating,0.5174702759054114,Medium,82,4,688.0,179.0,172.0
13049,Hibernating,0.5173154252715876,Medium,65,4,1408.24,502.9,352.06
12644,Champions,0.5172791592895544,Medium,130,4,1900.49,0.0,475.1225
15124,Hibernating,0.5171667508754099,Medium,23,4,450.8200000000001,93.44,112.705
15326,Champions,0.5171527746000252,Medium,334,5,1700.52,0.0,340.104
17990,Hibernating,0.5171461523032165,Medium,237,6,1527.61,0.0,254.6016666666667
13877,Hibernating,0.5169570284390974,Medium,87,3,449.68,117.24,149.89333333333337
16025,New / Promising,0.516889405249324,Medium,30,1,439.66,439.66,439.66
17237,Champions,0.5165641217518318,Medium,12,4,994.13,314.69,248.53250000000003
16399,Champions,0.5164445207262047,Medium,20,3,628.42,229.61,209.47333333333333
18037,Hibernating,0.5163930398373276,Medium,155,15,167.42,0.0,11.161333333333332
15406,Champions,0.5156370176787664,Medium,32,4,975.87,258.42,243.96750000000003
13828,New / Promising,0.5155753199081946,Medium,23,1,209.49,209.49,209.49
17205,Hibernating,0.5155187871456812,Medium,54,3,999.35,384.08,333.1166666666666
13322,New / Promising,0.5153186926339782,Medium,18,1,199.48,199.48,199.48
13827,New / Promising,0.5151516167290444,Medium,58,3,409.7999999999999,109.04,136.6
13780,Champions,0.5148414899103423,Medium,8,3,732.07,243.73,244.02333333333337
17580,Hibernating,0.5139764493388248,Medium,253,5,538.07,0.0,107.614
14272,Hibernating,0.5138328404973758,Medium,74,4,920.81,305.87,230.2025
17353,Hibernating,0.5137874363598591,Medium,130,4,3242.0,0.0,810.5
12991,Champions,0.5137758624771276,Medium,24,3,764.82,200.2,254.94000000000003
14950,New / Promising,0.5136192488939527,Medium,20,1,371.2,371.2,371.2
15450,New / Promising,0.513549716133852,Medium,31,1,429.84,429.84,429.84
14488,New / Promising,0.5134699172489273,Medium,68,1,1064.28,1064.28,1064.28
16619,Champions,0.5132482034311204,Medium,264,4,1938.33,0.0,484.5825
15108,Hibernating,0.5131269561364216,Medium,142,3,1159.25,0.0,386.4166666666667
15830,New / Promising,0.5130110584655265,Medium,38,1,576.0,576.0,576.0
14195,Hibernating,0.5126947367565016,Medium,202,6,2615.6,0.0,435.93333333333334
18261,New / Promising,0.5124522722210583,Medium,44,2,324.24,99.44,162.12
17062,Hibernating,0.5124231950443044,Medium,314,6,884.71,0.0,147.45166666666668
17917,Hibernating,0.5122817562492662,Medium,46,3,335.03000000000003,108.32,111.67666666666668
13176,New / Promising,0.5122735145408979,Medium,47,1,481.49,481.49,481.49
16451,Hibernating,0.5122341944053096,Medium,88,3,1013.15,266.97,337.7166666666667
15012,Champions,0.5121876551647768,Medium,54,3,646.26,216.48,215.42
16574,Champions,0.5121663793886693,Medium,72,3,1301.7800000000002,451.43999999999994,433.92666666666673
15574,Champions,0.5119980308384716,Medium,178,6,1101.44,0.0,183.57333333333335
13321,New / Promising,0.5119010296513693,Medium,73,2,567.3599999999999,567.3599999999999,283.67999999999995
14656,Champions,0.5114078677103407,Medium,170,5,790.0000000000001,0.0,158.00000000000003
17361,Champions,0.510810875721444,Medium,50,5,871.79,224.28,174.358
17297,New / Promising,0.5108018873791318,Medium,18,1,128.18,128.18,128.18
17358,Hibernating,0.5107273813292778,Medium,304,5,861.01,0.0,172.202
12660,New / Promising,0.5105574199953853,Medium,12,1,227.1,227.1,227.1
15556,New / Promising,0.5103603461600403,Medium,25,1,279.77000000000004,279.77000000000004,279.77000000000004
14601,New / Promising,0.510222680766581,Medium,11,1,213.96,213.96,213.96
14538,Champions,0.5100523216921609,Medium,65,5,1370.84,281.74999999999994,274.168
15630,Champions,0.5092389876026217,Medium,46,3,1481.4,789.49,493.8
12452,New / Promising,0.509209328139355,Medium,17,1,348.57,348.57,348.57
16018,Hibernating,0.5091580330168268,Medium,40,4,698.13,247.0,174.5325
13740,Champions,0.5090600088548933,Medium,241,5,1582.77,0.0,316.554
12611,New / Promising,0.5082848500513962,Medium,53,1,1193.32,1193.32,1193.32
17172,Hibernating,0.5082644747875281,Medium,79,3,956.57,317.76,318.8566666666667
14382,Champions,0.5081470290865713,Medium,27,2,1193.63,615.4900000000001,596.815
17783,Hibernating,0.5080423050092386,Medium,73,3,376.96,171.06,125.65333333333336
17849,Hibernating,0.507655289590371,Medium,219,8,1063.7600000000002,0.0,132.97000000000003
14921,Champions,0.507270134104089,Medium,31,2,1316.0700000000002,413.06,658.0350000000001
17356,Hibernating,0.5067573535280557,Medium,312,5,946.47,0.0,189.294
15381,Hibernating,0.5067311499343492,Medium,214,5,1890.57,0.0,378.114
15414,New / Promising,0.5065148196380799,Medium,10,3,774.9000000000001,738.7,258.3
14037,Hibernating,0.5064880159044817,Medium,177,6,836.95,0.0,139.49166666666667
14628,Champions,0.5062337705386901,Medium,92,5,1998.0,0.0,399.6
12465,New / Promising,0.5061990061736757,Medium,18,2,682.19,271.25,341.095
15840,New / Promising,0.506055608393836,Medium,59,2,355.56,113.82,177.78
16010,Champions,0.505976811049143,Medium,246,11,1694.86,0.0,154.0781818181818
12512,New / Promising,0.5053181100943701,Medium,67,2,132.18,132.18,66.09
13720,Hibernating,0.5052419760188901,Medium,117,4,799.9,0.0,199.975
12832,New / Promising,0.5044538094838209,Medium,33,2,383.03,115.23,191.515
18043,Champions,0.5043984718131407,Medium,25,3,529.29,107.7,176.42999999999998
14881,New / Promising,0.5042094122472444,Medium,20,1,255.40000000000003,255.40000000000003,255.40000000000003
12424,Champions,0.5038930547630275,Medium,163,4,3340.03,0.0,835.0075
13894,Hibernating,0.5038901256013791,Medium,24,3,564.6200000000001,403.77,188.2066666666667
16690,Hibernating,0.5038470582584165,Medium,73,4,353.03000000000003,139.08,88.25750000000001
13631,Champions,0.5032978018034213,Medium,100,11,3070.42,0.0,279.1290909090909
14000,Champions,0.5030633244027536,Medium,212,5,2046.34,0.0,409.268
14870,Champions,0.5030538948256315,Medium,262,6,1838.95,0.0,306.4916666666667
13142,New / Promising,0.5030258070845425,Medium,20,1,307.09000000000003,307.09000000000003,307.09000000000003
13253,Champions,0.5030129759034239,Medium,157,4,2951.11,0.0,737.7775
17064,Hibernating,0.5029023949771747,Medium,59,3,855.45,398.0499999999999,285.15000000000003
16882,Hibernating,0.5027650411560861,Medium,67,3,705.1199999999999,489.4199999999999,235.03999999999996
13083,New / Promising,0.5025840594624257,Medium,5,3,395.43,303.75,131.81
13462,Hibernating,0.5025096017747479,Medium,253,5,1153.85,0.0,230.77
17500,New / Promising,0.5022553628200361,Medium,18,3,1138.0,1138.0,379.3333333333333
13748,Champions,0.5021548558925522,Medium,96,9,2064.35,0.0,229.3722222222222
16139,Champions,0.5020889993386499,Medium,19,5,1111.15,329.03999999999996,222.23
18066,Champions,0.5020208200909723,Medium,76,3,1440.4,318.0,480.13333333333327
12418,Champions,0.5017769329731246,Medium,113,4,2021.2000000000005,0.0,505.30000000000007
14893,Champions,0.5014340893022683,Medium,10,3,1809.61,1237.85,603.2033333333334
17793,New / Promising,0.5012644134603775,Medium,26,1,300.34,300.34,300.34
14158,New / Promising,0.5009949007371205,Medium,41,1,507.66,507.66,507.66
18155,Hibernating,0.5009300571188997,Medium,76,3,371.62,105.06,123.87333333333332
14439,Champions,0.500921973936647,Medium,320,5,9443.04,0.0,1888.6079999999995
16806,Hibernating,0.5007744202611378,Medium,104,4,736.21,0.0,184.0525
17637,New / Promising,0.5003666901665567,Medium,32,2,547.06,208.11,273.53
16038,New / Promising,0.5000970778436891,Medium,8,3,471.78,78.45,157.26
13417,Champions,0.500062194724545,Medium,5,6,1669.49,404.83,278.24833333333333
13332,New / Promising,0.5000280764252799,Medium,15,1,350.9,350.9,350.9
13239,Champions,0.4999682894103122,Medium,262,5,1594.69,0.0,318.938
16751,New / Promising,0.4998771491838724,Medium,31,1,1764.72,1764.72,1764.72
15184,Champions,0.49959717732530545,Medium,30,4,685.39,166.96999999999997,171.3475
13986,New / Promising,0.4995847602473183,Medium,18,1,320.46,320.46,320.46
14128,Hibernating,0.49943533715120736,Medium,61,3,924.21,331.96,308.07
16804,New / Promising,0.49940230625810855,Medium,24,3,536.99,418.94,178.99666666666667
16848,Champions,0.4992687275783497,Medium,53,4,1411.62,281.42,352.90500000000003
14500,Hibernating,0.4992664704843385,Medium,89,3,356.85,21.0,118.95
14256,Champions,0.49925167055221914,Medium,261,5,2460.79,0.0,492.158
13732,New / Promising,0.4989949058731342,Medium,29,1,491.86,491.86,491.86
17999,Hibernating,0.49899289953127474,Medium,38,3,528.4599999999999,190.04999999999995,176.1533333333333
14860,New / Promising,0.4989073451409978,Medium,20,1,170.32000000000002,170.32000000000002,170.32000000000002
15053,New / Promising,0.49884401839535786,Medium,5,3,693.95,215.35,231.3166666666667
12994,New / Promising,0.4988299442856136,Medium,5,3,974.42,328.95,324.8066666666667
15192,Champions,0.49863249942521437,Medium,120,5,1666.39,0.0,333.27799999999996
17242,Champions,0.4984291471670861,Medium,109,5,2889.28,0.0,577.856
17624,Champions,0.49764539718538303,Medium,15,4,1568.63,443.1799999999999,392.1575
14301,Champions,0.497582103812645,Medium,118,4,1992.18,0.0,498.045
17723,Hibernating,0.49755764734921387,Medium,128,7,3378.4000000000005,0.0,482.6285714285715
14104,Hibernating,0.4975516394180471,Medium,155,5,740.53,0.0,148.106
14703,New / Promising,0.49735397161196926,Medium,15,1,318.1700000000001,318.1700000000001,318.1700000000001
15912,Champions,0.4973536730228849,Medium,179,9,1074.7,0.0,119.41111111111113
13606,Hibernating,0.4973059315296154,Medium,30,3,276.75,30.119999999999997,92.25
12710,Hibernating,0.4972714423582357,Medium,97,3,1023.02,0.0,341.0066666666666
14804,New / Promising,0.4972079502958317,Medium,9,1,353.27,353.27,353.27
13656,Hibernating,0.49677820942358114,Medium,165,4,1078.85,0.0,269.71250000000003
12882,New / Promising,0.49662339252277893,Medium,10,2,1463.04,1463.04,731.52
13405,Hibernating,0.4965848489640505,Medium,205,5,1198.81,0.0,239.762
14480,Champions,0.4965069912697325,Medium,12,4,1299.52,279.05,324.88
15599,Champions,0.49650550445719127,Medium,27,3,1250.06,312.90999999999997,416.68666666666667
14420,Champions,0.4963970706974365,Medium,100,4,1639.1699999999998,0.0,409.7925
18160,Champions,0.49635813535518203,Medium,58,3,1003.88,319.50999999999993,334.6266666666666
12357,Champions,0.4963454154587261,Medium,34,2,17437.66,6207.67,8718.83
15265,Champions,0.4962717269034476,Medium,152,4,3345.6400000000003,0.0,836.4100000000001
13038,Hibernating,0.4959252750261231,Medium,81,3,908.46,316.70000000000005,302.82
12349,Champions,0.4959237698784487,Medium,19,3,3678.69,1457.55,1226.2299999999998
16080,Hibernating,0.4957732966291808,Medium,82,4,602.5600000000001,86.9,150.64
17330,Hibernating,0.495692699991354,Medium,23,4,423.7999999999999,363.9,105.95
13035,Hibernating,0.4955536502325539,Medium,74,3,1364.2,588.88,454.73333333333335
17052,New / Promising,0.49555304863370003,Medium,29,1,399.09,399.09,399.09
17934,Hibernating,0.4954306823232995,Medium,52,3,1049.15,704.25,349.7166666666667
12450,Hibernating,0.4947347095970217,Medium,157,5,688.1999999999999,0.0,137.64
18265,New / Promising,0.49473239732230134,Medium,73,2,801.51,312.96000000000004,400.755
12925,Champions,0.49465024696098314,Medium,5,3,729.3299999999999,694.05,243.11
14193,Champions,0.4946154956062703,Medium,68,3,1210.19,430.85,403.3966666666667
16366,Champions,0.49453761094766197,Medium,19,4,1548.13,327.3,387.0325
13888,Champions,0.4940503300362326,Medium,120,7,2001.59,0.0,285.9414285714286
17561,Champions,0.4933842667720296,Medium,20,4,703.0200000000001,165.12,175.75500000000002
13295,Hibernating,0.49320872061045645,Medium,360,4,1101.97,0.0,275.4925
12522,New / Promising,0.4930030845340241,Medium,40,2,156.72,156.72,78.36
17080,Champions,0.492799036065866,Medium,23,7,957.53,211.3,136.79
16634,Champions,0.49236548377136746,Medium,223,6,1649.81,0.0,274.9683333333333
17579,Champions,0.4923515038416533,Medium,5,4,753.28,178.04,188.32
15036,Hibernating,0.4923349645271761,Medium,73,3,429.55999999999995,217.07,143.18666666666664
15678,Champions,0.49233281478555246,Medium,53,3,1825.94,352.70000000000005,608.6466666666666
15994,Champions,0.4920926206482097,Medium,55,3,1175.68,414.27,391.8933333333334
16211,Hibernating,0.49184490718764917,Medium,89,3,1090.59,547.0200000000001,363.53
17787,Champions,0.49179460200129915,Medium,153,4,1817.54,0.0,454.385
14585,Champions,0.49178795662193614,Medium,51,5,1143.27,157.04999999999998,228.654
17247,New / Promising,0.49176679810512414,Medium,16,1,280.09,280.09,280.09
12754,Champions,0.4916345151805556,Medium,236,3,3010.74,0.0,1003.58
17714,Hibernating,0.49149081109643117,Medium,321,5,1410.1799999999998,0.0,282.03599999999994
13707,Champions,0.49142726903398604,Medium,268,5,3365.86,0.0,673.172
17444,Champions,0.4911423890264326,Medium,152,2,2389.1000000000004,0.0,1194.5500000000002
16569,Champions,0.490387254900861,Medium,4,5,1455.23,124.2,291.046
16863,Hibernating,0.4903438775444826,Medium,32,3,834.27,338.54999999999995,278.09
15422,Champions,0.4901653877243437,Medium,324,7,1619.9699999999998,0.0,231.42428571428567
17869,Hibernating,0.49003834530758655,Medium,108,7,813.6400000000001,0.0,116.23428571428572
12930,New / Promising,0.48994181950032045,Medium,79,2,415.7999999999999,194.24,207.9
18112,Champions,0.4898337064333577,Medium,13,4,773.3599999999999,156.04999999999998,193.33999999999995
14346,Champions,0.48936057145922507,Medium,121,5,2315.75,0.0,463.15
14484,Champions,0.4893500309638437,Medium,51,4,1070.98,321.92,267.745
16833,Champions,0.4892190871346831,Medium,2,6,2409.04,435.24,401.50666666666666
12492,Hibernating,0.4887060431430063,Medium,64,3,607.21,118.82,202.40333333333336
13475,Champions,0.48869175223516037,Medium,192,4,1431.78,0.0,357.945
12842,Champions,0.4885989820952081,Medium,71,4,1917.99,808.26,479.4975
16546,Champions,0.4885513129341786,Medium,291,5,5307.07,0.0,1061.414
14875,Champions,0.48838726474098443,Medium,108,3,2862.3999999999996,0.0,954.1333333333332
15133,Champions,0.48828807630792853,Medium,128,5,1806.9,0.0,361.38
12886,Champions,0.4880718093411096,Medium,68,2,1378.4,603.4000000000001,689.2
17259,Champions,0.4877603987713147,Medium,149,6,1452.39,0.0,242.06499999999997
16734,New / Promising,0.4876477564997745,Medium,53,3,646.76,344.35,215.58666666666667
13357,Champions,0.48763312088054506,Medium,258,5,3795.01,0.0,759.002
14247,Hibernating,0.4876277653690189,Medium,279,5,753.56,0.0,150.712
17343,Hibernating,0.48757699448591946,Medium,356,6,1259.94,0.0,209.99
12377,Champions,0.48739233423459594,Medium,316,4,3266.3199999999997,0.0,816.5799999999999
13954,New / Promising,0.4873175628715876,Medium,2,2,439.92,439.92,219.96
13023,Champions,0.48729800517140426,Medium,65,3,1251.03,308.5,417.01
13165,Champions,0.4871319772341577,Medium,47,3,1451.16,666.84,483.72
15958,Hibernating,0.487127667141348,Medium,75,4,462.12,104.35,115.53
12658,New / Promising,0.4871231094779468,Medium,19,1,632.05,632.05,632.05
15275,New / Promising,0.48693748936644554,Medium,38,1,615.1400000000001,615.1400000000001,615.1400000000001
12808,Hibernating,0.4868135832770432,Medium,37,5,748.6999999999999,202.3,149.73999999999998
15725,New / Promising,0.48660587578488806,Medium,16,1,415.25,415.25,415.25
17397,Champions,0.48640347487496105,Medium,23,3,1198.2800000000002,681.4100000000001,399.42666666666673
16214,Champions,0.4863856348765949,Medium,171,4,2038.25,0.0,509.56249999999994
15469,Hibernating,0.4861945874698995,Medium,51,3,874.25,234.25,291.4166666666667
14349,New / Promising,0.4861396918566703,Medium,11,1,133.5,133.5,133.5
15882,Hibernating,0.48579409624537856,Medium,199,8,1122.38,0.0,140.2975
12787,Champions,0.48569485589371614,Medium,10,4,799.1800000000001,104.0,199.795
16321,Hibernating,0.4855880265129861,Medium,73,7,604.55,150.0,86.36428571428571
15504,Hibernating,0.4855863942960165,Medium,82,4,391.45,52.830000000000005,97.8625
13844,New / Promising,0.48540431056979544,Medium,12,1,361.62,361.62,361.62
15783,New / Promising,0.48528168188332566,Medium,11,1,246.3,246.3,246.3
16482,New / Promising,0.4851644677669138,Medium,16,1,220.62,220.62,220.62
13189,New / Promising,0.48468362676114596,Medium,19,2,260.68,133.68,130.34
17169,Champions,0.4844855144183629,Medium,58,3,1156.73,527.1,385.57666666666665
13338,Champions,0.48448423672115787,Medium,158,4,2345.62,0.0,586.405
16611,Champions,0.4838462806183781,Medium,187,6,1785.13,0.0,297.52166666666665
13296,Hibernating,0.48364253924835293,Medium,138,6,792.51,0.0,132.085
12844,Champions,0.48325339724347244,Medium,30,4,648.6,151.07999999999998,162.15
17430,Hibernating,0.4830623940035525,Medium,33,4,622.5699999999999,153.16000000000005,155.64249999999998
17852,Champions,0.48301766629212517,Medium,12,5,657.81,114.34,131.56199999999998
17582,Champions,0.48301510837266004,Medium,237,5,1446.95,0.0,289.39
14880,Hibernating,0.4827272184884077,Medium,78,3,690.5899999999999,342.92,230.19666666666663
14080,Champions,0.4820988022975479,Medium,33,5,1115.68,45.599999999999994,223.136
14716,Hibernating,0.48169736196800084,Medium,44,3,543.28,125.79000000000002,181.09333333333333
17642,Champions,0.48163190421842106,Medium,120,5,1824.49,0.0,364.898
17025,Champions,0.4809103059008684,Medium,61,5,1349.67,196.8,269.934
14548,Champions,0.48071109055134514,Medium,151,9,2541.29,0.0,282.36555555555555
15148,New / Promising,0.48039501011567,Medium,11,1,301.28999999999996,301.28999999999996,301.28999999999996
16368,Champions,0.4803747683749289,Medium,3,3,621.44,479.91,207.14666666666668
14452,Champions,0.48027216863991445,Medium,11,4,658.95,131.68,164.7375
13349,New / Promising,0.48024053595636695,Medium,11,1,197.32,197.32,197.32
16292,Champions,0.47966299130926066,Medium,122,5,1253.76,0.0,250.752
14335,New / Promising,0.4795118197579742,Medium,17,2,454.86,107.36,227.43
15535,Champions,0.47948807643369373,Medium,174,6,1044.37,0.0,174.06166666666664
14785,New / Promising,0.47929209134241463,Medium,11,2,77.4,77.4,38.7
15276,Champions,0.4792350707689846,Medium,67,4,619.8000000000001,128.63,154.95000000000002
15384,Champions,0.47904088220310515,Medium,170,4,2027.79,0.0,506.9475
14862,New / Promising,0.47880211930682864,Medium,26,2,841.2,537.1,420.6
12601,Hibernating,0.47868667592293895,Medium,190,6,573.2600000000001,0.0,95.54333333333336
15790,New / Promising,0.4782929377523078,Medium,11,1,218.75,218.75,218.75
12398,New / Promising,0.4780325597242397,Medium,46,1,1435.66,1435.66,1435.66
13563,New / Promising,0.4780265834131048,Medium,85,2,777.53,466.65,388.765
12571,New / Promising,0.47787936563215644,Medium,40,2,519.61,271.26,259.805
16071,Champions,0.47764095393261635,Medium,45,4,1076.8000000000002,326.24,269.20000000000005
13365,Champions,0.47756542409591163,Medium,34,2,2225.3700000000003,1524.7700000000002,1112.6850000000002
13560,New / Promising,0.4774886403197223,Medium,8,1,171.42,171.42,171.42
15904,New / Promising,0.47726670621694717,Medium,9,1,164.68,164.68,164.68
17664,Champions,0.47719941393111925,Medium,19,4,1166.23,278.45000000000005,291.5575
16386,Champions,0.4770103122123541,Medium,29,3,1068.16,241.47,356.05333333333334
14756,Champions,0.4769048997476328,Medium,16,3,2603.76,738.9600000000002,867.9200000000001
15393,Champions,0.4768034086151533,Medium,17,5,891.34,107.76,178.268
14014,Champions,0.476714660821768,Medium,78,3,1948.21,505.18000000000006,649.4033333333333
17817,Champions,0.4764763400219654,Medium,5,6,788.15,117.98,131.35833333333332
17885,New / Promising,0.47573036845793504,Medium,13,1,156.34,156.34,156.34
15057,Champions,0.47552562850962793,Medium,276,5,3255.96,0.0,651.192
17771,Hibernating,0.4752772765150633,Medium,57,4,386.93000000000006,129.53,96.73250000000002
17385,New / Promising,0.47496393785140306,Medium,15,1,256.11,256.11,256.11
17376,Hibernating,0.47470872700461214,Medium,71,4,453.64,97.35,113.41
17313,New / Promising,0.47440186041528043,Medium,32,1,2328.84,2328.84,2328.84
14988,Champions,0.4739611692091417,Medium,212,7,2038.65,0.0,291.2357142857143
14765,New / Promising,0.473386254202757,Medium,30,3,254.11,158.61,84.70333333333333
14643,Champions,0.47323740125154856,Medium,171,5,1679.89,0.0,335.97799999999995
17829,Champions,0.472793120359013,Medium,299,5,4756.74,0.0,951.348
12755,Champions,0.47276445376716736,Medium,281,11,5236.26,0.0,476.0236363636364
13602,Champions,0.4727605587524326,Medium,65,4,1025.17,428.89,256.2925
15483,Champions,0.4727555873252243,Medium,162,10,810.68,0.0,81.068
12560,New / Promising,0.4725925810233969,Medium,6,2,1918.01,625.7,959.005
14504,Hibernating,0.4725017429388594,Medium,48,4,673.26,130.54999999999998,168.315
14597,Champions,0.47243150468211276,Medium,12,6,2184.63,701.14,364.105
12497,Champions,0.4721482502110464,Medium,82,3,5996.5,953.1,1998.8333333333333
16903,Champions,0.4721475305825407,Medium,30,3,1041.75,363.2,347.25
16442,Champions,0.47202383921551444,Medium,2,5,891.98,176.87,178.39600000000002
13635,Champions,0.47180955516361334,Medium,68,4,2999.16,1071.03,749.79
12556,New / Promising,0.4711330120706652,Medium,51,2,599.56,290.81,299.78
16414,Hibernating,0.47104644752292335,Medium,22,5,551.21,75.45,110.242
14544,Champions,0.47080150251343095,Medium,25,3,2938.5299999999997,902.53,979.51
15863,Hibernating,0.4707944145201612,Medium,26,5,355.0999999999999,59.64,71.01999999999998
16037,Champions,0.47023154185405,Medium,270,5,1509.34,0.0,301.86800000000005
13298,New / Promising,0.47013010750916623,Medium,2,1,360.0,360.0,360.0
18082,New / Promising,0.4700400242556094,Medium,26,1,680.84,680.84,680.84
14788,Champions,0.47003584615581173,Medium,8,3,1156.32,679.44,385.44
13476,Champions,0.46997826003412196,Medium,179,5,2061.4700000000003,0.0,412.294
15759,Hibernating,0.46951570260260134,Medium,219,7,830.9300000000001,0.0,118.70428571428572
16830,Champions,0.4694893616050674,Medium,39,4,1207.5,325.90999999999997,301.875
13598,Champions,0.4694746028598336,Medium,48,5,761.9599999999999,160.04,152.392
13236,New / Promising,0.4694455262337225,Medium,25,2,744.8499999999999,305.62,372.4249999999999
14984,Champions,0.4691339481089113,Medium,20,6,1260.51,100.14,210.085
13805,New / Promising,0.4690709128901608,Medium,53,2,924.6,424.36,462.2999999999999
13422,New / Promising,0.4690612792991401,Medium,65,1,2626.3,2626.3,2626.3
15205,New / Promising,0.46829871012344254,Medium,86,2,653.24,176.94,326.62
18189,Champions,0.4681961503276984,Medium,78,3,1403.73,457.1400000000001,467.91
16054,Champions,0.4680526385631692,Medium,146,4,2111.88,0.0,527.97
12358,Champions,0.46766394408390577,Medium,2,5,3447.0699999999997,523.2,689.414
18239,Champions,0.46765702816658716,Medium,219,6,1712.2600000000002,0.0,285.3766666666667
12372,Hibernating,0.46759977500278843,Medium,72,3,1196.0400000000002,353.12000000000006,398.68000000000006
14660,New / Promising,0.4674877206688219,Medium,87,2,285.74,156.79,142.87
15181,Hibernating,0.4674331583814607,Medium,67,5,1200.2,254.48,240.04
13434,Hibernating,0.4672575413633271,Medium,75,5,1666.86,461.4,333.372
16017,Champions,0.4671026556783605,Medium,48,5,1545.5800000000002,211.88,309.11600000000004
12917,Champions,0.4668425592856651,Medium,129,6,4359.2,0.0,726.5333333333333
15983,Champions,0.46672067308315823,Medium,23,8,3110.37,326.75,388.79625
18081,New / Promising,0.4666736030359068,Medium,37,3,343.45000000000005,135.4,114.48333333333336
16504,New / Promising,0.46665640261498986,Medium,26,1,465.88,465.88,465.88
13258,Champions,0.46665541361074353,Medium,12,5,1009.43,473.96,201.886
16212,Champions,0.46659522895721633,Medium,20,4,1293.71,192.19,323.4275
16532,Champions,0.46656999241975566,Medium,18,5,8756.64,2232.0,1751.328
12689,New / Promising,0.46648341214443717,Medium,26,2,1139.61,664.5799999999999,569.805
13029,Champions,0.46643125242983396,Medium,31,5,1927.3,474.2999999999999,385.46
16140,Champions,0.4661844551847832,Medium,66,3,1433.46,601.04,477.82
14336,Champions,0.46597681875557495,Medium,17,4,1614.91,500.52,403.7275
17898,Hibernating,0.4658965472386007,Medium,86,4,299.18,52.22,74.795
14682,Champions,0.46585941627676997,Medium,188,6,1514.8100000000002,0.0,252.46833333333336
14759,Champions,0.4658441505695015,Medium,5,3,1625.9699999999998,755.1199999999999,541.9899999999999
15806,Hibernating,0.46581202363408336,Medium,47,3,784.58,262.7,261.5266666666667
15636,Champions,0.46550437202064937,Medium,90,4,1444.58,418.06,361.145
17707,Hibernating,0.4653751426708873,Medium,186,8,609.3,0.0,76.1625
17423,Champions,0.4650582732845329,Medium,47,3,1118.95,248.99,372.98333333333335
17604,Champions,0.4645404910201762,Medium,218,6,942.38,0.0,157.06333333333336
18150,New / Promising,0.4644386273083614,Medium,33,3,566.58,153.29999999999998,188.86
14836,New / Promising,0.4642220703954748,Medium,11,3,102.45,102.45,34.15
14737,Champions,0.46399062123173546,Medium,4,4,3554.1700000000005,82.8,888.5425000000001
15582,New / Promising,0.46373586104262543,Medium,25,3,682.9100000000001,141.4,227.63666666666668
15821,New / Promising,0.46367338000126734,Medium,45,2,570.96,570.96,285.48
15400,Hibernating,0.46344272403143366,Medium,93,8,1302.3000000000002,0.0,162.78750000000002
12402,Hibernating,0.4633626707371861,Medium,324,6,1136.9,0.0,189.48333333333332
14912,Champions,0.46335843890245004,Medium,17,5,1849.58,385.06,369.916
14953,Champions,0.4632718282669855,Medium,26,4,968.82,285.66999999999996,242.205
18181,Champions,0.46317283818881116,Medium,25,5,1188.34,366.8500000000001,237.66800000000003
12586,Champions,0.46270800196312384,Medium,18,4,2062.67,196.94000000000003,515.6675
18117,New / Promising,0.46248408144098585,Medium,26,1,314.4,314.4,314.4
17695,Champions,0.4623064497930109,Medium,132,5,1746.04,0.0,349.20799999999997
14561,New / Promising,0.46222254441628347,Medium,76,3,1080.76,513.77,360.25333333333333
17221,Champions,0.4616030199332719,Medium,8,5,976.62,334.48,195.324
12434,Champions,0.4613441313089133,Medium,85,3,1103.4299999999998,519.89,367.80999999999995
16023,Champions,0.4610109444553716,Medium,47,3,719.81,219.12,239.93666666666664
14127,Champions,0.4609932710952451,Medium,123,6,1900.08,0.0,316.68
14481,Champions,0.4607312357753891,Medium,165,5,2284.69,0.0,456.938
13878,Champions,0.4604851774179222,Medium,55,4,2416.9,1271.57,604.225
15372,Champions,0.4603498247862885,Medium,138,8,6017.0599999999995,0.0,752.1324999999999
15646,Hibernating,0.4603427044325869,Medium,158,5,784.8100000000001,0.0,156.96200000000002
13280,Champions,0.4602297758215805,Medium,123,7,2293.33,0.0,327.61857142857144
15279,Champions,0.4602064196498718,Medium,355,5,1580.54,0.0,316.108
16419,Champions,0.45992317401250593,Medium,113,8,1463.7,0.0,182.9625
18220,Hibernating,0.459700911341725,Medium,227,6,1921.76,0.0,320.29333333333335
13487,Hibernating,0.45868964639634763,Medium,58,5,846.87,166.6,169.374
16092,Champions,0.45837736240870325,Medium,115,6,1587.94,0.0,264.6566666666667
12479,New / Promising,0.45829648127255196,Medium,12,1,473.19999999999993,473.19999999999993,473.19999999999993
13569,Champions,0.4582914121849844,Medium,18,4,725.04,227.3,181.26
14139,Champions,0.4579932982207124,Medium,47,4,1086.8,415.82,271.7
16268,New / Promising,0.45784700980583404,Medium,72,2,617.6500000000001,617.6500000000001,308.82500000000005
17495,Champions,0.4577185788519889,Medium,8,3,806.72,497.56,268.9066666666667
16367,Champions,0.45759584582728596,Medium,38,3,1350.48,633.58,450.16
14669,Champions,0.45757317229774447,Medium,242,7,3216.7799999999997,0.0,459.54
16597,New / Promising,0.45739399254002083,Medium,5,1,90.04,90.04,90.04
16105,Champions,0.45727352530703635,Medium,249,5,2386.1899999999996,0.0,477.23799999999994
17555,Champions,0.4567102190502271,Medium,20,5,1045.74,284.85999999999996,209.148
14512,Hibernating,0.4562655758638409,Medium,188,7,1215.97,0.0,173.71
12541,Hibernating,0.45589618458164455,Medium,30,3,841.1800000000001,361.04,280.3933333333334
12625,Champions,0.4558010091897122,Medium,212,4,4678.88,0.0,1169.72
15186,Champions,0.4554656340196654,Medium,15,5,1403.2,182.15,280.64
15732,Champions,0.4553222086967881,Medium,213,10,1543.97,0.0,154.397
15777,Hibernating,0.45529265898843824,Medium,242,7,1762.61,0.0,251.80142857142857
17483,Hibernating,0.455124509776613,Medium,66,4,591.73,139.3,147.9325
16306,Hibernating,0.45505629972133665,Medium,214,7,1124.7199999999998,0.0,160.67428571428567
12438,Champions,0.4550251535928133,Medium,15,2,2466.8500000000004,1696.7800000000002,1233.4250000000002
12654,New / Promising,0.4549548140740939,Medium,11,5,529.98,228.23,105.996
18034,Champions,0.4549359910508304,Medium,22,3,753.35,418.6799999999999,251.11666666666667
16836,Hibernating,0.45490569064669956,Medium,40,4,782.3699999999999,160.55,195.59249999999997
14356,New / Promising,0.45489311671461524,Medium,80,2,701.23,701.23,350.615
15664,Champions,0.4548525493402104,Medium,51,4,1231.53,386.43,307.8825
14050,New / Promising,0.45457291191489446,Medium,32,2,746.3600000000001,260.38,373.18000000000006
13889,Champions,0.45451166443847907,Medium,93,6,1991.23,0.0,331.87166666666667
17827,Champions,0.4537840361576047,Medium,6,6,2376.17,406.86,396.02833333333336
12367,New / Promising,0.4534984630059408,Medium,5,1,150.9,150.9,150.9
14164,New / Promising,0.4534805182364175,Medium,71,2,1631.77,1631.77,815.885
15907,Champions,0.45341447965610915,Medium,4,3,881.87,404.28,293.95666666666665
16788,Champions,0.4532195772563542,Medium,124,5,1927.28,0.0,385.456
13278,Champions,0.45317516533451757,Medium,41,4,1425.35,542.7299999999999,356.3375
12427,Hibernating,0.45301679980795273,Medium,22,3,699.8000000000001,450.30000000000007,233.26666666666668
15197,Champions,0.45300891144724154,Medium,11,6,1877.51,306.36,312.91833333333335
12822,New / Promising,0.4528919255866667,Medium,71,2,948.88,948.88,474.44
16352,New / Promising,0.4524415967770261,Medium,18,2,494.43999999999994,494.43999999999994,247.21999999999997
13741,Hibernating,0.45205104431620124,Medium,72,3,668.4300000000001,305.3,222.81000000000003
17911,New / Promising,0.4516134226801389,Medium,10,1,366.23,366.23,366.23
14567,New / Promising,0.4501914473063574,Medium,57,2,1530.36,729.6,765.1800000000001
15516,New / Promising,0.4501721826008803,Medium,45,3,62.43000000000001,62.43000000000001,20.81
16730,Hibernating,0.449950318782219,Medium,53,3,743.11,262.17,247.70333333333335
16174,Champions,0.44983636919825554,Medium,127,7,2246.75,0.0,320.9642857142857
13673,New / Promising,0.4497953833733249,Medium,19,2,387.43999999999994,387.43999999999994,193.71999999999997
15440,Hibernating,0.4493741076874285,Medium,55,3,383.68,146.01999999999998,127.89333333333332
17320,Champions,0.44932693922464867,Medium,101,6,2444.8500000000004,0.0,407.4750000000001
17759,Champions,0.4491069566463581,Medium,18,5,1260.63,652.8100000000001,252.126
13711,Champions,0.44845599714373535,Medium,219,9,1792.2600000000002,0.0,199.14
15626,Champions,0.4484219413847504,Medium,75,3,1067.52,393.92,355.84
16189,New / Promising,0.4480714585653841,Medium,16,2,215.48,215.48,107.74
17631,Champions,0.44796011407555425,Medium,2,7,998.49,111.83,142.64142857142858
16674,New / Promising,0.44729182774556514,Medium,55,2,304.24,189.14,152.12
16671,New / Promising,0.4472344821807231,Medium,29,3,1692.2700000000002,309.39,564.09
14403,Hibernating,0.4456854816150637,Medium,131,6,1880.51,0.0,313.41833333333335
17382,Hibernating,0.4456754988961669,Medium,66,8,902.28,65.4,112.785
17029,Champions,0.44544020729467604,Medium,111,7,2137.3,0.0,305.3285714285715
17179,Champions,0.4454059671568474,Medium,179,6,1507.26,0.0,251.21
15654,New / Promising,0.44536928505315865,Medium,10,2,922.53,922.53,461.265
13158,Champions,0.44523354857005126,Medium,95,5,1508.18,0.0,301.636
16625,Champions,0.44466430832676823,Medium,275,5,1654.0299999999995,0.0,330.8059999999999
14067,New / Promising,0.44465463012033607,Medium,64,2,374.7000000000001,150.03000000000003,187.35
16685,New / Promising,0.44373366302850487,Medium,62,2,324.24,324.24,162.12
15637,Hibernating,0.443516543968633,Medium,53,5,797.59,223.36,159.518
17979,Champions,0.4429148309346233,Medium,36,4,729.01,234.46999999999997,182.2525
14775,Champions,0.4428837329092652,Medium,59,3,1011.9,310.43999999999994,337.3
17595,New / Promising,0.44257124151900895,Medium,13,2,386.69,386.69,193.345
14896,Champions,0.4421680142048793,Medium,205,8,1826.0,0.0,228.25
17731,Champions,0.4415610769629288,Medium,80,6,1708.99,276.37,284.83166666666665
15661,Hibernating,0.4415230641988295,Medium,318,8,1215.95,0.0,151.99375
16639,Champions,0.44122386881653486,Medium,32,4,1747.98,786.36,436.995
15612,New / Promising,0.44054597529286976,Medium,37,2,195.15,195.15,97.575
14934,Champions,0.44017142851392616,Medium,82,5,3403.5,1062.1,680.7
17058,Hibernating,0.439427333371277,Medium,82,3,1179.89,360.23,393.2966666666667
16948,Hibernating,0.43903009572786134,Medium,139,7,868.77,0.0,124.11
15855,Champions,0.4385370519026473,Medium,137,6,1052.72,0.0,175.45333333333335
15101,Champions,0.43823550028529357,Medium,9,6,1477.94,215.25,246.32333333333335
13752,Champions,0.43821532981636846,Medium,125,7,1579.83,0.0,225.69
15847,Hibernating,0.4378332075331812,Medium,39,5,822.57,208.59,164.514
15195,New / Promising,0.4378085840676879,Medium,3,1,3861.0,3861.0,3861.0
12442,New / Promising,0.43743281162815434,Medium,4,1,144.06,144.06,144.06
17892,New / Promising,0.4373520674084266,Medium,57,3,244.09999999999997,102.0,81.36666666666666
13914,New / Promising,0.43716109404907866,Medium,12,2,626.45,626.45,313.225
13873,Champions,0.4371097097996293,Medium,120,8,1038.9199999999998,0.0,129.86499999999998
13109,Champions,0.4369914052199095,Medium,60,3,1134.03,416.68999999999994,378.01
16884,Champions,0.436715651523937,Medium,38,4,1070.97,429.84,267.7425
14427,Champions,0.43669453010003634,Medium,51,4,1263.52,363.34,315.88
14853,Champions,0.43622238831760873,Medium,25,5,1376.87,261.29999999999995,275.37399999999997
14264,Champions,0.4362137966448679,Medium,155,6,1517.36,0.0,252.89333333333337
14714,Champions,0.43608360723102574,Medium,25,4,906.24,160.19,226.56
13233,Champions,0.43555673689079083,Medium,75,4,1176.46,300.88,294.115
12536,New / Promising,0.43530958767081074,Medium,60,1,4279.71,4279.71,4279.71
15978,Champions,0.4349673985874289,Medium,78,3,3279.42,1098.7800000000002,1093.14
13282,Champions,0.434954742919545,Medium,19,4,1313.19,359.0400000000001,328.2975
12516,Champions,0.4348499466596123,Medium,78,4,2288.6200000000003,656.86,572.1550000000001
13192,Champions,0.43478537579935234,Medium,96,6,2558.58,0.0,426.43
16835,Champions,0.4343813460415877,Medium,129,6,1456.66,0.0,242.77666666666667
15795,Champions,0.43404622794566156,Medium,150,8,1979.87,0.0,247.48375
16357,Champions,0.433642228415896,Medium,34,4,868.3699999999999,400.9299999999999,217.09249999999997
15872,Champions,0.43359688332335894,Medium,15,4,729.2500000000001,316.25000000000006,182.31250000000003
12694,Champions,0.43359314213024297,Medium,71,3,1663.35,376.17,554.45
13649,Champions,0.43345095633413844,Medium,257,6,1453.68,0.0,242.28
17737,New / Promising,0.43331415173706284,Medium,10,2,168.24,168.24,84.12
15068,Champions,0.4331840654360154,Medium,47,4,1174.9,313.40000000000003,293.725
17076,Champions,0.4330813914487718,Medium,37,6,1242.75,506.88,207.125
13153,New / Promising,0.4328040058159621,Medium,6,1,486.22,486.22,486.22
14327,Champions,0.4326163229931342,Medium,164,6,1894.9300000000003,0.0,315.8216666666667
12391,Champions,0.432228350529227,Medium,22,6,2724.8399999999997,439.6600000000001,454.13999999999993
17550,Champions,0.4315923079551261,Medium,198,9,2506.64,0.0,278.5155555555555
17018,Champions,0.43139401107752245,Medium,41,6,2287.7,515.1,381.2833333333333
15789,Champions,0.4313399365722438,Medium,359,6,1962.01,0.0,327.00166666666667
17594,Champions,0.43131594304194387,Medium,86,4,2497.88,678.18,624.47
13414,Champions,0.43125744156699375,Medium,134,6,2494.14,0.0,415.69
16412,Hibernating,0.4311200128999565,Medium,54,5,593.19,135.99,118.638
16317,Champions,0.43111964894312393,Medium,120,5,2192.51,0.0,438.50200000000007
13637,Hibernating,0.43100732843693645,Medium,53,3,803.05,125.65,267.68333333333334
14364,Champions,0.4307524431881871,Medium,109,8,3717.349999999999,0.0,464.66874999999993
13272,New / Promising,0.43047954110353676,Medium,32,2,276.56000000000006,276.56000000000006,138.28000000000003
18062,Champions,0.43030984287265345,Medium,174,6,1632.6699999999998,0.0,272.1116666666666
13900,Champions,0.4302565417051894,Medium,184,6,1610.59,0.0,268.4316666666667
16528,New / Promising,0.4299893786297712,Medium,4,1,244.41000000000005,244.41000000000005,244.41000000000005
17621,Champions,0.42995663106451487,Medium,22,6,3175.12,478.12,529.1866666666666
18030,New / Promising,0.42992989592841846,Medium,5,2,230.65,230.65,115.325
13436,New / Promising,0.42975497210224123,Medium,2,1,196.89,196.89,196.89
12891,Hibernating,0.429637591796762,Medium,186,11,840.5,0.0,76.4090909090909
12794,New / Promising,0.4295614885799273,Medium,54,2,860.4100000000001,543.4100000000001,430.205
17254,Champions,0.4293975900933163,Medium,5,3,469.4799999999999,271.18999999999994,156.4933333333333
16859,Champions,0.4292472590815149,Medium,145,7,1932.41,0.0,276.05857142857144
13865,Hibernating,0.4291376880857867,Medium,59,4,501.56,118.22,125.39
14475,Hibernating,0.4290763312820875,Medium,72,4,1151.15,303.68,287.7875
16589,Hibernating,0.4290737172277358,Medium,72,4,612.36,244.55999999999997,153.09
16147,Champions,0.4287156598776845,Medium,134,5,2398.91,0.0,479.782
13330,Champions,0.4286335771332041,Medium,93,6,2796.1000000000004,0.0,466.0166666666667
15449,Champions,0.4286018481020966,Medium,27,3,974.52,326.82,324.84
16330,Champions,0.4284500430952421,Medium,18,7,625.38,202.95,89.34
15831,Hibernating,0.42834827798527236,Medium,59,3,794.6400000000001,343.53000000000003,264.88000000000005
12802,Champions,0.4282486184147625,Medium,187,5,2186.42,0.0,437.284
13655,Champions,0.4281305407404579,Medium,115,6,2280.51,0.0,380.085
15948,Champions,0.4280627592892221,Medium,9,3,1509.09,955.24,503.03
17357,New / Promising,0.42795953158854677,Medium,25,2,384.38999999999993,384.38999999999993,192.19499999999996
13838,Champions,0.4278902976754686,Medium,6,10,1690.07,207.28000000000003,169.007
16506,New / Promising,0.4278525559849814,Medium,20,2,90.3,90.3,45.150000000000006
16411,Champions,0.4277678651539158,Medium,20,4,756.3899999999999,83.15,189.09749999999997
16916,Champions,0.42761153790977996,Medium,24,4,896.1200000000001,365.98,224.03000000000003
14111,New / Promising,0.4275206775719092,Medium,15,4,692.85,397.35,173.2125
14379,Champions,0.4275078126603544,Medium,45,4,1265.16,237.12,316.29
13052,Champions,0.4273031762099491,Medium,213,7,3118.4800000000005,0.0,445.49714285714293
17806,New / Promising,0.42678254737026544,Medium,12,1,546.04,546.04,546.04
15721,New / Promising,0.4266423618335368,Medium,12,1,471.4,471.4,471.4
17760,Champions,0.4265892434427437,Medium,22,6,746.3899999999999,115.05,124.39833333333333
17668,New / Promising,0.4265453179046701,Medium,2,2,347.75,347.75,173.875
17144,New / Promising,0.42649586902655434,Medium,2,2,984.57,984.57,492.285
16518,Champions,0.4264475894728221,Medium,62,4,959.37,293.62,239.84250000000003
13502,Champions,0.4261794185445363,Medium,17,5,780.5,102.84,156.1
13573,Champions,0.4258650623542387,Medium,51,6,903.0700000000002,258.48,150.51166666666668
14093,New / Promising,0.42556826059706154,Medium,13,1,433.86,433.86,433.86
17033,Hibernating,0.42500015229051213,Medium,87,4,1332.79,422.04,333.1975
12413,Hibernating,0.42487518659451284,Medium,67,4,871.4499999999999,176.2,217.8625
14855,Champions,0.4248375259542753,Medium,120,7,6520.299999999999,0.0,931.4714285714284
18232,Hibernating,0.4247203775285134,Medium,82,4,592.97,92.35,148.2425
14157,Champions,0.42464327032197635,Medium,20,5,978.69,155.71,195.738
15315,New / Promising,0.42457567912077676,Medium,65,2,570.5,336.96,285.25
13726,New / Promising,0.42419275940347984,Medium,39,2,1079.66,786.98,539.83
12397,Champions,0.42401614683370814,Medium,36,2,2214.8999999999996,1105.09,1107.4499999999998
12458,Champions,0.4238248008494611,Medium,72,4,1502.49,425.48,375.6225
12701,Champions,0.42378139263053105,Medium,80,6,2248.41,424.63000000000005,374.735
13874,Champions,0.42369033330444966,Medium,359,7,2049.15,0.0,292.7357142857143
16172,Champions,0.423563567813215,Medium,96,8,1884.55,0.0,235.56875
13249,Champions,0.42337193679868496,Medium,93,9,1608.93,0.0,178.77
13506,Hibernating,0.4230332388147152,Medium,317,5,1338.08,0.0,267.616
15889,Champions,0.4229085917439986,Medium,157,8,1407.05,0.0,175.88125
14284,Champions,0.42290564874490105,Medium,31,3,1299.65,595.25,433.2166666666667
17371,Champions,0.42287738374480954,Medium,18,6,651.3700000000001,326.26000000000005,108.56166666666668
14273,Hibernating,0.4227612052388047,Medium,52,4,559.9699999999999,109.92,139.99249999999998
15043,Champions,0.42275323973089207,Medium,32,6,2855.32,537.0,475.8866666666667
18217,Champions,0.4227102128029326,Medium,30,4,945.0400000000002,621.7500000000001,236.26000000000005
13589,Champions,0.4223590751693514,Medium,15,6,1120.74,232.65,186.79
17165,Champions,0.4223533524272678,Medium,285,6,1794.3200000000002,0.0,299.05333333333334
17459,New / Promising,0.42191884613847475,Medium,44,2,657.3000000000001,657.3000000000001,328.65000000000003
13066,New / Promising,0.4219121572544217,Medium,25,2,470.8,470.8,235.4
15539,New / Promising,0.4218152462815144,Medium,8,1,538.4599999999999,538.4599999999999,538.4599999999999
17266,Champions,0.42161022101989887,Medium,3,5,501.72,183.52,100.344
14114,Champions,0.4215219769820609,Medium,274,7,1364.09,0.0,194.87000000000003
12947,Champions,0.42133897697095357,Medium,144,6,1603.9900000000002,0.0,267.3316666666667
15565,New / Promising,0.42131567595170555,Medium,51,2,173.16,173.16,86.58
15466,Champions,0.4212261175944034,Medium,86,4,1560.46,334.53,390.115
13601,Champions,0.4211836729650285,Medium,46,4,1159.99,320.12,289.9975
15704,Champions,0.42108956089129035,Medium,141,6,3734.66,0.0,622.4433333333333
17603,Champions,0.42074978841308,Medium,79,4,1788.38,394.72,447.095
15675,Hibernating,0.4205474335670711,Medium,82,4,542.04,98.3,135.51
15618,New / Promising,0.4204021676227516,Medium,33,4,776.85,357.81,194.2125
13058,New / Promising,0.42024555573871336,Medium,25,3,271.4,223.85,90.46666666666664
15355,New / Promising,0.41986377558103816,Medium,30,2,277.05,277.05,138.525
15822,Champions,0.41979306220142665,Medium,4,6,1840.06,445.27,306.6766666666667
17727,New / Promising,0.41965990817250787,Medium,16,1,1060.25,1060.25,1060.25
16384,Champions,0.41952599326515505,Medium,90,4,1358.95,175.39999999999998,339.7375
14551,Champions,0.4194696677178466,Medium,19,7,878.09,60.8,125.44142857142856
15325,Champions,0.419389210635604,Medium,104,8,1601.4600000000005,0.0,200.18250000000003
16070,New / Promising,0.4192544244401835,Medium,23,2,852.1500000000001,852.1500000000001,426.0750000000001
13240,Champions,0.41922204343510844,Medium,97,8,1455.39,0.0,181.92375
17764,Champions,0.41875888766398955,Medium,51,5,1513.57,541.88,302.714
13579,Champions,0.4186845156277615,Medium,15,5,1374.34,302.34,274.86800000000005
14584,Champions,0.4184240429181461,Medium,170,8,1738.16,0.0,217.27
16342,Hibernating,0.41841857440680463,Medium,76,4,322.40999999999997,38.7,80.60249999999999
14147,Champions,0.4183898182960974,Medium,79,9,2590.2,300.6,287.79999999999995
17608,Champions,0.4183150263446938,Medium,34,4,488.06,191.99000000000004,122.015
17522,Champions,0.41806245382797136,Medium,2,5,1066.15,158.45999999999998,213.23
18127,Hibernating,0.4178005634303014,Medium,20,4,556.1299999999999,207.48,139.03249999999997
16823,Champions,0.417703848604492,Medium,228,7,2243.09,0.0,320.4414285714286
18022,Champions,0.41739231969031254,Medium,36,5,1506.62,612.72,301.32399999999996
17362,Champions,0.4167234320359177,Medium,240,7,1024.04,0.0,146.29142857142855
17703,Champions,0.4165440902173411,Medium,36,4,1094.84,307.78,273.71000000000004
18073,Champions,0.4165315419508141,Medium,115,12,3859.8200000000006,0.0,321.6516666666667
13467,New / Promising,0.4164284420027833,Medium,11,2,1071.91,1071.91,535.955
14708,Champions,0.41613345835987164,Medium,3,5,1793.22,425.19000000000005,358.644
12650,New / Promising,0.4161044356017817,Medium,4,1,242.44,242.44,242.44
16621,Hibernating,0.4160728764203279,Medium,52,4,813.48,204.07,203.37
15607,Champions,0.41597126519254496,Medium,337,9,1708.9700000000005,0.0,189.8855555555556
18151,Champions,0.4159387213816432,Medium,135,6,1879.44,0.0,313.23999999999995
18277,Champions,0.41592396097842654,Medium,59,5,1180.05,110.38,236.01
13960,New / Promising,0.4159179535967996,Medium,22,2,230.22,230.22,115.11
14276,Champions,0.4158643313748973,Medium,99,7,2102.68,0.0,300.3828571428571
17429,Champions,0.4155216820199014,Medium,129,5,1357.4599999999998,0.0,271.49199999999996
12857,Champions,0.41546290042083694,Medium,211,6,3688.0,0.0,614.6666666666666
15985,Champions,0.4151569611558378,Medium,124,7,2715.28,0.0,387.8971428571429
17078,New / Promising,0.4151094603341398,Medium,37,2,375.86,375.86,187.93
13171,Hibernating,0.41509882079426463,Medium,22,3,468.41,328.05999999999995,156.13666666666666
17379,New / Promising,0.4146792878179019,Medium,12,1,389.72,389.72,389.72
16861,Hibernating,0.41460793796587725,Medium,60,5,946.59,102.96,189.318
15938,Hibernating,0.4145478655884678,Medium,113,9,734.81,0.0,81.64555555555555
14179,New / Promising,0.41409388567528266,Medium,41,2,701.5699999999999,701.5699999999999,350.78499999999997
17255,Champions,0.41406192828150457,Medium,41,4,781.7,183.22000000000003,195.425
14460,Hibernating,0.41398715114563467,Medium,111,9,1093.5,0.0,121.5
16036,Champions,0.4138792609838898,Medium,88,4,2556.8399999999997,570.1899999999999,639.2099999999999
16202,Champions,0.4137172369875559,Medium,361,9,2501.99,0.0,277.9988888888889
15714,Champions,0.41356909148527415,Medium,12,5,783.96,330.0300000000001,156.792
14154,Champions,0.4135047269213255,Medium,240,8,6460.700000000001,0.0,807.5875000000001
12649,Champions,0.4132941524254849,Medium,108,8,2096.6499999999996,0.0,262.08124999999995
14904,Champions,0.4130775976218558,Medium,3,4,1630.49,1025.44,407.6225
12868,Champions,0.41297031898567793,Medium,186,8,2043.76,0.0,255.47
17386,Champions,0.41284228996910916,Medium,8,7,2812.77,989.08,401.82428571428574
17201,Champions,0.4128015906865189,Medium,54,4,1132.6,289.78000000000003,283.15
16313,New / Promising,0.41273927117270814,Medium,4,2,274.15000000000003,274.15000000000003,137.07500000000002
15073,Champions,0.41236102090790944,Medium,10,8,2788.02,181.45,348.5025
17282,Champions,0.41219931211035865,Medium,131,5,2308.54,0.0,461.708
18015,New / Promising,0.4117454146227872,Medium,5,1,120.03,120.03,120.03
16784,Champions,0.4116088477827508,Medium,20,5,892.3299999999999,107.6,178.46599999999998
14690,Champions,0.4115631249955106,Medium,45,4,777.6800000000001,142.49,194.42
15123,Champions,0.411108634571923,Medium,8,5,4656.17,1129.84,931.234
13763,Champions,0.4110579485983946,Medium,64,3,5217.4400000000005,1714.96,1739.1466666666668
13848,Hibernating,0.4106286704268567,Medium,93,8,3015.0,0.0,376.875
17597,Champions,0.410332619263146,Medium,214,5,3484.0899999999992,0.0,696.8179999999999
15665,Champions,0.41028711658456285,Medium,169,5,3987.0700000000006,0.0,797.4140000000001
13059,Champions,0.4101916183982888,Medium,250,10,2291.7700000000004,0.0,229.17700000000005
15656,Hibernating,0.4100403842237751,Medium,46,4,748.5000000000001,184.87,187.12500000000003
17163,Hibernating,0.40983630888397565,Medium,22,4,699.78,293.1,174.945
15376,Champions,0.4096198114211268,Medium,41,3,1221.56,244.33999999999995,407.18666666666667
15969,Champions,0.4095143497378798,Medium,3,5,1127.0500000000002,357.4,225.41000000000005
14644,Champions,0.40928624071342223,Medium,68,7,2247.72,643.26,321.1028571428571
17420,Champions,0.4091003345507659,Medium,51,6,953.58,207.32,158.92999999999998
16475,Hibernating,0.40896317431835266,Medium,89,4,544.3,85.0,136.075
16175,Champions,0.4082006546564066,Medium,95,7,1836.44,0.0,262.34857142857146
14578,New / Promising,0.40806661045613324,Medium,4,1,168.63,168.63,168.63
15235,Champions,0.40787452178699685,Medium,218,16,2772.76,0.0,173.2975
17666,Champions,0.4077116974498487,Medium,4,5,2047.8,728.1600000000001,409.56
12383,Champions,0.40750978080103106,Medium,185,5,1628.56,0.0,325.712
14407,Champions,0.40728022712502354,Medium,108,5,2142.7300000000005,0.0,428.5460000000001
13344,Champions,0.4069937335746569,Medium,68,3,2511.69,855.54,837.23
17082,Champions,0.4067147590208084,Medium,34,6,4732.030000000001,1366.91,788.6716666666667
16121,Champions,0.4067044207823454,Medium,58,5,1450.0400000000002,568.72,290.00800000000004
14021,Champions,0.4066633112247683,Medium,156,7,1716.58,0.0,245.22571428571428
12970,Champions,0.40666207491294143,Medium,8,10,1452.54,381.67,145.254
17897,Champions,0.4066278070295852,Medium,173,9,2053.0400000000004,0.0,228.1155555555556
12478,New / Promising,0.40661738826704014,Medium,4,1,545.99,545.99,545.99
14295,Champions,0.40658883611091684,Medium,41,4,2352.91,166.20000000000002,588.2275
17932,Champions,0.4065801969395217,Medium,30,3,1331.57,397.06,443.8566666666666
16800,New / Promising,0.40656954390453875,Medium,12,1,1162.65,1162.65,1162.65
12502,Champions,0.4060840509467136,Medium,96,5,2995.87,0.0,599.174
15835,Champions,0.4060361114291385,Medium,45,4,954.09,278.58,238.5225
16110,Champions,0.4055376739211546,Medium,46,4,1781.59,642.77,445.3975
13846,Champions,0.4054796281689175,Medium,25,4,1307.79,201.13,326.9475
16889,Champions,0.40508634459191695,Medium,195,6,2526.6499999999996,0.0,421.1083333333333
17222,Champions,0.40507124669685607,Medium,66,6,1563.61,328.65,260.60166666666663
12697,New / Promising,0.40474911587229273,Medium,29,3,757.5899999999999,183.68,252.52999999999997
17004,Champions,0.4041433671158705,Medium,47,4,2324.36,406.54,581.09
16418,Champions,0.4041215859668251,Medium,45,5,1028.74,262.76,205.748
16969,New / Promising,0.40398980297402026,Medium,40,3,650.4099999999999,171.45,216.80333333333328
13799,Champions,0.40384359595150293,Medium,117,9,2803.5699999999997,0.0,311.50777777777773
17409,Champions,0.4038302826351788,Medium,185,10,7793.51,0.0,779.351
16620,Champions,0.40346078384808787,Medium,4,6,1758.93,83.2,293.15500000000003
15949,New / Promising,0.4034209124737961,Medium,17,2,364.72,364.72,182.36
17936,New / Promising,0.4030271088706407,Medium,6,1,380.13,380.13,380.13
16551,Champions,0.4012575576174583,Medium,96,7,2237.12,0.0,319.5885714285714
13427,Champions,0.4009215910510205,Medium,20,6,1006.53,117.74,167.755
15145,Champions,0.40011229540933735,Medium,5,4,1194.73,470.7,298.6825
14496,Champions,0.39985323491492997,Medium,312,7,2363.8900000000003,0.0,337.6985714285715
16895,Champions,0.3997258364139269,Medium,65,5,1102.9,202.27,220.58
16756,Champions,0.3995089240216698,Medium,215,7,1312.37,0.0,187.48142857142855
16045,Champions,0.399373904088424,Medium,120,8,3434.9300000000003,0.0,429.36625
16825,Champions,0.3991173971578122,Medium,39,5,1826.89,456.48,365.378
17387,New / Promising,0.39888209997342183,Medium,20,2,746.81,746.81,373.405
12990,Hibernating,0.39878992487200565,Medium,32,7,955.5,145.6,136.5
17155,Champions,0.3987563122443881,Medium,18,7,892.46,108.4,127.49428571428572
18263,Champions,0.3987422150039891,Medium,26,3,1213.16,401.75999999999993,404.3866666666666
12527,Hibernating,0.3986801850554358,Medium,82,5,717.51,63.790000000000006,143.502
12508,New / Promising,0.39855904570153355,Medium,27,2,397.88,397.88,198.94
14664,New / Promising,0.39845665695998356,Medium,20,2,636.2399999999999,636.2399999999999,318.11999999999995
16245,Champions,0.3980085650347438,Medium,24,3,1413.66,643.96,471.22
14006,Champions,0.3979964298199952,Medium,116,7,2196.67,0.0,313.81
16660,Champions,0.39774352777116406,Medium,17,7,1879.55,883.29,268.50714285714287
12399,Champions,0.39771554540507903,Medium,120,7,1842.3,0.0,263.18571428571425
13350,New / Promising,0.397641076250795,Medium,17,2,879.1200000000001,879.1200000000001,439.56000000000006
16488,New / Promising,0.3974794354464412,Medium,34,3,498.80000000000007,144.23000000000002,166.26666666666668
13220,Champions,0.39698581126231053,Medium,79,5,1336.09,92.8,267.218
14758,Champions,0.3967583275675707,Medium,145,7,2864.97,0.0,409.28142857142853
12468,Champions,0.3967474153334735,Medium,188,5,3238.74,0.0,647.7479999999999
18009,Champions,0.39673293462768056,Medium,236,8,2144.23,0.0,268.02875
17828,New / Promising,0.396670720590738,Medium,23,4,1165.09,288.42999999999995,291.27250000000004
17337,Champions,0.3965978035491222,Medium,152,4,1979.61,0.0,494.9025
16320,Champions,0.39659393726996556,Medium,173,6,5628.99,0.0,938.165
13292,Champions,0.39633290043671504,Medium,39,5,994.51,329.37,198.902
16561,New / Promising,0.39627444733663697,Medium,6,2,511.12,511.12,255.56
15669,Hibernating,0.39585925357806767,Medium,41,4,684.34,118.8,171.085
15407,Champions,0.3955695704072338,Medium,34,4,1046.74,306.01,261.685
16618,Champions,0.3955272481974804,Medium,32,5,2647.5899999999997,1206.3,529.5179999999999
13455,Champions,0.39539346370372047,Medium,25,6,2212.99,365.4,368.8316666666667
17534,Champions,0.3953895433305674,Medium,54,5,1668.83,223.36,333.76599999999996
15048,Hibernating,0.3953236186720731,Medium,66,4,381.0,59.52,95.25
14138,New / Promising,0.39526491396588026,Medium,2,2,965.88,965.88,482.94000000000005
13919,Champions,0.394952929716324,Medium,60,4,1252.6799999999998,153.66,313.16999999999996
15402,Champions,0.39416970055680794,Medium,149,6,1830.12,0.0,305.02000000000004
18005,New / Promising,0.39393962184789333,Medium,4,2,226.47000000000003,226.47000000000003,113.235
16479,New / Promising,0.39385919480843207,Medium,11,2,300.83000000000004,300.83000000000004,150.41500000000002
15976,Champions,0.3932017459631738,Medium,166,6,1680.31,0.0,280.0516666666667
17138,Champions,0.3931587268792094,Medium,276,7,4417.27,0.0,631.0385714285715
13310,Champions,0.3928887832999815,Medium,29,5,1541.2,314.38,308.24
17466,New / Promising,0.3927604359673609,Medium,11,2,763.28,763.28,381.64
12719,New / Promising,0.39258479241224326,Medium,6,2,572.95,572.95,286.475
17370,Hibernating,0.39236918264795223,Medium,73,4,446.18,218.12,111.545
17560,Champions,0.39163584054413986,Medium,95,8,1895.8,0.0,236.975
13224,Champions,0.39152616204362745,Medium,61,2,2152.9500000000003,940.69,1076.475
17158,Champions,0.391468310025252,Medium,33,5,1980.0,568.42,396.0
13544,Champions,0.3913838134289923,Medium,40,6,790.1999999999998,163.05,131.69999999999996
12987,Champions,0.39136055887598514,Medium,74,5,1312.21,254.4,262.442
12895,New / Promising,0.3912249703269304,Medium,43,2,372.8,372.8,186.4
16732,Champions,0.3906182192940194,Medium,32,4,4387.64,603.7499999999999,1096.91
13363,Champions,0.39002946145428397,Medium,18,3,1623.86,892.5000000000001,541.2866666666667
15468,Champions,0.38986571940835824,Medium,52,3,1430.48,467.5100000000001,476.82666666666665
17453,New / Promising,0.38969710871328167,Medium,18,2,486.72,486.72,243.36
17549,New / Promising,0.38934307411610564,Medium,24,2,148.86,148.86,74.43
13980,Hibernating,0.3892083677310661,Medium,61,5,768.8199999999999,200.14,153.76399999999998
15142,Champions,0.3891929406878343,Medium,47,6,2619.92,498.7399999999999,436.65333333333336
16693,Champions,0.3889696291869855,Medium,69,5,1179.48,324.45,235.896
12379,Champions,0.38880233910789486,Medium,82,4,1470.22,362.4,367.555
12589,Champions,0.3887750722601077,Medium,29,6,3294.91,461.18,549.1516666666666
13149,Champions,0.3884852115502823,Medium,15,4,1676.0600000000002,543.44,419.015
13389,New / Promising,0.3884159368624483,Medium,12,3,797.9599999999999,540.0699999999999,265.9866666666666
17047,Champions,0.3876668677515425,Medium,86,6,2289.2299999999996,351.46999999999997,381.5383333333333
13692,Champions,0.3873131330110837,Medium,25,5,3114.3999999999996,616.7399999999999,622.8799999999999
12464,New / Promising,0.38719051598413123,Medium,11,8,957.05,341.5,119.63125
17268,Champions,0.3868581629252926,Medium,108,11,1733.89,0.0,157.62636363636364
17190,Champions,0.38676532964689647,Medium,59,7,1724.73,249.74,246.39
18158,New / Promising,0.3866892065121607,Medium,10,2,453.4,453.4,226.7
14385,New / Promising,0.3864641817789003,Medium,10,3,202.11,202.11,67.36999999999999
17084,Champions,0.3853636636724724,Medium,36,3,5001.210000000001,2747.99,1667.0700000000004
12876,Champions,0.38521675812324613,Medium,58,4,3751.79,1386.59,937.9475
16441,Champions,0.3848964817135319,Medium,68,5,1013.18,170.2,202.636
15238,New / Promising,0.3848837289017466,Medium,30,3,1071.9899999999998,299.21,357.3299999999999
16496,Champions,0.3845403193757801,Medium,9,6,2330.7700000000004,414.4800000000001,388.4616666666667
15676,Champions,0.38453717543254257,Medium,19,3,3435.76,2537.96,1145.253333333333
13145,Hibernating,0.384433849762245,Medium,40,7,1128.52,118.8,161.21714285714285
17648,Champions,0.38417543681106353,Medium,61,5,2216.37,690.11,443.274
15809,Champions,0.38398592041205926,Medium,37,7,1274.44,116.56,182.06285714285715
16706,New / Promising,0.3837890923057103,Medium,38,3,531.35,119.8,177.11666666666667
16999,New / Promising,0.38366311023414323,Medium,24,2,484.81999999999994,484.81999999999994,242.40999999999997
16807,Champions,0.3834282873122286,Medium,143,6,2123.88,0.0,353.98
13851,Champions,0.3834129742642396,Medium,96,8,4606.460000000001,0.0,575.8075000000001
14414,Champions,0.3833896792129517,Medium,92,8,2399.33,0.0,299.91625
12976,Champions,0.38321145879834073,Medium,212,8,3156.38,0.0,394.5475
14105,Champions,0.3829267855831283,Medium,240,5,5988.83,0.0,1197.766
16385,Champions,0.38287955918028904,Medium,61,5,881.3499999999999,281.04,176.26999999999998
15551,Champions,0.38273993148132773,Medium,37,7,1679.81,436.06,239.97285714285712
18173,Champions,0.38258621571643847,Medium,87,5,2696.36,378.0,539.272
16883,Champions,0.38256270321095787,Medium,188,19,2246.0600000000004,0.0,118.21368421052634
14161,Champions,0.38240258016291906,Medium,216,7,2996.93,0.0,428.1328571428571
13652,Champions,0.3821587580928508,Medium,46,5,2262.05,456.84,452.41
16650,Champions,0.38188018258359585,Medium,72,7,1916.11,518.4200000000001,273.73
15520,New / Promising,0.3809076283020414,Medium,2,1,343.5,343.5,343.5
16284,Champions,0.38068627705445596,Medium,32,3,1018.48,812.6800000000001,339.49333333333334
16872,Hibernating,0.3805466741383534,Medium,78,6,1213.13,215.34000000000003,202.18833333333336
14145,Champions,0.3804654913237677,Medium,47,7,7600.049999999999,891.0,1085.7214285714283
16520,Champions,0.3803775882142137,Medium,187,6,2148.38,0.0,358.06333333333333
12623,Champions,0.3796719246131899,Medium,277,7,3315.84,0.0,473.6914285714286
12693,Champions,0.3794475991117931,Medium,128,7,1415.02,0.0,202.1457142857143
16725,Champions,0.37944741779464064,Medium,303,13,1686.8099999999995,0.0,129.75461538461536
17671,Champions,0.3790460946643099,Medium,16,5,2009.16,474.16,401.832
16372,Champions,0.3788203009477268,Medium,34,5,1290.3100000000002,355.72999999999996,258.062
16188,Champions,0.3786566207773612,Medium,45,5,1087.66,226.83,217.532
16654,Champions,0.3784720311694939,Medium,142,8,1484.0700000000002,0.0,185.50875
17235,Champions,0.37839692102241784,Medium,26,8,1562.9799999999998,208.16,195.37249999999997
15799,Champions,0.37784918342576906,Medium,76,4,1421.34,402.9,355.335
13928,New / Promising,0.37756187082078607,Medium,11,4,464.5700000000001,239.12,116.1425
13503,Champions,0.37742839914782783,Medium,72,5,1778.0400000000002,216.85,355.60800000000006
13856,Hibernating,0.37731799697222485,Medium,169,11,1142.03,0.0,103.82090909090908
15182,Champions,0.3772742560374634,Medium,155,11,2998.95,0.0,272.6318181818182
12406,Champions,0.3763420321225623,Medium,23,5,6390.36,1794.05,1278.072
16322,New / Promising,0.3761352825229501,Medium,2,2,326.75,326.75,163.375
17119,New / Promising,0.3754702456494231,Medium,4,2,606.91,606.91,303.455
16102,New / Promising,0.37529604723545507,Medium,43,3,1842.14,449.30000000000007,614.0466666666666
13722,Champions,0.3752419305153018,Medium,132,10,5635.41,0.0,563.5409999999999
17540,Champions,0.3752166283311145,Medium,25,6,1590.6,310.1,265.1
15103,New / Promising,0.3746662544227294,Medium,32,2,703.36,703.36,351.68
16539,Champions,0.37466144290226033,Medium,3,10,3289.6600000000003,335.2,328.966
15623,Champions,0.37458724421786604,Medium,142,8,2437.0499999999997,0.0,304.63124999999997
15318,New / Promising,0.37458425926110084,Medium,4,1,312.62,312.62,312.62
18205,New / Promising,0.3745473761570579,Medium,37,2,517.3600000000001,517.3600000000001,258.68000000000006
14930,Champions,0.37423759074289137,Medium,109,6,5236.73,0.0,872.7883333333333
13761,Champions,0.37419709558642056,Medium,51,6,1952.17,578.9399999999999,325.3616666666667
14573,Champions,0.37415157879224564,Medium,180,13,2163.12,0.0,166.39384615384614
16898,Champions,0.3737602921227562,Medium,27,5,885.21,187.26,177.042
13790,New / Promising,0.3735310198356857,Medium,5,1,348.8,348.8,348.8
13486,New / Promising,0.37332177251593684,Medium,79,3,1122.41,302.79999999999995,374.1366666666666
16239,Champions,0.37320610527027426,Medium,57,6,1492.1999999999998,66.3,248.69999999999996
17588,Champions,0.3730502007054513,Medium,101,7,2939.55,0.0,419.9357142857143
14126,Champions,0.3730270524552711,Medium,8,4,1172.46,706.1300000000001,293.115
12370,Champions,0.37278103776502897,Medium,52,7,3956.559999999999,739.28,565.222857142857
12849,Champions,0.3727242995490655,Medium,32,6,3015.98,341.44000000000005,502.66333333333336
15850,Champions,0.3726330004086114,Medium,20,6,1006.75,118.72,167.79166666666666
17414,Champions,0.37260557820752865,Medium,44,6,2249.52,180.0,374.92
14421,Champions,0.3725364810306204,Medium,58,6,2469.37,357.92999999999995,411.56166666666667
12722,New / Promising,0.3725048256847003,Medium,86,4,979.63,49.98,244.9075
12728,Hibernating,0.3717777000826898,Medium,72,5,926.17,201.02,185.234
12879,New / Promising,0.37156898535737354,Medium,45,3,573.22,432.72,191.07333333333335
16177,Champions,0.37142694255378617,Medium,51,8,2247.3100000000004,331.94999999999993,280.91375000000005
13425,Champions,0.37125557147772276,Medium,109,5,3390.4299999999994,0.0,678.0859999999999
16108,Champions,0.3712190218806094,Medium,85,4,2235.92,842.5,558.98
15658,Champions,0.37075408492237577,Medium,191,8,2117.27,0.0,264.65875
17048,Champions,0.3706491912132421,Medium,118,7,2071.68,0.0,295.9542857142857
14289,Champions,0.3705525679160502,Medium,9,6,911.26,78.48,151.8766666666667
14915,Champions,0.3704966437071087,Medium,92,11,1811.25,0.0,164.6590909090909
14565,Champions,0.3698729568722188,Medium,96,5,3709.22,0.0,741.844
17516,Champions,0.36969637816002615,Medium,16,6,947.5,159.23000000000002,157.91666666666666
13759,New / Promising,0.36952822582437356,Medium,34,2,659.4100000000001,659.4100000000001,329.70500000000004
17557,Hibernating,0.3693697298765631,Medium,15,4,575.46,541.46,143.865
14442,Champions,0.3693453044861655,Medium,205,7,5367.0199999999995,0.0,766.7171428571428
13812,New / Promising,0.3689975864444267,Medium,43,3,485.0,224.26,161.66666666666666
17042,Champions,0.3689673230784123,Medium,3,5,1036.58,121.56,207.31599999999997
14959,Hibernating,0.3688428130489111,Medium,65,4,695.4200000000001,158.1,173.85500000000002
17573,New / Promising,0.3682949850990923,Medium,30,3,380.6,205.89,126.86666666666667
12456,Champions,0.36823178670707873,Medium,45,3,2581.04,755.6399999999999,860.3466666666667
15485,Champions,0.3677612749388616,Medium,31,7,4810.92,1296.37,687.2742857142857
14550,Champions,0.36749758179084907,Medium,11,4,1345.0600000000002,757.37,336.26500000000004
15774,Champions,0.36729638626510913,Medium,69,6,1287.09,270.8,214.515
17796,Champions,0.36698592077947434,Medium,41,7,1236.39,75.9,176.62714285714284
17041,Champions,0.3666402289409153,Medium,27,6,1655.2,320.6,275.8666666666667
15530,Champions,0.36637849194879046,Medium,22,5,1808.68,333.62,361.736
13259,Champions,0.36623544484338416,Medium,62,9,1398.79,283.18,155.42111111111112
16485,Champions,0.3661388968063905,Medium,78,5,2287.19,363.65,457.438
14700,Champions,0.36594090286200526,Medium,33,5,3076.06,654.0,615.212
14624,Hibernating,0.3656869387821323,Medium,58,6,814.07,225.85,135.67833333333334
14354,New / Promising,0.36556050593798667,Medium,6,2,163.62,163.62,81.81
17031,Champions,0.36548373447304133,Medium,12,6,2773.85,154.4,462.30833333333334
12539,Champions,0.365261961098988,Medium,23,7,11186.75,1050.66,1598.107142857143
15651,Champions,0.3647893330703065,Medium,37,5,1259.06,418.98,251.812
18154,Champions,0.363887623882661,Medium,4,5,932.6,399.19,186.52000000000004
16014,Champions,0.3636628081457467,Medium,38,5,1100.28,132.45000000000002,220.056
14947,Champions,0.36338768229687496,Medium,73,6,1049.79,112.32,174.965
17914,New / Promising,0.3633025232169653,Medium,4,1,329.36,329.36,329.36
13989,Champions,0.3626027470507805,Medium,66,5,2026.06,369.41,405.212
12407,Champions,0.3624676790654714,Medium,50,5,1507.12,264.76,301.424
14078,Champions,0.36203365805943016,Medium,102,9,1551.82,0.0,172.42444444444445
16101,Champions,0.3615461814735478,Medium,71,4,3229.16,1290.7,807.29
15579,Champions,0.36135670748954213,Medium,69,5,1250.63,132.25,250.12600000000003
13473,Champions,0.36083240257435556,Medium,61,8,2657.76,181.38,332.22
16224,Champions,0.3606305539390963,Medium,58,5,1616.5400000000002,429.42,323.30800000000005
14905,Champions,0.3605119552231941,Medium,158,8,1971.39,0.0,246.42375
16469,Champions,0.36040715763773634,Medium,24,5,803.8999999999999,357.12,160.77999999999997
14019,New / Promising,0.36028459370359384,Medium,47,3,1421.61,621.0799999999999,473.86999999999995
12631,Champions,0.3598638574923039,Medium,58,6,3321.5699999999997,480.50000000000006,553.5949999999999
15157,Champions,0.359706583504164,Medium,4,5,2654.11,430.7000000000001,530.822
12863,Champions,0.35967143528305345,Medium,53,6,2792.55,521.2,465.425
17736,New / Promising,0.35925568514615136,Medium,10,3,377.43999999999994,69.95,125.81333333333332
14020,Champions,0.35918951149666434,Medium,17,4,1249.0100000000002,642.8000000000001,312.25250000000005
13760,Champions,0.3589889722437804,Medium,55,5,1363.64,151.7,272.728
14472,Champions,0.35890783628879364,Medium,104,9,2118.72,0.0,235.4133333333333
13867,New / Promising,0.35847942223146284,Medium,32,3,1005.09,866.24,335.03000000000003
14780,New / Promising,0.3581844600250147,Medium,55,2,447.6799999999999,447.6799999999999,223.83999999999995
17175,Champions,0.35815875666174574,Medium,45,4,1443.69,311.06,360.9225
15756,Hibernating,0.35795062822789697,Medium,62,4,528.01,168.12,132.0025
12578,Champions,0.35759832120839014,Medium,22,4,4026.45,989.85,1006.6125
15026,Champions,0.35759793978088816,Medium,81,5,1044.09,233.42,208.818
15030,Champions,0.3574547992287618,Medium,72,8,1979.9100000000003,365.52,247.48875000000004
18235,Champions,0.35744240109473263,Medium,72,3,1796.4799999999998,1046.6799999999998,598.8266666666666
12421,Champions,0.3574287896124579,Medium,16,6,874.6000000000001,150.48000000000002,145.76666666666668
17100,New / Promising,0.3573545028413811,Medium,19,2,971.74,971.74,485.87000000000006
13464,Champions,0.3571048551931131,Medium,59,6,3097.6400000000003,674.6800000000001,516.2733333333334
14829,Champions,0.35684341552200927,Medium,30,7,1455.87,165.92,207.98142857142855
17585,Champions,0.3563028433627493,Medium,110,7,2064.71,0.0,294.9585714285714
17724,New / Promising,0.3561165150951072,Medium,72,3,1033.0,659.9,344.3333333333333
14681,Hibernating,0.3560951935069672,Medium,72,6,875.1500000000001,105.0,145.85833333333335
12865,Champions,0.35588391267575115,Medium,27,4,3323.4700000000003,586.85,830.8675000000001
13978,New / Promising,0.3556739969160119,Medium,15,2,196.79,196.79,98.395
18215,Champions,0.3556413983298269,Medium,90,5,2232.49,299.34000000000003,446.49799999999993
17640,Champions,0.3553991867474607,Medium,87,6,3168.9399999999996,621.66,528.1566666666666
18194,Champions,0.35535280969504607,Medium,83,6,4162.04,973.84,693.6733333333333
15492,New / Promising,0.35525189357554554,Medium,29,2,659.46,659.46,329.73
13016,New / Promising,0.3551658047943524,Medium,74,3,789.8900000000001,364.64,263.2966666666667
12510,Champions,0.3550941889046397,Medium,143,7,3039.0299999999997,0.0,434.1471428571428
13168,Champions,0.35501404046356155,Medium,37,5,1840.73,346.53000000000003,368.1460000000001
13485,Champions,0.3549397761818724,Medium,234,11,3015.2200000000003,0.0,274.1109090909091
15245,Champions,0.35472251654707154,Medium,135,8,4610.84,0.0,576.355
16136,Hibernating,0.354599567848851,Medium,60,4,946.8,550.08,236.7
17722,Champions,0.35457925315868555,Medium,97,5,3520.22,0.0,704.044
14163,Champions,0.35412598211737095,Medium,88,5,2594.62,786.52,518.924
15252,Champions,0.3534225079676612,Medium,37,5,2103.41,440.23,420.682
14591,Champions,0.35338043570129724,Medium,16,4,1320.21,1116.19,330.0525
15456,Champions,0.35321043154099074,Medium,284,10,2091.5200000000004,0.0,209.15200000000004
12348,Champions,0.3531380484686101,Medium,76,5,1658.4,270.0,331.68
16374,Champions,0.3530664680442837,Medium,67,5,1709.55,304.58000000000004,341.90999999999997
14770,Champions,0.35303341779682035,Medium,233,8,3637.64,0.0,454.705
15990,Champions,0.3526760246183668,Medium,45,7,1997.75,390.74,285.39285714285717
16855,New / Promising,0.35255351259588263,Medium,24,2,328.4,328.4,164.2
16499,Champions,0.35243919816583963,Medium,361,8,2578.34,0.0,322.2925
15239,New / Promising,0.3523393393546256,Medium,11,2,780.59,780.59,390.295
15883,New / Promising,0.3523215340886554,Medium,3,2,396.48,396.48,198.24
18125,Champions,0.35190254137749877,Medium,30,4,1131.75,197.85,282.9375
13705,Champions,0.35169664442620974,Medium,8,7,1717.19,189.18,245.31285714285715
12916,Champions,0.35156667858378693,Medium,139,7,4479.73,0.0,639.9614285714285
18093,Champions,0.3514580095846146,Medium,94,8,4452.71,0.0,556.58875
16595,Champions,0.35112574561548227,Medium,62,5,1757.75,360.15999999999997,351.55
18228,New / Promising,0.3509822720713123,Medium,57,2,779.9000000000001,779.9000000000001,389.9500000000001
15032,Champions,0.3509416211456338,Medium,257,8,11010.05,0.0,1376.25625
17054,Champions,0.3507587730065844,Medium,29,5,1356.33,149.01,271.26599999999996
17742,Champions,0.35070538716686156,Medium,114,11,2098.48,0.0,190.7709090909091
12432,Champions,0.3498834406517611,Medium,43,4,4359.32,1042.66,1089.83
17572,Hibernating,0.3498716033974801,Medium,72,10,652.21,30.75,65.221
16243,New / Promising,0.349846088967761,Medium,34,2,409.1,409.1,204.55
15353,Champions,0.34976378267032393,Medium,255,7,2794.47,0.0,399.21
15763,New / Promising,0.34917774086389214,Medium,32,2,1086.92,1086.92,543.46
14745,Champions,0.3491153015453791,Medium,113,12,2551.41,0.0,212.6175
14236,Champions,0.34910044179567884,Medium,81,5,1555.34,301.55999999999995,311.068
17503,New / Promising,0.34881427556689426,Medium,3,2,558.96,558.96,279.48
14577,Champions,0.34832574959106,Medium,13,7,1364.15,213.07,194.87857142857143
15762,New / Promising,0.3481404479506636,Medium,66,2,583.75,583.75,291.875
14871,Champions,0.34772912984249077,Medium,4,9,1228.17,165.98000000000002,136.46333333333334
15522,New / Promising,0.3475782966224765,Medium,33,2,397.9899999999999,397.9899999999999,198.995
14508,Champions,0.3475764748285501,Medium,23,5,822.9200000000001,268.05,164.584
13810,New / Promising,0.3474322319294019,Medium,29,2,827.5099999999999,827.5099999999999,413.75499999999994
16134,Champions,0.34741747327714295,Medium,22,5,2145.34,334.56,429.068
15429,New / Promising,0.3470686905409559,Medium,27,2,397.35,397.35,198.675
17734,Champions,0.34674254549765343,Medium,54,6,1442.3200000000002,160.42000000000002,240.38666666666668
13561,Champions,0.34664456155897244,Medium,216,11,1803.4,0.0,163.94545454545454
16777,Champions,0.34643777325471936,Medium,81,5,1292.1799999999998,49.099999999999994,258.436
14720,New / Promising,0.34619304073094015,Medium,6,3,663.81,508.01,221.27
16400,Champions,0.34568269185975126,Medium,95,9,3059.85,0.0,339.98333333333335
17425,New / Promising,0.3455486274512333,Medium,20,2,759.1700000000002,759.1700000000002,379.5850000000001
14396,Champions,0.34550041481786,Medium,66,7,1969.38,377.64,281.34000000000003
15525,Champions,0.3452414234158399,Medium,3,4,887.72,456.94,221.93
17007,Champions,0.3452139223602756,Medium,51,7,1120.1,314.49,160.0142857142857
14416,New / Promising,0.3450475953190773,Medium,23,2,490.22,490.22,245.11
14293,Champions,0.3448265025877089,Medium,4,9,2903.01,307.15000000000003,322.5566666666666
14224,Champions,0.34478166363131835,Medium,111,9,1841.71,0.0,204.63444444444443
15743,New / Promising,0.34457567208218537,Medium,17,4,775.9599999999999,341.90999999999997,193.99
12646,New / Promising,0.34415306786438227,Medium,5,2,1346.97,1346.97,673.485
14818,Champions,0.3438624484026702,Medium,74,6,1153.56,248.17,192.26
15569,Champions,0.34379508164569916,Medium,104,10,3583.45,0.0,358.34499999999997
13816,New / Promising,0.34357275241080465,Medium,24,2,499.6700000000001,499.6700000000001,249.83500000000004
15289,Champions,0.34334766392171784,Medium,30,5,1593.09,241.8,318.61800000000005
13460,New / Promising,0.34316986036256814,Medium,30,2,183.44,183.44,91.72
15491,Champions,0.3427726865388768,Medium,96,6,3100.09,0.0,516.6816666666667
14937,New / Promising,0.3426416466146871,Medium,57,3,1621.88,862.32,540.6266666666667
13516,Champions,0.34263225681209375,Medium,22,4,1685.2599999999998,1243.41,421.31499999999994
15620,Champions,0.34262339870053965,Medium,57,4,1942.36,678.1700000000001,485.59
17447,New / Promising,0.3424180193739646,Medium,41,2,541.53,541.53,270.765
14389,Champions,0.3423090054991389,Medium,66,5,1898.01,732.3199999999999,379.602
12853,Champions,0.34184403004320385,Medium,135,11,3907.499999999999,0.0,355.2272727272727
13500,Champions,0.3417571175287064,Medium,24,4,1466.3,840.3699999999999,366.575
18167,New / Promising,0.3417482286974275,Medium,24,3,1384.86,886.38,461.62000000000006
13124,Champions,0.3416546913213358,Medium,90,4,4641.66,1239.86,1160.415
13727,Champions,0.34155434124649503,Medium,29,8,1074.15,333.48,134.26875
17083,Champions,0.3411337948618445,Medium,110,9,4049.79,0.0,449.9766666666667
14712,Champions,0.34063072930778465,Medium,30,4,1328.0700000000002,801.35,332.01750000000004
18001,Champions,0.34026946406623465,Medium,13,6,924.14,415.13,154.02333333333334
14261,New / Promising,0.33999505656031304,Medium,51,2,1163.45,1163.45,581.725
13931,Champions,0.339975812306794,Medium,96,11,5257.38,0.0,477.9436363636363
17400,Champions,0.3398283115762753,Medium,127,8,4623.280000000001,0.0,577.9100000000001
15826,Champions,0.33955955618353306,Medium,57,4,2598.2799999999997,934.31,649.5699999999999
14412,Champions,0.3393938119450085,Medium,43,3,1426.19,770.03,475.3966666666667
15963,New / Promising,0.339140502788444,Medium,20,2,470.76,470.76,235.38
12635,Champions,0.33911272622521543,Medium,90,4,2624.41,879.54,656.1025
15344,New / Promising,0.3390482397085608,Medium,1,3,563.94,563.94,187.98
17623,Champions,0.33869802227065243,Medium,33,7,2365.77,527.05,337.96714285714285
17672,Champions,0.3386469964766413,Medium,51,6,5663.74,2000.33,943.9566666666666
17126,Champions,0.33828429966977447,Medium,153,9,2008.93,0.0,223.21444444444444
12393,Champions,0.33821401806653356,Medium,73,6,2399.45,521.5,399.9083333333333
17886,Champions,0.33813781827841866,Medium,32,6,1572.55,491.57,262.09166666666664
16986,Champions,0.3377144589379482,Medium,30,11,4888.75,1873.2,444.4318181818182
13515,Champions,0.33767179340237,Medium,73,6,1265.82,367.16,210.97
16885,Champions,0.3371523422624306,Medium,16,4,683.3499999999999,272.46,170.83749999999998
16584,Champions,0.3369623134474197,Medium,81,5,3156.17,324.14,631.234
17262,Champions,0.33675859720760354,Medium,53,11,2488.76,298.0,226.25090909090903
14045,Champions,0.3366776634231592,Medium,110,16,10986.63,0.0,686.664375
15330,New / Promising,0.3363765205789992,Medium,33,2,714.96,714.96,357.48
13617,Champions,0.3359611937932156,Medium,41,8,1278.75,178.48,159.84375
17545,Champions,0.3358646670593476,Medium,44,6,1409.86,642.32,234.9766666666667
16311,New / Promising,0.3354699528247108,Medium,18,2,616.26,616.26,308.13
15095,Champions,0.334904850069124,Medium,104,10,3141.6399999999994,0.0,314.16399999999993
14754,Champions,0.33478495391866375,Medium,45,6,1547.93,409.78,257.98833333333334
16880,Champions,0.3347132574244296,Medium,31,8,1813.21,398.30999999999995,226.65125
17950,Champions,0.33438597489712657,Medium,73,7,1166.29,219.03,166.61285714285714
15436,Champions,0.33393568137428425,Medium,13,3,1067.75,583.6500000000001,355.9166666666667
16563,Champions,0.33388769659546197,Medium,54,6,4412.5599999999995,1077.74,735.4266666666666
15494,Champions,0.3335899812710446,Medium,22,5,3702.6,160.70000000000002,740.5200000000001
13507,Champions,0.33356514651803504,Medium,4,4,2479.1600000000003,456.37,619.7900000000001
15287,Hibernating,0.3335189411298492,Medium,23,5,856.0300000000001,486.69000000000005,171.20600000000002
13308,Champions,0.3335102660883037,Medium,23,4,1670.37,570.56,417.5925
16593,Champions,0.33338254452558647,Medium,51,8,1071.14,74.53,133.8925
13186,New / Promising,0.33316228019425564,Medium,40,3,1575.8900000000003,273.95000000000005,525.2966666666667
15885,Champions,0.33283432006143054,Medium,94,13,1921.82,0.0,147.8323076923077
13430,New / Promising,0.3327502479839722,Medium,19,2,679.45,679.45,339.725
12449,Champions,0.3317574602751509,Medium,23,5,4274.889999999999,1216.71,854.9779999999998
16728,Champions,0.33157238452738386,Medium,47,4,1048.28,499.97,262.07
14817,Champions,0.3313676079628125,Medium,201,7,3609.86,0.0,515.6942857142857
12713,New / Promising,0.3306185284599177,Medium,1,1,794.5500000000001,794.5500000000001,794.5500000000001
18252,Champions,0.33006742989567023,Medium,51,7,1533.69,448.37,219.09857142857143
16027,Champions,0.32994158477227986,Medium,92,15,2048.36,0.0,136.55733333333333
16308,Champions,0.3299394656142408,Medium,38,7,5120.0,960.0,731.4285714285714
12435,Champions,0.32983342412311745,Medium,80,6,13925.93,3850.900000000001,2320.9883333333332
14842,Champions,0.32960721648256336,Medium,44,4,2824.6899999999996,923.17,706.1724999999999
16653,New / Promising,0.3295830317965238,Medium,17,2,1212.66,1212.66,606.33
14539,New / Promising,0.3295516327196096,Medium,16,2,537.48,537.48,268.74
14173,Champions,0.32936377661871546,Medium,11,6,586.0,336.79999999999995,97.66666666666669
17584,Champions,0.3293582286415637,Medium,8,6,5309.42,492.85,884.9033333333333
16511,Champions,0.32905860976348567,Medium,22,6,1758.4899999999998,352.63,293.08166666666665
12620,Champions,0.32865860269356373,Medium,15,3,1303.41,741.75,434.47
13147,New / Promising,0.3283837134383882,Medium,11,4,712.8000000000001,594.0,178.20000000000002
17816,Hibernating,0.32781032663762866,Medium,37,6,96.11,15.25,16.01833333333333
15379,Champions,0.3278045087333498,Medium,170,8,4877.84,0.0,609.73
15022,Champions,0.327631529569432,Medium,12,5,1133.4399999999998,852.3899999999999,226.68799999999996
17929,Champions,0.3275360012536047,Medium,12,12,3082.1000000000004,136.0,256.8416666666667
15088,New / Promising,0.3275114375349747,Medium,22,2,1160.0700000000002,1160.0700000000002,580.0350000000001
18204,Champions,0.32741160761025906,Medium,72,3,1975.35,616.48,658.4499999999999
12572,New / Promising,0.32711782253287647,Medium,9,2,912.42,912.42,456.21
16012,Champions,0.32707727768782124,Medium,36,5,2978.59,283.17,595.7180000000001
14665,Champions,0.32702903943559264,Medium,61,7,2749.65,1104.04,392.8071428571429
16851,New / Promising,0.3263951113982223,Medium,5,3,342.45000000000005,342.45000000000005,114.15000000000002
15561,Champions,0.3263578876499313,Medium,12,8,1934.39,350.91999999999996,241.79875
14229,Champions,0.3263289011795223,Medium,52,7,2594.04,785.0699999999999,370.57714285714286
17002,Champions,0.32626245467763393,Medium,86,7,2571.55,500.21,367.36428571428576
15002,Champions,0.32546361369941873,Medium,116,9,4138.08,0.0,459.78666666666663
15398,New / Promising,0.3247899396922536,Medium,17,2,1345.53,1345.53,672.765
16906,Champions,0.3247562925642381,Medium,82,7,1410.0700000000002,166.6,201.43857142857144
17656,Champions,0.3247029752577765,Medium,74,5,1674.6900000000005,747.0400000000001,334.93800000000005
17411,Champions,0.32457183630696523,Medium,13,5,1425.38,493.36,285.076
16726,Champions,0.3245531945115724,Medium,27,7,2063.8799999999997,581.5799999999999,294.84
13950,New / Promising,0.3243674778665959,Medium,12,4,745.0600000000001,565.75,186.265
17571,Champions,0.3242643929588028,Medium,51,5,1629.66,864.87,325.932
13318,New / Promising,0.32397531925456013,Medium,2,3,640.76,640.76,213.58666666666667
13929,Champions,0.323873645233278,Medium,170,11,3494.1000000000004,0.0,317.6454545454546
14918,Champions,0.323676700212104,Medium,116,9,5955.81,0.0,661.7566666666667
13277,Hibernating,0.32361086277033413,Medium,16,7,523.3,132.5,74.75714285714285
12993,Champions,0.32358008683317746,Medium,24,8,1259.63,42.36000000000001,157.45375
12463,Champions,0.3233700908039971,Medium,54,4,1200.7800000000002,322.99,300.19500000000005
13959,Champions,0.3233402979042775,Medium,80,6,1064.77,256.6,177.46166666666667
14618,Champions,0.3220225397176217,Medium,10,7,1342.32,341.64,191.76
18035,Champions,0.3218600306356999,Medium,36,5,1260.23,713.89,252.046
13238,Champions,0.32172554439973566,Medium,18,6,1006.63,381.88,167.77166666666668
13040,New / Promising,0.3215658296565453,Medium,9,2,676.99,676.99,338.495
17406,Champions,0.3213629453507425,Medium,334,13,4186.95,0.0,322.0730769230769
12630,New / Promising,0.32108836004514985,Medium,10,2,1030.88,1030.88,515.44
17454,Champions,0.32090101770497326,Medium,193,10,1547.94,0.0,154.794
16370,Champions,0.3207929312337186,Medium,83,4,1301.91,357.41999999999996,325.47749999999996
14662,Champions,0.3203143556608048,Medium,29,7,1376.4299999999998,229.09,196.63285714285712
18136,Champions,0.3197817893039913,Medium,64,5,1631.36,183.48,326.27200000000005
14465,Champions,0.3196577348063327,Medium,247,11,3925.85,0.0,356.8954545454546
16362,Champions,0.3194547182735542,Medium,33,6,922.16,349.34000000000003,153.69333333333333
12498,New / Promising,0.3194074221396797,Medium,22,3,349.70000000000005,349.70000000000005,116.56666666666668
13447,New / Promising,0.3191786820945167,Medium,24,3,1129.14,1129.14,376.38000000000005
14075,Champions,0.3190382162619519,Medium,5,5,1724.87,634.3399999999999,344.974
15339,Champions,0.31898478885434306,Medium,67,7,1821.02,316.17,260.1457142857143
12885,New / Promising,0.31896225213222884,Medium,64,3,1175.22,529.87,391.74
17502,New / Promising,0.31846261244526003,Medium,10,4,689.1,689.1,172.275
16122,Hibernating,0.3180792798507316,Medium,74,6,895.62,134.16000000000005,149.27
15079,Champions,0.31796233138794977,Medium,213,11,3625.400000000001,0.0,329.5818181818182
14555,Champions,0.3174944606062669,Medium,58,6,2304.03,126.2,384.00500000000005
13946,Champions,0.31740033772953274,Medium,80,6,1876.23,75.6,312.705
17360,Champions,0.3171000634259891,Medium,18,6,1200.51,247.34,200.085
14583,Champions,0.3169923220388673,Medium,6,8,1660.29,245.24,207.53625
13517,Champions,0.3169867044699582,Medium,60,3,2128.42,516.24,709.4733333333334
16157,New / Promising,0.3166337218558061,Medium,16,3,656.69,656.69,218.89666666666668
14815,New / Promising,0.31651197866556585,Medium,37,2,778.5,778.5,389.25
14167,Champions,0.3160292741296085,Medium,40,8,1274.29,172.73999999999998,159.28625
16657,Champions,0.3157359074699722,Medium,10,4,874.4300000000001,459.64,218.6075
13764,Champions,0.31535822131196034,Medium,71,6,2908.67,573.1299999999999,484.77833333333336
12982,Champions,0.3153524732040514,Medium,243,8,2744.8100000000004,0.0,343.10125000000005
14629,New / Promising,0.3152540744301086,Medium,5,2,955.26,955.26,477.63000000000005
15987,Champions,0.3151726130255526,Medium,13,8,1535.99,239.14,191.99875
14410,Champions,0.315113830982883,Medium,93,11,2630.9,0.0,239.1727272727273
16478,New / Promising,0.3150476267667414,Medium,26,3,331.0,331.0,110.33333333333331
13736,Champions,0.31504390839394725,Medium,6,7,2752.47,372.27,393.21
13787,Champions,0.3150243222111366,Medium,76,6,1222.5,202.64,203.75
15596,Champions,0.31488643177935854,Medium,101,9,2727.7200000000003,0.0,303.08000000000004
16669,New / Promising,0.31479180480180063,Medium,24,2,1344.48,1344.48,672.24
12473,Champions,0.31468149852129756,Medium,54,3,2585.73,1571.98,861.91
17405,New / Promising,0.31465097848694923,Medium,2,3,1031.41,638.0999999999999,343.8033333333333
17321,Champions,0.31418625634041525,Medium,9,6,1665.2100000000005,657.1600000000001,277.535
13291,Champions,0.31333321762820016,Medium,156,11,3270.7900000000004,0.0,297.3445454545455
16755,Champions,0.3131255461360416,Medium,115,7,2864.68,0.0,409.2399999999999
15201,Champions,0.31304938188715753,Medium,88,7,1842.95,303.28000000000003,263.2785714285714
15054,New / Promising,0.31260718892762623,Medium,13,2,302.09999999999997,302.09999999999997,151.04999999999998
18276,Champions,0.31260647136072334,Medium,44,6,1656.5200000000002,335.86,276.0866666666667
14798,Hibernating,0.3119825663498337,Medium,53,8,724.31,76.34,90.53875
15801,New / Promising,0.3119658701032067,Medium,47,3,1063.95,926.73,354.65000000000003
12933,Champions,0.311520980185022,Medium,25,8,1636.63,250.04,204.57875
15791,Champions,0.3110675114735262,Medium,44,5,3608.3399999999992,389.4500000000001,721.6679999999999
12643,Champions,0.31094000963320545,Medium,129,11,7803.820000000001,0.0,709.4381818181819
13979,Champions,0.3108953789982985,Medium,74,7,3373.630000000001,869.8700000000001,481.9471428571429
14305,Champions,0.31049297431051354,Medium,72,3,1858.96,810.51,619.6533333333333
12526,New / Promising,0.3104889038717858,Medium,1,3,1172.66,688.36,390.8866666666666
13636,Champions,0.310416508274959,Medium,37,5,949.12,302.57,189.824
12429,Champions,0.30991988129240955,Medium,10,8,5842.41,905.52,730.30125
12940,New / Promising,0.3097058512655641,Medium,55,2,899.6899999999999,899.6899999999999,449.845
12546,New / Promising,0.3094342071717282,Medium,47,2,1021.5,1021.5,510.75
13822,New / Promising,0.3093476421234548,Medium,6,2,632.0,632.0,316.0
14205,Champions,0.3093116233430563,Medium,17,9,2414.2,243.8,268.2444444444444
18064,Champions,0.3090501402961539,Medium,134,11,4481.83,0.0,407.4390909090909
15237,Champions,0.30903246265254586,Medium,2,4,1412.32,318.67,353.08
17115,Champions,0.3087563843430319,Medium,9,7,2761.49,224.68,394.4985714285714
12830,Champions,0.3079371758787485,Medium,38,6,6814.639999999999,400.3200000000001,1135.7733333333333
12674,Champions,0.3078388372255063,Medium,39,4,1844.6000000000004,532.6,461.1500000000001
16184,Hibernating,0.3071406611833925,Medium,65,6,1158.79,172.98999999999998,193.13166666666663
14001,Champions,0.30712824593845856,Medium,46,9,4228.849999999999,733.9399999999999,469.87222222222215
12640,New / Promising,0.30696942173855085,Medium,24,3,994.58,994.58,331.5266666666667
16676,Champions,0.306875717043308,Medium,34,6,2361.9,493.62,393.65
13079,Hibernating,0.3068128697716936,Medium,5,6,419.18,160.60000000000002,69.86333333333333
18149,Champions,0.3067909875079661,Medium,51,7,1553.96,62.400000000000006,221.99428571428572
14692,Champions,0.306404851903078,Medium,138,12,1715.14,0.0,142.9283333333333
16120,Champions,0.30601464819529883,Medium,60,6,2967.5099999999993,1309.14,494.58499999999987
16203,Champions,0.3058294919336076,Medium,59,6,943.84,214.6,157.3066666666667
13868,New / Promising,0.30532192240352624,Medium,8,2,3192.54,3192.54,1596.27
16104,Champions,0.30502386739078685,Medium,62,9,2774.46,298.21,308.2733333333333
16253,Champions,0.30502353255646203,Medium,67,7,7222.200000000001,1983.46,1031.7428571428572
17345,Champions,0.304852239420549,Medium,16,10,1586.63,238.51,158.66299999999998
13134,Champions,0.3047255312241373,Medium,86,6,2475.23,907.84,412.53833333333336
12356,Champions,0.3047009216432325,Medium,23,6,5611.7300000000005,58.349999999999994,935.2883333333334
13285,Champions,0.3046086329763334,Medium,24,6,3364.59,739.0200000000001,560.765
16053,Champions,0.3045555051417204,Medium,33,6,3634.84,387.76,605.8066666666666
15573,Champions,0.30375606846865055,Medium,32,5,1180.47,583.24,236.094
13276,Champions,0.30357432023397307,Medium,64,5,1891.91,453.5499999999999,378.38199999999995
12840,Champions,0.3035163365457271,Medium,144,7,4041.97,0.0,577.4242857142857
13725,Champions,0.30349133888023383,Medium,50,8,1980.56,114.86,247.57
18259,Champions,0.3033139040752029,Medium,25,7,3941.9,1962.3,563.1285714285715
13849,Champions,0.30267211836527946,Medium,52,5,3469.3,944.37,693.86
14631,Champions,0.30233470403426643,Medium,51,6,2025.69,376.9,337.615
17461,New / Promising,0.3018738859723671,Medium,23,3,735.82,735.82,245.27333333333337
13314,New / Promising,0.3017904785227382,Medium,2,3,775.94,775.94,258.6466666666667
12520,Champions,0.30174264393114436,Medium,80,5,2346.26,516.41,469.25200000000007
14233,Champions,0.3017279843508965,Medium,50,7,2904.27,503.62000000000006,414.8957142857143
14997,Hibernating,0.3016228571240957,Medium,47,4,776.5999999999999,390.92,194.15
16160,New / Promising,0.3015645859592088,Medium,66,2,1025.44,1025.44,512.72
13984,Champions,0.30130863500559113,Medium,27,12,1893.8,101.18,157.81666666666666
13055,Champions,0.3012416789553235,Medium,79,4,2321.11,869.5500000000001,580.2775
18059,New / Promising,0.30118045321411663,Medium,24,3,306.46000000000004,306.46000000000004,102.15333333333336
13591,Champions,0.30101465928013466,Medium,65,7,2093.94,340.9,299.13428571428574
14216,Champions,0.30093363400365686,Medium,4,5,2150.04,1839.3,430.008
13329,Champions,0.30077879692621373,Medium,32,8,4808.77,484.8,601.09625
17034,Champions,0.3006899986930834,Medium,17,5,1276.4199999999998,603.72,255.28399999999996
17311,Champions,0.30062184907093803,Medium,79,6,3566.56,828.39,594.4266666666666
17050,Champions,0.30042914720750774,Medium,97,10,4348.459999999999,0.0,434.8459999999999
15757,Champions,0.30039704545011736,Medium,66,6,2940.3600000000006,453.06000000000006,490.0600000000001
15815,Champions,0.3000887984917235,Medium,64,5,2100.6,225.90000000000003,420.12
13546,Champions,0.30006420581722093,Medium,13,5,1086.24,438.83,217.248
17508,Champions,0.29988417150295577,Low,281,8,4579.2300000000005,0.0,572.4037500000001
15550,Champions,0.2993959420179314,Low,5,12,2211.05,142.35,184.2541666666667
16747,New / Promising,0.2986975727148492,Low,38,2,836.06,836.06,418.03
14882,Champions,0.29858689689397666,Low,27,14,3546.65,589.7,253.33214285714288
15111,Champions,0.29846651478720093,Low,30,5,2442.37,1278.98,488.474
14857,Champions,0.2982974925555204,Low,60,7,3651.85,650.6,521.6928571428572
14250,New / Promising,0.2980853326244408,Low,8,3,1904.05,1904.05,634.6833333333334
13908,Champions,0.2979704191212868,Low,80,4,2319.5499999999997,907.9399999999998,579.8874999999999
15533,New / Promising,0.29791973335735505,Low,20,3,807.5699999999999,807.5699999999999,269.19
16249,Champions,0.2979036036259292,Low,53,5,1800.0700000000002,359.29999999999995,360.014
17232,New / Promising,0.2976755668048967,Low,3,2,417.77,417.77,208.885
16057,Champions,0.2975905110582586,Low,17,10,3854.85,718.89,385.485
14038,Champions,0.2974885444340569,Low,79,5,3069.88,473.96,613.976
17272,Champions,0.29742680448317216,Low,43,4,2148.63,739.1899999999999,537.1575
15009,New / Promising,0.29724924977766654,Low,13,3,1259.4299999999998,1259.4299999999998,419.80999999999995
17204,Champions,0.29647878692234264,Low,176,9,5504.6900000000005,0.0,611.6322222222223
16762,New / Promising,0.2959916903545825,Low,20,3,1207.24,893.09,402.41333333333336
13421,Champions,0.29584923132435453,Low,41,8,4048.25,1008.67,506.03125
16043,Champions,0.29571754136359507,Low,38,8,1856.59,97.5,232.07375
12758,Champions,0.295676870046211,Low,117,7,9903.24,0.0,1414.7485714285715
12557,Champions,0.29520735683186744,Low,17,8,18096.14,2990.0,2262.0175
13823,Champions,0.29470781964075743,Low,19,7,3403.45,307.24,486.20714285714286
15028,Champions,0.2945118036903849,Low,9,6,962.94,441.16,160.49
16099,Champions,0.2945113426630222,Low,51,7,1573.2,139.8,224.74285714285716
12775,Champions,0.294508795094157,Low,18,7,1551.12,206.36,221.58857142857144
14869,Champions,0.2941298512483443,Low,9,6,2778.14,334.39,463.0233333333333
16020,New / Promising,0.2937704722869959,Low,17,3,851.01,851.01,283.67
15297,New / Promising,0.29343467250915833,Low,11,3,641.94,641.94,213.98
16229,Champions,0.2932798035023764,Low,88,6,2867.86,652.4000000000001,477.9766666666667
14152,Champions,0.2932371539195411,Low,76,7,1997.3399999999997,306.78,285.33428571428567
13939,Champions,0.2932121144002035,Low,24,7,1560.96,178.34,222.99428571428572
17702,Champions,0.2930895501956323,Low,31,6,3144.04,485.6,524.0066666666667
13334,Champions,0.2926264043839635,Low,83,5,6201.8,793.73,1240.36
15563,Champions,0.29255991201859805,Low,23,6,2820.46,625.82,470.07666666666665
17969,Champions,0.29232947146048127,Low,167,20,2354.29,0.0,117.7145
14859,Champions,0.29191691064806824,Low,13,5,1705.64,1056.88,341.128
13320,Champions,0.29188184077634816,Low,79,6,2211.6,551.05,368.6
17966,Champions,0.2918184072083462,Low,38,10,1963.92,504.0,196.392
14931,New / Promising,0.2911337860171914,Low,5,4,864.6800000000001,621.6800000000001,216.17
13461,Champions,0.2911260250548991,Low,39,6,4160.000000000001,560.8,693.3333333333335
17162,Champions,0.290961482818959,Low,29,10,1715.46,251.80000000000004,171.546
16560,Champions,0.2905005010080359,Low,27,8,3048.38,509.2300000000001,381.0475
14306,Champions,0.2902926480163798,Low,52,6,3151.4,2093.32,525.2333333333333
18170,Champions,0.2901934532168656,Low,34,9,2878.0,324.79999999999995,319.77777777777777
12577,Champions,0.29005241648508767,Low,36,8,1613.15,426.76,201.64375
14867,Champions,0.289765240470742,Low,186,16,2952.06,0.0,184.50375
15366,Champions,0.28935627818140613,Low,76,7,2389.08,496.97,341.29714285714283
14297,Champions,0.28924361426833634,Low,18,4,1305.3300000000002,1072.73,326.33250000000004
15625,Champions,0.28893586245347624,Low,104,9,3236.4000000000005,0.0,359.6000000000001
14715,Champions,0.2886514245604124,Low,25,8,1809.55,272.63,226.19375
12883,New / Promising,0.2886272730633353,Low,25,4,703.4699999999999,703.4699999999999,175.86749999999998
15128,Champions,0.2885921807574892,Low,61,5,1783.6800000000003,300.76,356.73600000000005
15865,Champions,0.28843582287768954,Low,41,5,2241.42,581.2,448.284
15730,Champions,0.2883674963223134,Low,66,5,1726.58,343.65999999999997,345.316
12381,New / Promising,0.28820939907700927,Low,5,3,1474.81,446.07,491.6033333333333
17214,Champions,0.2882065451769572,Low,61,6,1059.12,447.15,176.52
16062,Champions,0.28811488437929433,Low,10,8,2863.45,375.48,357.93125
15977,New / Promising,0.2880432773980442,Low,18,2,1054.73,1054.73,527.365
16628,Champions,0.28790344905353116,Low,30,7,2318.1000000000004,568.21,331.1571428571429
17095,Champions,0.2878626641089146,Low,23,7,2572.25,780.2,367.4642857142857
16930,New / Promising,0.2877716304505188,Low,27,3,378.89,378.89,126.29666666666668
14342,Champions,0.2874843500798494,Low,22,6,918.44,248.82,153.07333333333332
13884,Champions,0.287163001551909,Low,8,10,1825.03,591.35,182.503
15877,New / Promising,0.28700293291737555,Low,2,2,490.33,490.33,245.165
17526,Champions,0.28676836109979204,Low,5,12,3939.2400000000007,323.1,328.27000000000004
17864,Champions,0.28611018312086495,Low,13,5,876.57,354.0,175.31400000000002
12360,Champions,0.2860579711596374,Low,53,6,3612.89,923.78,602.1483333333334
17302,Champions,0.28601991873631694,Low,15,5,1135.63,474.02,227.12600000000003
14625,Champions,0.28592100303978113,Low,197,11,4497.88,0.0,408.89818181818185
14140,New / Promising,0.28580849155275756,Low,4,2,935.05,935.05,467.525
16190,Champions,0.2857237045981113,Low,41,8,2723.55,215.08,340.44375
14657,Champions,0.2850378888786351,Low,18,6,1450.19,209.27999999999997,241.69833333333335
16811,New / Promising,0.2848660895589658,Low,5,2,547.0699999999999,547.0699999999999,273.53499999999997
17317,New / Promising,0.2846981720359792,Low,47,3,2600.34,2600.34,866.7800000000001
14740,Champions,0.2845135063432446,Low,198,11,4161.0599999999995,0.0,378.2781818181818
17351,Champions,0.2843939544109293,Low,37,12,1964.38,159.85,163.69833333333335
17988,Champions,0.2842671003102147,Low,12,13,485.69,55.120000000000005,37.36076923076923
17295,New / Promising,0.2842205957717236,Low,29,3,547.0,547.0,182.33333333333337
16869,New / Promising,0.28410240024406663,Low,23,4,817.1199999999999,429.43999999999994,204.27999999999997
13539,Champions,0.2838742735011239,Low,86,7,1569.36,315.69000000000005,224.19428571428577
12680,New / Promising,0.28362799808376193,Low,1,4,790.8100000000001,515.03,197.7025
15222,Champions,0.28324720199918907,Low,319,11,3550.91,0.0,322.81
15215,Champions,0.28302741578187185,Low,47,7,2422.4300000000003,434.9,346.0614285714286
12985,New / Promising,0.28276623471817447,Low,1,2,1239.38,1239.38,619.69
16354,Champions,0.28223011855461305,Low,64,5,1119.46,395.8,223.892
18251,Champions,0.28207251356160046,Low,88,9,26278.86,4314.719999999999,2919.8733333333334
13615,Champions,0.28195582864528695,Low,319,8,6272.530000000001,0.0,784.0662500000001
13562,Champions,0.28113189226974544,Low,82,8,4838.18,589.5999999999999,604.7725
15679,New / Promising,0.28110210580073436,Low,25,4,781.28,521.02,195.32
18116,Champions,0.2810703786841949,Low,68,13,2130.89,163.55999999999997,163.9146153846154
18087,Champions,0.280541862717837,Low,291,16,13908.72,0.0,869.2950000000001
15065,Champions,0.279812701956603,Low,38,5,3326.86,299.38,665.3720000000001
14081,Champions,0.2796485287188837,Low,303,10,4867.57,0.0,486.75699999999995
16566,New / Promising,0.27955114598741954,Low,16,5,614.66,150.78000000000003,122.932
16949,Champions,0.2793783755296311,Low,4,6,1286.27,392.52,214.37833333333333
17015,Champions,0.27935232180671227,Low,29,3,1838.61,1318.0600000000004,612.87
15444,New / Promising,0.27928447736395795,Low,10,2,1411.2100000000005,1411.2100000000005,705.6050000000001
15933,New / Promising,0.27918555884329077,Low,22,3,1107.46,1107.46,369.15333333333336
15299,Champions,0.27879266707640227,Low,68,9,5556.530000000001,1472.0,617.3922222222222
13015,Champions,0.27869559864850124,Low,54,11,6579.780000000001,1576.6,598.1618181818183
13044,Champions,0.2786167173348929,Low,292,11,4848.05,0.0,440.7318181818182
15716,Champions,0.2782696768345406,Low,146,11,2482.74,0.0,225.7036363636364
17633,Champions,0.2781033134076887,Low,32,7,2057.39,676.23,293.91285714285715
14383,New / Promising,0.2781029979705982,Low,39,3,1247.69,1005.6,415.8966666666667
13028,New / Promising,0.27758342018333554,Low,23,2,661.3199999999999,661.3199999999999,330.65999999999997
12854,Champions,0.277397413405744,Low,79,7,2970.9700000000003,505.88,424.42428571428576
14532,Champions,0.2773154407460869,Low,237,11,3845.78,0.0,349.61636363636364
15255,Champions,0.27711690441815323,Low,67,9,3706.02,890.8499999999999,411.78
15901,Champions,0.2768706181250979,Low,17,6,667.8900000000001,239.26,111.315
12798,Champions,0.2767184065119951,Low,11,4,8510.93,5370.0,2127.7325
15745,Champions,0.27590680461876066,Low,20,4,1094.59,791.74,273.64750000000004
15062,Champions,0.27589008601502696,Low,72,8,2585.6200000000003,173.82,323.20250000000004
17290,Champions,0.27556520650241917,Low,4,8,1427.48,513.01,178.435
14177,Champions,0.2753785198973143,Low,87,13,2209.69,250.0,169.97615384615386
16232,Champions,0.2753742528679921,Low,44,7,2712.9700000000003,265.84000000000003,387.56714285714287
17432,Champions,0.27501611760208977,Low,19,9,1728.99,365.76,192.11
13211,Champions,0.27390914664576527,Low,11,10,2618.77,310.78,261.877
18177,Champions,0.273802057704693,Low,32,9,2216.32,303.6,246.2577777777778
12695,Champions,0.27380045394511165,Low,8,7,1371.12,248.2,195.8742857142857
14970,Champions,0.2737197406208846,Low,69,12,4919.349999999999,472.30999999999995,409.94583333333327
17081,Champions,0.27357118472116804,Low,26,6,949.39,288.90999999999997,158.23166666666663
15027,Champions,0.273431656151599,Low,31,10,3195.6,99.18,319.56
17088,Champions,0.27336462743582707,Low,29,4,1991.01,591.9,497.75250000000005
16933,Champions,0.27334392936124197,Low,2,9,3099.3,338.5,344.3666666666667
16389,Champions,0.27306278947135637,Low,54,4,1382.0699999999997,711.8999999999999,345.5174999999999
12642,New / Promising,0.2729969982566143,Low,26,3,905.26,574.8100000000001,301.75333333333333
16934,Champions,0.27297193685762183,Low,55,6,2083.1400000000003,931.0300000000002,347.19000000000005
14916,Champions,0.27281448771282246,Low,71,8,3042.95,301.21999999999997,380.36875
13064,Champions,0.27252012987104973,Low,13,6,1666.84,446.34,277.8066666666667
12422,Champions,0.2722978116821759,Low,96,12,3639.35,0.0,303.27916666666664
15274,New / Promising,0.2718113938905512,Low,5,2,716.5699999999999,716.5699999999999,358.28499999999997
13509,Champions,0.2708097342487654,Low,9,7,1099.72,274.7,157.10285714285715
15116,New / Promising,0.2705800323831577,Low,18,4,1352.75,561.78,338.1875
15067,Champions,0.27052682667448325,Low,79,5,3862.880000000001,896.71,772.5760000000001
16503,Champions,0.2702914645736117,Low,107,11,3614.34,0.0,328.5763636363636
15834,Champions,0.27022517589745393,Low,71,7,3761.89,441.93000000000006,537.4128571428572
13184,Champions,0.26984994319161315,Low,15,10,1667.9499999999998,196.85,166.795
15156,New / Promising,0.2698045027492108,Low,2,3,961.49,961.49,320.49666666666667
13379,New / Promising,0.26949205849880736,Low,27,3,572.56,436.27,190.85333333333332
17779,New / Promising,0.26937767938317964,Low,22,3,650.32,327.23,216.77333333333337
12823,Champions,0.2693318169324715,Low,75,18,6501.5,535.5,361.19444444444446
13566,Champions,0.2691138038689826,Low,41,5,1684.7500000000002,856.84,336.95000000000005
15416,Champions,0.2689632212170341,Low,65,7,4572.82,839.9900000000001,653.26
16996,Champions,0.26796335645737845,Low,31,9,2123.61,415.18,235.95666666666668
16871,Champions,0.26785614730889706,Low,23,6,2812.34,774.5200000000001,468.72333333333336
16209,Champions,0.26774430893116635,Low,89,9,4146.78,145.72,460.7533333333334
16221,Champions,0.26773414016284414,Low,37,9,2018.4700000000005,545.49,224.27444444444447
14344,Champions,0.2672585147884023,Low,128,20,2993.05,0.0,149.6525
13159,New / Promising,0.26721460114395457,Low,9,4,1429.35,586.26,357.3375
17566,New / Promising,0.2671619226568937,Low,9,2,869.7700000000001,869.7700000000001,434.8850000000001
12762,New / Promising,0.26698476592546433,Low,8,2,1702.5199999999998,1702.5199999999998,851.2599999999999
17523,New / Promising,0.26673651034918017,Low,12,4,652.74,652.74,163.185
17157,Champions,0.2665968749734234,Low,8,19,5151.900000000001,157.54,271.1526315789474
17230,Champions,0.2664459013976539,Low,265,18,9388.49,0.0,521.5827777777778
15473,Champions,0.26642555769477255,Low,15,8,2046.0,1771.2,255.75
16298,Champions,0.2662743088276117,Low,23,7,1085.7,483.9,155.1
15952,New / Promising,0.2660262550736925,Low,34,4,781.91,472.71,195.4775
13835,Champions,0.2654934295667325,Low,26,7,1095.27,297.23,156.46714285714285
15568,New / Promising,0.26419018263300786,Low,3,3,758.2900000000001,758.2900000000001,252.76333333333335
16233,Champions,0.2641882195802145,Low,72,9,1818.31,210.18,202.03444444444443
16682,New / Promising,0.2641674471472712,Low,5,5,1028.0,217.78,205.6
14477,Champions,0.2636458273459671,Low,20,7,1969.6,786.6,281.37142857142857
14861,Champions,0.26350668094628854,Low,53,10,1380.73,125.79000000000002,138.073
13963,Champions,0.2634568398469616,Low,309,17,2860.57,0.0,168.26882352941178
17997,Champions,0.26342879786128276,Low,75,8,1962.46,250.71,245.3075
16554,Champions,0.26329153937026145,Low,43,8,2841.72,522.99,355.215
17521,Champions,0.2632852432201397,Low,30,5,1278.06,563.65,255.612
15980,Champions,0.2629853772674081,Low,89,7,6543.68,1638.68,934.8114285714286
17774,Champions,0.2627884046784911,Low,97,9,3272.83,0.0,363.6477777777778
16119,Champions,0.2627458793540707,Low,9,8,1720.81,423.36,215.10125
17679,Champions,0.2627433235386531,Low,53,7,3577.61,1992.11,511.0871428571429
14443,Champions,0.2626616920301954,Low,54,5,2082.97,428.68,416.59399999999994
16040,Champions,0.2624078305626489,Low,66,7,2416.9,437.37,345.2714285714286
13373,Champions,0.2622056816584724,Low,61,6,7587.19,1256.67,1264.5316666666663
15549,Champions,0.26216461193686186,Low,78,8,2330.41,57.83,291.30125
13173,Champions,0.2619530051649374,Low,5,11,2389.8199999999997,187.71,217.2563636363636
14332,Champions,0.26158777959978624,Low,23,5,1917.41,721.1700000000001,383.482
13167,Champions,0.26137557611844026,Low,19,5,1113.15,361.78,222.63
14651,Champions,0.2612132192932567,Low,68,9,2025.52,238.28,225.05777777777777
13662,Champions,0.26118099645494236,Low,86,11,2233.6100000000006,364.8200000000001,203.0554545454546
12412,Champions,0.2610392360922378,Low,75,6,2404.93,306.14000000000004,400.82166666666666
16240,New / Promising,0.2609358898454811,Low,25,2,3718.8,3718.8,1859.4
14315,Champions,0.2605537862310459,Low,45,8,3197.82,930.98,399.7275
15641,Champions,0.2604974590288902,Low,106,12,5345.55,0.0,445.4625
14418,New / Promising,0.2604675056934591,Low,4,3,1937.25,1786.8100000000002,645.75
13956,Champions,0.2598258660887302,Low,6,5,1019.27,343.20000000000005,203.854
15587,Hibernating,0.25937130357607757,Low,51,7,1522.08,456.84,217.44
17692,Champions,0.2590478239948799,Low,128,12,2960.4399999999996,0.0,246.7033333333333
16079,New / Promising,0.2588499473922556,Low,17,3,1352.0,1352.0,450.6666666666667
15399,New / Promising,0.25873989880318765,Low,2,3,815.7700000000001,815.7700000000001,271.92333333333335
12744,Champions,0.25796102011368727,Low,57,8,13158.160000000002,999.2599999999998,1644.7700000000002
17396,Champions,0.2578177145549952,Low,40,13,8391.6,2529.0,645.5076923076923
16200,Champions,0.25763379422533295,Low,5,12,5608.099999999999,518.3,467.34166666666664
12691,Champions,0.25729746738135234,Low,29,6,1044.4,443.5,174.0666666666667
12597,Champions,0.25715321838110555,Low,20,4,3195.2199999999993,2074.4099999999994,798.8049999999998
13524,Hibernating,0.2569781485577181,Low,41,5,680.1800000000001,271.32,136.036
18096,Champions,0.2566755884113255,Low,12,6,1638.16,849.06,273.02666666666664
14125,New / Promising,0.25664496856262414,Low,11,3,2720.63,2720.63,906.8766666666668
13940,New / Promising,0.25627272197665246,Low,18,4,839.1400000000001,448.08,209.78500000000005
13681,New / Promising,0.25574890186938176,Low,18,4,827.8300000000002,624.3700000000001,206.95750000000004
16383,Champions,0.2556922433897834,Low,75,7,2887.99,334.3,412.57
12950,New / Promising,0.25565673389867366,Low,3,3,1843.0,1843.0,614.3333333333334
14976,Hibernating,0.25544070862489443,Low,58,6,774.8600000000001,214.9,129.14333333333337
14691,Champions,0.2554052695130545,Low,31,5,2114.33,839.65,422.866
12457,Champions,0.2552704032650443,Low,67,7,2555.91,1135.98,365.13
14277,Champions,0.2550727437112022,Low,16,8,16789.16,2522.97,2098.645
17504,Champions,0.25505222125689103,Low,207,18,9490.170000000002,0.0,527.2316666666668
14077,Hibernating,0.2550520592711764,Low,41,6,615.0799999999999,189.02,102.51333333333332
14408,Champions,0.25493839916181255,Low,11,11,4102.27,308.22,372.9336363636364
17931,Champions,0.254565319081938,Low,135,14,3402.24,0.0,243.01714285714283
17097,Champions,0.2544686197747016,Low,3,9,1143.36,314.89,127.04000000000002
17515,Champions,0.254248602830302,Low,32,9,1602.5100000000002,67.65,178.0566666666667
15531,New / Promising,0.2538742426136251,Low,9,2,1972.39,1972.39,986.195
15862,Champions,0.2536280521969192,Low,9,13,2507.1399999999994,173.15,192.85692307692304
13557,Champions,0.2529347250571134,Low,29,13,3032.26,343.38,233.25076923076924
17812,Champions,0.2529200467805788,Low,13,7,911.99,506.51,130.28428571428572
16464,Champions,0.25254499443254735,Low,20,3,1298.66,918.33,432.8866666666666
18036,Champions,0.25251807329640497,Low,33,11,1545.4900000000002,149.43000000000004,140.49909090909094
16164,New / Promising,0.25243369947770394,Low,18,3,822.48,822.48,274.16
14593,Champions,0.25200980102667775,Low,22,12,3658.03,277.55999999999995,304.83583333333337
14748,Champions,0.2519063439182461,Low,30,10,2681.8999999999996,296.98,268.18999999999994
16774,Champions,0.25174840683228095,Low,68,8,1567.48,119.32,195.935
17146,Champions,0.2506829944997646,Low,106,13,5852.64,0.0,450.20307692307694
16460,New / Promising,0.25063382335285245,Low,29,3,811.23,811.23,270.41
13212,New / Promising,0.2505044458603254,Low,20,3,786.83,786.83,262.2766666666667
14587,Champions,0.2504048563063698,Low,19,9,1580.29,127.61,175.58777777777777
17061,Champions,0.25032251865692795,Low,74,11,5232.23,573.4000000000001,475.6572727272727
15681,Champions,0.2501711807751767,Low,26,14,2989.7000000000003,722.94,213.55
15839,New / Promising,0.2499847139501704,Low,34,3,1048.49,749.31,349.49666666666667
14499,Champions,0.24969736314530075,Low,27,7,2101.79,440.63,300.2557142857143
15807,Champions,0.24945812331032516,Low,51,5,1817.52,903.9,363.504
16907,Champions,0.24943231230908575,Low,30,9,1470.89,269.77,163.4322222222222
13155,Champions,0.2492671621238452,Low,34,6,1370.48,402.55999999999995,228.41333333333333
16892,Champions,0.24924962120348929,Low,2,7,754.75,415.21,107.82142857142856
18242,Champions,0.24898620460764634,Low,73,8,3605.210000000001,1538.41,450.65125000000006
14522,Champions,0.2483372951635246,Low,25,8,1748.42,213.83999999999995,218.5525
17835,New / Promising,0.24832881284852404,Low,3,3,342.24,342.24,114.08
14856,New / Promising,0.24779502958748292,Low,37,3,1290.53,1290.53,430.1766666666667
13743,New / Promising,0.24746720481714068,Low,3,7,1341.6,429.48,191.65714285714284
16533,New / Promising,0.24745752068134458,Low,20,3,1082.8100000000002,1082.8100000000002,360.9366666666667
16681,Champions,0.24729879701941634,Low,73,7,1921.8399999999997,437.66,274.5485714285714
15132,Champions,0.24714347874074674,Low,19,5,977.93,135.70000000000002,195.586
18179,Champions,0.24704727632600063,Low,10,8,2547.55,690.01,318.44375
16711,Champions,0.24651910207741123,Low,4,9,2868.48,741.16,318.72
15787,New / Promising,0.24641077136361084,Low,27,3,933.26,933.26,311.08666666666664
13772,Champions,0.24638491557651282,Low,34,8,3100.0199999999995,439.66,387.50249999999994
17994,Champions,0.24625535997164613,Low,122,11,2264.03,0.0,205.8209090909091
14235,Champions,0.24623679475575241,Low,76,9,4717.99,342.00000000000006,524.2211111111111
13077,Champions,0.24609759607460824,Low,2,11,2740.65,151.83,249.15
12679,Hibernating,0.2460557371060848,Low,59,4,951.02,152.64,237.755
15199,Champions,0.24582262281945283,Low,60,10,3122.4,300.95,312.24
15747,Champions,0.24581688510408334,Low,13,9,2499.8100000000004,421.27,277.7566666666667
13131,Champions,0.24573404459615808,Low,24,7,3313.77,748.4000000000001,473.3957142857143
15782,Champions,0.2453619177608844,Low,10,4,4014.1,2614.74,1003.525
15410,Champions,0.24533169348414888,Low,85,10,4685.72,361.43,468.572
15793,Champions,0.24525185280988587,Low,15,8,2399.57,658.97,299.94625
18237,New / Promising,0.24518253643133062,Low,3,5,987.1,261.55,197.42
17159,Champions,0.24503089355833815,Low,22,5,2099.5899999999997,1010.4299999999998,419.9179999999999
16612,Champions,0.24498229570598126,Low,33,9,3245.4300000000003,317.36,360.60333333333335
17564,New / Promising,0.2448449330357865,Low,25,3,454.01,454.01,151.33666666666667
16351,Champions,0.24466295642420932,Low,333,13,3330.0299999999997,0.0,256.1561538461538
16668,Champions,0.24461588877616283,Low,16,13,862.4200000000001,40.2,66.34
12936,New / Promising,0.24451660508380932,Low,18,4,1063.9,1063.9,265.975
17974,Champions,0.2444162417887218,Low,25,6,1739.09,539.92,289.84833333333336
12657,New / Promising,0.2441779471222715,Low,12,4,1427.18,1427.18,356.795
15122,Champions,0.2440907515388844,Low,115,11,4487.27,0.0,407.9336363636364
14741,Champions,0.24388178598450894,Low,12,7,1713.09,535.38,244.72714285714284
14232,Champions,0.24385687453203686,Low,43,5,2048.07,474.74,409.614
16235,Champions,0.24379683711563918,Low,41,8,2043.71,192.02,255.46375
14592,New / Promising,0.24372981223188828,Low,36,3,557.94,557.94,185.98
17618,Champions,0.2437137168905011,Low,6,11,4001.64,304.8,363.78545454545457
17527,Hibernating,0.24370407970978122,Low,54,4,939.37,332.75,234.84249999999997
13208,Champions,0.243272458134007,Low,60,8,1951.82,364.35,243.9775
15306,Champions,0.2431284186364777,Low,65,9,3484.73,517.28,387.1922222222222
18287,Champions,0.24277049378826807,Low,43,7,4132.99,1071.9999999999998,590.4271428571428
17460,Champions,0.2427325904548586,Low,95,16,2157.9700000000003,0.0,134.87312500000002
13032,Champions,0.24253283028318456,Low,53,9,2815.96,1010.18,312.88444444444445
12610,Champions,0.24251273908047144,Low,23,4,1747.54,643.29,436.885
18130,New / Promising,0.24212125010861693,Low,16,3,1059.39,1059.39,353.12999999999994
17653,New / Promising,0.24210188169947727,Low,37,4,1207.56,864.22,301.89
16266,Champions,0.24197122612075375,Low,74,14,1757.95,100.77,125.56785714285716
13523,Champions,0.24150401521358764,Low,34,6,4534.570000000001,1595.64,755.7616666666668
17777,New / Promising,0.24137284593782504,Low,25,3,647.56,457.76,215.85333333333332
16009,New / Promising,0.24118176241655526,Low,23,4,972.11,530.52,243.0275
16750,Hibernating,0.24112535061426257,Low,45,5,623.93,207.81,124.786
16900,New / Promising,0.24107178182124986,Low,17,3,882.1600000000001,882.1600000000001,294.05333333333334
17457,Champions,0.24088577991682655,Low,127,14,5984.8099999999995,0.0,427.4864285714285
15272,Champions,0.24072298901962527,Low,58,6,2030.95,721.94,338.4916666666667
17894,Champions,0.24054842484154199,Low,72,18,2304.16,123.06,128.0088888888889
13323,New / Promising,0.24052502759331612,Low,4,5,787.85,787.85,157.57
12827,New / Promising,0.24019069307934066,Low,6,3,430.15,430.15,143.38333333333333
17299,Champions,0.23972100656192025,Low,12,6,993.23,388.42,165.53833333333333
16456,Champions,0.2394341868593167,Low,100,13,6000.9400000000005,0.0,461.6107692307693
14129,Champions,0.23928914304108767,Low,2,9,2591.3399999999997,397.63,287.9266666666666
17744,Champions,0.23890589527550393,Low,4,7,2649.1399999999994,1033.4399999999998,378.44857142857137
16919,Champions,0.23876863741074433,Low,157,24,4909.660000000001,0.0,204.5691666666667
15113,New / Promising,0.23863115288820075,Low,10,3,3509.04,3509.04,1169.68
17883,Champions,0.23844437748481992,Low,4,7,988.42,544.9900000000001,141.20285714285714
16938,Champions,0.23822437413762937,Low,9,9,6995.360000000001,325.63000000000005,777.2622222222222
14903,Champions,0.23814714332598189,Low,22,5,2795.33,396.71,559.066
16271,Champions,0.2379361933552078,Low,16,8,3367.82,521.21,420.9775
15110,Champions,0.23778474222376578,Low,24,6,1505.85,619.55,250.975
17937,Champions,0.237270468149984,Low,9,7,4301.22,686.7,614.46
15288,Champions,0.23721162897322165,Low,44,10,3706.53,300.16,370.653
12609,Champions,0.2371774033441446,Low,79,9,3021.8599999999997,290.12,335.7622222222222
17388,Champions,0.2371489003603824,Low,78,11,2675.3700000000003,306.53000000000003,243.21545454545455
14978,Champions,0.23712160575845953,Low,73,10,3112.1899999999996,394.14,311.21899999999994
16493,Champions,0.23682685574819967,Low,80,7,2132.09,569.34,304.5842857142857
16924,New / Promising,0.23682309359309722,Low,22,3,829.8899999999999,829.8899999999999,276.62999999999994
18188,Champions,0.23637996729918356,Low,16,6,3280.59,1574.44,546.765
17591,Champions,0.2363504020416536,Low,74,8,2339.32,362.8,292.415
14446,Champions,0.23622668521427875,Low,1,5,1195.48,702.51,239.096
12670,Champions,0.23622098237038514,Low,11,7,3436.29,1253.58,490.8985714285714
16303,Champions,0.2361472764175478,Low,26,7,7928.27,1324.3,1132.61
15811,Champions,0.23594540019059745,Low,23,7,3392.55,444.82,484.65
13505,Champions,0.2357371687565899,Low,73,4,3633.63,1490.5099999999998,908.4075
16759,New / Promising,0.23546561397934743,Low,8,3,789.79,789.79,263.2633333333333
18016,Champions,0.23519867831280114,Low,33,7,1954.5599999999995,994.8,279.2228571428571
13659,Champions,0.23503271682046248,Low,206,12,4884.68,0.0,407.0566666666667
18079,Champions,0.23486145035089673,Low,46,5,4203.93,1406.97,840.7860000000001
15220,Champions,0.23413377947224367,Low,52,6,1778.96,494.9099999999999,296.49333333333334
14529,New / Promising,0.23373902704686686,Low,61,3,578.61,443.37,192.87
16000,New / Promising,0.2333973976073987,Low,3,3,12393.7,12393.7,4131.233333333333
15228,Champions,0.23339191112442342,Low,67,6,5580.27,1162.68,930.045
16261,Champions,0.23325302695319614,Low,18,6,1041.16,318.55,173.52666666666667
12488,New / Promising,0.23311581468090686,Low,10,3,1244.66,1244.66,414.8866666666667
16049,Champions,0.23309177325638078,Low,41,6,1852.15,1074.81,308.69166666666666
17075,Champions,0.2330054446275665,Low,18,10,2236.63,138.05,223.663
15996,Champions,0.23299522239657108,Low,89,7,1386.4,152.82,198.05714285714288
16369,Champions,0.23291391615453713,Low,19,7,2654.48,1188.88,379.2114285714286
14805,Champions,0.23286721323571566,Low,16,7,1082.55,437.15,154.65
14828,Champions,0.23272727217413003,Low,197,13,9839.46,0.0,756.8815384615384
13577,Champions,0.23251930166265933,Low,26,11,3484.28,493.80000000000007,316.75272727272727
16637,Champions,0.23242156998505048,Low,33,4,1154.4699999999998,623.92,288.61749999999995
17044,Champions,0.23214402224033173,Low,26,12,11962.3,948.48,996.8583333333336
14083,Champions,0.2318909343046865,Low,5,11,1082.19,469.5100000000001,98.3809090909091
15421,Champions,0.2313595117047302,Low,59,10,3805.34,211.00000000000003,380.534
17797,Champions,0.23130335931316665,Low,23,8,1971.87,508.01999999999987,246.48375
14387,New / Promising,0.23097530729168647,Low,33,3,1727.6,1286.84,575.8666666666667
12428,Champions,0.23069532570180534,Low,26,8,6405.260000000001,328.34000000000003,800.6575000000001
14409,Champions,0.23006481996410766,Low,72,9,3427.29,115.72,380.81
12759,Champions,0.22995214877477213,Low,53,8,4618.74,403.92,577.3425
12628,New / Promising,0.22989350934391484,Low,5,3,732.46,732.46,244.15333333333336
16463,Champions,0.2298700934371707,Low,22,4,1422.4,1103.03,355.6
12613,Champions,0.22984185808860055,Low,58,9,6277.37,1755.8599999999997,697.4855555555555
16295,New / Promising,0.22944942024088508,Low,10,4,1328.5500000000002,1328.5500000000002,332.13750000000005
13892,Champions,0.2294147198170434,Low,27,6,1267.65,578.4499999999999,211.275
15594,Champions,0.22919968539068888,Low,16,5,1771.7799999999995,983.5599999999996,354.35599999999994
12352,Champions,0.2290872730483126,Low,37,9,1729.54,744.23,192.17111111111112
13200,New / Promising,0.22902135253920752,Low,20,4,870.0900000000001,550.7700000000001,217.52250000000004
17768,Champions,0.2285289790931566,Low,9,7,3292.7299999999996,1696.07,470.38999999999993
14609,Hibernating,0.22845992476503205,Low,73,10,1486.1999999999998,115.2,148.61999999999998
13596,New / Promising,0.22836109797924226,Low,6,2,664.1100000000001,664.1100000000001,332.05500000000006
13549,Champions,0.22781554095232862,Low,26,8,1005.8,156.14999999999998,125.725
16182,Champions,0.22781298567300684,Low,73,9,9971.65,1773.65,1107.961111111111
12645,Champions,0.22700599818512304,Low,34,8,3215.3,410.32,401.9125
15164,Champions,0.2265303518527494,Low,69,9,2028.11,461.35,225.3455555555555
17867,Champions,0.2261058777161092,Low,31,14,1560.72,200.39,111.48
17236,Champions,0.22593446107571155,Low,13,12,1929.26,218.40000000000003,160.77166666666668
12872,Champions,0.22550469900332185,Low,327,12,3283.96,0.0,273.66333333333336
17284,Champions,0.2253774258801049,Low,61,7,2558.6000000000004,158.44,365.5142857142858
12359,Champions,0.22537670767108062,Low,58,10,8873.39,2814.3,887.3389999999999
17646,Champions,0.22477536243099436,Low,220,12,3898.79,0.0,324.89916666666664
15497,Champions,0.22466191840908206,Low,18,9,8657.390000000001,291.6,961.9322222222224
12838,Champions,0.2246339370171834,Low,34,10,2975.91,281.15999999999997,297.591
15621,New / Promising,0.22461322781685703,Low,5,4,1293.03,1293.03,323.2575
15452,Champions,0.22441044376104854,Low,30,6,1785.11,291.48,297.5183333333334
15812,Champions,0.22415229056919056,Low,108,12,5201.47,0.0,433.4558333333334
15814,Champions,0.22402723622340776,Low,17,6,2634.4400000000005,1945.3300000000004,439.07333333333344
17014,New / Promising,0.2237840022886873,Low,9,3,583.43,583.43,194.47666666666663
15208,Champions,0.22376771727944203,Low,2,6,970.52,546.5999999999999,161.75333333333333
15411,Champions,0.22376018472147235,Low,27,4,1348.93,966.72,337.2325
18171,Champions,0.2235569805045854,Low,59,9,2437.31,237.00000000000003,270.8122222222222
13037,Champions,0.22352847143248186,Low,139,12,3914.95,0.0,326.24583333333334
12423,Champions,0.22335089711799563,Low,1,10,2301.39,193.64,230.139
17019,Champions,0.2230887412943867,Low,12,11,3586.99,262.15000000000003,326.09
12480,Champions,0.22261875864599656,Low,29,7,4834.85,992.68,690.6928571428572
12828,New / Promising,0.222561839998574,Low,3,6,1018.71,603.1999999999999,169.785
12727,Champions,0.2224155056002726,Low,11,10,4905.53,571.0,490.553
15267,New / Promising,0.22223961151080698,Low,23,5,1717.36,309.6,343.472
12408,Champions,0.22208598108716057,Low,33,8,3905.77,679.5,488.22125000000005
13232,Champions,0.22188919660764977,Low,13,7,1327.75,309.29999999999995,189.67857142857144
13869,Champions,0.22137284534164564,Low,124,10,7996.870000000001,0.0,799.6870000000001
14447,Champions,0.21987023109075893,Low,19,6,1711.73,562.2,285.28833333333336
12782,Champions,0.2197154674303586,Low,5,11,3862.24,224.24999999999997,351.1127272727272
13265,Champions,0.2195762720133935,Low,54,5,2092.66,642.0,418.532
14948,Champions,0.21954248574471222,Low,24,6,1101.97,462.74,183.66166666666663
13593,Champions,0.2192661351687664,Low,109,14,5493.29,0.0,392.3778571428571
16376,New / Promising,0.21915634565829906,Low,9,2,974.96,974.96,487.48
14913,Champions,0.21910007721688923,Low,36,8,4073.13,310.28000000000003,509.14125
13808,New / Promising,0.21903679842717938,Low,6,5,1747.66,1024.56,349.532
13952,Champions,0.21900152902763023,Low,218,14,12823.52,0.0,915.9657142857144
12724,Champions,0.2189603037523631,Low,6,7,2083.52,679.05,297.6457142857143
13643,Champions,0.21890661900781994,Low,32,10,2156.7700000000004,260.04,215.67700000000005
12576,Champions,0.218853654675149,Low,36,8,2062.72,379.28,257.84
17905,Champions,0.21847450349604963,Low,72,13,2168.37,181.25,166.7976923076923
13499,Champions,0.21802441508894083,Low,18,5,1159.11,695.32,231.82200000000003
12700,Champions,0.217936230165728,Low,8,4,4525.990000000001,2574.94,1131.4975000000002
12937,Champions,0.2177905550581566,Low,16,9,3097.61,1076.04,344.1788888888889
15608,Champions,0.2174393393935732,Low,29,5,1785.98,808.0000000000001,357.196
15768,Champions,0.2167940106433418,Low,116,34,15308.89,0.0,450.2614705882353
12924,Champions,0.21661556126120535,Low,89,12,2461.4500000000003,278.43,205.12083333333337
17373,Champions,0.21661110206157874,Low,41,7,1167.4999999999998,359.62,166.78571428571425
14461,Champions,0.21619341179618032,Low,149,13,6676.52,0.0,513.5784615384616
13614,Champions,0.21612773721633635,Low,25,6,2332.74,806.58,388.79
15050,Champions,0.21554869668702137,Low,26,5,4087.19,1737.69,817.4379999999999
15967,Champions,0.21536885932823688,Low,24,12,2966.0,235.77999999999997,247.16666666666663
15819,Champions,0.2152133776783061,Low,50,10,3934.79,319.98,393.479
16942,Champions,0.21517543821981944,Low,13,9,1904.99,465.5499999999999,211.66555555555556
15136,New / Promising,0.21493559953825925,Low,3,4,1286.6999999999998,703.8,321.67499999999995
14971,New / Promising,0.21478287058888526,Low,36,3,1097.98,1097.98,365.99333333333334
15304,Hibernating,0.21406608585171705,Low,61,9,796.4000000000001,202.5,88.4888888888889
16358,Champions,0.2140567032635541,Low,2,5,2919.65,1565.35,583.9300000000001
12599,Champions,0.21336141872807152,Low,30,13,2026.7200000000005,157.54000000000002,155.90153846153848
12906,New / Promising,0.21322688216591026,Low,12,5,2919.8100000000004,2919.8100000000004,583.9620000000001
16005,Champions,0.21275722880345113,Low,13,10,2365.0699999999997,303.30000000000007,236.507
17738,Champions,0.21255093692510202,Low,20,13,4183.5599999999995,307.56,321.8123076923076
15172,Champions,0.212381624486302,Low,9,5,1624.0500000000002,737.31,324.81000000000006
15810,Champions,0.2117943672566525,Low,79,8,2999.04,30.79,374.88
16515,Champions,0.2113420989126061,Low,53,10,3179.0600000000004,376.78,317.90600000000006
15532,Champions,0.21133037364719248,Low,26,10,3717.2,350.24000000000007,371.72
18231,Champions,0.21111977590654246,Low,193,28,6848.27,0.0,244.58107142857145
16180,Champions,0.21099417618119032,Low,101,13,16249.87,0.0,1249.99
13538,Champions,0.2108305800145855,Low,44,12,3103.1299999999997,290.1,258.59416666666664
17819,Champions,0.21064896720247137,Low,72,12,6021.05,236.4,501.75416666666666
14005,Champions,0.20988351969207555,Low,10,5,2874.7200000000003,2178.16,574.9440000000001
17410,Champions,0.20975985226278926,Low,17,5,1214.7199999999998,795.17,242.94399999999996
13247,New / Promising,0.20962579714621374,Low,18,4,501.12,501.12,125.28
17288,Champions,0.2095756868112391,Low,10,11,2468.4300000000003,753.9300000000001,224.4027272727273
14514,Champions,0.20902148981825497,Low,62,9,4380.04,587.09,486.6711111111111
14608,Champions,0.2077997183462944,Low,5,10,3342.94,1581.15,334.294
16768,Champions,0.2075662655726332,Low,48,9,1698.5700000000002,191.6,188.73
16086,Champions,0.20732026581243207,Low,60,10,2687.73,221.69,268.773
13680,Champions,0.20726228364458382,Low,2,12,11419.67,1327.5299999999995,951.6391666666668
16208,Champions,0.20673754410437264,Low,45,10,3440.45,166.67,344.04499999999996
15581,Champions,0.20668692926414745,Low,157,34,4505.16,0.0,132.50470588235294
14808,Champions,0.20658352012600947,Low,40,8,2718.6,884.7800000000001,339.825
14359,New / Promising,0.20627984431070345,Low,20,3,912.18,912.18,304.06
15605,Champions,0.2062768233276578,Low,37,9,1741.95,508.05,193.55
14910,New / Promising,0.20624926770922353,Low,3,4,434.35,434.35,108.5875
14428,Champions,0.2062221502411703,Low,8,5,1224.0599999999995,893.4399999999999,244.81199999999995
16455,Champions,0.20621229932806573,Low,64,11,3995.57,517.8000000000001,363.2336363636363
13174,Champions,0.2061673229218539,Low,17,11,7972.460000000001,708.76,724.769090909091
17350,Champions,0.20606848604840786,Low,9,7,1893.7000000000005,1281.3200000000002,270.52857142857147
16500,Champions,0.20600997189746176,Low,5,9,843.91,235.86000000000004,93.76777777777778
17006,Champions,0.20593980433103165,Low,5,8,1635.27,781.78,204.40875
17921,Champions,0.20560259379664042,Low,65,10,2394.36,224.76,239.436
18097,Champions,0.20548402908574526,Low,8,11,4627.92,676.2,420.72
15427,New / Promising,0.20541611367540002,Low,34,3,1430.54,1430.54,476.84666666666664
18161,Champions,0.2053632455629472,Low,16,6,1803.1,847.4300000000001,300.51666666666665
16770,Champions,0.20440012723231735,Low,58,9,1778.93,107.72,197.6588888888889
13771,Champions,0.20433196405011508,Low,65,9,5728.82,1169.6,636.5355555555556
16960,Champions,0.20425807542756055,Low,39,8,1988.93,305.52,248.61625
13495,Champions,0.20407725635020568,Low,8,10,4863.3099999999995,972.4399999999998,486.331
14312,Champions,0.2032626073595294,Low,47,11,3090.29,564.4000000000001,280.93545454545455
12668,Champions,0.2030279535275164,Low,12,9,9906.03,738.6800000000001,1100.67
17667,Champions,0.20253542449130366,Low,67,9,3950.7,304.5,438.96666666666664
17114,Champions,0.2024345701333222,Low,6,8,801.12,199.18,100.14
14738,Champions,0.20202921536615032,Low,43,9,1821.9,556.8,202.4333333333333
14810,Champions,0.20193939973425556,Low,41,13,2354.03,218.55,181.0792307692308
17682,Champions,0.2017057487896471,Low,11,11,4065.28,574.98,369.5709090909091
12528,Champions,0.20168266235067672,Low,10,6,1645.48,556.1099999999999,274.24666666666667
12778,Champions,0.20162059216606507,Low,20,9,1541.6799999999998,261.16999999999996,171.29777777777775
16007,Champions,0.20148695277317594,Low,48,7,3053.0600000000004,966.14,436.15142857142865
13431,Champions,0.20126649266767777,Low,68,8,3316.24,1269.1,414.53
14285,Champions,0.20110278629690312,Low,22,8,3284.4200000000005,1904.11,410.55250000000007
14214,Champions,0.20097772865724164,Low,31,5,1004.38,105.22,200.876
13750,Champions,0.2003595720045605,Low,54,11,3602.1800000000003,330.63000000000005,327.4709090909091
17884,Champions,0.2003115268288873,Low,4,20,2693.47,104.53,134.6735
15227,Champions,0.19909341795232993,Low,37,9,2488.49,342.58000000000004,276.49888888888887
17043,Champions,0.19877991766288533,Low,33,8,2593.65,1410.2099999999998,324.20625
17728,Champions,0.19866059819869022,Low,4,5,4238.76,2876.01,847.7520000000001
15974,Champions,0.1982457136071157,Low,40,7,3442.15,547.14,491.7357142857143
17593,Champions,0.19788306887602344,Low,4,11,8092.32,678.1999999999999,735.6654545454545
18211,Hibernating,0.19758715992982426,Low,26,5,600.0699999999999,331.37,120.01399999999998
15671,Champions,0.19743882867188484,Low,19,7,2657.13,684.24,379.59
17802,Champions,0.19738053772387973,Low,83,10,4946.219999999999,652.6199999999999,494.622
14141,New / Promising,0.19734493209320828,Low,3,4,915.13,629.97,228.78250000000003
15506,Champions,0.19716407909388325,Low,23,6,2030.33,763.31,338.3883333333333
17324,Champions,0.19711984899741236,Low,18,12,2171.0699999999997,284.25,180.9225
16201,Champions,0.19696902411467992,Low,4,5,2112.12,1559.6699999999998,422.424
17720,Champions,0.19670509867492464,Low,27,10,2666.91,308.34,266.691
16143,Champions,0.1966543677713647,Low,4,12,4555.08,475.58,379.59
13048,Champions,0.19663791693809377,Low,15,9,4049.13,460.86,449.90333333333336
13647,Champions,0.19622814377778655,Low,10,8,3041.6800000000003,844.26,380.21
13157,Champions,0.19588692721636647,Low,50,9,5687.360000000001,868.0200000000001,631.928888888889
17101,Champions,0.19587814173860538,Low,11,7,2507.05,1391.15,358.15000000000003
13895,Champions,0.19554969262644628,Low,29,6,4008.52,1655.77,668.0866666666667
16638,Champions,0.19523413170948356,Low,23,15,2380.13,129.78,158.67533333333333
14673,Champions,0.1945631163233786,Low,4,7,3037.32,1362.91,433.9028571428571
16325,Champions,0.19451841467173497,Low,47,12,3597.5,178.22,299.7916666666667
15329,Champions,0.19447482496287005,Low,40,11,2958.83,295.7,268.98454545454547
14541,Champions,0.1943605564237256,Low,59,14,2491.38,146.0,177.9557142857143
14506,Champions,0.19431201797031106,Low,18,7,2960.25,1141.69,422.8928571428572
17481,New / Promising,0.19423023053854457,Low,4,4,1255.59,994.96,313.89750000000004
18221,Champions,0.1941303167752698,Low,23,6,1424.94,334.75,237.49
13481,Champions,0.19323862974743838,Low,46,11,3830.84,443.23,348.2581818181818
16837,Champions,0.19307438488025783,Low,32,11,3170.9799999999996,1259.24,288.2709090909091
14844,Champions,0.19306244979996806,Low,64,10,6702.43,932.13,670.243
16688,New / Promising,0.19293660328724999,Low,2,4,1260.86,1260.86,315.21500000000003
17289,Champions,0.19291604820676048,Low,32,9,2041.8,766.5700000000002,226.86666666666667
14790,Champions,0.19286258410782423,Low,17,10,2526.62,381.02,252.662
13362,Champions,0.19269057080696111,Low,10,7,5394.07,1509.21,770.5814285714285
14044,Champions,0.19238202842381424,Low,27,10,3073.95,110.71,307.395
14554,New / Promising,0.19223237047050756,Low,11,4,2279.49,2279.49,569.8725000000001
12913,Champions,0.19208442130519277,Low,5,13,6283.24,1617.2399999999998,483.32615384615383
17368,Champions,0.19141610071322965,Low,24,14,2758.29,273.8,197.0207142857143
14215,Champions,0.19130750821709655,Low,12,9,3250.3300000000004,691.4499999999999,361.14777777777783
13623,Champions,0.19125258385224347,Low,31,10,2533.06,188.57,253.306
13118,Champions,0.19108127120644705,Low,20,9,2415.41,398.11,268.37888888888887
16218,Champions,0.1909630926167717,Low,30,13,3968.670000000001,449.2000000000001,305.2823076923077
16709,Champions,0.19086285538038752,Low,85,14,9056.01,1045.2800000000002,646.8578571428571
15500,New / Promising,0.1906088191781461,Low,9,4,1131.56,1131.56,282.89
14234,New / Promising,0.1905981376482167,Low,23,4,754.1199999999999,754.1199999999999,188.52999999999997
16891,Champions,0.19034119573769132,Low,2,11,1727.94,226.64000000000004,157.08545454545455
16950,Champions,0.19023741064430702,Low,57,10,3533.7700000000004,400.15,353.37700000000007
15106,Champions,0.19007281564484316,Low,18,5,1422.52,389.69,284.504
15786,Champions,0.19002956525820563,Low,47,5,8501.619999999999,1771.36,1700.3239999999998
15489,Champions,0.1898272265954582,Low,23,8,2419.61,786.02,302.45125
15434,Champions,0.1896117442693791,Low,9,11,2567.06,454.19999999999993,233.36909090909091
12530,Champions,0.18957142790477158,Low,60,9,3381.26,404.63,375.6955555555556
18178,Champions,0.1895348259601453,Low,129,11,6103.74,0.0,554.8854545454545
18168,Champions,0.18942017904114147,Low,177,16,3435.5,0.0,214.71875
12484,Champions,0.1890476997810891,Low,36,9,5557.1,728.67,617.4555555555556
16497,Champions,0.18899282754557215,Low,50,23,6695.28,1414.9899999999998,291.0991304347826
12455,Champions,0.18895393217879206,Low,74,9,5722.95,262.5,635.8833333333333
12517,Champions,0.18891490869453695,Low,29,4,2301.6000000000004,870.1500000000001,575.4000000000001
13715,Champions,0.18872170076155143,Low,282,17,8153.040000000001,0.0,479.59058823529415
15038,Champions,0.1884741982269479,Low,59,9,1146.53,188.04,127.39222222222222
14837,Champions,0.18830701946524503,Low,90,9,3460.32,303.94000000000005,384.48
15706,New / Promising,0.18735463648719056,Low,64,4,1060.56,610.51,265.14
14449,Champions,0.18730770917859133,Low,19,8,2230.96,485.89,278.87
16206,Champions,0.1871940291572999,Low,55,13,2577.1200000000003,127.20000000000002,198.24000000000004
16915,Champions,0.18676650625820634,Low,10,11,1543.18,239.29,140.2890909090909
13196,Champions,0.18659714886929182,Low,12,7,3068.84,1285.6500000000003,438.4057142857143
12633,Champions,0.1860714397452527,Low,59,7,5156.16,197.23,736.5942857142857
17676,Champions,0.1860269724455376,Low,5,10,2448.6400000000003,640.34,244.86400000000003
13309,Champions,0.18600471317157782,Low,8,6,1706.37,910.15,284.395
17059,Champions,0.18528319598045825,Low,30,9,4864.57,843.2900000000001,540.5077777777777
13397,Champions,0.18515567337893518,Low,73,10,3191.8700000000003,315.94,319.187
13883,Champions,0.1851261942771752,Low,11,14,6535.37,931.7,466.8121428571429
13410,Champions,0.1849358524304538,Low,25,9,2201.96,458.0200000000001,244.66222222222223
15841,Champions,0.18473952230959037,Low,73,9,2742.41,610.8000000000001,304.7122222222222
17686,Champions,0.18462793995335586,Low,8,9,8296.81,1150.11,921.8677777777776
12948,Champions,0.18449142195276663,Low,17,9,2317.43,640.99,257.4922222222222
13213,Champions,0.1843561857342942,Low,57,11,3851.519999999999,556.6999999999999,350.13818181818175
15321,Champions,0.18386398855494457,Low,71,12,6709.730000000001,1588.84,559.1441666666668
16470,Champions,0.1836064827172208,Low,52,11,2416.85,213.64,219.71363636363637
13026,Champions,0.1833907648531673,Low,2,9,1733.0800000000002,371.16,192.5644444444445
14498,Champions,0.18317535291032921,Low,43,10,3900.83,675.5299999999999,390.083
17470,Champions,0.18307862450682605,Low,45,11,2626.47,308.59999999999997,238.77
12753,Champions,0.18293450789447036,Low,23,6,21429.39,4808.48,3571.565
16341,Champions,0.18291438538766597,Low,25,7,3850.79,1174.22,550.1128571428571
14820,Champions,0.18288468723402745,Low,22,9,1274.7600000000002,367.52,141.64
16440,Champions,0.1828510565812766,Low,8,6,3856.97,3368.21,642.8283333333333
15392,Champions,0.18279879991905895,Low,5,7,2911.6200000000003,1196.55,415.9457142857144
16347,Champions,0.18275832623293686,Low,12,11,3442.96,847.45,312.99636363636364
14257,Champions,0.18231930197675766,Low,65,9,5954.45,373.88000000000005,661.6055555555555
13246,Champions,0.18223590222440714,Low,19,11,3351.7499999999995,123.01,304.70454545454544
17426,Champions,0.1821994591729988,Low,9,13,8077.77,756.6700000000001,621.3669230769231
13630,Champions,0.18215420100711327,Low,6,7,2031.78,670.3199999999999,290.2542857142857
13104,Champions,0.18209765608637965,Low,4,9,1709.1,722.04,189.9
13558,New / Promising,0.18201185391315272,Low,6,4,594.52,594.52,148.63
12388,Champions,0.18141179768807406,Low,16,8,3901.11,1112.3200000000002,487.63875
17590,New / Promising,0.18133347086023133,Low,3,3,1466.77,1466.77,488.92333333333335
16940,Champions,0.18104459602824993,Low,53,8,6427.660000000002,1181.52,803.4575000000002
15708,Champions,0.18080181441896045,Low,41,9,3887.15,645.9100000000001,431.9055555555556
16513,New / Promising,0.180779209371959,Low,5,4,874.59,874.59,218.6475
12952,New / Promising,0.1806174826206158,Low,6,4,1387.79,1387.79,346.9475
16361,New / Promising,0.18059866582742734,Low,10,4,891.21,891.21,222.8025
13198,Champions,0.1799047991904306,Low,11,8,4974.23,392.06000000000006,621.77875
17913,Champions,0.17896966529777425,Low,59,14,3425.09,190.6,244.64928571428572
17180,Champions,0.1789681242487393,Low,57,11,2236.77,231.17,203.34272727272727
16416,Champions,0.17853541028588488,Low,27,9,2957.88,1051.4,328.65333333333336
14649,Champions,0.1783135769433917,Low,5,9,3651.190000000001,820.47,405.68777777777785
17027,Champions,0.17818106716961712,Low,79,9,1310.63,232.33,145.62555555555556
13982,Champions,0.17790542650902,Low,40,9,3954.29,641.67,439.36555555555555
16081,Champions,0.17783875702976984,Low,57,8,4278.96,1807.05,534.87
13092,Champions,0.17774860767099115,Low,71,12,2140.2800000000007,38.08,178.3566666666667
13804,Champions,0.17763365598365938,Low,31,9,3161.12,1062.38,351.23555555555555
13027,Champions,0.1775998639966844,Low,114,19,17239.2,0.0,907.3263157894736
17191,Champions,0.17749759576582663,Low,29,15,4310.339999999999,532.17,287.35599999999994
16394,Champions,0.17724916482695627,Low,57,5,1555.34,622.24,311.06800000000004
15505,Champions,0.17713337708646648,Low,53,5,3610.96,1519.8200000000002,722.192
14511,New / Promising,0.17699285614848018,Low,12,5,1314.81,984.92,262.962
13437,Champions,0.17694097349645563,Low,15,7,3408.0600000000004,1234.4599999999998,486.8657142857143
14360,New / Promising,0.17641032712745622,Low,32,4,2118.0299999999997,993.5399999999998,529.5074999999999
12749,Champions,0.17633982474569543,Low,4,9,6847.360000000001,1285.65,760.8177777777778
14286,Champions,0.17607856772203492,Low,24,7,8479.76,2578.67,1211.3942857142858
14404,Champions,0.1759231388083521,Low,34,13,2724.13,126.8,209.5484615384615
16003,Champions,0.17566418396338626,Low,30,10,5613.83,941.47,561.383
13162,Champions,0.1756288020884669,Low,123,16,9275.490000000002,0.0,579.7181250000001
18272,Champions,0.17562332779706083,Low,3,9,4385.98,972.13,487.33111111111106
12723,New / Promising,0.1750457730766247,Low,4,5,707.07,707.07,141.41400000000002
14854,Champions,0.17494255205841874,Low,79,11,4303.0599999999995,458.2,391.1872727272726
14210,Champions,0.17486796400730342,Low,106,16,5556.57,0.0,347.285625
16015,New / Promising,0.1743873540174789,Low,4,3,704.26,704.26,234.75333333333333
14621,Champions,0.17426279095981986,Low,2,9,3000.5699999999997,785.4499999999999,333.39666666666665
14016,Champions,0.17414632991756213,Low,162,11,11303.41,0.0,1027.5827272727272
17800,Champions,0.17406518694601633,Low,38,9,1186.21,282.40999999999997,131.8011111111111
18139,New / Promising,0.17390218645849698,Low,18,6,8438.34,8438.34,1406.39
14434,New / Promising,0.17369557272633457,Low,22,6,1372.8,1372.8,228.8
14744,Champions,0.17364808984532215,Low,17,14,3660.08,171.95,261.4342857142857
16553,Champions,0.17359863832364983,Low,164,33,16584.010000000002,0.0,502.5457575757577
14553,Champions,0.17341080067304443,Low,20,9,1818.6,546.9499999999999,202.06666666666663
15864,Champions,0.1732554234832429,Low,23,7,2180.76,978.4600000000002,311.5371428571429
12909,Champions,0.173235509306044,Low,40,8,3088.3399999999997,650.3,386.0425
17203,Champions,0.17228618989129849,Low,36,10,5564.09,3560.08,556.409
14188,Champions,0.17179216404514142,Low,31,6,2054.36,670.9000000000001,342.3933333333334
14897,Champions,0.17172395576967625,Low,8,8,3140.54,1190.88,392.5675
14116,New / Promising,0.17168440387549944,Low,20,5,1382.7399999999998,753.8699999999999,276.54799999999994
12627,Champions,0.1716634723823309,Low,11,6,4082.5300000000007,1588.7,680.4216666666667
13611,Champions,0.1716459458485293,Low,90,10,3297.9300000000003,517.68,329.793
18210,Champions,0.17153623584569982,Low,2,7,2768.8299999999995,2478.9799999999996,395.5471428571428
18230,Champions,0.17115257371752457,Low,10,9,4291.06,663.84,476.7844444444445
16817,Champions,0.1710267032350497,Low,3,13,2560.7,425.32,196.97692307692307
16225,Champions,0.1707730276976772,Low,45,15,2859.31,142.68,190.62066666666664
15606,Champions,0.1703539915285555,Low,62,17,5230.99,480.78,307.70529411764704
16609,Champions,0.17018968202892398,Low,16,7,5493.46,2783.42,784.78
16875,Champions,0.17005043670202535,Low,68,11,4234.53,957.33,384.9572727272727
16153,Champions,0.16998311667477828,Low,50,11,5133.49,800.6899999999999,466.6809090909091
16477,Champions,0.16982928606246617,Low,64,11,4094.37,495.2,372.2154545454545
15584,Champions,0.16953167840538808,Low,24,6,1268.1999999999998,570.46,211.36666666666665
12676,Champions,0.16943370472168923,Low,25,10,2333.09,253.33999999999995,233.30900000000003
13429,New / Promising,0.16933925500761435,Low,11,4,1006.8,1006.8,251.7
14004,Champions,0.16867648569992746,Low,44,11,6258.450000000001,1379.38,568.95
15701,Champions,0.1686533933170319,Low,3,4,1529.0,675.0999999999999,382.25
17554,Champions,0.16863395393541142,Low,2,5,1952.45,702.56,390.4899999999999
16877,Champions,0.16848664798781288,Low,13,6,846.6200000000001,657.6400000000001,141.10333333333335
12980,Champions,0.16835805915174273,Low,158,21,16245.780000000002,0.0,773.6085714285715
15673,Champions,0.1683490798044739,Low,89,9,6204.32,711.53,689.3688888888888
18236,Champions,0.16822195219836367,Low,30,12,1795.35,241.05,149.61249999999998
15484,Champions,0.16820016151909706,Low,2,6,4652.099999999999,3590.41,775.3499999999999
17552,Champions,0.168141414787387,Low,61,12,2786.77,631.8899999999999,232.23083333333332
13575,New / Promising,0.16795986287045817,Low,24,5,732.0699999999999,513.3199999999999,146.414
12347,Champions,0.16792837105424793,Low,3,8,4921.53,1519.14,615.19125
15426,Champions,0.16769736115396713,Low,20,9,2156.35,769.94,239.59444444444443
13824,Champions,0.16759684937889172,Low,33,12,3314.7600000000007,269.1,276.2300000000001
14723,Champions,0.16754600725899826,Low,11,11,1801.3599999999997,666.7099999999999,163.75999999999996
16066,New / Promising,0.16725695555528416,Low,17,5,1521.04,1204.66,304.20799999999997
17655,Champions,0.16714987324329486,Low,11,9,2976.38,735.61,330.7088888888889
16841,Champions,0.1665002035944583,Low,37,12,4006.06,308.76,333.8383333333333
17838,Champions,0.16647027533307218,Low,27,13,5604.64,1065.8,431.1261538461539
16350,Champions,0.16613071073289712,Low,22,9,2253.8900000000003,739.77,250.43222222222224
14719,Champions,0.1660468636640132,Low,2,5,1581.84,1093.72,316.368
16098,Champions,0.16534636263880606,Low,88,14,4010.7,293.14,286.4785714285714
16379,New / Promising,0.16534434054670558,Low,5,4,2157.4,2157.4,539.35
12997,Champions,0.1653182146908718,Low,23,8,2110.91,618.4200000000001,263.86375
15737,Champions,0.1652511858274856,Low,15,8,1188.12,307.18999999999994,148.515
15752,Champions,0.16498955240492647,Low,40,9,3924.91,533.2299999999999,436.1011111111111
14907,Champions,0.1643868917087752,Low,4,16,5547.72,892.92,346.7325
15270,Champions,0.16436095136058354,Low,16,21,8524.86,529.2,405.9457142857143
14198,Champions,0.16427005672682243,Low,19,9,1569.73,344.45000000000005,174.41444444444446
14226,Champions,0.1642015798680511,Low,29,6,2985.13,522.79,497.5216666666667
16745,Champions,0.1638651118413815,Low,87,17,7180.7,821.6,422.3941176470588
13632,Champions,0.16370117273981824,Low,25,8,3645.81,1306.67,455.72625
15764,Champions,0.16361978131513435,Low,89,8,4503.079999999999,3.35,562.8849999999999
17940,Champions,0.16361854256072977,Low,50,14,28389.58,192.0,2027.827142857143
14321,Champions,0.16358792082784118,Low,11,7,2218.06,630.1,316.86571428571426
12684,Champions,0.16341540228417653,Low,8,6,2073.63,832.1499999999999,345.605
12364,New / Promising,0.16336835389571897,Low,8,4,1208.1,629.1799999999998,302.025
14175,Champions,0.16324088829581648,Low,60,8,7678.88,2016.31,959.86
15312,Champions,0.163181236237768,Low,76,12,2930.1899999999996,130.04999999999998,244.1825
15089,Champions,0.16317330506540384,Low,11,6,2420.84,384.56000000000006,403.47333333333336
16735,Champions,0.16301445161798572,Low,79,14,6217.41,306.26,444.1007142857143
15898,Champions,0.16254214977622722,Low,2,25,4992.7,385.89,199.708
15674,Champions,0.16248166330515676,Low,74,12,6613.52,1066.94,551.1266666666667
14794,Champions,0.16240245364910386,Low,3,10,1953.9,640.37,195.39
13521,New / Promising,0.1623050801658813,Low,2,3,1070.47,1070.47,356.8233333333333
13456,Champions,0.1621842202047223,Low,18,6,1766.7200000000005,911.66,294.4533333333334
15511,New / Promising,0.1621243572441492,Low,12,5,900.53,900.53,180.106
14540,Champions,0.16195931020728102,Low,10,11,3709.64,756.76,337.24
17463,Champions,0.16151647024667326,Low,17,7,2535.26,648.2700000000001,362.18
12637,Champions,0.16109309151004478,Low,68,12,8085.81,308.0,673.8175
12912,New / Promising,0.1609999132826218,Low,3,5,1662.3000000000002,1662.3000000000002,332.46000000000004
12919,New / Promising,0.16093634003375792,Low,9,6,1335.19,893.54,222.53166666666667
14419,Champions,0.16071242559547058,Low,11,7,1254.64,744.65,179.2342857142857
13953,Champions,0.16044401631261485,Low,8,12,6640.68,911.32,553.39
12494,Champions,0.1601958279558234,Low,16,9,1563.27,323.24,173.69666666666666
14107,Champions,0.15999632260957353,Low,52,11,4877.299999999999,241.29,443.390909090909
13520,Champions,0.15988612854534678,Low,59,11,5446.0,596.3699999999999,495.09090909090907
14711,Champions,0.15970160762758315,Low,11,11,2839.62,483.99,258.1472727272727
16743,Champions,0.15944655876689542,Low,30,14,4212.15,352.23,300.86785714285713
14684,Champions,0.15919663597727995,Low,26,6,1430.0300000000002,708.0699999999999,238.33833333333337
13082,Champions,0.15918333184867559,Low,127,21,7335.75,0.0,349.32142857142856
17109,Champions,0.15905391919458745,Low,30,8,1291.71,416.7000000000001,161.46375
15117,Champions,0.15888377188552943,Low,15,8,2485.9700000000003,876.0500000000001,310.74625000000003
14251,New / Promising,0.1584998160220538,Low,2,5,2879.7,2879.7,575.9399999999999
16008,Champions,0.15844553755624669,Low,24,15,5339.13,339.63,355.942
15707,New / Promising,0.15836393644298957,Low,36,4,916.98,916.98,229.245
14898,Champions,0.15819597932857637,Low,24,14,3365.95,278.13,240.425
16173,New / Promising,0.15763442230243618,Low,16,6,1418.3200000000002,783.2700000000001,236.38666666666668
13815,Champions,0.15749994679012305,Low,23,8,6737.74,977.61,842.2175
14535,Champions,0.1572166820184769,Low,61,9,5961.89,1202.0300000000002,662.4322222222222
14730,Champions,0.15720381820610607,Low,2,8,1897.57,1025.44,237.19625
16571,Champions,0.157017647278465,Low,27,10,4248.74,524.9,424.874
13882,New / Promising,0.15694342319698285,Low,3,5,1191.13,1191.13,238.22600000000003
16205,Champions,0.15643867824040042,Low,31,7,1813.51,645.28,259.0728571428572
12783,New / Promising,0.1562578277204367,Low,3,4,1295.87,1295.87,323.9675
16989,New / Promising,0.1559412528566993,Low,8,6,1133.25,242.55,188.875
13728,Champions,0.15581648147045188,Low,37,16,2855.17,219.12,178.448125
17085,Champions,0.1557741545401537,Low,124,28,7839.27,0.0,279.9739285714286
17211,Champions,0.15571026991768913,Low,27,13,3773.349999999999,852.3299999999999,290.25769230769225
12714,Champions,0.15534318641985376,Low,10,12,12815.71,1229.16,1067.9758333333334
14441,Champions,0.15520840486759777,Low,1,11,4611.6900000000005,1015.49,419.2445454545455
16899,Champions,0.15513440084958255,Low,8,8,1695.77,760.8800000000001,211.97125
13685,New / Promising,0.1547805626644402,Low,3,7,3119.44,3119.44,445.63428571428574
17147,Champions,0.1540510358549686,Low,23,9,3199.9500000000003,741.48,355.55
16818,Champions,0.15400558612626586,Low,11,11,3349.5700000000006,821.1,304.5063636363637
12951,Champions,0.15390793830544974,Low,9,15,3213.7200000000003,312.28999999999996,214.248
13627,Champions,0.15303150799878085,Low,60,7,2245.8999999999996,611.47,320.8428571428571
14064,Champions,0.15261889358990618,Low,30,15,3260.24,237.31,217.34933333333336
15394,Champions,0.15246230970142502,Low,10,11,5286.799999999999,747.1,480.61818181818177
14639,Champions,0.15245673075350114,Low,53,9,4978.96,995.26,553.2177777777778
14071,Champions,0.15243249551072358,Low,4,8,1422.75,1065.94,177.84375
13742,Champions,0.1524064503313188,Low,17,12,3107.87,475.2999999999999,258.9891666666667
13875,Champions,0.15227311586489523,Low,54,14,4814.37,361.99,343.88357142857143
15140,Champions,0.1521476001014782,Low,53,8,3243.6899999999996,626.14,405.4612499999999
15754,Champions,0.15134463538444964,Low,52,9,3037.6099999999997,366.77,337.5122222222222
15453,Champions,0.15024259767303078,Low,2,7,1371.77,670.5699999999999,195.96714285714285
15367,Champions,0.15008060164341755,Low,58,11,5081.33,461.41,461.9390909090909
17625,Champions,0.14972073814946868,Low,19,8,5978.9,793.27,747.3625
15680,Champions,0.1493659716726574,Low,10,10,4028.690000000001,854.7900000000001,402.869
15031,Champions,0.1491812266361793,Low,5,14,3102.9399999999996,391.4,221.6385714285714
13297,Champions,0.14916509219032445,Low,8,7,4368.619999999999,2089.85,624.0885714285713
14334,Champions,0.14896695163560686,Low,17,12,4318.48,223.5,359.8733333333333
16348,Champions,0.14883729205487162,Low,33,8,1742.0800000000002,677.3599999999999,217.76
15808,Champions,0.14825494415703394,Low,307,21,17180.25,0.0,818.1071428571429
13471,New / Promising,0.148092681264963,Low,2,4,2501.84,2501.84,625.46
16407,Champions,0.14798639270382072,Low,13,14,2761.65,597.31,197.2607142857143
16966,Champions,0.14795658473364107,Low,9,7,2154.9700000000003,668.41,307.8528571428572
18245,Champions,0.14788664217357636,Low,8,20,6324.9800000000005,894.25,316.249
14655,Champions,0.1478391239947379,Low,9,7,3878.51,1121.67,554.0728571428572
15523,Champions,0.1476662962843735,Low,85,16,17259.190000000002,412.0100000000001,1078.699375
13700,Champions,0.14765416378936577,Low,27,13,2596.9700000000003,613.8600000000001,199.7669230769231
18094,Champions,0.14740534889631174,Low,82,13,6391.52,615.0,491.65538461538466
16987,Champions,0.14731917499636848,Low,4,11,2499.4500000000003,987.35,227.2227272727273
16809,Champions,0.14714953303368586,Low,24,9,1727.4299999999998,444.0,191.93666666666664
13094,Champions,0.14712444062420643,Low,22,13,2209.4400000000005,381.6,169.95692307692312
15060,New / Promising,0.14711187484719618,Low,9,4,293.0,293.0,73.25
15260,Champions,0.14709730082355588,Low,101,25,8767.730000000001,0.0,350.70920000000007
17073,New / Promising,0.1470200710124694,Low,18,4,1444.84,991.05,361.21
14451,Champions,0.14697440573543516,Low,61,12,3258.6800000000003,283.9,271.5566666666667
17422,Champions,0.14695419450216932,Low,17,11,3594.76,280.4,326.79636363636365
14696,Champions,0.14672027848343072,Low,5,8,2473.28,620.41,309.16
14309,Champions,0.14652029612431233,Low,9,11,3780.81,718.83,343.71000000000004
15939,Champions,0.14640002224361648,Low,90,15,9004.84,254.76,600.3226666666667
17873,Champions,0.14628802897956195,Low,81,18,6135.950000000001,272.04,340.8861111111112
13784,Champions,0.1462527382692959,Low,10,14,2910.23,338.64000000000004,207.87357142857144
14101,Champions,0.14617952965080838,Low,74,13,9961.929999999998,1032.4,766.3023076923075
17924,Champions,0.1461480766992053,Low,12,8,3257.7,2460.2999999999997,407.2125
14595,Champions,0.14595678239456372,Low,20,8,2164.4500000000003,1576.8000000000002,270.55625000000003
14733,Champions,0.14587096159615162,Low,17,15,14335.149999999998,541.71,955.6766666666664
15722,Champions,0.1455150046569377,Low,36,11,5234.0,797.7600000000001,475.8181818181818
15632,Champions,0.14532515625843317,Low,16,8,3285.3100000000004,933.47,410.6637500000001
15727,Champions,0.1450972424682752,Low,17,15,9371.71,569.6700000000001,624.7806666666667
17348,Champions,0.14480879133673485,Low,15,9,2430.99,996.45,270.10999999999996
14698,New / Promising,0.14463681633340952,Low,2,5,1217.27,1217.27,243.454
14824,Champions,0.14403618840806257,Low,11,10,4022.91,685.8000000000001,402.29100000000005
12721,Champions,0.14369283722893822,Low,32,8,3635.08,885.2199999999999,454.385
13138,Champions,0.14366700921292802,Low,23,7,1274.0100000000002,472.94,182.0014285714286
12567,Champions,0.14357831306540517,Low,23,15,10741.48,1443.3,716.0986666666666
12928,Champions,0.14337635674456953,Low,36,12,4304.89,926.5600000000002,358.74083333333334
16042,Champions,0.1432921252080444,Low,23,8,2245.3199999999997,736.99,280.66499999999996
12726,Champions,0.14312720032682766,Low,29,11,3690.6,1051.7799999999995,335.50909090909096
14209,Champions,0.14311951629197503,Low,11,15,4993.2699999999995,197.1,332.88466666666665
14146,Champions,0.14303908464183118,Low,9,12,9450.3,2287.2700000000004,787.5250000000001
17509,Champions,0.1430020185094963,Low,58,8,6083.64,6083.64,760.455
14047,Champions,0.14292230483069815,Low,9,14,3968.11,672.69,283.43642857142856
16444,Champions,0.142843391286351,Low,47,17,3625.88,113.27,213.2870588235294
16365,Champions,0.14283110942014002,Low,18,15,3167.3399999999992,677.8599999999999,211.15599999999995
15129,Champions,0.14263550378683262,Low,51,23,6860.18,650.67,298.2686956521739
16771,Champions,0.1419324691445141,Low,34,10,3921.1,590.86,392.11
16748,Champions,0.14183456989787352,Low,18,14,3637.33,605.7,259.8092857142857
17669,Champions,0.1417076356799166,Low,43,10,6142.35,973.5,614.235
15281,Champions,0.1416410152358924,Low,59,16,8543.57,140.37,533.973125
13340,Champions,0.1416065270070492,Low,46,12,22100.56,1506.94,1841.7133333333331
15493,Champions,0.1409790884634514,Low,33,9,4113.19,666.46,457.02111111111105
12409,Champions,0.14090355364238047,Low,79,7,23419.289999999997,4865.589999999999,3345.6128571428567
15365,Champions,0.1408415823869612,Low,26,13,4557.13,1353.04,350.54846153846154
17634,Champions,0.14072884003727595,Low,37,9,2358.59,281.52,262.0655555555556
16126,Champions,0.14014327725921147,Low,30,15,14644.6,2581.0699999999997,976.3066666666666
13564,Champions,0.14008360825589491,Low,355,36,15880.22,0.0,441.11722222222227
18180,Champions,0.14005609950076847,Low,5,6,1843.75,1241.9,307.2916666666667
14852,Champions,0.13996562111623248,Low,59,18,6132.429999999999,648.2700000000001,340.69055555555553
14201,Champions,0.13990028675717145,Low,61,10,1193.5400000000002,226.2,119.354
12380,Champions,0.13959738522354775,Low,22,8,7210.65,1865.26,901.33125
12685,Champions,0.1392136486052182,Low,29,6,2575.08,1112.66,429.18
13448,Champions,0.13870251948435577,Low,17,12,8386.220000000001,2111.4300000000003,698.8516666666668
17567,Champions,0.13861764434807325,Low,8,9,4838.08,1406.03,537.5644444444445
13911,Champions,0.13845980351695591,Low,58,20,4234.99,143.28,211.7495
15518,Champions,0.13842911527321858,Low,65,15,4189.99,317.69,279.3326666666666
17213,Champions,0.13837116545653033,Low,41,13,4869.400000000001,1001.22,374.5692307692308
13110,Champions,0.138339537357934,Low,32,12,2957.4700000000007,446.43,246.4558333333334
14035,Champions,0.13820053222712975,Low,29,9,2794.75,590.76,310.52777777777777
15572,Champions,0.1378990195799496,Low,5,10,3965.2,980.63,396.52
15296,Champions,0.1375220188648288,Low,51,12,10323.03,1073.37,860.2525
12451,Champions,0.13743712211362522,Low,11,8,12629.88,3687.7000000000007,1578.735
16712,Champions,0.13725047360917914,Low,10,13,4225.22,1113.85,325.0169230769231
12444,Champions,0.1369073286349426,Low,22,5,4085.460000000001,1738.1899999999998,817.0920000000001
13203,Champions,0.13663258881181253,Low,10,10,2648.25,559.6000000000001,264.825
17519,Champions,0.13661015807379048,Low,18,15,4774.17,356.02000000000004,318.278
13141,Champions,0.1363571060837963,Low,85,17,7656.08,987.72,450.35764705882355
16258,Champions,0.13579853479049728,Low,46,15,11942.52,1462.45,796.168
13802,Champions,0.13543514068293117,Low,139,19,26259.109999999997,0.0,1382.0584210526315
16283,Champions,0.13536384647804464,Low,6,8,4348.62,984.46,543.5775
16984,Champions,0.13530865683359444,Low,89,9,10350.53,1246.3300000000002,1150.0588888888888
13860,New / Promising,0.1352533319927457,Low,2,5,1245.9,1245.9,249.18
17562,Champions,0.13511296926414046,Low,15,7,1122.38,461.28,160.34
15860,Champions,0.1348411788244111,Low,41,17,2358.8,198.02,138.7529411764706
12615,Champions,0.1347548963106258,Low,3,8,5362.9800000000005,1512.45,670.3725000000001
16717,Champions,0.1342938928610478,Low,24,14,6663.68,2283.42,475.9771428571429
12779,Champions,0.1342741452679299,Low,38,14,6474.110000000001,981.95,462.4364285714286
14701,Champions,0.13411894560497017,Low,11,15,4487.110000000001,584.6600000000001,299.14066666666673
13317,Champions,0.1338889527995275,Low,67,19,6486.090000000001,959.7,341.3731578947369
16790,New / Promising,0.13388686993929427,Low,4,6,1545.62,1545.62,257.6033333333333
16316,Champions,0.13387433670576776,Low,65,13,5744.910000000001,726.1,441.9161538461539
14121,New / Promising,0.13375601362966572,Low,4,4,2780.15,2780.15,695.0375
15965,Champions,0.13370913479882535,Low,18,13,2771.94,652.6800000000001,213.22615384615384
18260,Champions,0.13336901035972254,Low,173,23,9947.26,0.0,432.4895652173913
16169,New / Promising,0.13304135155919866,Low,9,4,1822.9700000000005,1822.9700000000005,455.74250000000006
14623,Champions,0.13278489457686546,Low,33,10,2012.2999999999995,280.54,201.22999999999996
15932,Champions,0.1327195233726234,Low,5,8,2495.87,609.92,311.98375
17188,Champions,0.13239340456260568,Low,12,13,4592.93,659.1400000000001,353.3023076923077
14467,Champions,0.13224280508340291,Low,18,12,2203.24,464.55999999999995,183.60333333333332
14487,Champions,0.13218158021650286,Low,27,7,1266.27,1040.38,180.8957142857143
14049,Champions,0.1321086718514981,Low,17,13,13023.4,2333.98,1001.8
15521,Champions,0.13202489494214226,Low,41,16,7087.639999999999,673.42,442.9775
13813,Champions,0.13186832409337812,Low,40,8,2387.4700000000003,837.7200000000001,298.43375000000003
15380,Champions,0.13180014717958752,Low,9,11,3248.96,1107.7,295.36
15712,Champions,0.13162765642539254,Low,10,12,3472.4100000000003,306.05,289.3675
17700,Champions,0.13162499441935552,Low,17,14,6679.969999999999,852.8100000000001,477.14071428571424
16131,Champions,0.13157811373713543,Low,52,12,9957.419999999998,1228.04,829.7849999999999
14572,Champions,0.13131021377546673,Low,4,11,5520.98,741.3,501.9072727272727
13451,Champions,0.13124559554497248,Low,27,11,7088.92,512.76,644.4472727272728
15785,Champions,0.13107538208302072,Low,33,16,5969.929999999999,663.14,373.120625
17090,Champions,0.13080505404260945,Low,5,13,3080.18,1162.88,236.93692307692305
15051,Champions,0.1307374369428157,Low,24,9,3926.91,1005.62,436.3233333333333
15696,Champions,0.1304782087145735,Low,34,13,3881.2199999999993,1081.16,298.5553846153846
16438,New / Promising,0.13031359144451818,Low,6,5,798.35,798.35,159.67000000000002
13719,Champions,0.13009459522046693,Low,16,11,2782.1000000000004,702.94,252.91818181818184
17685,Champions,0.12942923451337532,Low,17,12,5454.950000000001,1643.11,454.5791666666667
18145,Champions,0.12933365906156594,Low,13,11,5609.739999999999,1837.77,509.97636363636354
17442,Champions,0.12928643832737768,Low,37,15,4620.300000000001,326.87000000000006,308.0200000000001
13758,Champions,0.1292415568055205,Low,12,14,8595.29,839.03,613.9492857142858
13717,Champions,0.12910586479247863,Low,33,8,1763.3,489.02,220.4125
12656,Champions,0.12897861461423354,Low,18,8,5723.83,1104.5,715.47875
13634,Champions,0.12881962989209236,Low,34,15,4988.08,791.39,332.53866666666664
14290,Champions,0.12868171666055225,Low,12,8,4516.5599999999995,1537.09,564.5699999999999
16983,Champions,0.12863198381795976,Low,13,11,3490.5299999999997,720.52,317.3209090909091
14883,New / Promising,0.128601515409266,Low,19,6,761.59,403.11,126.93166666666669
13555,Champions,0.12841633982367154,Low,74,13,8891.84,2508.8300000000004,683.9876923076923
13510,Champions,0.1281867667618869,Low,2,11,4558.290000000001,893.75,414.3900000000001
18135,Champions,0.12762579210105163,Low,30,10,1249.62,572.09,124.96200000000002
16255,Champions,0.12732121920170691,Low,17,15,4530.0,437.12000000000006,302.0
16550,Champions,0.12694442241791448,Low,109,18,8807.68,0.0,489.3155555555556
14507,Champions,0.12670642756413283,Low,24,11,3216.74,443.19000000000005,292.4309090909091
17609,Champions,0.1265001103058633,Low,41,11,1875.36,569.53,170.4872727272727
13117,Champions,0.12516349234998383,Low,22,18,2255.66,143.14,125.31444444444443
14102,New / Promising,0.12493814876403612,Low,6,5,1105.88,1105.88,221.176
17705,Champions,0.12477555351370448,Low,4,11,2083.9,855.52,189.44545454545457
13658,Champions,0.12476648131378996,Low,10,9,6025.5,1705.8699999999997,669.5
14530,Champions,0.12377306818967418,Low,26,16,6088.870000000001,379.79,380.5543750000001
13313,Champions,0.12372410607041698,Low,23,12,3445.3199999999993,636.98,287.10999999999996
16992,Champions,0.12301558113297656,Low,11,13,5476.5,641.96,421.2692307692308
13994,Champions,0.12294071641321663,Low,4,6,2274.1400000000003,1854.58,379.02333333333337
14440,Champions,0.12285989421818165,Low,9,13,5982.030000000001,1171.97,460.1561538461538
18219,Champions,0.12278972159866158,Low,3,17,3352.7,702.64,197.21764705882353
14503,Champions,0.12244042775878533,Low,4,6,3543.26,2946.19,590.5433333333334
16094,Champions,0.12226037525854574,Low,12,11,3695.56,826.13,335.96
17131,New / Promising,0.12210566382988287,Low,6,5,2463.17,2463.17,492.634
14466,Champions,0.12149213615997465,Low,30,13,4267.15,691.95,328.2423076923077
13862,Champions,0.1214528440391325,Low,19,9,2556.09,428.05999999999995,284.01
16016,Champions,0.12145060914820936,Low,4,11,2083.4,674.44,189.4
14841,Champions,0.12141910255993532,Low,54,14,7163.0,920.19,511.6428571428572
17160,Champions,0.1213403726986865,Low,32,17,10209.16,516.85,600.5388235294117
14640,Champions,0.1212875220960241,Low,25,10,3649.3600000000006,624.02,364.936
17673,Champions,0.1211029201151919,Low,2,13,4173.88,419.35,321.0676923076923
13695,Champions,0.12086137586563082,Low,32,16,2770.7300000000005,737.06,173.17062500000003
13901,Champions,0.12084809918745015,Low,73,15,5676.34,214.92,378.42266666666666
12518,New / Promising,0.12076714691891176,Low,1,5,1840.89,1552.06,368.178
14834,Champions,0.1203943841416732,Low,18,7,2206.1600000000003,1291.0,315.16571428571433
13477,Champions,0.12032139406044041,Low,38,11,2819.17,555.03,256.28818181818184
14307,Champions,0.12019723356759082,Low,89,10,4287.92,687.83,428.792
17790,Champions,0.11973393445017855,Low,27,20,2779.41,600.7900000000001,138.9705
13644,Champions,0.11956623473563571,Low,17,4,2624.26,1773.17,656.065
13305,Champions,0.11946067183426912,Low,5,16,3616.41,529.6099999999999,226.025625
17096,Champions,0.11933325989748121,Low,16,11,3697.93,578.19,336.17545454545456
14901,Champions,0.11915207832934789,Low,12,12,1919.0,599.1700000000001,159.91666666666666
15906,Champions,0.11803709312938099,Low,20,10,2530.19,769.98,253.019
15950,Champions,0.1178543037216834,Low,32,10,7120.91,653.33,712.091
14515,Champions,0.11781294036678358,Low,18,12,3724.06,1311.2400000000002,310.3383333333333
16279,Champions,0.11739606629098796,Low,22,9,5698.28,1143.7,633.1422222222222
14963,Champions,0.11739361122257633,Low,10,12,3123.5699999999997,1178.14,260.29749999999996
12836,Champions,0.11738013846936997,Low,60,15,6559.7300000000005,497.83,437.31533333333334
16633,Champions,0.11721062162191039,Low,18,6,2883.1,1714.84,480.51666666666665
16744,Champions,0.11657174046556777,Low,12,7,1291.91,892.8,184.55857142857144
13450,Champions,0.11644239483443121,Low,27,13,4120.04,622.26,316.92615384615385
16107,Champions,0.11643625118929925,Low,18,7,3204.1600000000003,1710.0400000000002,457.7371428571429
13654,Champions,0.11605248043418358,Low,44,11,6307.999999999999,993.06,573.4545454545454
12820,Champions,0.11591700451080751,Low,4,11,2689.52,771.88,244.50181818181815
17193,Champions,0.11582959861015873,Low,36,9,2310.04,1250.74,256.6711111111111
17086,New / Promising,0.11548915520029969,Low,8,6,2050.08,2050.08,341.68
12826,Champions,0.11543955483227938,Low,3,12,2800.75,656.1,233.39583333333337
15571,Champions,0.11498557611622404,Low,12,14,3892.35,650.4300000000001,278.025
16929,New / Promising,0.11483463995007594,Low,4,7,1295.39,866.51,185.05571428571423
17799,Champions,0.1146878530097447,Low,23,20,6246.93,524.1800000000001,312.3465
16395,Champions,0.11468750522765525,Low,61,14,3517.56,517.76,251.25428571428571
15253,Champions,0.11457448275369878,Low,17,8,2055.09,744.3499999999999,256.88625
16672,Champions,0.11455732518795987,Low,3,20,8134.94,1223.1,406.747
16128,Champions,0.11454889680929806,Low,18,11,3801.05,1185.52,345.55
12843,Champions,0.1143554623343769,Low,66,28,6461.87,9.95,230.78107142857144
15370,Champions,0.11400649355173607,Low,41,8,3739.01,872.5899999999999,467.37625
12704,Champions,0.11398412327911184,Low,8,8,1740.8399999999997,839.9200000000001,217.60499999999996
17589,Champions,0.11387827499637293,Low,61,18,13806.27,559.85,767.0149999999999
16686,Champions,0.11387628458041152,Low,48,16,4881.07,559.9399999999999,305.066875
16813,Champions,0.11378990269904023,Low,9,10,1652.18,505.34,165.21800000000002
14113,Champions,0.11376885490090795,Low,4,16,7092.610000000001,1406.92,443.288125
18069,Champions,0.11332654106694369,Low,27,11,4449.02,1030.92,404.4563636363637
17164,Champions,0.11298777170794752,Low,33,7,2467.3500000000004,1196.93,352.47857142857146
14710,Champions,0.11295701006768823,Low,15,13,1899.79,599.48,146.1376923076923
13012,Champions,0.11272884294724547,Low,10,11,2957.83,634.53,268.89363636363635
16265,Champions,0.1126283347547194,Low,10,12,6685.17,1384.9800000000002,557.0975
12867,Champions,0.11253195041778663,Low,27,13,7829.26,993.38,602.2507692307693
13991,New / Promising,0.11221725013286667,Low,13,6,851.88,725.53,141.98
17813,Champions,0.1121362279831161,Low,15,5,1698.07,1698.07,339.614
13941,Champions,0.11188329487914743,Low,22,15,10027.18,2281.7,668.4786666666666
16904,Champions,0.11145593044301576,Low,5,20,4656.56,705.2,232.82800000000003
17848,Champions,0.1110095800531591,Low,82,30,3538.46,79.6,117.94866666666668
14432,Champions,0.11099044901882793,Low,10,6,2248.5,2248.5,374.75
12949,Champions,0.11085897127019757,Low,31,22,15526.7,717.8000000000001,705.7590909090909
12766,Champions,0.11079050647166283,Low,4,9,8134.99,1925.4400000000005,903.8877777777776
16359,Champions,0.11067689363323206,Low,8,16,2697.7499999999995,339.69,168.60937499999997
16434,Champions,0.11041043989941342,Low,30,12,2673.69,612.9599999999999,222.8075
15241,Champions,0.11017646767452098,Low,67,11,3050.16,411.58,277.2872727272727
15874,Champions,0.11014829881016577,Low,64,21,11284.759999999998,2198.13,537.3695238095237
15687,Champions,0.10914996672352548,Low,9,9,2993.1000000000004,1313.65,332.5666666666667
14341,Champions,0.10906868277565167,Low,46,18,4452.0199999999995,1027.46,247.3344444444444
17490,Champions,0.10905722322497244,Low,1,9,2750.5,1787.12,305.6111111111111
15382,Champions,0.10872063077049425,Low,15,12,13733.55,3828.59,1144.4625
16600,Champions,0.10842294336851815,Low,5,13,2153.41,576.06,165.64692307692306
13831,Champions,0.10828838542552532,Low,17,18,6585.54,747.5999999999999,365.86333333333334
16059,Champions,0.10785434355537045,Low,66,12,3053.5700000000006,508.56000000000006,254.46416666666673
17133,Champions,0.1077450044393925,Low,16,12,14622.330000000002,2413.45,1218.5275
16426,Champions,0.10764153190191593,Low,3,10,1863.76,1173.9299999999998,186.376
13491,Champions,0.10755162028828766,Low,52,27,4467.66,127.37,165.46888888888887
14676,Champions,0.1074465944571671,Low,32,12,8356.79,857.3199999999999,696.3991666666667
17135,Champions,0.10739779587442706,Low,17,10,1716.38,639.1800000000001,171.638
12626,Champions,0.10702011275430652,Low,24,9,5954.4800000000005,1666.4800000000002,661.6088888888889
13225,Champions,0.1069059833095682,Low,4,16,16260.070000000002,2164.28,1016.254375
13316,Champions,0.10644192320206095,Low,38,10,12940.82,2197.75,1294.082
16409,Champions,0.10620696683137651,Low,37,12,5652.74,989.61,471.06166666666667
15356,Champions,0.10608696286144866,Low,32,13,3239.57,486.86,249.1976923076923
13136,Champions,0.10444579715785735,Low,57,13,6274.5599999999995,1380.93,482.6584615384615
15214,Champions,0.10439538966245047,Low,2,8,1661.44,1009.81,207.68
15081,Champions,0.10422836632391826,Low,23,12,1854.57,256.75,154.5475
15240,Champions,0.10402122624691795,Low,45,12,4459.9800000000005,661.19,371.665
16150,Champions,0.10391899580810289,Low,43,10,4002.17,644.3199999999999,400.217
14524,Champions,0.10313056074010944,Low,32,13,2909.8599999999997,814.96,223.83538461538456
17530,Champions,0.10312123281868951,Low,2,12,2787.0999999999995,1001.86,232.2583333333333
15514,Champions,0.10306421283354628,Low,13,18,6388.280000000001,1521.78,354.9044444444445
14653,Champions,0.10296374537819047,Low,2,11,3404.8,1571.89,309.52727272727276
13107,Champions,0.10207296569837718,Low,45,9,5253.07,596.4,583.6744444444444
17837,Champions,0.10186417500733295,Low,43,8,1535.33,1164.72,191.91625
13610,Champions,0.10135498098932423,Low,13,14,2102.46,317.57000000000005,150.1757142857143
15351,Champions,0.10127240938211536,Low,13,10,3430.22,1659.99,343.022
15373,Champions,0.10085862488791789,Low,9,17,3084.54,729.01,181.4435294117647
15827,Champions,0.10061111792892638,Low,74,28,3603.14,237.93,128.68357142857144
14462,Champions,0.10026139563267562,Low,67,12,2237.81,469.92,186.48416666666665
12598,Champions,0.0998243521030303,Low,10,10,4192.089999999999,1384.7,419.20899999999995
16170,Champions,0.09929564857249747,Low,51,20,6869.0,324.39,343.45
17183,Champions,0.0992339005698105,Low,8,6,3347.31,3017.64,557.885
17512,Champions,0.09910321137288321,Low,29,18,5467.82,1033.09,303.7677777777778
13115,Champions,0.0990541488459327,Low,12,10,5494.700000000001,1416.23,549.47
17227,Champions,0.09881080598436497,Low,19,12,1878.93,465.5700000000001,156.5775
12619,Champions,0.09866566346832775,Low,17,9,3085.7,1409.78,342.85555555555555
13975,Champions,0.09820959429671336,Low,32,12,5256.4,994.57,438.0333333333333
13949,Champions,0.09804195552840236,Low,3,6,2427.32,1889.42,404.55333333333334
15134,Champions,0.09803148911554456,Low,15,10,1596.29,773.1300000000001,159.629
15203,Champions,0.09798412803600427,Low,26,15,4400.18,499.48,293.3453333333334
15105,Champions,0.09792418339488164,Low,19,9,3094.91,1765.95,343.87888888888887
12856,New / Promising,0.09778201004426632,Low,8,6,2170.7799999999997,2170.7799999999997,361.7966666666666
15903,Champions,0.09778055835053322,Low,10,12,8939.84,4485.12,744.9866666666667
14626,Champions,0.0974064904029049,Low,24,11,5410.92,1219.98,491.9018181818182
13093,Champions,0.0972525016473604,Low,276,55,54144.25,0.0,984.4409090909091
17659,Champions,0.09712379417857636,Low,18,14,3586.99,1346.4299999999998,256.2135714285714
16085,Champions,0.09690102980612131,Low,24,12,2324.71,656.47,193.72583333333333
16979,Champions,0.0966515931853465,Low,4,9,2859.74,1296.35,317.74888888888887
17612,Champions,0.09621580748086854,Low,54,18,5394.86,365.51,299.71444444444444
14868,Champions,0.09605754482422896,Low,4,12,4184.01,1656.52,348.6675
12664,Champions,0.09605380957443636,Low,9,11,5420.039999999999,2634.4,492.730909090909
16531,Champions,0.0960368726397513,Low,23,11,2298.33,560.06,208.9390909090909
15916,Champions,0.09558709577391222,Low,17,13,3145.24,655.91,241.94153846153844
17228,Champions,0.0953632013929612,Low,16,13,2820.03,1218.51,216.92538461538464
13327,Champions,0.09519464384937441,Low,39,19,9052.87,889.02,476.4668421052632
15179,Champions,0.09498744740453618,Low,19,13,7491.92,751.8299999999999,576.3015384615385
17863,Champions,0.09466775236612637,Low,60,12,5360.48,1374.72,446.70666666666665
14178,Champions,0.09443770482509262,Low,9,7,1580.2600000000002,1102.97,225.7514285714286
14704,Champions,0.09428611613965503,Low,20,9,1720.58,1254.12,191.17555555555555
13995,Champions,0.09400989715669812,Low,16,14,3902.01,521.79,278.71500000000003
15971,Champions,0.09389820954105865,Low,18,18,5897.880000000001,2090.4,327.6600000000001
13782,Champions,0.09387219650614739,Low,13,13,1786.08,424.0700000000001,137.39076923076922
15024,Champions,0.09384293507308175,Low,10,16,3559.3900000000003,805.8100000000001,222.461875
17754,Champions,0.09384008339146246,Low,1,13,4451.219999999999,1089.59,342.4015384615384
17629,Champions,0.09364790571153771,Low,6,10,2455.52,1015.74,245.552
13139,Champions,0.09362876538131285,Low,17,8,8202.98,3354.0,1025.3725
12584,Champions,0.09354105362249311,Low,4,9,2254.15,1555.56,250.4611111111111
17469,Champions,0.09349502543182292,Low,17,17,5051.25,820.7,297.13235294117646
15845,Champions,0.09342902183846939,Low,18,11,4426.280000000001,1185.01,402.38909090909095
13988,Champions,0.09331807559575016,Low,20,8,4757.799999999999,2224.46,594.7249999999999
17092,Champions,0.09322770018699324,Low,51,11,5511.410000000001,1144.71,501.0372727272728
13650,Champions,0.09316061808709414,Low,17,10,3288.0,1090.82,328.8
14482,Champions,0.09307658133576734,Low,19,12,4306.719999999999,1556.86,358.89333333333326
12483,Champions,0.09299319273764858,Low,18,19,4069.18,620.9200000000001,214.16736842105263
12524,Champions,0.09252405096998124,Low,10,17,9794.11,1201.2400000000002,576.1241176470587
14766,Champions,0.09215746967909355,Low,9,11,6375.73,942.05,579.6118181818182
13126,Champions,0.09208526390548044,Low,5,13,3774.81,1022.22,290.37
13924,New / Promising,0.09089578580732285,Low,2,6,1838.85,1838.85,306.47499999999997
15093,Champions,0.09076908065406279,Low,19,23,13702.38,569.9200000000001,595.7556521739131
13536,Champions,0.09050386110515438,Low,2,7,3444.3900000000003,3444.3900000000003,492.0557142857143
14227,Champions,0.09048161428378436,Low,27,15,6366.16,951.44,424.41066666666666
16466,Champions,0.09029889777504438,Low,34,15,3767.09,596.33,251.13933333333335
13047,Champions,0.08978778278782283,Low,57,23,8423.58,550.58,366.24260869565217
12594,Champions,0.0897182675081289,Low,38,14,4890.110000000001,808.32,349.29357142857145
15858,Champions,0.08965264147800625,Low,16,13,3552.41,611.35,273.2623076923077
17338,Champions,0.08963950917788473,Low,18,17,11880.54,1325.87,698.8552941176471
16873,Champions,0.08960417485914622,Low,5,12,14617.39,3252.15,1218.1158333333333
16928,Champions,0.08946167725985951,Low,81,26,3798.08,444.0499999999999,146.07999999999998
13527,Champions,0.08942027595436813,Low,34,12,4541.29,879.84,378.4408333333334
12683,Champions,0.08929374709062211,Low,5,20,10445.7,1656.38,522.2850000000001
16556,Champions,0.08914335834405412,Low,67,17,8012.580000000001,757.4200000000001,471.3282352941177
14030,Champions,0.08913020800970146,Low,19,20,7521.799999999999,701.3399999999999,376.09
17412,Champions,0.08902839165772453,Low,3,16,4220.219999999999,548.24,263.76374999999996
16103,Champions,0.0889687186717745,Low,8,22,6191.71,273.24,281.44136363636363
13435,Champions,0.08890513694712318,Low,6,9,4447.33,2721.77,494.1477777777778
16719,Champions,0.08878367930776405,Low,15,14,3508.62,486.34,250.6157142857143
18008,Champions,0.08805912421061357,Low,71,23,19759.08,50.78,859.0904347826088
17323,Champions,0.08782399350596216,Low,16,12,1547.64,375.57,128.97
18055,Champions,0.08740082541442766,Low,8,14,10142.64,3088.4799999999996,724.4742857142857
12433,Champions,0.08717197036251802,Low,1,10,16794.14,6980.64,1679.414
13381,Champions,0.08709747356380987,Low,32,12,8224.369999999999,1177.98,685.3641666666666
17449,Champions,0.08698651756406364,Low,3,13,4865.150000000001,1021.66,374.24230769230775
13971,Champions,0.08696162283879973,Low,19,14,4667.570000000001,772.3600000000001,333.39785714285716
18122,Champions,0.0866432289185794,Low,9,6,1791.84,1672.6500000000003,298.64000000000004
12600,Champions,0.08654579385499368,Low,29,20,4385.85,590.48,219.2925
13324,Champions,0.08643491326281685,Low,37,18,10513.47,3322.96,584.0816666666667
17696,Champions,0.08619286377820058,Low,39,27,7679.589999999999,370.12,284.42925925925925
14659,Champions,0.08619060542986985,Low,9,9,2529.9300000000003,888.38,281.10333333333335
12481,Champions,0.0860052496904703,Low,23,14,11033.509999999998,1332.5600000000002,788.107857142857
16791,Champions,0.08573183091535322,Low,30,15,3944.88,913.91,262.992
17758,Champions,0.08567930046070095,Low,20,12,4964.03,1974.9500000000005,413.6691666666666
16115,Champions,0.08562696986951236,Low,10,12,2553.8,736.29,212.8166666666667
17287,Champions,0.08531275341947395,Low,27,21,3826.86,346.65000000000003,182.23142857142855
14546,Champions,0.08513887389423265,Low,6,11,5184.84,1699.05,471.34909090909093
16652,Champions,0.08513443779281228,Low,59,16,17550.39,2248.1,1096.899375
16333,Champions,0.08470757375728762,Low,8,22,26626.8,11007.2,1210.3090909090909
12562,Champions,0.08464527921438394,Low,9,9,4426.92,1942.51,491.88
13870,Champions,0.084580454212096,Low,3,15,5712.08,591.47,380.80533333333335
16076,Champions,0.08438014745076532,Low,4,10,2234.73,876.75,223.473
17750,Champions,0.08423871066102302,Low,6,9,1694.16,505.95,188.24
17975,Champions,0.08419179442857513,Low,16,24,6693.03,532.81,278.87624999999997
18257,Champions,0.08369237502963553,Low,40,12,4585.15,774.76,382.0958333333333
18044,Champions,0.08323819206203396,Low,5,18,3505.61,983.07,194.75611111111112
16678,Champions,0.08315727378179387,Low,3,12,3109.99,972.6899999999998,259.1658333333333
12477,Champions,0.08303539033043354,Low,23,9,20276.370000000003,4385.71,2252.9300000000003
12935,Champions,0.08238249227254069,Low,3,15,4243.859999999999,625.36,282.9239999999999
14961,Champions,0.08235285926323478,Low,11,22,16410.149999999998,2126.75,745.9159090909089
18092,Champions,0.08229112279017146,Low,3,18,14693.72,3216.78,816.3177777777778
14221,Champions,0.08228546491545446,Low,43,17,6517.490000000001,815.79,383.3817647058824
13769,Champions,0.08174266489581972,Low,3,20,5478.12,619.8900000000001,273.906
17173,Champions,0.08171262859667462,Low,6,8,3766.599999999999,2805.34,470.82499999999993
14776,Champions,0.08170083626249693,Low,52,15,3708.3,676.0800000000002,247.21999999999997
16187,Champions,0.08149657881435156,Low,32,15,6911.4400000000005,1515.7400000000002,460.7626666666667
13735,Champions,0.08136455105623285,Low,25,13,9762.77,1473.85,750.9823076923077
15114,Champions,0.08126629684022016,Low,31,12,3400.12,1081.59,283.3433333333333
15854,Champions,0.08114767676861535,Low,5,21,5578.28,575.4300000000001,265.6323809523809
17930,Champions,0.08107023735347159,Low,36,13,4275.22,1046.34,328.86307692307696
15660,Champions,0.0807763429243827,Low,26,15,2603.69,716.52,173.57933333333332
17434,Champions,0.08008297184717064,Low,3,7,2373.82,2373.82,339.1171428571429
17719,Champions,0.08002933222742684,Low,38,15,5396.04,918.64,359.736
14502,Champions,0.0797937664951378,Low,20,11,2426.79,1263.5700000000002,220.6172727272727
16775,Champions,0.07954527984472212,Low,11,16,2820.84,516.96,176.3025
17063,Champions,0.07941188184592161,Low,22,13,3638.53,789.2699999999999,279.8869230769231
14239,Champions,0.07922766694961361,Low,44,21,4263.17,499.96,203.00809523809525
15602,Champions,0.07898674199384648,Low,9,16,3137.96,754.92,196.1225
17954,Champions,0.07898473289640033,Low,6,19,3801.83,428.92,200.0963157894737
15910,Champions,0.0788259135359232,Low,1,15,2661.17,565.52,177.41133333333337
15033,Champions,0.07862599298778947,Low,5,10,2553.88,948.23,255.388
14112,Champions,0.07840575720064713,Low,23,13,5834.59,1014.33,448.8146153846154
16332,Champions,0.07825399354594553,Low,29,11,1997.49,931.03,181.58999999999995
13590,Champions,0.07789026820153375,Low,12,18,6336.04,865.54,352.0022222222222
14262,Champions,0.07784378161497141,Low,9,8,2618.2299999999996,1763.2299999999996,327.27874999999995
16360,Champions,0.07766287920342388,Low,5,6,3450.41,3450.41,575.0683333333333
18198,Champions,0.0775251645610059,Low,5,17,5425.56,998.1700000000002,319.15058823529415
17725,Champions,0.07743083733994914,Low,17,11,3439.08,931.96,312.64363636363635
17091,Champions,0.07723114093156881,Low,3,19,7495.750000000001,1135.76,394.5131578947369
18061,Champions,0.07701711570394974,Low,22,28,6083.8099999999995,325.9,217.27892857142857
18144,Champions,0.07673600393643454,Low,8,19,4892.949999999999,723.2,257.52368421052626
17870,Champions,0.07667110391363174,Low,3,13,2753.2899999999995,1120.52,211.79153846153844
15249,Champions,0.07659320420757332,Low,32,18,9266.0,1049.12,514.7777777777778
17416,Champions,0.0760066319357462,Low,30,22,17298.45,1598.9299999999998,786.2931818181819
14388,Champions,0.07579221534935378,Low,11,16,6388.200000000001,935.07,399.2625000000001
12417,Champions,0.07577397670278142,Low,4,20,5998.41,742.58,299.9205
15059,Champions,0.07524970378272679,Low,41,19,3490.4,329.12,183.70526315789473
15544,Champions,0.07455554947724359,Low,10,20,7807.889999999999,774.3399999999999,390.3945
17001,Champions,0.07441891699749151,Low,1,19,6640.8,1196.0800000000002,349.5157894736842
17861,Champions,0.07424014274679565,Low,4,18,5088.289999999999,798.39,282.68277777777774
15796,Champions,0.0737264870861713,Low,2,17,5170.63,1135.84,304.15470588235297
13137,Champions,0.0735988718936351,Low,11,16,7586.94,1714.97,474.18375
14243,Champions,0.07352756670480368,Low,9,17,7217.75,282.82000000000005,424.5735294117647
12910,Champions,0.07347945291857838,Low,24,13,5796.52,1588.1400000000003,445.8861538461539
17451,New / Promising,0.07339150419641893,Low,2,7,1721.4,1375.39,245.91428571428577
15034,Champions,0.0733913062332436,Low,16,14,8231.2,1633.78,587.9428571428572
13755,Champions,0.07333798675590429,Low,4,9,2108.06,2108.06,234.2288888888889
14547,Champions,0.07320760494084501,Low,4,8,3974.749999999999,3974.749999999999,496.84374999999994
13842,Champions,0.07311165267667669,Low,59,18,5319.34,1220.35,295.5188888888889
16327,Champions,0.07308756186729083,Low,15,16,10129.04,1350.63,633.065
15953,Champions,0.07280822519181343,Low,16,18,3440.3399999999997,833.2399999999999,191.13
15502,Champions,0.07278077136137939,Low,16,12,9542.92,968.4499999999998,795.2433333333333
16912,Champions,0.07264282924863645,Low,29,15,4460.51,1017.0,297.36733333333336
17218,Champions,0.07259754019364233,Low,5,18,3889.39,1008.39,216.07722222222225
16241,Champions,0.07249443715677371,Low,10,16,3989.81,811.8799999999999,249.363125
16655,Champions,0.07243220101988987,Low,18,13,6423.26,1922.33,494.0969230769231
16910,Champions,0.0721120725435326,Low,5,8,1508.96,1397.18,188.62
13268,Champions,0.07203890928819309,Low,18,10,3152.71,1034.9,315.271
17107,Champions,0.07197122020909129,Low,34,10,16052.72,4464.87,1605.2720000000002
12963,Champions,0.07188477149321731,Low,9,12,3235.79,1490.8300000000002,269.64916666666664
13209,Champions,0.07165269391011105,Low,31,13,8509.51,1735.5300000000002,654.5776923076924
14062,Champions,0.06990776932338363,Low,10,24,25585.65,1664.18,1066.06875
13588,Champions,0.06987170021905856,Low,16,9,2478.95,1058.23,275.43888888888887
18075,Champions,0.06983369057458386,Low,24,20,5783.290000000001,654.0,289.16450000000003
18077,Champions,0.0694203574285404,Low,9,18,4078.789999999999,962.07,226.59944444444443
12553,Champions,0.06940279612921946,Low,9,12,4104.75,1164.69,342.0625
15611,Champions,0.06908458127716277,Low,10,24,2976.28,638.31,124.01166666666668
16293,Champions,0.06869847912623177,Low,22,15,4279.2,794.66,285.28
17651,Champions,0.0686832237895847,Low,12,16,5703.5199999999995,2796.99,356.46999999999997
16918,Champions,0.06853955385652968,Low,50,16,3206.54,246.12000000000003,200.40875
14713,Champions,0.06851790825070528,Low,10,21,5115.36,632.5899999999999,243.5885714285714
14493,Champions,0.06839550883828077,Low,8,10,5087.86,1772.02,508.78599999999994
16905,Champions,0.06833371698275488,Low,6,17,4704.2699999999995,2215.4199999999996,276.7217647058823
13230,Champions,0.06790871357846791,Low,5,30,6109.510000000001,560.4,203.65033333333335
12877,Champions,0.06743708833534542,Low,4,20,2942.1400000000003,476.54,147.10700000000003
13629,Champions,0.06725464057485808,Low,24,19,13370.86,2074.0,703.7294736842106
13014,Champions,0.0672243109716089,Low,11,11,5381.08,1443.8000000000002,489.1890909090909
14211,Champions,0.06700822632080641,Low,54,18,4402.29,1111.17,244.57166666666663
12757,Champions,0.06633199890949158,Low,16,9,4176.749999999999,2495.07,464.08333333333326
17372,Champions,0.06617931421732845,Low,41,27,4316.46,281.55,159.8688888888889
12957,Champions,0.06551176936275899,Low,10,13,8706.97,2302.25,669.766923076923
14505,Champions,0.06542160479374813,Low,18,19,11873.080000000002,1636.69,624.8989473684211
13148,Champions,0.06536288710753854,Low,30,26,8488.32,917.25,326.4738461538461
15861,Champions,0.06536127443166498,Low,13,12,4360.9,2023.16,363.4083333333333
13183,Champions,0.06464466508624114,Low,8,15,7036.18,1562.8000000000004,469.07866666666666
17739,Champions,0.06451851382457786,Low,12,18,7730.590000000002,1720.58,429.47722222222234
15993,Champions,0.06442983890744823,Low,9,7,2768.9700000000003,2768.9700000000003,395.56714285714287
17306,Champions,0.06409790352205787,Low,11,21,9782.35,1931.25,465.8261904761905
17596,Champions,0.06355827862234098,Low,24,13,4491.46,1069.61,345.49692307692305
17071,Champions,0.0634631601777221,Low,29,13,3793.71,1026.61,291.82384615384615
15529,Champions,0.06343432282822312,Low,23,12,4781.110000000001,1575.37,398.4258333333334
13704,Champions,0.06342235702324592,Low,6,9,2308.06,2308.06,256.4511111111111
12712,Champions,0.06327917041858491,Low,29,21,5985.030000000001,429.05,285.0014285714286
15021,Champions,0.06325660241398194,Low,9,12,2500.59,791.54,208.3825
17069,Champions,0.06314206910892725,Low,29,14,5517.23,1213.91,394.0878571428571
14401,Champions,0.06294133276435462,Low,5,22,6795.9,972.1,308.9045454545454
16474,Champions,0.06270506762034905,Low,8,7,1810.49,1469.14,258.6414285714286
16985,Champions,0.06251770652374795,Low,18,23,10923.16,1885.58,474.92
14769,Champions,0.06246109095750885,Low,3,17,15512.459999999995,4130.49,912.4976470588234
17528,Champions,0.06238193224632422,Low,2,8,3628.5,3628.5,453.5625
14291,Champions,0.061693414373317504,Low,2,23,7904.1,1527.7099999999998,343.6565217391304
15482,Champions,0.06144362906236726,Low,16,18,14377.360000000002,8911.46,798.7422222222224
12955,Champions,0.061368928230391154,Low,2,11,4757.16,2913.8,432.4690909090909
17491,Champions,0.06067936034683948,Low,2,17,5653.67,1440.76,332.56882352941176
18241,Champions,0.06057474402518442,Low,10,21,2986.99,723.51,142.23761904761903
14191,Champions,0.060329779122241266,Low,2,15,4817.66,2426.5,321.1773333333333
15152,Champions,0.06007586347731454,Low,10,14,5263.830000000001,2362.48,375.9878571428572
15981,Champions,0.06003564680977039,Low,25,21,9362.77,950.28,445.8461904761905
15058,Champions,0.059990884967924187,Low,26,16,3387.58,867.78,211.72375
17314,Champions,0.05985435001481284,Low,25,17,4904.43,1021.0,288.4958823529412
17293,Champions,0.05955801611361913,Low,9,17,3750.63,987.03,220.62529411764703
14878,Champions,0.05942733122636616,Low,13,25,4076.5,393.07,163.06
14533,Champions,0.059363110283662424,Low,25,11,3466.37,1214.74,315.12454545454545
15622,Champions,0.059216388677565915,Low,44,17,7852.610000000001,1107.56,461.91823529411766
14525,Champions,0.05915792270226309,Low,20,17,8018.59,1395.61,471.6817647058824
17220,Champions,0.05893823555149056,Low,25,21,4451.41,899.47,211.97190476190477
14732,Champions,0.05868240889978048,Low,9,19,5517.070000000001,1084.19,290.37210526315795
16191,Champions,0.058665186805232646,Low,3,24,15677.820000000003,2564.84,653.2425000000002
16019,Champions,0.058392893864702755,Low,47,27,17329.16,833.99,641.8207407407407
17365,Champions,0.05822795585131954,Low,13,15,8179.450000000001,2425.51,545.2966666666667
15527,Champions,0.058026667162944925,Low,19,23,5554.040000000001,1097.74,241.48000000000005
15150,Champions,0.05741069652026136,Low,18,13,8977.94,1721.71,690.6107692307693
17663,Champions,0.05739937185692467,Low,26,17,5175.83,786.38,304.4605882352941
17888,Champions,0.057344646809696205,Low,22,25,1807.4400000000005,419.0,72.29760000000002
17602,Champions,0.0572492278069244,Low,3,14,7354.43,4144.87,525.3164285714286
15998,Champions,0.057013802090488314,Low,37,16,8274.14,974.96,517.13375
14390,Champions,0.05685593947282999,Low,11,13,6150.03,3051.86,473.0792307692308
14936,Champions,0.05631804222546366,Low,34,12,12410.809999999998,3064.1400000000003,1034.2341666666664
13552,Champions,0.056279260613689056,Low,67,22,6948.919999999999,977.16,315.85999999999996
16710,Champions,0.05601998787899487,Low,20,22,5921.35,632.91,269.15227272727276
12395,Champions,0.05592738372282257,Low,20,15,4241.17,1008.06,282.74466666666666
15443,Champions,0.055630970194658375,Low,2,14,5114.23,2528.79,365.3021428571428
14132,Champions,0.05562269016600965,Low,3,11,3586.0299999999997,2033.5699999999997,326.00272727272727
12747,Champions,0.055531788100374575,Low,3,26,8898.48,1426.61,342.24923076923073
17049,Champions,0.05540470049478645,Low,3,19,9942.53,3048.38,523.2910526315789
14180,Champions,0.055211203865212534,Low,11,33,6117.5,489.6,185.37878787878788
17858,Champions,0.05489228593671596,Low,6,30,12518.65,1499.41,417.28833333333336
17809,Champions,0.05432062936517325,Low,17,20,10085.89,2555.2,504.2945
15301,Champions,0.054109505318825794,Low,51,17,6909.67,1322.5499999999995,406.4511764705882
17402,Champions,0.054095430505525746,Low,5,22,4600.5599999999995,866.3999999999999,209.1163636363636
14395,Champions,0.05367091687237498,Low,3,20,7801.93,1527.59,390.0965
15750,Champions,0.053254158456813416,Low,3,18,6452.99,1354.87,358.4994444444444
15570,Champions,0.053219901705241,Low,8,25,8736.49,1338.84,349.45959999999997
15755,Champions,0.05282235397565915,Low,11,17,5993.119999999999,1219.42,352.53647058823526
15125,Champions,0.052715225345549246,Low,26,24,17024.87,733.0,709.3695833333333
16794,Champions,0.05220154564917284,Low,2,15,2050.6800000000003,589.45,136.71200000000002
12939,Champions,0.05219645153218007,Low,65,20,25264.8,3591.7200000000003,1263.24
13384,Champions,0.05163416899783279,Low,31,11,6680.83,2396.09,607.3481818181818
14258,Champions,0.05160980930876434,Low,10,25,32051.339999999997,3283.66,1282.0536
15023,Champions,0.05095289576015249,Low,4,20,11555.5,1692.4399999999998,577.775
13394,Champions,0.05061744021650276,Low,2,19,6621.7,976.57,348.5105263157895
16729,Champions,0.05042250039048466,Low,39,21,7202.010000000001,1862.06,342.95285714285717
16954,Champions,0.050150606261669985,Low,1,20,6081.879999999999,839.7,304.09399999999994
16767,Champions,0.04984056896383994,Low,31,15,8052.41,755.0999999999999,536.8273333333333
14739,Champions,0.04969759588153284,Low,5,25,11573.62,1654.7,462.9448
17690,Champions,0.049521983586847874,Low,31,20,6963.799999999999,1231.2700000000002,348.18999999999994
13890,Champions,0.04934299621606189,Low,2,14,2927.38,1382.6999999999998,209.09857142857143
14099,Champions,0.049189560528389256,Low,17,20,5750.91,794.25,287.5455
14456,Champions,0.04914475821238637,Low,6,9,3014.32,2380.63,334.9244444444445
13993,Champions,0.048960864068530015,Low,43,19,6775.710000000001,1218.9499999999998,356.61631578947373
17965,Champions,0.04864034434595418,Low,38,29,7002.9,347.78,241.4793103448276
13001,Champions,0.04857360644944175,Low,5,33,24042.65,1203.4,728.5651515151515
12362,Champions,0.048448510142833336,Low,4,10,4737.2300000000005,3154.88,473.72300000000007
15218,Champions,0.048425761018437125,Low,11,22,11453.83,1891.54,520.6286363636364
17419,Champions,0.048338533372250615,Low,12,18,6126.25,1566.5700000000002,340.34722222222223
15984,Champions,0.04825105234645396,Low,3,30,8393.02,973.12,279.76733333333334
14032,Champions,0.04817042704565284,Low,3,16,4546.41,1130.22,284.150625
15694,Champions,0.04776040176067519,Low,1,23,9963.48,3173.62,433.1947826086956
13426,Champions,0.047564097483092406,Low,1,22,8167.379999999999,2082.64,371.2445454545454
15513,Champions,0.047463469925754585,Low,34,35,26437.05,3406.08,755.3442857142857
16242,Champions,0.0474319409018999,Low,9,14,7404.650000000001,2733.2699999999995,528.9035714285715
15465,Champions,0.04732689720063227,Low,20,32,12100.399999999998,1362.49,378.13749999999993
18226,Champions,0.04719450874712924,Low,45,26,11878.88,977.02,456.88000000000005
14292,Champions,0.04709072218013484,Low,8,16,9226.25,2281.72,576.640625
16570,Champions,0.04701590133133509,Low,16,20,7434.31,1604.33,371.7155
13097,Champions,0.046827769174114554,Low,33,27,13015.36,1366.71,482.0503703703704
12662,Champions,0.04677768651263073,Low,1,20,6130.54,1106.12,306.527
14543,Champions,0.046758850548675616,Low,29,39,14548.22,360.22999999999996,373.03128205128206
12708,Champions,0.04662537827787687,Low,30,18,4559.66,609.14,253.31444444444443
15628,Champions,0.046551385187253276,Low,5,17,5333.08,1244.84,313.7105882352941
14866,Champions,0.04619382372443071,Low,11,17,20700.04,13226.0,1217.649411764706
18065,Champions,0.04616895972500075,Low,6,28,5846.629999999999,980.68,208.80821428571423
14607,Champions,0.0459051144762504,Low,16,20,22575.13,14526.5,1128.7565
12472,Champions,0.04568119511327831,Low,33,19,14971.29,1518.5100000000002,787.9626315789474
16670,Champions,0.04565724538481085,Low,17,20,8030.150000000001,855.9300000000001,401.5075000000001
17652,Champions,0.04554541787414429,Low,26,12,4867.72,2154.1499999999996,405.6433333333334
18283,Champions,0.04506315908886663,Low,4,22,2658.95,958.7,120.86136363636363
14040,Champions,0.04476842043096087,Low,41,35,12523.809999999998,825.8600000000001,357.8231428571428
14088,Champions,0.04468954070799437,Low,11,16,64036.8,24983.92,4002.3
17613,Champions,0.0442318977267435,Low,23,14,4544.55,1567.86,324.6107142857143
13871,Champions,0.043941709355802175,Low,23,17,7885.85,1790.61,463.8735294117647
13418,Champions,0.0438473658641533,Low,12,31,11559.66,1383.3000000000002,372.8922580645161
14135,Champions,0.04368290749935304,Low,2,24,8839.669999999998,1499.99,368.3195833333333
12490,Champions,0.043521608136466536,Low,6,20,8764.64,1649.34,438.232
14800,Champions,0.04351718407108064,Low,48,17,7180.079999999999,499.2999999999999,422.3576470588235
17644,Champions,0.04328204063179222,Low,2,20,6028.6,1270.0100000000002,301.43
13880,Champions,0.04318452040398866,Low,22,17,4293.860000000001,1539.0099999999998,252.58000000000004
13021,Champions,0.042978068340280014,Low,5,17,4887.240000000001,1463.91,287.48470588235296
14426,Champions,0.04292082066289021,Low,24,17,11727.94,1596.09,689.8788235294118
12678,Champions,0.04268843497221489,Low,43,15,32595.18,8857.2,2173.012
14422,Champions,0.04214526845258865,Low,1,19,10271.52,3231.49,540.6063157894737
17735,Champions,0.04212597467419891,Low,3,26,16790.33,2018.78,645.7819230769231
12500,Champions,0.042076721555400744,Low,24,18,5559.21,2411.98,308.845
14329,Champions,0.042074824907536515,Low,18,15,9887.62,1490.21,659.1746666666666
14944,Champions,0.0419573623814362,Low,30,19,9684.670000000002,2736.0600000000004,509.71947368421064
15291,Champions,0.04185321967996646,Low,26,39,13472.76,983.28,345.4553846153846
16145,Champions,0.041426881118414624,Low,9,19,6805.44,1199.18,358.18105263157895
14397,Champions,0.041386679870901895,Low,3,19,2612.96,1576.8399999999997,137.52421052631578
16156,Champions,0.0412345901067046,Low,9,20,6188.180000000001,1676.8700000000003,309.40900000000005
16186,Champions,0.04117118336927674,Low,23,26,8718.43,1310.41,335.3242307692308
13013,Champions,0.041158470019841874,Low,2,29,11097.43,1124.85,382.67
14057,Champions,0.041013959665476094,Low,24,22,8346.66,1405.98,379.39363636363635
15251,Champions,0.03968413459902111,Low,10,21,20324.54,789.17,967.835238095238
12705,Champions,0.03963219634176662,Low,16,13,11114.1,2453.7700000000004,854.9307692307691
13113,Champions,0.039513372248480935,Low,1,37,18230.07,1458.9,492.7045945945946
14952,Champions,0.039173156016010346,Low,60,32,17629.35,4564.88,550.9171875
14189,Champions,0.03903196434112716,Low,3,16,5503.15,1386.16,343.946875
16701,Champions,0.039010475086906964,Low,9,26,9916.73,1347.88,381.4126923076923
16393,Champions,0.038931134733562495,Low,3,23,5297.77,1278.9900000000002,230.33782608695657
16722,Champions,0.03838007133631781,Low,18,22,8189.56,1074.23,372.25272727272727
16011,Champions,0.03831417018355488,Low,9,29,5599.3099999999995,1167.3,193.07965517241377
15804,Champions,0.038176263075022907,Low,1,13,4206.389999999999,1651.55,323.5684615384615
14534,Champions,0.037686599928381505,Low,3,26,6183.0599999999995,1365.91,237.80999999999997
17716,Champions,0.03744270816155497,Low,23,24,15956.97,1519.33,664.8737500000001
12931,Champions,0.03724675662794617,Low,22,57,91810.34,8988.259999999998,1610.7077192982456
16843,Champions,0.03723635385896603,Low,43,35,19571.429999999997,1387.33,559.1837142857142
14159,Champions,0.036916167403735545,Low,20,20,7849.58,1895.25,392.479
15046,Champions,0.03688228936583888,Low,10,25,7604.839999999999,1146.74,304.19359999999995
16326,Champions,0.03682562577615528,Low,6,24,4626.25,1514.55,192.76041666666663
15271,Champions,0.0367920351878209,Low,8,24,4528.54,900.76,188.6891666666667
13090,Champions,0.036734844216061324,Low,9,23,13076.740000000002,3998.8,568.5539130434784
13178,Champions,0.03640699879071794,Low,27,21,14059.19,1333.74,669.4852380952382
13709,Champions,0.036355913100203065,Low,4,18,7571.35,3388.84,420.6305555555556
14282,Champions,0.03620614419048185,Low,4,25,7250.76,1233.9,290.0304
14796,Champions,0.035958389191232516,Low,2,27,10167.77,1394.31,376.58407407407407
13999,Champions,0.035871722215840285,Low,11,29,9502.259999999998,1032.84,327.6641379310344
14367,Champions,0.03584762842098829,Low,9,16,9227.82,3808.12,576.73875
15719,Champions,0.03570289610860825,Low,33,31,10194.32,968.1,328.8490322580645
13266,Champions,0.035463976866621755,Low,12,19,6135.04,1298.68,322.89684210526315
15187,Champions,0.0351913759256287,Low,2,15,4762.18,2893.2999999999997,317.4786666666667
12731,Champions,0.03516883062547301,Low,24,17,25631.71,7571.66,1507.7476470588235
14709,Champions,0.03510597928967982,Low,16,25,8886.330000000002,968.3,355.4532000000001
13458,Champions,0.034975040003219354,Low,8,16,11959.270000000002,1968.15,747.4543750000001
17706,Champions,0.03493359497301142,Low,5,31,20272.15,2476.99,653.9403225806452
16607,Champions,0.03490682355446179,Low,18,25,5706.87,1080.13,228.2748
16764,Champions,0.034847802371169335,Low,4,13,2790.95,2008.4,214.68846153846152
13267,Champions,0.034786245983984596,Low,3,36,9429.81,1402.15,261.93916666666667
13534,Champions,0.03467382640980458,Low,3,35,7720.900000000001,1498.5500000000002,220.59714285714287
14299,Champions,0.03466392511300135,Low,9,27,14070.25,1528.48,521.1203703703703
13069,Champions,0.034539063890864335,Low,1,38,9284.45,561.42,244.32763157894735
18223,Champions,0.03446549412625818,Low,5,26,14000.85,2448.2000000000003,538.4942307692307
15601,Champions,0.03440074218104045,Low,12,30,14191.740000000002,1191.1,473.0580000000001
16700,Champions,0.03405972487610405,Low,9,25,8830.77,980.6,353.23080000000004
15738,Champions,0.0340032447201499,Low,19,41,13043.32,958.97,318.12975609756097
12523,Champions,0.033981393657349784,Low,20,23,4010.35,772.02,174.36304347826086
16626,Champions,0.03393521641681528,Low,1,17,4413.1,2247.76,259.59411764705885
13983,Champions,0.03383825879146503,Low,30,21,6753.889999999999,922.37,321.6138095238095
15867,Champions,0.033772527674650686,Low,6,31,8869.87,862.73,286.1248387096774
17857,Champions,0.033717195757305085,Low,5,23,25769.54,11047.02,1120.4147826086958
12647,Champions,0.0336857034186035,Low,23,35,14109.55,674.11,403.13000000000005
14092,Champions,0.0330361596338029,Low,8,24,7229.450000000001,1331.4899999999998,301.2270833333334
14825,Champions,0.03289796717194703,Low,4,24,4735.080000000001,887.5400000000001,197.29500000000004
18229,Champions,0.03278557405407956,Low,12,28,10150.510000000002,2064.84,362.5182142857143
13571,Champions,0.03275918765053647,Low,13,26,4537.26,1005.11,174.51000000000002
15298,Champions,0.032571485596300846,Low,3,23,9061.77,1441.68,393.99
14688,Champions,0.032559999002322336,Low,8,28,7190.419999999999,1392.65,256.80071428571426
12431,Champions,0.03244249485931551,Low,36,25,10102.22,1582.88,404.0888000000001
17404,Champions,0.0324308302879943,Low,5,21,47638.119999999995,10887.52,2268.4819047619044
17364,Champions,0.03216299587716926,Low,1,27,11614.45,1845.27,430.16481481481486
15194,Champions,0.032046570163815825,Low,4,28,12021.53,3147.0,429.3403571428571
17730,Champions,0.031784286222502345,Low,4,20,7773.8,2242.71,388.69
17238,Champions,0.03170192471263829,Low,3,32,7331.17,1775.53,229.0990625
17231,Champions,0.03145191214646327,Low,13,25,7064.800000000001,1218.9,282.59200000000004
14680,Champions,0.03131340519200966,Low,26,58,55688.5,3331.55,960.146551724138
14056,Champions,0.030650134343605088,Low,2,23,8152.710000000001,2818.74,354.4656521739131
17769,Champions,0.030508663304908454,Low,13,17,7053.380000000001,2139.55,414.904705882353
15955,Champions,0.030425132641252805,Low,25,22,8085.98,1952.61,367.5445454545454
13756,Champions,0.030243454443338383,Low,3,23,8655.95,2217.19,376.3456521739131
16033,Champions,0.029861394672416972,Low,6,27,10608.81,2914.2700000000004,392.9188888888889
16401,Champions,0.029587459971506976,Low,2,23,6847.449999999999,1642.9,297.7152173913043
13488,Champions,0.02947008954568882,Low,18,23,14205.96,2371.9300000000003,617.6504347826087
17340,Champions,0.029385443015894026,Low,30,18,19617.95,4759.64,1089.8861111111112
14755,Champions,0.029352174148864804,Low,10,25,9972.55,2142.6,398.902
14060,Champions,0.029328194501112764,Low,5,30,8898.240000000002,2037.64,296.60800000000006
12839,Champions,0.028847382075805214,Low,3,26,9669.12,2494.0299999999997,371.8892307692308
17017,Champions,0.02826596382324921,Low,3,29,12576.989999999998,3262.9799999999996,433.6893103448275
15640,Champions,0.02822770983136822,Low,5,29,23459.509999999995,3579.37,808.948620689655
16592,Champions,0.027879010783528776,Low,5,28,7807.91,1899.35,278.8539285714286
16458,Champions,0.027640758822264754,Low,3,30,5690.89,1331.2400000000002,189.69633333333337
13102,Champions,0.027634893946093045,Low,2,37,11380.1,1462.39,307.5702702702702
14217,Champions,0.027180368431006078,Low,2,23,3298.5899999999997,793.48,143.4169565217391
16210,Champions,0.027072215193368995,Low,2,33,33730.97,9837.34,1022.1506060606062
16931,Champions,0.026870090981600283,Low,6,23,5032.219999999999,1657.54,218.79217391304343
16656,Champions,0.026695810487582877,Low,23,30,16833.170000000002,1509.12,561.1056666666667
13854,Champions,0.02658769896937943,Low,9,39,11944.559999999998,1640.36,306.2707692307692
16814,Champions,0.02643358608454299,Low,15,36,11914.95,1285.01,330.97083333333336
17381,Champions,0.026157738505483082,Low,9,38,36398.65,2013.96,957.8592105263158
13081,Champions,0.02586591317387913,Low,12,28,56838.37,9467.26,2029.9417857142855
13985,Champions,0.02570834926917211,Low,5,22,10020.86,4287.09,455.4936363636364
14085,Champions,0.02570698714660177,Low,3,32,9705.67,1200.35,303.3021875
13269,Champions,0.025486020944164883,Low,2,28,8537.32,2364.7799999999997,304.9042857142857
12476,Champions,0.025484182977257228,Low,16,18,12319.91,3210.75,684.4394444444445
17068,Champions,0.025446790807374577,Low,13,47,8980.18,1012.85,191.06765957446808
14415,Champions,0.025056072069838724,Low,2,23,11980.09,2089.44,520.8734782608695
17346,Champions,0.024988142285933827,Low,4,26,4991.41,1394.1,191.97730769230768
17139,Champions,0.02479370639042274,Low,16,25,19566.76,3798.95,782.6704000000001
16782,Champions,0.024780061337019977,Low,11,38,9636.12,637.5500000000001,253.58210526315793
12901,Champions,0.023872033056368994,Low,9,28,17654.54,6015.07,630.5192857142857
13576,Champions,0.02357067771401188,Low,11,28,11202.59,1876.4000000000003,400.0925
15044,Champions,0.023275806019379133,Low,20,32,15769.01,2482.05,492.7815625
15290,Champions,0.023153476052307356,Low,5,26,10496.28,4550.63,403.7030769230769
14110,Champions,0.023140404299929918,Low,4,33,12987.95,2423.5299999999997,393.57424242424247
15615,Champions,0.02276645480737194,Low,11,47,21373.97,3031.8900000000003,454.7653191489361
18118,Champions,0.0226931111245834,Low,11,29,6218.62,1402.14,214.4351724137931
16713,Champions,0.022691899953448356,Low,19,32,14115.56,2940.01,441.11125
18041,Champions,0.02259889888839662,Low,12,38,8018.77,1099.26,211.02026315789473
18225,Champions,0.02256285475581532,Low,4,26,13014.8,2774.1800000000003,500.5692307692307
16923,Champions,0.022411746619922596,Low,13,32,13157.13,2305.1400000000003,411.1603125
14560,Champions,0.022082998725507882,Low,8,44,6114.030000000001,672.57,138.95522727272729
16525,Champions,0.022078238918357126,Low,3,48,24151.300000000003,2655.1000000000004,503.1520833333334
12989,Champions,0.021981542061610692,Low,4,33,13551.75,2454.97,410.65909090909093
16945,Champions,0.021834663503196843,Low,22,33,8548.16,1338.44,259.0351515151515
14051,Champions,0.021666166719840743,Low,1,37,21770.98,6338.55,588.4048648648649
15144,Champions,0.02152125336478727,Low,9,29,12160.31,3019.6000000000004,419.32103448275865
15805,Champions,0.021402050133281083,Low,24,30,10148.93,1939.6800000000003,338.29766666666666
15189,Champions,0.020733356313158105,Low,2,46,17524.379999999997,3589.620000000001,380.9647826086956
12709,Champions,0.02069160499320788,Low,16,32,29487.180000000004,2469.73,921.474375
15547,Champions,0.020673376101814054,Low,8,26,10002.649999999998,2165.4399999999996,384.7173076923076
16353,Champions,0.020512337756839538,Low,4,38,9795.46,3207.8999999999996,257.7752631578947
13668,Champions,0.02030227262728205,Low,3,35,12948.480000000003,1408.86,369.9565714285715
14096,Champions,0.02001059638036166,Low,5,17,53258.42999999999,53054.53999999999,3132.848823529411
13263,Champions,0.019896503113697877,Low,2,38,8650.98,2567.1400000000003,227.6573684210526
16523,Champions,0.019826891541952024,Low,2,28,11916.33,4172.52,425.5832142857143
12583,Champions,0.01975210324985607,Low,3,27,12493.580000000002,2797.17,462.7251851851853
12621,Champions,0.019515958093486743,Low,2,35,22097.200000000004,3188.63,631.3485714285715
13050,Champions,0.019479683042131397,Low,15,34,11877.29,1327.12,349.33205882352945
12474,Champions,0.01945194404685563,Low,18,29,11310.75,2710.03,390.0258620689655
12569,Champions,0.019449097113847014,Low,3,32,3152.6900000000005,1507.0100000000002,98.52156250000002
17315,Champions,0.018769036159008913,Low,2,41,9559.5,1913.14,233.15853658536585
17576,Champions,0.018301672192217167,Low,9,41,8705.6,1298.5800000000002,212.3317073170732
16549,Champions,0.01813874176886176,Low,11,34,12781.8,3254.54,375.93529411764706
12437,Champions,0.017830310553873498,Low,2,38,11282.4,1942.0,296.90526315789475
14702,Champions,0.017782135301689456,Low,2,29,6356.9800000000005,1600.5400000000002,219.20620689655175
16558,Champions,0.017723585823077415,Low,1,38,13304.11,3653.32,350.10815789473685
12841,Champions,0.01761350593431688,Low,5,40,6958.2,1161.67,173.95499999999998
18109,Champions,0.017093587532768,Low,2,38,9555.71,3178.0500000000006,251.46605263157895
12720,Champions,0.017000677399123917,Low,3,29,6905.28,1839.89,238.1131034482759
14562,Champions,0.016645696231399887,Low,4,26,6638.15,2697.3900000000003,255.31346153846152
15838,Champions,0.016628570766031338,Low,12,34,73205.5,19489.58,2153.1029411764707
13018,Champions,0.016566843382925207,Low,17,35,9763.16,2201.99,278.9474285714286
16746,Champions,0.01626127805460253,Low,5,42,18045.05,2276.58,429.6440476190476
17581,Champions,0.016181476800131517,Low,1,43,17951.170000000002,4502.950000000001,417.4690697674419
15555,Champions,0.01612162381366985,Low,13,36,11233.78,1983.49,312.0494444444445
17961,Champions,0.01608785759711996,Low,22,100,2866.7400000000007,116.82,28.667400000000008
12415,Champions,0.01594728587878741,Low,25,24,144033.37000000002,22826.65,6001.390416666668
17611,Champions,0.01575036598626969,Low,8,28,8287.53,1259.97,295.9832142857143
14735,Champions,0.015729988834186363,Low,4,55,12225.16,2454.98,222.27563636363635
12540,Champions,0.015334523613302444,Low,20,32,19250.49,3705.38,601.5778124999999
14895,Champions,0.015231473549390164,Low,8,38,25119.54,3163.9199999999996,661.0405263157895
17389,Champions,0.015208960660237183,Low,1,61,57215.33,22329.6,937.9562295081968
14031,Champions,0.015149569711899982,Low,8,44,39019.51,7659.83,886.8070454545455
15769,Champions,0.015147889593146275,Low,8,46,88612.51999999999,14389.0,1926.3591304347824
13969,Champions,0.014999738081443545,Low,8,35,12973.46,5140.9400000000005,370.6702857142857
17428,Champions,0.014697711956957979,Low,1,45,31466.76,6595.76,699.2613333333334
16161,Champions,0.014363753881468327,Low,2,43,12580.06,2497.01,292.5595348837209
13004,Champions,0.01426977868308641,Low,12,36,11650.85,1870.82,323.63472222222225
15498,Champions,0.013956125283711507,Low,3,44,24972.859999999997,4190.030000000001,567.5649999999999
13098,Champions,0.013864861810663796,Low,2,28,28882.44,13712.98,1031.5157142857145
17920,Champions,0.013635228448875663,Low,5,54,23569.879999999997,1790.6999999999998,436.4792592592592
16168,Champions,0.013109622345002977,Low,11,66,10360.670000000002,1155.48,156.9798484848485
18172,Champions,0.012517830476373054,Low,15,52,17467.239999999998,1926.4,335.9084615384615
13777,Champions,0.012176018609358363,Low,1,61,49638.26000000001,13616.92,813.7419672131149
13468,Champions,0.011966879249795247,Low,2,72,12793.28,965.95,177.68444444444447
15159,Champions,0.011868563798639873,Low,2,34,22116.729999999996,9671.04,650.4920588235293
14849,Champions,0.011850772852441549,Low,22,43,15407.61,2146.01,358.316511627907
16779,Champions,0.011594286445736868,Low,3,53,32809.03,4234.99,619.0383018867924
14667,Champions,0.01134569141888631,Low,11,54,20359.589999999997,3163.5800000000004,377.0294444444444
13319,Champions,0.011286956348001127,Low,6,58,21323.22,3455.08,367.6417241379311
13599,Champions,0.011199476472497883,Low,2,33,9811.04,2836.08,297.30424242424243
12681,Champions,0.010938067449380381,Low,15,44,26936.76,3416.96,612.199090909091
13881,Champions,0.010836146085837276,Low,4,43,45179.1,7760.84,1050.6767441860466
15358,Champions,0.01076068910020166,Low,5,42,16425.86,2707.39,391.0919047619048
17757,Champions,0.010643552051434062,Low,2,56,9070.1,2284.84,161.96607142857144
16013,Champions,0.010606539288169181,Low,4,84,56078.44,13721.260000000002,667.6004761904762
14298,Champions,0.010580914157593848,Low,9,82,91194.49,10344.79,1112.1279268292683
14194,Champions,0.010446787855464068,Low,5,36,18670.59,5683.07,518.6275
16684,Champions,0.010144944950838833,Low,5,55,147142.77000000002,32770.06,2675.323090909091
13767,Champions,0.010073885564544114,Low,3,73,33903.57,7543.99,464.43246575342465
16705,Champions,0.009886988845776708,Low,1,42,43515.05,4254.64,1036.0726190476191
17675,Champions,0.009705553161666778,Low,2,70,37642.48,6300.089999999999,537.7497142857143
15078,Champions,0.009653434383573386,Low,8,52,17276.73,3040.5200000000004,332.2448076923077
16839,Champions,0.009431066015330097,Low,9,44,21758.25,5725.07,494.5056818181818
12682,Champions,0.009247071736019562,Low,4,51,20736.22,3645.9,406.5925490196078
16133,Champions,0.009054356861508933,Low,4,56,22992.26,3969.77,410.5760714285715
17243,Champions,0.009040860704626879,Low,2,69,20184.68,4207.6900000000005,292.53159420289853
17949,Champions,0.009032728386946316,Low,2,116,107833.48,10301.28,929.5989655172414
17865,Champions,0.008728741059829986,Low,31,46,26310.09,3508.9800000000005,571.9584782608696
16029,Champions,0.008622244903685024,Low,39,106,109620.87,26720.699999999997,1034.159150943396
15856,Champions,0.008395210837357588,Low,5,52,32274.69,4895.71,620.6671153846154
15005,Champions,0.008184704940352961,Low,16,56,13752.58,1787.8200000000002,245.5817857142857
17811,Champions,0.008151648739187957,Low,5,47,9513.1,2927.51,202.40638297872337
17377,Champions,0.007988851106648867,Low,24,78,17639.230000000003,2017.98,226.1439743589744
12471,Champions,0.00782076311499202,Low,3,71,35099.899999999994,7723.65,494.3647887323943
15039,Champions,0.007661225203928451,Low,10,93,39141.48,1381.94,420.876129032258
15061,Champions,0.007504975294787764,Low,4,127,126387.57,17959.14,995.1777165354332
13199,Champions,0.007042705002874745,Low,4,66,15949.21,5076.96,241.65469696969697
17677,Champions,0.007029998677361599,Low,2,54,35058.46,4678.88,649.2307407407408
13078,Champions,0.006180704852540738,Low,4,57,29018.06,5710.79,509.0887719298246
16422,Champions,0.006013010782273516,Low,18,107,61656.420000000006,5566.7,576.2282242990655
12971,Champions,0.005256372492854888,Low,4,116,15704.6,3024.59,135.38448275862066
12921,Champions,0.005172569539528351,Low,10,74,35233.24,6503.620000000001,476.1248648648648
14527,Champions,0.005093615115733307,Low,3,121,27191.1,3225.71,224.71983471074375
13798,Champions,0.004965405233214182,Low,2,110,75428.86999999998,7992.709999999999,685.7169999999999
13694,Champions,0.004956412115848732,Low,4,143,195640.69,19127.98,1368.116713286713
17450,Champions,0.0049383231407411484,Low,9,51,244784.25,108089.25,4799.691176470588
17511,Champions,0.004899568630613642,Low,3,60,172132.87,31686.63,2868.8811666666666
14156,Champions,0.003191602110358162,Low,10,144,303069.88,18321.29,2104.6519444444443
13408,Champions,0.003084147376938451,Low,2,106,50174.77999999999,10280.360000000002,473.34698113207537
14606,Champions,0.0024166213611461857,Low,2,184,29648.750000000004,2567.24,161.13451086956525
18102,Champions,0.002377148690903837,Low,1,145,580987.04,124206.55,4006.8071724137935
13089,Champions,0.0019345182107968458,Low,3,203,113416.91,15501.34,558.7039901477833
15311,Champions,0.001845201262736372,Low,1,207,114671.42,14612.0,553.9682125603865
14646,Champions,0.0015648188864567302,Low,2,145,526751.52,101408.4,3632.769103448276
17841,Champions,0.0008955990492071141,Low,2,211,68508.15,17186.0,324.6831753554502
12748,Champions,0.0006925226365420915,Low,1,322,49173.79000000002,18262.29,152.71363354037274
14911,Champions,0.0003418921365202505,Low,2,373,272252.79,60057.380000000005,729.9002412868632
