customer_id,segment_id,segment,pc1,pc2,recency_days,frequency,monetary,tenure_days,avg_order_value,n_products
17238,1,Champions,3.6726380832376404,-0.28081204825605666,3,32,7331.17,739,229.0990625,485
14654,0,Hibernating,-1.564133802182462,1.3252971400198736,739,1,246.86,739,246.86,27
16131,1,Champions,2.7244323638384187,0.5421011971342906,52,12,9957.419999999998,738,829.7849999999999,131
17679,1,Champions,1.5706211296966457,0.48933649369736026,53,7,3577.61,737,511.0871428571429,70
16210,1,Champions,4.536893669316875,-0.45722792919649535,2,33,33730.97,738,1022.1506060606062,144
13735,1,Champions,3.2659411310648805,0.283594980473069,25,13,9762.77,727,750.9823076923077,362
17416,1,Champions,3.726748594831577,0.4090794440273973,30,22,17298.45,726,786.2931818181819,324
17400,1,Champions,2.223690478239093,0.8485209481549209,127,8,4623.280000000001,723,577.9100000000001,345
16085,1,Champions,1.9277025714356741,0.24385299668553578,24,12,2324.71,689,193.72583333333333,258
13042,1,Champions,0.6006013020326674,1.3464433750195868,599,3,1488.59,733,496.1966666666667,164
17742,1,Champions,0.8921851185136201,0.859855675627743,114,11,2098.48,739,190.7709090909091,52
15293,0,Hibernating,-1.6922053476692718,1.1841253010369832,666,1,247.5,666,247.5,19
16841,1,Champions,2.1657592032487014,0.3947318067578941,37,12,4006.06,697,333.8383333333333,187
17426,1,Champions,3.1499844540766713,-0.17524409801271879,9,13,8077.77,661,621.3669230769231,248
16742,1,Champions,0.6623649956970797,1.4274099752967713,493,13,2334.97,724,179.6130769230769,50
16511,1,Champions,1.596491727949226,0.06495054617839824,22,6,1758.4899999999998,649,293.08166666666665,234
12668,1,Champions,3.2492561304186607,-0.10850732609883612,12,9,9906.03,678,1100.67,262
14493,1,Champions,2.816575422379331,-0.2638598253566238,8,10,5087.86,642,508.78599999999994,292
16718,1,Champions,1.1975283369332872,1.202805827156686,370,5,3006.08,734,601.216,123
14534,1,Champions,3.4292072383706236,-0.44641471078041806,3,26,6183.0599999999995,635,237.80999999999997,436
18196,1,Champions,1.0518021313686219,0.5491043861089935,96,4,1455.27,633,363.8175,209
15425,1,Champions,0.7547811860721236,1.1243384385872057,401,4,1941.12,664,485.28,114
14530,1,Champions,2.762528919848807,0.28690482689090185,26,16,6088.870000000001,688,380.5543750000001,269
14344,1,Champions,1.5856337384138324,0.8511148331458143,128,20,2993.05,627,149.6525,140
16444,1,Champions,2.1101574043605815,0.44465935341378593,47,17,3625.88,626,213.2870588235294,217
14298,1,Champions,6.114528802395923,0.14975790148899737,9,82,91194.49,729,1112.1279268292683,1370
13668,1,Champions,4.091383577985675,-0.2996478304842622,3,35,12948.480000000003,729,369.9565714285715,411
13878,1,Champions,1.2702445838045173,0.26449605171362756,55,4,2416.9,605,604.225,93
13092,1,Champions,1.0002419695999478,0.5984786151085929,71,12,2140.2800000000007,668,178.3566666666667,52
16549,1,Champions,4.081581287827223,-0.007604177794345608,11,34,12781.8,622,375.93529411764706,836
13230,1,Champions,3.5070647059918976,-0.2639520774292142,5,30,6109.510000000001,632,203.65033333333335,652
12921,1,Champions,4.722479553499013,0.1840355551352227,10,74,35233.24,739,476.1248648648648,322
15173,0,Hibernating,0.36967458688727606,1.1141840739602777,381,7,1494.6,618,213.5142857142857,68
17231,1,Champions,3.3505734024819054,0.1632480494511201,13,25,7064.800000000001,733,282.59200000000004,509
14221,1,Champions,2.5084537782830694,0.36950567854360106,43,17,6517.490000000001,613,383.3817647058824,166
12932,1,Champions,0.43348391544478904,1.335207467015837,540,8,1698.5600000000002,668,212.32,69
13842,1,Champions,2.393487998253512,0.5788827130788633,59,18,5319.34,662,295.5188888888889,214
17646,1,Champions,1.60628978009018,1.1056067437584713,220,12,3898.79,724,324.89916666666664,124
13089,1,Champions,6.456136976387805,-0.07252612620726967,3,203,113416.91,738,558.7039901477833,857
14640,1,Champions,2.09932832978841,0.20832776283770613,25,10,3649.3600000000006,687,364.936,165
17419,1,Champions,2.8313817774406864,0.009714633454926217,12,18,6126.25,684,340.34722222222223,203
12937,1,Champions,1.960441905117908,0.092027973994935,16,9,3097.61,737,344.1788888888889,128
15322,1,Champions,0.5864613797544291,0.14401259156061028,86,2,1390.86,477,695.4300000000001,76
15043,1,Champions,1.1780652936000917,-0.02040491525471879,32,6,2855.32,534,475.8866666666667,38
15006,1,Champions,0.4722009565578583,-0.06047347662391969,52,2,752.8299999999999,454,376.415,164
14030,1,Champions,3.352234284200093,0.26585714879781397,19,20,7521.799999999999,730,376.09,591
14461,1,Champions,2.6930341580061987,0.9357065055207423,149,13,6676.52,691,513.5784615384616,514
17096,1,Champions,2.1633185682930582,-0.13546949351502566,16,11,3697.93,556,336.17545454545456,162
16928,1,Champions,1.9135212103826973,0.7731188334327769,81,26,3798.08,675,146.07999999999998,133
13055,1,Champions,1.2615944849432634,0.10298584166916197,79,4,2321.11,430,580.2775,145
13280,1,Champions,1.3097717639834991,0.7197063092547007,123,7,2293.33,645,327.61857142857144,159
12582,1,Champions,0.6810561784097199,0.7950936031356793,239,4,1820.4,578,455.1,87
16017,1,Champions,0.9934655020300658,0.394662004656039,48,5,1545.5800000000002,704,309.11600000000004,99
16133,1,Champions,4.437464791586501,-0.3134328344657424,4,56,22992.26,619,410.5760714285715,303
15059,1,Champions,2.289840736813994,0.5613145331358081,41,19,3490.4,734,183.70526315789473,307
16228,0,Hibernating,-0.35847974474220035,0.6202029691618602,386,3,885.71,401,295.2366666666667,45
12843,1,Champions,2.406948961412469,0.7566101126805161,66,28,6461.87,727,230.78107142857144,127
15602,1,Champions,1.8725213930903293,-0.043316034799042044,9,16,3137.96,738,196.1225,62
15271,1,Champions,2.8648811125650444,-0.36895378028448383,8,24,4528.54,492,188.6891666666667,369
12358,1,Champions,2.052644218667197,-0.6889345215673159,2,5,3447.0699999999997,732,689.414,55
17237,1,Champions,0.6784626037919067,-0.6968333514395891,12,4,994.13,382,248.53250000000003,76
17198,1,Champions,0.28289364745254386,-0.49113566127549413,24,3,692.22,372,230.74,89
13030,1,Champions,0.4383427281048867,-0.8083901581277618,12,2,752.4399999999999,369,376.22,76
17287,1,Champions,2.4317752020266385,0.41790457258460373,27,21,3826.86,737,182.23142857142855,279
12481,1,Champions,3.2085878876762144,0.09031326309013768,23,14,11033.509999999998,608,788.107857142857,247
16779,1,Champions,4.796509624957395,-0.26121474042362436,3,53,32809.03,737,619.0383018867924,293
15194,1,Champions,3.7930463615931096,-0.24204786479491108,4,28,12021.53,737,429.3403571428571,274
14555,1,Champions,1.2824792531153293,0.5020420640319293,58,6,2304.03,722,384.00500000000005,94
16518,1,Champions,0.2957726532397053,0.25453782851244017,62,4,959.37,557,239.84250000000003,61
15057,1,Champions,1.0630081198907069,1.0753251592494415,276,5,3255.96,735,651.192,62
16386,1,Champions,0.7503055893285152,-0.3882533106116247,29,3,1068.16,388,356.05333333333334,127
18010,0,Hibernating,-2.0793427904219497,-0.042672577811862296,257,1,174.8,257,174.8,14
15145,1,Champions,0.7816494874971672,-1.3963150961731408,5,4,1194.73,249,298.6825,54
16729,1,Champions,2.583159816299707,-0.47482366948309174,39,21,7202.010000000001,242,342.95285714285717,233
14978,1,Champions,1.7304852025775355,0.4836250554595176,73,10,3112.1899999999996,591,311.21899999999994,175
16319,0,Hibernating,-1.8979210083522415,-0.3051776835942277,218,1,404.4,218,404.4,3
17702,1,Champions,1.6501269476968363,-0.27319822233582114,31,6,3144.04,401,524.0066666666667,120
12974,0,Hibernating,-0.9740343400162947,0.6370686607996711,198,2,408.9500000000001,566,204.475,27
12540,1,Champions,3.9880795876232047,0.320963708793774,20,32,19250.49,733,601.5778124999999,353
17015,1,Champions,1.193115101094892,-1.0628521859169,29,3,1838.61,186,612.87,182
15625,1,Champions,1.463608947017206,0.5168496722239002,104,9,3236.4000000000005,543,359.6000000000001,106
16644,0,Hibernating,-0.2395569075287266,-0.29470293353040156,178,2,833.7800000000001,213,416.89,62
16326,1,Champions,2.8390404954773167,-0.1803613098613828,6,24,4626.25,681,192.76041666666663,242
17997,1,Champions,0.9528131822532533,-0.6846484726719861,75,8,1962.46,165,245.3075,133
15752,1,Champions,2.2701951867992785,0.0149800711116494,40,9,3924.91,458,436.1011111111111,359
12653,1,Champions,1.3942323220172121,0.46413154545182833,149,3,4160.83,527,1386.9433333333334,76
17863,1,Champions,2.2159172344097504,0.507023293781317,60,12,5360.48,653,446.70666666666665,154
17365,1,Champions,3.2895648950097156,0.006434553999972202,13,15,8179.450000000001,677,545.2966666666667,394
16059,1,Champions,1.860696704623085,0.44459618330870915,66,12,3053.5700000000006,570,254.46416666666673,233
14201,1,Champions,0.4631452862504686,0.41514723670296505,61,10,1193.5400000000002,589,119.354,47
12562,1,Champions,2.2150545510775292,-0.603033146101011,9,9,4426.92,436,491.88,112
12948,1,Champions,1.5658114329397659,0.11710668173677434,17,9,2317.43,738,257.4922222222222,89
14189,1,Champions,2.862213370455617,-0.9740566533818632,3,16,5503.15,389,343.946875,199
17919,1,Champions,0.5188523575556755,0.06014584834768883,89,2,1840.32,439,920.16,37
18092,1,Champions,3.222785442636791,-0.4369016055380955,3,18,14693.72,736,816.3177777777778,42
14595,1,Champions,1.5625114780923584,0.10534619216840745,20,8,2164.4500000000003,689,270.55625000000003,119
16669,2,New / Promising,0.7034198168020178,-1.9513829630102812,24,2,1344.48,79,672.24,140
15380,1,Champions,1.539664301264784,-0.1132228585576912,9,11,3248.96,739,295.36,27
17172,0,Hibernating,0.11635903334123467,0.5428312192394644,79,3,956.57,727,318.8566666666667,39
16931,1,Champions,3.0497314032969687,-0.6636493055256104,6,23,5032.219999999999,398,218.79217391304343,466
13927,0,Hibernating,-0.2396365493257189,0.020656603389814038,75,2,708.26,438,354.13,37
13263,1,Champions,3.7959701771518954,-0.8962436289558435,2,38,8650.98,414,227.6573684210526,505
13167,1,Champions,0.6219886707318734,-0.4852353221743194,19,5,1113.15,391,222.63,63
13260,2,New / Promising,-1.294652324538781,-1.9146593349086514,62,1,557.62,62,557.62,8
15630,1,Champions,0.8287335226274204,0.22742851577445247,46,3,1481.4,645,493.8,76
16345,1,Champions,0.6773108887766485,-0.08104283745905382,45,2,1178.79,484,589.395,95
12638,0,Hibernating,0.05814921345036842,0.06874579001241482,34,2,681.49,640,340.745,46
16743,1,Champions,2.0595360768613484,0.18747483946977253,30,14,4212.15,597,300.86785714285713,118
17502,2,New / Promising,-0.5270235907643307,-3.0555085059723783,10,4,689.1,30,172.275,25
15148,2,New / Promising,-1.450283280996221,-4.03033822893173,11,1,301.28999999999996,11,301.28999999999996,20
13098,1,Champions,4.2444364731469575,-1.23888283778357,2,28,28882.44,318,1031.5157142857145,156
17221,1,Champions,1.010397616526306,-0.3797646660647333,8,5,976.62,608,195.324,115
14719,1,Champions,1.6386084505830396,-1.6174134149195099,2,5,1581.84,250,316.368,177
14808,1,Champions,1.4774357366787156,-0.8857260062647949,40,8,2718.6,173,339.825,176
14722,0,Hibernating,-0.4223089520170593,0.452075171897406,148,3,489.52,487,163.17333333333332,72
17060,0,Hibernating,-2.1958906167442875,-0.019504329380402148,267,1,234.24,267,234.24,5
13985,1,Champions,3.3115377279160825,-0.30120943826960817,5,22,10020.86,669,455.4936363636364,149
14102,2,New / Promising,0.1840982372359754,-2.849974253136122,6,5,1105.88,45,221.176,35
18006,1,Champions,0.5334740087197783,0.1307728897801837,24,4,969.51,723,242.3775,57
13455,1,Champions,1.3632481153457952,0.1931048289004028,25,6,2212.99,731,368.8316666666667,79
17409,1,Champions,1.8510699896577771,0.9809870044626802,185,10,7793.51,729,779.351,50
17115,1,Champions,1.8687642578163826,-0.15298483852188158,9,7,2761.49,735,394.4985714285714,102
17858,1,Champions,3.5828604458839113,-0.11477634720057746,6,30,12518.65,734,417.28833333333336,173
15295,0,Hibernating,-1.4735556106883496,1.1857171346216973,655,1,207.04,655,207.04,50
17861,1,Champions,3.0873166384774158,-0.28748325543045533,4,18,5088.289999999999,730,282.68277777777774,329
17669,1,Champions,2.138820164141259,0.2886044680082118,43,10,6142.35,618,614.235,85
12500,1,Champions,2.275385673286679,0.23697976393386494,24,18,5559.21,674,308.845,87
17596,1,Champions,2.5186915335029374,0.2834758367518405,24,13,4491.46,725,345.49692307692305,274
13715,1,Champions,2.4960905572998424,1.1327970072341356,282,17,8153.040000000001,639,479.59058823529415,277
14195,0,Hibernating,0.24761160714739502,0.8202739169714617,202,6,2615.6,635,435.93333333333334,10
14062,1,Champions,3.9679309195642927,-0.002570332685556118,10,24,25585.65,730,1066.06875,141
13044,1,Champions,2.120655440778947,1.1868094830609144,292,11,4848.05,701,440.7318181818182,356
16125,1,Champions,1.7110559084490133,1.3324887593020254,368,14,4292.35,726,306.5964285714286,168
12986,1,Champions,0.8591641262393351,1.2884500692664183,429,10,2729.84,688,272.98400000000004,61
15720,1,Champions,0.6224909767617527,-0.16227359314274223,25,2,739.22,551,369.61,152
15527,1,Champions,2.740097721937692,0.27086654143431776,19,23,5554.040000000001,725,241.48000000000005,225
13488,1,Champions,3.7153585256440165,0.17994573225166285,18,23,14205.96,684,617.6504347826087,370
16809,1,Champions,1.302168290609054,0.07901782448108527,24,9,1727.4299999999998,606,191.93666666666664,113
17241,1,Champions,1.1455744288102834,1.2523875007954592,386,12,2736.6400000000003,663,228.05333333333337,116
15151,0,Hibernating,0.47307246078528564,0.8026350218655534,424,2,2085.6099999999997,510,1042.8049999999998,56
13213,1,Champions,1.9768389890940157,0.3627675163777297,57,11,3851.519999999999,569,350.13818181818175,181
14692,1,Champions,0.9130495853267163,0.8022459656661531,138,12,1715.14,618,142.9283333333333,101
14930,1,Champions,2.1127946936151702,0.5777543445075068,109,6,5236.73,607,872.7883333333333,213
15424,0,Hibernating,-0.6837138645699673,0.597838716962296,255,3,597.78,464,199.26,33
18193,0,Hibernating,0.25047067988925203,0.38230290720248405,166,3,1207.35,443,402.4500000000001,66
16287,0,Hibernating,-0.29040537697961655,0.8424511822888876,170,5,1006.98,690,201.396,18
16214,1,Champions,0.7770642656198423,0.40617340404878866,171,4,2038.25,436,509.56249999999994,84
15641,1,Champions,2.3017578918533683,0.8404452842039003,106,12,5345.55,734,445.4625,249
16527,1,Champions,0.4184452288577075,0.022020103508508655,82,2,1232.94,425,616.47,66
15129,1,Champions,2.2983540075403512,0.46213270742932666,51,23,6860.18,611,298.2686956521739,86
15608,1,Champions,1.089768310082725,-0.27825282771834503,29,5,1785.98,416,357.196,93
14271,0,Hibernating,-1.4750083557432299,0.4211628439145509,226,2,214.18,410,107.09,38
16129,0,Hibernating,0.32758629382383003,0.8558806966987859,408,3,1396.05,508,465.35,91
18098,0,Hibernating,-0.483583964275194,0.5201406101706516,397,1,527.94,397,527.94,85
17974,1,Champions,1.5346787772134003,-0.30462301352929555,25,6,1739.09,408,289.84833333333336,279
16385,1,Champions,0.4329770417250425,0.4036705898825724,61,5,881.3499999999999,632,176.26999999999998,94
16445,1,Champions,0.27933008968120515,-0.21626587398659924,34,4,583.1600000000001,412,145.79000000000002,143
12734,0,Hibernating,-1.0516242703319376,0.5596022259520692,353,3,603.65,393,201.21666666666667,16
13144,0,Hibernating,-2.6005897751030727,0.5989732202038192,333,2,135.35,432,67.675,6
14709,1,Champions,2.8844287906407207,0.20430880493032108,16,25,8886.330000000002,735,355.4532000000001,105
13800,1,Champions,0.5318258738155495,1.0774129345155259,310,3,1679.5600000000004,737,559.8533333333335,73
16951,1,Champions,0.3055838095249037,-0.03533083601117245,135,3,1277.75,305,425.9166666666667,73
16915,1,Champions,1.111482877697784,-0.2769996690062922,10,11,1543.18,570,140.2890909090909,54
17869,0,Hibernating,0.13636046298546217,0.5372554588679275,108,7,813.6400000000001,548,116.23428571428572,72
14998,0,Hibernating,0.12386256989430594,0.7392710119601923,171,4,753.1800000000001,606,188.295,111
16011,1,Champions,2.8474925093521786,0.049188897184905066,9,29,5599.3099999999995,739,193.07965517241377,180
16477,1,Champions,1.9616426588560956,0.2599408668454621,64,11,4094.37,485,372.2154545454545,177
14691,1,Champions,0.8407633799224157,-0.875888773420444,31,5,2114.33,213,422.866,50
13339,0,Hibernating,-0.24228166039428706,-0.3821721549198508,201,1,860.1199999999999,201,860.1199999999999,54
17682,1,Champions,2.0971499059572585,-0.1552482137767795,11,11,4065.28,642,369.5709090909091,85
17589,1,Champions,3.577126494970517,0.5567080934169619,61,18,13806.27,643,767.0149999999999,600
16209,1,Champions,1.4225820983378348,0.4425699736721456,89,9,4146.78,547,460.7533333333334,51
17954,1,Champions,2.92459081311598,-0.13197012964253976,6,19,3801.83,731,200.0963157894737,478
15700,0,Hibernating,-0.3019610211940177,-0.47721982734488616,173,2,696.68,174,348.34,85
15804,1,Champions,2.5673995747517093,-1.8752600578576346,1,13,4206.389999999999,199,323.5684615384615,170
18283,1,Champions,2.579038431163783,-0.33038398757393517,4,22,2658.95,659,120.86136363636363,351
15372,1,Champions,1.6176838337680728,0.7569572261801106,138,8,6017.0599999999995,664,752.1324999999999,45
17883,1,Champions,1.3044548069108517,-0.4912263607157182,4,7,988.42,653,141.20285714285714,155
18044,1,Champions,2.316208870712878,-0.46255408623384237,5,18,3505.61,561,194.75611111111112,128
17046,1,Champions,0.7827909048128794,0.7266061435715293,158,5,1906.07,621,381.21400000000006,76
13599,1,Champions,3.699452969733806,-0.4102484844252104,2,33,9811.04,739,297.30424242424243,235
12656,1,Champions,2.498419045821362,-0.1382561946278099,18,8,5723.83,563,715.47875,173
17228,1,Champions,2.065052131293039,0.02542175177316633,16,13,2820.03,638,216.92538461538464,199
12906,2,New / Promising,1.1425338290141236,-2.12713693162169,12,5,2919.8100000000004,79,583.9620000000001,55
16837,1,Champions,1.6176338581975855,-0.6174180205127582,32,11,3170.9799999999996,246,288.2709090909091,123
16682,2,New / Promising,0.12747565614456408,-1.6394495471762514,5,5,1028.0,188,205.6,15
15971,1,Champions,1.6211688745303106,0.16551906985375414,18,18,5897.880000000001,732,327.6600000000001,11
15385,0,Hibernating,-0.06121867585787342,0.21563629468898893,41,3,942.08,678,314.02666666666664,18
14426,1,Champions,3.5226881141194744,0.19936172977476335,24,17,11727.94,646,689.8788235294118,452
17703,1,Champions,0.4764795621713979,-0.21342075835712676,36,4,1094.84,419,273.71000000000004,63
14387,2,New / Promising,0.8614779861928517,-1.4933802804002785,33,3,1727.6,110,575.8666666666667,125
16164,2,New / Promising,-0.4065135472250034,-2.566727712816817,18,3,822.48,43,274.16,27
12955,1,Champions,2.3347671320576424,-1.4905455910554393,2,11,4757.16,268,432.4690909090909,81
13644,1,Champions,1.4032544205116788,-1.7454849786100342,17,4,2624.26,106,656.065,144
14591,1,Champions,0.9694419122496433,-1.1142932104648853,16,4,1320.21,214,330.0525,138
17625,1,Champions,2.929257712293038,0.12703196864931426,19,8,5978.9,725,747.3625,429
15192,1,Champions,0.6313377536330036,0.7011298395634915,120,5,1666.39,680,333.27799999999996,56
14125,2,New / Promising,1.4941596153027779,-2.2040089108683025,11,3,2720.63,79,906.8766666666668,159
17324,1,Champions,1.6120929525151664,0.16574944197151734,18,12,2171.0699999999997,722,180.9225,111
14541,1,Champions,1.4433241028564219,0.60286028692439,59,14,2491.38,702,177.9557142857143,99
14847,0,Hibernating,0.3524129364036861,0.5548086571624461,149,3,1348.9499999999998,565,449.6499999999999,56
13209,1,Champions,2.999269438555872,0.3096469152952361,31,13,8509.51,685,654.5776923076924,284
17470,1,Champions,1.4961932760091243,0.17373607922457135,45,11,2626.47,509,238.77,111
12437,1,Champions,3.892853810860339,-0.3916601667411988,2,38,11282.4,738,296.90526315789475,272
14756,1,Champions,1.5459403992661729,-0.5568366801449096,16,3,2603.76,425,867.9200000000001,101
14744,1,Champions,1.7709766170675656,-0.07352152170683299,17,14,3660.08,571,261.4342857142857,57
16572,0,Hibernating,-0.13040302243356702,-0.15063125544384653,128,3,1009.6,276,336.5333333333333,40
13723,0,Hibernating,0.17946428841783876,0.8690283949132688,218,6,1194.08,612,199.01333333333332,51
14644,1,Champions,1.000579418050991,0.5918665905832791,68,7,2247.72,737,321.1028571428571,50
16656,1,Champions,2.768317069542333,0.3185613037992659,23,30,16833.170000000002,736,561.1056666666667,22
15288,1,Champions,1.8842587856667552,0.38767652791289553,44,10,3706.53,666,370.653,127
12427,0,Hibernating,-0.17606921817823287,-0.5475522099474553,22,3,699.8000000000001,372,233.26666666666668,25
17867,1,Champions,1.2673627793273563,0.4210537971451226,31,14,1560.72,738,111.48,117
12600,1,Champions,1.8631674590888632,0.3963539937543567,29,20,4385.85,733,219.2925,51
18144,1,Champions,2.20803855349995,-0.09299304303562385,8,19,4892.949999999999,724,257.52368421052626,51
15259,0,Hibernating,-0.024178072280680193,1.2444075748951045,513,4,1182.38,683,295.595,50
14127,1,Champions,0.860568444250728,0.31802507367498845,123,6,1900.08,426,316.68,96
17749,0,Hibernating,0.04988473614124876,0.6028966373832898,179,3,1026.18,547,342.06,52
14196,2,New / Promising,-1.823569823196199,-1.205587121278759,107,1,335.52,107,335.52,6
17620,2,New / Promising,-3.1195476143475136,-1.9110477651900177,60,1,81.44,60,81.44,4
17549,2,New / Promising,-2.4439040022789675,-2.3210816857233114,24,2,148.86,52,74.43,5
14075,1,Champions,1.255416657954633,-0.7983101957601129,5,5,1724.87,471,344.974,58
14834,1,Champions,1.1832783799959943,-0.44258669466629885,18,7,2206.1600000000003,408,315.16571428571433,55
12723,2,New / Promising,0.11415822730744248,-2.618456578208997,4,5,707.07,66,141.41400000000002,52
12978,1,Champions,1.043973951016411,1.2201042348376991,386,5,2502.82,730,500.564,126
16218,1,Champions,1.847782743745363,0.1167378178491682,30,13,3968.670000000001,562,305.2823076923077,82
15113,2,New / Promising,1.366121828326257,-2.583302227919182,10,3,3509.04,55,1169.68,76
17414,1,Champions,0.3046894073424358,0.36641695489193987,44,6,2249.52,737,374.92,6
16709,1,Champions,2.757454121845634,0.756477808312646,85,14,9056.01,731,646.8578571428571,220
12980,1,Champions,1.863662039096012,0.9827305490939828,158,21,16245.780000000002,738,773.6085714285715,7
12924,1,Champions,1.1075857296998408,0.7638027499133644,89,12,2461.4500000000003,731,205.12083333333337,55
18223,1,Champions,3.7309100024167123,-0.19482689037640646,5,26,14000.85,736,538.4942307692307,192
17109,1,Champions,0.9982078664330588,-0.021951646127166442,30,8,1291.71,498,161.46375,124
13399,0,Hibernating,-1.8761227029170564,0.9347619917225314,465,3,275.4,520,91.8,10
17856,2,New / Promising,0.536157689009147,-1.5853527824721785,2,4,1418.0300000000002,282,354.50750000000005,12
13848,0,Hibernating,0.19091280468359137,0.6660381908144748,93,8,3015.0,731,376.875,3
13029,1,Champions,0.44029743541567884,-0.08261440343602898,31,5,1927.3,524,385.46,13
17681,0,Hibernating,-0.9776530667193062,1.3364298061753945,598,5,731.2,694,146.24,12
17740,0,Hibernating,-1.6190664340512557,1.2020107736655588,390,6,426.9000000000001,698,71.15000000000002,5
18273,0,Hibernating,-1.254701915777311,-0.7985451342917985,3,4,357.0,591,89.25,1
12504,0,Hibernating,-0.39153204642568334,-0.15128028718558842,19,4,689.05,597,172.2625,10
17766,0,Hibernating,-1.549749991645785,0.5393413302993342,382,2,299.61,382,149.805,21
15577,0,Hibernating,-0.5858157905321935,0.895562826097702,152,5,396.03,727,79.20599999999999,58
15510,0,Hibernating,-2.575200067457493,0.23524401150998803,331,1,250.0,331,250.0,1
17082,1,Champions,2.0816837230321523,0.2860040179232399,34,6,4732.030000000001,725,788.6716666666667,117
15375,0,Hibernating,-3.261819741037794,1.2529121915818175,691,1,60.959999999999994,691,60.959999999999994,6
15371,0,Hibernating,-3.7730345163556698,1.1761715230599925,663,1,59.400000000000006,663,59.400000000000006,1
15446,0,Hibernating,-0.6366555584639322,1.186954809379651,377,3,396.75,727,132.25,89
13495,1,Champions,2.1849677595269803,-0.17259015786491547,8,10,4863.3099999999995,733,486.331,59
17048,1,Champions,1.0185239637505186,0.7580020120386189,118,7,2071.68,691,295.9542857142857,88
13286,0,Hibernating,-0.4509893288796691,1.0353530498639172,601,1,734.91,601,734.91,46
15451,0,Hibernating,-1.3440077303960514,1.0252943113449913,435,2,226.86,600,113.43,56
15111,1,Champions,1.4768014884427088,0.04964487287059753,30,5,2442.37,593,488.474,109
12662,1,Champions,3.1463205778031513,-0.7976349885610318,1,20,6130.54,618,306.527,162
15532,1,Champions,2.421855727387825,0.038316055460311305,26,10,3717.2,550,371.72,416
16094,1,Champions,2.0543565936213044,-0.17494930999511554,12,11,3695.56,603,335.96,101
12399,1,Champions,0.7920550929671734,0.7000104449527135,120,7,1842.3,645,263.18571428571425,66
15164,1,Champions,1.5352320047517773,0.6075707048437632,69,9,2028.11,691,225.3455555555555,243
17578,0,Hibernating,0.09554454019182355,0.7678014421885241,219,7,1047.3300000000002,530,149.61857142857144,57
12801,0,Hibernating,-0.28182411165571947,0.7959447028002009,501,1,871.8199999999999,501,871.8199999999999,49
15387,0,Hibernating,-1.1379682893012912,0.7768931377182149,493,1,468.65,493,468.65,20
15182,1,Champions,1.2498450269818813,0.8684213828689474,155,11,2998.95,657,272.6318181818182,77
12910,1,Champions,2.1962701352371754,0.11238568378991148,24,13,5796.52,622,445.8861538461539,75
14310,0,Hibernating,-1.0598071414817714,0.6092903387051823,433,1,492.1000000000001,433,492.1000000000001,22
16008,1,Champions,2.080664242794121,0.14547472913970724,24,15,5339.13,631,355.942,63
13763,1,Champions,1.5657100410364577,-0.04688353212758774,64,3,5217.4400000000005,436,1739.1466666666668,50
13780,1,Champions,0.5758184095031273,-0.805442242944595,8,3,732.07,408,244.02333333333337,90
16707,0,Hibernating,-0.549791377866353,1.1194453290704256,401,4,533.41,641,133.3525,64
17756,0,Hibernating,-0.4480516706637272,0.6055374194381117,376,3,728.7500000000001,395,242.9166666666667,54
14649,1,Champions,2.729094228861199,-0.35777700126953255,5,9,3651.190000000001,689,405.68777777777785,374
12735,0,Hibernating,-0.6267001036016311,0.3409837863405466,316,2,689.5699999999999,338,344.78499999999997,37
14803,0,Hibernating,-0.36916387147433927,-0.0006027942819178517,163,3,845.55,293,281.84999999999997,35
15764,1,Champions,1.9561179393136818,0.3275494959174346,89,8,4503.079999999999,479,562.8849999999999,187
13046,1,Champions,0.31093921443791134,-0.2289706833684309,31,3,949.25,457,316.4166666666667,50
16692,0,Hibernating,-0.7382422105328693,0.5162951280490126,257,4,1764.6999999999998,442,441.1749999999999,2
15644,0,Hibernating,0.16879953598678832,-0.023919645451843153,167,4,803.54,262,200.885,166
15552,0,Hibernating,-1.3481069381211026,0.7781835991804407,218,2,252.52,624,126.26,29
15452,1,Champions,1.3425362785495227,-0.04211607613354042,30,6,1785.11,512,297.5183333333334,158
16762,2,New / Promising,0.3777000215445644,-1.437768016447575,20,3,1207.24,145,402.41333333333336,51
15639,0,Hibernating,0.22435949603429223,0.5888837033919396,135,3,1065.08,606,355.02666666666664,61
18061,1,Champions,2.037711774536234,0.32741471518359055,22,28,6083.8099999999995,736,217.27892857142857,30
12550,2,New / Promising,-0.24965812235654578,-1.5651082777896141,80,1,824.8300000000002,80,824.8300000000002,56
15701,1,Champions,1.4055334895615312,-2.2663216079003705,3,4,1529.0,111,382.25,193
17901,0,Hibernating,-1.0415121192020764,-0.09800641257047955,30,3,260.08,522,86.69333333333333,22
14126,1,Champions,0.6505394696467667,-0.7195846167208465,8,4,1172.46,445,293.115,37
12962,2,New / Promising,-1.1972637583493189,-2.0121804894246527,8,2,266.39,114,133.195,15
15568,2,New / Promising,-0.0248631611367538,-2.68468968707713,3,3,758.2900000000001,74,252.76333333333335,27
14717,0,Hibernating,-2.8149745799908055,1.3329694148347369,734,1,81.29999999999998,734,81.29999999999998,11
13931,1,Champions,2.2246317492995744,0.7902374095361504,96,11,5257.38,737,477.9436363636363,205
12416,0,Hibernating,-2.0583457943504357,1.1626570824461493,657,1,202.56,657,202.56,11
15988,1,Champions,0.5806502455487417,-0.040464694018748804,20,3,736.3900000000001,657,245.46333333333337,113
18051,0,Hibernating,0.45013746279392824,1.4424456559423964,635,7,2282.2799999999997,731,326.03999999999996,41
17158,1,Champions,1.14838386772118,0.15779241541551464,33,5,1980.0,643,396.0,74
15795,1,Champions,1.030771405047146,0.8750380268384453,150,8,1979.87,691,247.48375,111
13361,0,Hibernating,-0.06554296279086361,1.0176420697805528,473,2,1450.5,618,725.25,29
17707,0,Hibernating,-0.9280474767007824,0.9998143834056596,186,8,609.3,733,76.1625,9
18064,1,Champions,1.4779242457348594,0.820639324263801,134,11,4481.83,677,407.4390909090909,53
14025,1,Champions,1.1095813848019085,1.1271158908485477,465,8,4057.9,584,507.2375,60
17364,1,Champions,4.202613872913679,-0.5951542366538789,1,27,11614.45,733,430.16481481481486,512
14671,0,Hibernating,-0.13292355512341908,1.0179759897841778,550,2,1127.45,569,563.725,48
13402,0,Hibernating,0.3067174045054561,0.536476617167346,128,4,1226.85,565,306.7125,55
15366,1,Champions,1.2115667879129763,0.5316961204354121,76,7,2389.08,652,341.29714285714283,86
14312,1,Champions,1.7323439678541648,0.18377609192357053,47,11,3090.29,505,280.93545454545455,148
12997,1,Champions,1.2546065316336783,0.04047908609912318,23,8,2110.91,613,263.86375,65
14526,0,Hibernating,-1.3571756576670357,0.5045123644938839,390,1,258.65,390,258.65,41
17868,0,Hibernating,-1.7755047366945473,0.4831970642824102,387,1,227.15000000000003,387,227.15000000000003,18
15028,1,Champions,0.679626738935662,-0.7151200119625093,9,6,962.94,395,160.49,65
17607,0,Hibernating,-1.3805291256836583,0.4416316570639677,377,1,333.81,377,333.81,22
15052,0,Hibernating,-1.6950227769964474,0.2474534417505743,320,1,207.73,320,207.73,27
13742,1,Champions,1.9863686494634158,-0.5893886047560837,17,12,3107.87,321,258.9891666666667,200
14220,0,Hibernating,0.05465201682135016,0.779581754671787,248,4,1515.0,570,378.75,26
14446,1,Champions,1.729902142996984,-1.3637218753736509,1,5,1195.48,387,239.096,258
16965,0,Hibernating,-1.7839994262508732,-0.19521423494758602,227,1,192.07,227,192.07,25
17394,0,Hibernating,-2.379675083831007,-0.26891049336532874,220,1,203.86999999999995,220,203.86999999999995,4
15815,1,Champions,0.562136448328244,-0.4280057836688942,64,5,2100.6,260,420.12,33
16985,1,Champions,3.102104627837843,0.2268504297479004,18,23,10923.16,730,474.92,130
17719,1,Champions,2.0280873274068125,-0.48895157244388904,38,15,5396.04,256,359.736,111
16112,0,Hibernating,-1.834229033367579,0.14844289506200428,144,4,195.74,339,48.935,15
16722,1,Champions,2.9006966668156418,0.23947089648928768,18,22,8189.56,737,372.25272727272727,145
14997,0,Hibernating,0.010668519437427242,0.29369744907350726,47,4,776.5999999999999,656,194.15,36
16104,1,Champions,1.7291078582434913,0.6072386165123612,62,9,2774.46,734,308.2733333333333,187
17119,2,New / Promising,-0.19663837536546602,-2.8250489681486877,4,2,606.91,60,303.455,35
15952,2,New / Promising,0.09544353867588252,-0.7834699254622114,34,4,781.91,226,195.4775,65
15877,2,New / Promising,-0.018869021744646598,-4.053199106340671,2,2,490.33,18,245.165,122
15206,2,New / Promising,-1.2429645607468978,-1.0535494430520578,11,4,420.2999999999999,276,105.075,3
15654,2,New / Promising,-0.4967960885566976,-3.2542169429939043,10,2,922.53,27,461.265,15
13901,1,Champions,2.496079726755483,0.6924782389750948,73,15,5676.34,704,378.42266666666666,280
16894,1,Champions,0.515717007701871,1.001102289788489,503,3,1306.96,536,435.65333333333336,186
14000,1,Champions,0.43072379976507974,0.975921363067714,212,5,2046.34,738,409.268,28
17975,1,Champions,2.885737548494199,-0.14343832283672434,16,24,6693.03,491,278.87624999999997,242
14243,1,Champions,3.0016477801074517,-0.42946133142776727,9,17,7217.75,477,424.5735294117647,235
17392,0,Hibernating,-0.49537073232506074,0.6574277738237742,307,3,579.92,451,193.30666666666664,65
17108,0,Hibernating,-2.2514183435767583,1.1772109167849147,664,1,174.95,664,174.95,9
16465,0,Hibernating,-0.49281586479157796,0.702561835500347,421,2,746.24,445,373.12,45
13414,1,Champions,0.872005390786897,0.646486621234111,134,6,2494.14,604,415.69,48
15920,0,Hibernating,-0.07929103356766377,0.9655416168494009,155,8,565.1899999999999,726,70.64874999999999,92
17329,1,Champions,0.8015962672154461,0.01059131473495301,15,5,998.53,737,199.706,80
12823,1,Champions,0.6826564322792781,0.5996748719761578,75,18,6501.5,680,361.19444444444446,1
16258,1,Champions,3.155793101284484,0.40594392586798467,46,15,11942.52,640,796.168,253
13597,0,Hibernating,-1.3950347672819268,0.5945483167880292,401,2,396.71,403,198.355,17
17941,0,Hibernating,-0.3990968556326135,0.6963379218292501,131,4,1433.28,703,358.32,5
13666,0,Hibernating,-1.763780738594518,0.566757437459812,61,5,127.05,736,25.410000000000004,18
13094,1,Champions,0.32294286261020455,-0.3633191455861153,22,13,2209.4400000000005,390,169.95692307692312,5
16927,0,Hibernating,-1.322050401137459,0.038612899065247765,116,3,543.05,362,181.01666666666665,5
14546,1,Champions,3.0572656268473,-0.22026674622668335,6,11,5184.84,734,471.34909090909093,410
17043,1,Champions,1.7697307749675988,0.3480524388142062,33,8,2593.65,731,324.20625,175
17789,0,Hibernating,-1.0434447607677175,0.9167128749571394,282,2,397.15,662,198.575,27
12998,0,Hibernating,-0.183226939567329,1.1620760199558668,493,3,920.0800000000002,654,306.6933333333334,58
12391,1,Champions,1.9768358362127827,0.07196199171780217,22,6,2724.8399999999997,663,454.13999999999993,241
14202,0,Hibernating,-0.4967834524563388,1.010316362318895,382,3,847.76,625,282.58666666666664,27
17137,0,Hibernating,0.3372457998337683,1.2321633812464028,417,6,1099.81,678,183.30166666666665,125
14992,0,Hibernating,-1.688832035913643,0.6676588879350425,443,1,210.50000000000003,443,210.50000000000003,27
16177,1,Champions,1.2243320345439554,0.3928017149375723,51,8,2247.3100000000004,648,280.91375000000005,79
16797,1,Champions,1.0915774571153951,1.2634040559200521,394,5,1802.02,738,360.40400000000005,289
12447,0,Hibernating,-1.112678343550818,-0.12586072092145217,244,1,431.49,244,431.49,25
14246,1,Champions,0.3279470951954713,-0.3141534225533257,111,3,1474.06,246,491.3533333333333,57
15432,0,Hibernating,-0.9265043600407776,-0.20984605899983982,24,2,320.76,542,160.38,16
14449,1,Champions,1.8671585488303244,-0.3097034093998316,19,8,2230.96,437,278.87,301
12452,2,New / Promising,-1.3351325149247022,-3.5089159461923503,17,1,348.57,17,348.57,20
17383,2,New / Promising,-0.25708825978658517,-0.9014950876313345,5,2,304.09000000000003,454,152.04500000000002,51
16887,1,Champions,0.3160490047370731,0.2859012063262367,36,3,658.17,739,219.39,94
15898,1,Champions,3.163990395225446,-0.4408576877418224,2,25,4992.7,729,199.708,280
16450,0,Hibernating,0.30396539690091795,0.6827038846162208,150,3,1505.73,657,501.91,36
13661,0,Hibernating,-1.505094009844044,1.0475511225463328,604,1,325.24,604,325.24,17
16529,1,Champions,0.7853999869945549,0.6289880246558526,191,4,1986.8,531,496.7,87
14216,1,Champions,1.4968294654658678,-0.9881647262620366,4,5,2150.04,415,430.008,65
12563,0,Hibernating,-1.9468052374608344,0.5482319753981284,409,1,221.24,409,221.24,12
14429,0,Hibernating,-1.0188725239864824,0.518202728197139,404,1,516.28,404,516.28,22
14309,1,Champions,2.195082908789904,-0.35520681700803813,9,11,3780.81,551,343.71000000000004,125
16034,0,Hibernating,-0.1698858876857867,0.47146265622693145,197,6,911.32,410,151.88666666666666,43
13261,0,Hibernating,-0.9281636033837721,0.09062234066070401,269,2,944.1,286,472.05,8
17827,1,Champions,2.108239672170571,-0.44373571772539727,6,6,2376.17,622,396.02833333333336,240
16109,0,Hibernating,-0.22754008131436967,0.8955319591804451,219,3,939.4799999999998,699,313.1599999999999,30
16309,0,Hibernating,-0.4196944970396505,-0.3829200969268924,107,2,706.57,241,353.285,39
15664,1,Champions,0.5227324375470347,0.310097062808393,51,4,1231.53,650,307.8825,53
13363,1,Champions,1.016043997580619,-0.5374018058869828,18,3,1623.86,410,541.2866666666667,77
14539,2,New / Promising,-0.6687549872344268,-2.605080217433087,16,2,537.48,45,268.74,31
15089,1,Champions,1.4739456641790898,-1.6689714990538713,11,6,2420.84,129,403.47333333333336,139
17081,1,Champions,0.9174554914849102,0.14849680478129107,26,6,949.39,656,158.23166666666663,166
14608,1,Champions,1.4189313577917473,-0.3441826276255778,5,10,3342.94,734,334.294,14
13784,1,Champions,1.083373809692243,-0.49900989713321436,10,14,2910.23,451,207.87357142857144,13
17374,0,Hibernating,-0.5086810951713057,0.39018336790242325,219,3,727.1099999999999,396,242.37,34
15679,2,New / Promising,0.27572358006702813,-1.0818648242347915,25,4,781.28,183,195.32,98
17242,1,Champions,1.0192560064693097,0.6500263752078815,109,5,2889.28,685,577.856,44
13540,0,Hibernating,-0.7891104003334642,1.140782655225666,468,3,632.39,656,210.79666666666665,26
15775,0,Hibernating,-2.230077253039735,0.8305425717753483,246,2,150.5,632,75.25,9
13978,2,New / Promising,-1.781394392671217,-2.5940744591177167,15,2,196.79,46,98.395,14
14896,1,Champions,1.0248876085498082,1.0584537449358344,205,8,1826.0,734,228.25,150
14706,0,Hibernating,-1.2598184368431753,1.08272264628657,619,1,367.54,619,367.54,25
16815,0,Hibernating,-0.8297980595560067,0.9272719599876202,454,2,406.02,537,203.01,66
17397,1,Champions,0.924391509883023,-0.41220973691406076,23,3,1198.2800000000002,417,399.42666666666673,132
12816,0,Hibernating,-0.9837784482148142,-0.6980078894010169,96,2,452.2000000000001,177,226.1,26
13155,1,Champions,0.8190887320260294,-0.03648471681780838,34,6,1370.48,492,228.41333333333333,79
15505,1,Champions,1.3357471406526542,-0.9588871979876668,53,5,3610.96,156,722.192,90
13419,2,New / Promising,-1.8151768414779712,-1.834658190077539,64,1,221.06,64,221.06,16
15466,1,Champions,1.1683279657068195,0.6429805559493912,86,4,1560.46,737,390.115,211
14955,0,Hibernating,-1.8645678880395844,1.3287805579133412,733,1,163.77,733,163.77,30
13482,0,Hibernating,-1.2638620003082648,0.7944959321193218,233,2,336.09000000000003,628,168.04500000000002,20
14917,0,Hibernating,-0.3359015113891317,1.084034049361,597,2,1123.75,597,561.875,29
12863,1,Champions,0.8980713881237837,0.25334976018990274,53,6,2792.55,590,465.425,24
16063,0,Hibernating,-1.3546874427059366,-0.03295702187851812,261,1,335.32,261,335.32,23
13880,1,Champions,2.2409900451674316,0.05064578363808614,22,17,4293.860000000001,563,252.58000000000004,148
15392,1,Champions,1.9087080432121712,-0.8351236544629969,5,7,2911.6200000000003,432,415.9457142857144,100
17006,1,Champions,1.5337078572504461,-0.43528900819700117,5,8,1635.27,645,204.40875,103
17817,1,Champions,0.859732338138881,-0.8347047506746794,5,6,788.15,423,131.35833333333332,115
14862,2,New / Promising,0.0023457911965853225,-1.3572019685169041,26,2,841.2,149,420.6,47
16424,0,Hibernating,-1.346067476852018,0.2509410855348706,192,2,443.06,383,221.53,10
14027,2,New / Promising,-2.779880680087641,-1.8909291712944958,61,1,104.82,61,104.82,6
18147,2,New / Promising,-2.1665822433380884,-1.4126359749550976,46,2,179.33999999999995,109,89.66999999999999,7
13207,0,Hibernating,-0.559363702910427,-0.18301429154635052,16,4,535.86,613,133.965,10
17804,0,Hibernating,-0.6925945083506642,1.2012317439368936,377,3,383.78,739,127.92666666666666,82
17962,0,Hibernating,0.19238693564625897,0.8045770666136823,143,4,665.9100000000001,696,166.47750000000002,145
16320,1,Champions,2.0580274750173966,0.8574166698191815,173,6,5628.99,682,938.165,193
16078,0,Hibernating,-0.9775508858533949,0.9398020993220407,284,2,362.99,670,181.495,39
15673,1,Champions,2.276970097656362,0.6189896252454223,89,9,6204.32,656,689.3688888888888,177
15538,0,Hibernating,-0.1447184232580058,1.213118704173836,538,6,3358.4,664,559.7333333333333,3
12495,0,Hibernating,-1.6605586046266254,1.128121732440895,641,1,277.40000000000003,641,277.40000000000003,16
15941,0,Hibernating,-1.6933957825343378,1.093916186419314,638,1,405.0,638,405.0,6
14851,1,Champions,0.2132079649008592,-0.033410882756815245,24,3,829.4100000000001,631,276.47,38
16551,1,Champions,1.03207541923585,0.7173215526177308,96,7,2237.12,727,319.5885714285714,67
12806,1,Champions,0.6070889279500863,1.043834270810447,573,2,2558.96,589,1279.48,56
13683,0,Hibernating,-1.8843483006901982,0.6868142619136466,458,1,258.6,458,258.6,10
16253,1,Champions,2.543293573412999,0.5733276400021972,67,7,7222.200000000001,732,1031.7428571428572,217
12725,1,Champions,0.6360120004475242,0.9388825693963878,372,3,1906.76,585,635.5866666666667,91
18170,1,Champions,1.4314737326324527,0.3144429792604353,34,9,2878.0,701,319.77777777777777,59
12347,1,Champions,2.5229024889213463,-1.0432365308687024,3,8,4921.53,405,615.19125,126
17692,1,Champions,1.3069608723698956,0.6341915560905005,128,12,2960.4399999999996,541,246.7033333333333,89
16816,0,Hibernating,-0.8943101054150826,0.06457830967824904,104,4,417.05999999999995,359,104.265,28
12754,1,Champions,0.7470983769825457,0.1592436365003614,236,3,3010.74,309,1003.58,49
15687,1,Champions,1.8567645647473499,-0.8399806655878602,9,9,2993.1000000000004,331,332.5666666666667,119
13497,0,Hibernating,0.1293528006635556,1.0530818623628317,283,6,1166.8300000000002,670,194.4716666666667,52
13026,1,Champions,1.5054111102076582,-0.5936035161447482,2,9,1733.0800000000002,727,192.5644444444445,52
13731,0,Hibernating,-0.7231642343230648,-0.07991669067150914,220,2,610.59,247,305.295,36
13737,0,Hibernating,-1.2529157453304394,-0.3662829941749667,201,1,339.59999999999997,201,339.59999999999997,29
17299,1,Champions,0.8392595628526478,-0.42641019456889034,12,6,993.23,482,165.53833333333333,96
16332,1,Champions,1.5268012140225382,0.15633629688294903,29,11,1997.49,590,181.58999999999995,157
14931,2,New / Promising,0.25553284054399455,-1.428579970232055,5,4,864.6800000000001,241,216.17,28
16613,2,New / Promising,-0.7259653431163358,-1.720955009343869,71,1,618.59,71,618.59,30
16591,2,New / Promising,-2.0156163942236183,-1.7458630603439993,69,1,213.50000000000003,69,213.50000000000003,10
15963,2,New / Promising,-0.8872528030883564,-2.5028639862304347,20,2,470.76,46,235.38,26
13310,1,Champions,0.9023678770828865,-0.3055257137968287,29,5,1541.2,403,308.24,80
14362,2,New / Promising,-1.798740965288678,-3.1000024294362025,23,1,151.5,23,151.5,37
12992,0,Hibernating,-2.911960026597416,1.304431454589399,726,1,93.35,726,93.35,6
16792,0,Hibernating,-0.181628928691286,1.1028595245254347,283,5,623.46,705,124.692,90
14172,0,Hibernating,-1.1527027703608128,1.2455654698475105,606,3,369.02,643,123.00666666666666,38
15590,0,Hibernating,0.3790638537152795,1.0550635859258866,383,5,1496.6,607,299.32,75
13371,1,Champions,0.6717844032448237,1.0696803051439163,506,2,2297.66,633,1148.83,75
18048,0,Hibernating,-0.7641956871584248,0.5904246227224795,204,3,394.93,494,131.64333333333337,56
13084,0,Hibernating,-3.0142217123367567,0.7766660333860943,492,1,122.4,492,122.4,2
14736,0,Hibernating,-0.9103460303484895,0.866698518362057,486,2,374.0499999999999,486,187.025,70
12451,1,Champions,3.5219105882075934,-0.3813383512154642,11,8,12629.88,530,1578.735,351
15961,0,Hibernating,-0.8848830669513167,0.4549309024672714,380,1,451.29,380,451.29,42
18159,0,Hibernating,-0.975853057996377,0.1420179955716881,302,1,530.15,302,530.15,23
13572,0,Hibernating,-0.046333372052132525,-0.3743123967732882,206,1,1384.25,206,1384.25,32
14846,0,Hibernating,-1.3810808620253952,0.5868448923061647,428,1,437.4,428,437.4,12
13925,2,New / Promising,-0.6650477943411925,-0.8769106759204743,93,4,678.25,135,169.5625,28
15360,2,New / Promising,-1.3355228142089954,-2.4553621658253912,40,1,427.93,40,427.93,13
17985,2,New / Promising,-0.8452223784374552,-3.1534637611060656,23,1,631.35,23,631.35,20
17885,2,New / Promising,-1.6494956095433537,-3.7941681771752878,13,1,156.34,13,156.34,50
17907,0,Hibernating,-1.6946573745531495,1.1229215433148219,641,1,291.76,641,291.76,13
15698,0,Hibernating,-3.8189739381995556,1.1148133669886306,625,1,46.2,625,46.2,2
15396,0,Hibernating,-0.48717046680802284,0.42003550325733674,113,2,796.3800000000001,584,398.19000000000005,16
12905,0,Hibernating,-0.1601715103409458,1.2066765284413288,577,2,1018.42,683,509.21,52
12913,1,Champions,2.4692454549087555,-0.29449596215551316,5,13,6283.24,739,483.32615384615383,52
15106,1,Champions,0.8997561056208346,-0.8409743126459215,18,5,1422.52,270,284.504,90
14821,0,Hibernating,0.21714043026954336,1.1872607889471174,367,7,1230.15,677,175.7357142857143,65
17317,2,New / Promising,0.052777860680486795,-1.6025220842785894,47,3,2600.34,90,866.7800000000001,8
16489,0,Hibernating,-2.0907681936512246,0.6315112805213523,381,2,303.7,437,151.85,4
14473,0,Hibernating,-1.8570039594131045,-0.37225418613900674,75,2,234.34,283,117.17,7
13535,0,Hibernating,-3.4285657404558227,0.5199558400399483,403,1,89.5,403,89.5,1
15657,2,New / Promising,-4.279981100120193,-3.1090839289036314,23,1,30.0,23,30.0,1
17892,2,New / Promising,-1.399035648611874,-0.9423864962598264,57,3,244.09999999999997,156,81.36666666666666,27
13452,0,Hibernating,-1.4688681833420052,0.5704983691708264,260,3,729.8,473,243.26666666666665,2
14123,0,Hibernating,-1.135302120603642,1.2975322036903947,734,1,436.18000000000006,734,436.18000000000006,24
14695,0,Hibernating,0.3581504557337794,1.2761855233707275,520,3,1534.2199999999998,733,511.4066666666666,76
16704,0,Hibernating,-0.549292890170771,1.2324066916731324,619,2,664.16,673,332.08,50
13778,0,Hibernating,0.08419779664529053,0.4512045342726033,104,4,1124.49,566,281.1225,33
16739,0,Hibernating,-0.34065814596511584,0.5305303020227402,177,2,786.43,537,393.215,33
14153,0,Hibernating,-1.777447541745403,0.7706914808274331,484,1,233.4,484,233.4,17
14657,1,Champions,1.205221409480923,-0.37358350847451616,18,6,1450.19,436,241.69833333333335,143
13406,0,Hibernating,-1.3356854086896783,1.0016082450010182,428,2,568.9200000000001,632,284.46000000000004,7
16810,0,Hibernating,-0.34074990062275395,0.34186303932571627,193,2,842.04,421,421.02,34
17983,0,Hibernating,-1.916456915482605,0.5256397257914506,396,1,171.70999999999998,396,171.70999999999998,23
16001,0,Hibernating,-0.8123014840773211,0.4472495538918929,382,1,583.39,382,583.39,29
17889,0,Hibernating,0.05751467797948949,0.9177497481001334,213,7,746.4200000000001,619,106.6314285714286,97
13707,1,Champions,1.3541975435284967,0.793956814486224,268,5,3365.86,537,673.172,142
14077,0,Hibernating,-0.16420446856002197,-0.15043380579808366,41,6,615.0799999999999,396,102.51333333333332,43
17527,0,Hibernating,0.0014019778607804627,-0.6487689100240366,54,4,939.37,219,234.84249999999997,45
13244,2,New / Promising,-2.1195213227051037,-1.329235264381518,93,1,121.73999999999998,93,121.73999999999998,27
12397,1,Champions,1.0459369642888965,-1.3300145914867132,36,2,2214.8999999999996,136,1107.4499999999998,109
17979,1,Champions,0.27436538214909506,-0.6222755347902836,36,4,729.01,260,182.2525,115
13025,0,Hibernating,-1.6110868183218467,1.2917568394285612,732,1,323.39,732,323.39,13
14320,1,Champions,0.4129483449743974,0.9319501751723694,207,5,1346.75,688,269.35,68
12874,0,Hibernating,-0.31542969798293596,0.8637240438775584,386,2,873.42,555,436.71,43
16340,1,Champions,1.1242305975897278,0.43698699581822115,108,3,1496.2399999999998,552,498.7466666666666,277
14128,0,Hibernating,0.1825514893619463,0.19977978537397714,61,3,924.21,552,308.07,50
17261,0,Hibernating,-1.471312439804802,0.857013808261035,510,1,221.59000000000003,510,221.59000000000003,43
15837,0,Hibernating,0.019701319567931,0.06378309140428977,65,2,777.01,486,388.505,52
16472,0,Hibernating,-0.4475865051354724,0.9788289025436433,435,2,789.6,598,394.8,39
13369,0,Hibernating,-1.7876302888218252,0.4014250313287761,366,1,258.28,366,258.28,13
15733,0,Hibernating,-2.2637086413777125,0.0780774805566897,283,1,162.3,283,162.3,10
13441,0,Hibernating,-0.315399707855226,0.08386540379458689,92,2,720.9,432,360.45,33
12612,2,New / Promising,-0.8544500848174593,-1.6624814564275299,75,1,668.0400000000001,75,668.0400000000001,18
15009,2,New / Promising,0.5698633979772375,-3.1095142803704094,13,3,1259.4299999999998,26,419.80999999999995,148
17010,2,New / Promising,-2.0366709291014407,-3.3659168895906624,19,1,195.36,19,195.36,11
12985,2,New / Promising,0.7353570828999456,-3.8327216319367396,1,2,1239.38,29,619.69,73
16082,0,Hibernating,-2.452621211857564,1.2154538455214752,671,1,106.75,671,106.75,16
14502,1,Champions,1.9694603350870135,-0.5432940799972256,20,11,2426.79,314,220.6172727272727,367
12366,0,Hibernating,-1.7367541821893708,1.0688376863612796,634,1,500.24,634,500.24,3
16597,2,New / Promising,-2.818454372980181,-4.911971037313153,5,1,90.04,5,90.04,7
14949,0,Hibernating,-1.1145270323770273,1.2642701418993931,470,4,515.0,722,128.75,16
15670,0,Hibernating,-1.3875494777461421,0.7795733387009346,297,2,325.2,557,162.6,19
12815,0,Hibernating,-0.3821084005631028,-0.4380654509732828,148,2,863.46,199,431.73,37
13713,0,Hibernating,-0.27330333385876376,0.9969770579679562,409,3,740.76,584,246.92,70
14170,0,Hibernating,-0.33311462847681567,0.6305776561532558,376,3,570.18,396,190.05999999999997,123
15237,1,Champions,1.2684978428245843,-1.7395617941888248,2,4,1412.32,228,353.08,94
17895,2,New / Promising,-2.5290426845906167,-2.2594107843135216,45,1,95.45,45,95.45,15
14856,2,New / Promising,0.20885941751922626,-2.0436055956622763,37,3,1290.53,57,430.1766666666667,65
13914,2,New / Promising,-0.5602333274567374,-2.8891678920433947,12,2,626.45,37,313.225,28
14325,0,Hibernating,-1.7167961735687263,0.9818938957166324,570,1,245.48,570,245.48,18
15137,0,Hibernating,-0.47790167857856575,1.1628056400603373,521,2,823.4,681,411.7,34
13548,1,Champions,0.5013563843184481,0.25928515739270114,97,3,901.44,472,300.48,169
17316,0,Hibernating,-2.0251251984193726,0.6220402908816413,421,1,124.45,421,124.45,35
15481,0,Hibernating,0.31305190936894334,0.48190451096378883,402,1,1993.34,402,1993.34,38
12559,0,Hibernating,-1.092201289300077,0.2819122873417456,311,2,525.7099999999999,320,262.85499999999996,20
17344,0,Hibernating,-0.1889962089673857,0.3274062087385926,47,2,457.36,729,228.68,64
15833,0,Hibernating,-3.0956501164784727,1.3270856549617245,738,1,80.4,738,80.4,5
17605,0,Hibernating,-2.1880933936649956,1.0353643224678462,591,1,160.75,591,160.75,13
13582,0,Hibernating,-1.90599382458848,0.9765262769142186,390,2,241.68,618,120.84,10
17617,0,Hibernating,-1.3421359798732728,0.9433712041882119,559,1,385.18999999999994,559,385.18999999999994,18
12485,0,Hibernating,-0.5955118228385033,0.8681008837619069,530,1,708.0999999999999,530,708.0999999999999,34
15825,0,Hibernating,-1.0155662898023174,-0.5798845677454005,173,1,532.94,173,532.94,20
16211,0,Hibernating,0.055851869527396576,0.12525157477052792,89,3,1090.59,439,363.53,35
16378,0,Hibernating,-1.3261488399370045,0.2317339511110559,248,3,362.95,311,120.98333333333332,22
17056,0,Hibernating,-2.5491593036469933,1.322812375450832,739,1,128.60000000000002,739,128.60000000000002,8
15794,0,Hibernating,-0.8920114514751206,1.35688955119701,737,2,777.0,738,388.5,15
18286,0,Hibernating,0.15320184146114557,1.1843336125075348,477,2,1246.43,724,623.215,66
17875,0,Hibernating,-1.9158486459025834,1.244673937388755,689,1,167.10000000000002,689,167.10000000000002,25
18253,0,Hibernating,-1.8425926095141136,1.1137284257527342,643,1,317.88,643,317.88,7
13825,0,Hibernating,-1.4316549133974332,1.3322214977345446,622,2,255.58999999999995,731,127.795,38
13101,0,Hibernating,-0.3112624058305442,0.9557704957964459,235,4,695.4,682,173.85,48
14945,0,Hibernating,-2.152222796534876,0.5685969585817245,414,1,179.4,414,179.4,11
16223,0,Hibernating,0.1336108164887997,0.5561481150269217,375,2,1087.0500000000002,396,543.5250000000001,101
14889,0,Hibernating,-2.413298009062219,0.3090020629574254,337,1,135.9,337,135.9,10
13328,0,Hibernating,-0.3369382564891521,0.17244305536867446,317,1,1308.48,317,1308.48,17
12707,0,Hibernating,-0.7312288697797064,0.10133266237241607,292,1,603.4200000000001,292,603.4200000000001,33
13841,0,Hibernating,-3.4642190360118117,-0.08026092926727246,253,1,85.0,253,85.0,1
15036,0,Hibernating,-0.4265103759600985,-0.7092829230352785,73,3,429.55999999999995,180,143.18666666666664,107
13568,0,Hibernating,-1.6142532321117151,-0.5282971920497409,174,1,187.05,174,187.05,41
16641,0,Hibernating,-0.4324494626138603,0.5878952912522789,106,2,554.5,702,277.25,36
15088,2,New / Promising,0.19282411575982086,-2.132107419957288,22,2,1160.0700000000002,68,580.0350000000001,53
15610,2,New / Promising,-2.719441699929438,-2.096356106112719,52,1,112.46,52,112.46,6
17434,1,Champions,1.500343267564196,-2.444374309263237,3,7,2373.82,86,339.1171428571429,100
13460,2,New / Promising,-1.918394314587016,-2.2587014110225594,30,2,183.44,50,91.72,16
13522,2,New / Promising,-2.6796638795583343,-2.756802495352831,31,1,125.8,31,125.8,5
14789,2,New / Promising,-2.244110960413333,-2.8508330109337834,29,1,197.64,29,197.64,6
12941,0,Hibernating,-1.2109241482608384,1.2879930890783082,725,1,377.49000000000007,725,377.49000000000007,27
16585,0,Hibernating,-1.5161901185572189,1.2454886801986682,594,2,341.59,696,170.795,16
15064,0,Hibernating,0.16544265178497616,1.2119543361244445,411,4,1154.41,718,288.60249999999996,74
17145,1,Champions,1.2457446078326124,1.2062138978750216,513,4,3120.91,659,780.2275,168
15614,1,Champions,0.9537338098095792,1.0838099851332483,438,4,3147.3600000000006,627,786.8400000000001,73
14509,0,Hibernating,-2.2510163145947253,0.9292482569275315,535,1,110.95,535,110.95,25
15401,0,Hibernating,-1.9233936409630004,0.9686807617076572,453,2,216.95,569,108.475,14
14746,0,Hibernating,-1.3688510207139752,0.7073079352965813,407,4,593.5,424,148.375,7
16876,0,Hibernating,-1.9851013597792015,0.5644525902510649,404,1,136.01,404,136.01,32
13721,0,Hibernating,-0.031239444178662444,-0.3391971552925194,37,2,741.54,396,370.77,41
14119,0,Hibernating,-2.061677434555018,1.1094063228079876,376,2,183.37,719,91.685,11
17569,0,Hibernating,-1.2493180608749948,0.28535088649233165,333,1,344.14,333,344.14,29
18125,1,Champions,0.8568987458326077,-0.517705691072251,30,4,1131.75,317,282.9375,164
15437,0,Hibernating,-0.7642280751013716,0.8743567297705417,263,2,393.4500000000001,641,196.725,56
18142,0,Hibernating,-0.7641682263241985,-0.3691594887331072,158,2,1019.52,216,509.7600000000001,9
12556,2,New / Promising,-0.12726462417027423,-1.0605997881006837,51,2,599.56,152,299.78,100
13108,0,Hibernating,-0.662505646893866,0.6275967472053074,373,2,748.46,436,374.23,27
15866,2,New / Promising,-1.4847572436790801,-1.2183554817420612,102,1,211.89,102,211.89,43
17333,2,New / Promising,-0.9416264408987925,-1.4702234916838326,86,1,494.24999999999994,86,494.24999999999994,28
13518,2,New / Promising,-0.6480293865680129,-1.4726091994944337,86,1,627.16,86,627.16,36
17415,2,New / Promising,-1.1761524459920116,-1.5762778616509814,80,1,507.84,80,507.84,14
14554,2,New / Promising,1.2432502489979007,-2.5195495429682806,11,4,2279.49,53,569.8725000000001,147
13028,2,New / Promising,-0.47027159060770674,-2.453062358673459,23,2,661.3199999999999,46,330.65999999999997,40
15557,2,New / Promising,-1.1787979813401332,-2.8593797596450283,29,1,468.91,29,468.91,16
16482,2,New / Promising,-1.7534287581025578,-3.5714414544332946,16,1,220.62,16,220.62,18
17398,0,Hibernating,-0.5937973363111003,-0.25247469719062215,115,3,653.3800000000001,256,217.79333333333335,30
12568,0,Hibernating,-3.522781940122744,1.161919819512181,645,1,52.0,645,52.0,4
15616,0,Hibernating,-1.619832450875084,0.6305882967340534,439,1,317.11,439,317.11,13
15663,2,New / Promising,-2.4202058734436878,-1.172611373883729,107,1,138.14,107,138.14,9
13818,0,Hibernating,-3.3108819427118847,0.6359017186574711,430,1,61.279999999999994,430,61.279999999999994,5
15040,0,Hibernating,-5.405862527563309,0.9734472833557672,542,1,7.49,542,7.49,1
13215,0,Hibernating,-3.5047161410686147,0.5226613020825097,403,1,81.6,403,81.6,1
13228,2,New / Promising,-2.097553963867322,-1.5650779932798249,82,1,358.0,82,358.0,2
14347,0,Hibernating,-3.0130332053806974,1.3274859838607802,737,1,82.6,737,82.6,6
15196,0,Hibernating,-1.2262626737289473,1.1788473833081206,433,2,313.70000000000005,727,156.85000000000002,34
12869,0,Hibernating,-1.2042860810757363,1.2169243666918774,682,1,337.67,682,337.67,35
17479,0,Hibernating,-1.3352323469669443,1.1039846618546774,633,1,389.26,633,389.26,18
13352,2,New / Promising,-1.3025534975429525,-1.9027261856867466,61,1,347.97999999999996,61,347.97999999999996,23
13142,2,New / Promising,-1.390430767267385,-3.302750786274655,20,1,307.09000000000003,20,307.09000000000003,23
13986,2,New / Promising,-1.5936173386446975,-3.4454943555359487,18,1,320.46,18,320.46,12
15239,2,New / Promising,-0.0026549256976759503,-2.2404269445467997,11,2,780.59,79,390.295,48
17603,1,Champions,1.0230610284707824,0.5843135089143456,79,4,1788.38,730,447.095,104
15697,0,Hibernating,-1.8079012587676089,1.2245515355141228,690,1,246.75,690,246.75,14
16937,0,Hibernating,-1.5217227293016402,0.8374112695630882,500,1,196.24999999999997,500,196.24999999999997,49
14213,0,Hibernating,-0.8482836522276895,0.47096393587774,405,1,1192.2,405,1192.2,5
13686,0,Hibernating,-1.031714815050444,0.3470683468179722,183,3,409.04,402,136.34666666666666,27
13904,0,Hibernating,-0.9661308513522763,-0.5821230916057512,38,2,332.64,295,166.32,24
12614,0,Hibernating,-1.458282539766772,0.04779459423915017,278,1,315.59999999999997,278,315.59999999999997,20
13248,0,Hibernating,-1.0169556175833339,-0.5340249989289627,125,2,465.68,190,232.84,25
13574,0,Hibernating,-0.7103737785027444,0.5757608009154798,412,1,404.45,412,404.45,84
15929,0,Hibernating,-1.865476270869299,1.0727804484217043,645,1,594.0,645,594.0,1
13672,0,Hibernating,-1.2687684567393878,1.068863221219654,302,3,419.92,731,139.97333333333333,13
17715,0,Hibernating,-1.8516984515782253,0.6294060066327901,201,2,489.6,593,244.8,1
17174,0,Hibernating,-3.390938757428166,-0.2447650268949225,218,1,59.9,218,59.9,4
14580,0,Hibernating,-4.884758709561835,0.89883876975706,519,1,14.85,519,14.85,1
16720,1,Champions,0.37106573329995884,0.16824545873941676,27,3,566.7399999999999,723,188.9133333333333,129
15256,0,Hibernating,-2.18206539510115,0.5200550677423733,149,2,170.4,562,85.2,6
15305,0,Hibernating,-2.966175723410327,0.9560428370785479,556,1,93.6,556,93.6,5
12666,0,Hibernating,-0.15402169024000384,0.46925552476346033,395,1,1248.4200000000003,395,1248.4200000000003,31
12413,0,Hibernating,-0.028576819431556162,-0.014267879250701788,67,4,871.4499999999999,403,217.8625,40
14339,0,Hibernating,-0.8231563049524901,0.4480776012618741,243,2,620.27,429,310.135,21
14542,0,Hibernating,-2.8690430096569615,-0.46201814189241563,186,1,103.25,186,103.25,5
16850,0,Hibernating,-1.4369645141951586,0.28250249325524446,334,1,332.41,334,332.41,19
17729,0,Hibernating,-1.1435379050747114,1.0291226325028417,597,1,438.6500000000001,597,438.6500000000001,23
14874,0,Hibernating,-2.726814229607472,0.9052355977396292,536,1,116.18,536,116.18,6
15157,1,Champions,2.116303690500961,-0.46620233225490587,4,5,2654.11,730,530.822,152
14888,0,Hibernating,-1.3236132540251713,-0.3313969744534845,208,1,369.2,208,369.2,20
18099,2,New / Promising,-1.9877928139248155,-0.9347959786213377,128,1,168.31,128,168.31,19
13886,2,New / Promising,-1.7364314626542112,-1.6870175624677544,72,1,243.56,72,243.56,16
15692,2,New / Promising,-2.0298738994771846,-2.8380017651553473,29,1,191.04,29,191.04,12
14675,1,Champions,0.9953840160396145,-0.6251485500233399,17,2,1015.58,389,507.79,196
15323,0,Hibernating,-1.0977851831852647,1.2336587251241962,563,3,434.6,662,144.86666666666667,29
17844,2,New / Promising,-3.4318680279043146,-1.1535382442576845,107,1,51.56,107,51.56,5
17102,0,Hibernating,-4.446169383579791,-0.00024527797052446333,262,1,25.5,262,25.5,1
17500,2,New / Promising,-0.969740526381925,-2.9316204393286682,18,3,1138.0,30,379.3333333333333,3
17627,0,Hibernating,-1.7717924199078754,0.7407964811690936,479,1,296.36,479,296.36,10
13934,0,Hibernating,-0.4004364052509803,-0.04260312678498921,264,1,922.0999999999998,264,922.0999999999998,31
15342,2,New / Promising,-1.16923176526267,-0.9365687938331957,130,1,406.09,130,406.09,24
15398,2,New / Promising,0.44776257818440035,-2.0949332398984453,17,2,1345.53,79,672.765,60
14317,2,New / Promising,-0.9718771990613935,-1.8320952454293,65,1,508.58,65,508.58,24
14558,0,Hibernating,-1.067505702572649,1.3568672556288406,655,3,655.5,732,218.5,13
16671,2,New / Promising,-0.39733814861681416,-1.2416803564167107,29,3,1692.2700000000002,165,564.09,3
14783,0,Hibernating,-1.5535581433546044,1.1640085183825024,660,1,307.3,660,307.3,17
15927,0,Hibernating,-2.52976141183555,1.16664619331331,648,1,106.54,648,106.54,13
16068,0,Hibernating,-2.101303515880504,1.0690910458517,594,1,115.73,594,115.73,34
17565,0,Hibernating,-2.040932183097262,1.0476001118128602,587,1,131.83,587,131.83,30
12580,0,Hibernating,-0.06366920132123746,0.7265565025021467,247,2,962.9,577,481.45,51
12894,0,Hibernating,-2.0284330244463633,1.0113549516363753,576,1,157.35,576,157.35,21
14017,0,Hibernating,-1.8643941147319911,0.9838631683688823,572,1,229.75,572,229.75,14
12850,0,Hibernating,-2.1901699530953023,0.6204378894313847,446,1,330.0,446,330.0,2
14392,0,Hibernating,-1.737386006534389,0.61924772301726,433,1,266.4,433,266.4,14
13387,0,Hibernating,-1.4450097920763547,0.6146113531350973,418,1,181.84,418,181.84,70
14927,0,Hibernating,-1.4832572042943573,0.50909999943551,397,1,308.2,397,308.2,20
15828,0,Hibernating,0.08146345826999693,0.4252900295607638,376,1,1108.82,376,1108.82,74
14412,1,Champions,0.7215714693089682,-0.17553855981423103,43,3,1426.19,425,475.3966666666667,75
15830,2,New / Promising,-0.6764523714153666,-2.5089263654067118,38,1,576.0,38,576.0,39
12780,0,Hibernating,-1.47100265783755,1.0390633928152462,599,1,322.4,599,322.4,19
17009,0,Hibernating,-1.9419909273564502,0.9303311240698243,552,1,242.06,552,242.06,10
16263,0,Hibernating,-1.4020044935200702,0.5896727694761056,424,1,348.15999999999997,424,348.15999999999997,19
17431,0,Hibernating,-0.9847955393876061,0.21115533902426795,314,1,403.3,314,403.3,41
14046,0,Hibernating,-2.225929995509041,0.09379452294333883,285,1,151.58999999999995,285,151.58999999999995,13
15234,0,Hibernating,-1.9813038788711839,0.05061127726245171,277,1,197.0,277,197.0,14
13570,0,Hibernating,-1.5729416492247572,-0.10706126319321849,244,1,239.49,244,239.49,27
15763,2,New / Promising,0.12194748109406735,-1.865408763273052,32,2,1086.92,78,543.46,58
12772,2,New / Promising,-0.33589863679392484,-1.9307588125613775,60,1,752.4700000000001,60,752.4700000000001,54
14288,0,Hibernating,-1.286604503146521,-0.30300608426078685,214,1,426.6,214,426.6,16
16963,0,Hibernating,-2.700121874741923,-0.4447312126983939,188,1,110.55,188,110.55,7
13638,2,New / Promising,-2.5325685014654606,-3.568435657878449,16,1,122.64,16,122.64,8
12814,2,New / Promising,-3.441990743092232,-1.250895134991587,102,1,85.92,102,85.92,1
13105,0,Hibernating,-3.6089158718120684,0.6310914144623597,437,1,72.0,437,72.0,1
17378,0,Hibernating,-5.115429580421324,0.48679496414669204,375,1,10.95,375,10.95,1
16388,0,Hibernating,-2.0684331201126813,1.1621833368940442,654,1,186.05,654,186.05,13
13724,0,Hibernating,-1.5447144389080465,1.1461922161970675,638,1,213.01,638,213.01,39
14873,0,Hibernating,-0.13325839860285382,0.7535179013716589,211,2,854.1299999999999,634,427.06499999999994,48
17971,0,Hibernating,-2.0039014386547254,0.9483702950532561,549,1,161.94,549,161.94,21
18244,0,Hibernating,-1.02524616956457,0.8148120720047153,431,2,568.64,503,284.32,19
14749,0,Hibernating,-1.5200103767473216,0.7525971508367608,480,1,310.15,480,310.15,18
14975,0,Hibernating,-0.6772218916272291,-0.10667093121811339,58,2,472.39,422,236.195,25
16501,1,Champions,0.4880186428711554,0.46733681704452346,384,1,1191.23,384,1191.23,181
12961,0,Hibernating,-1.5611310357705979,0.474874432900302,380,1,211.99,380,211.99,37
13859,0,Hibernating,-0.8162625100768907,0.768877934700747,327,2,515.8600000000001,530,257.93000000000006,34
17176,0,Hibernating,-0.17001319409978574,0.8417247596971489,202,3,902.32,678,300.7733333333333,37
14274,0,Hibernating,-1.7500601847176414,1.2189886255450584,687,1,256.6,687,256.6,15
16530,0,Hibernating,-3.6701900787966824,1.2070665196214232,669,1,48.349999999999994,669,48.349999999999994,3
18163,0,Hibernating,-0.5842868943898984,0.9944831229500648,585,1,728.84,585,728.84,33
16896,0,Hibernating,-2.4282401622122896,0.9749962539604898,556,1,103.95,556,103.95,18
12751,0,Hibernating,-1.1762835612280491,0.681525296721331,445,1,268.27,445,268.27,61
16874,0,Hibernating,-1.6366862655646774,0.47188371046972793,380,1,209.89,380,209.89,31
14117,0,Hibernating,-3.137380845337633,-0.7955634219548638,144,1,90.0,144,90.0,3
15205,2,New / Promising,-0.5859948145626023,-1.0370354959851324,86,2,653.24,128,326.62,37
13177,0,Hibernating,-0.661534959699682,-0.04793696586872512,65,2,512.2,431,256.1,23
12807,0,Hibernating,-1.7619461518303756,0.4669801732018704,384,1,250.34999999999997,384,250.34999999999997,15
14760,0,Hibernating,-2.996676955775014,0.15080990437464342,298,1,89.2,298,89.2,5
14366,0,Hibernating,-3.0868205240551996,0.8522926227119467,526,1,136.0,526,136.0,1
15668,0,Hibernating,-3.5507263372059805,-0.2693469331068391,218,1,76.32000000000001,218,76.32000000000001,1
16908,0,Hibernating,-1.6574091157069566,1.2907801968864179,723,1,252.59,723,252.59,20
14486,0,Hibernating,-2.561122753473133,0.9770709050718094,512,2,175.5,554,87.75,4
13674,0,Hibernating,-1.8216991391382646,0.6222431895954216,433,1,240.67999999999995,433,240.67999999999995,14
18083,0,Hibernating,-0.9221528968218925,0.5111217123831492,398,1,463.53,398,463.53,36
13530,0,Hibernating,-1.3064727583907267,1.1070450253007773,635,1,402.98,635,402.98,18
12824,2,New / Promising,-1.1611382946623439,-1.9261819648707754,60,1,397.12000000000006,60,397.12000000000006,25
12966,2,New / Promising,-2.2264924742611973,-4.136888143407231,10,1,160.18,10,160.18,10
17273,0,Hibernating,-2.3201079287934334,0.611111226973511,425,1,141.12,425,141.12,12
14705,0,Hibernating,-2.844902399026443,-0.41204785500324964,199,1,179.0,199,179.0,1
14661,2,New / Promising,-2.8755735260627575,-2.928929827097204,27,1,107.95000000000002,27,107.95000000000002,4
17216,0,Hibernating,-2.952367129563179,0.9812037266966573,555,1,63.6,555,63.6,13
16259,0,Hibernating,-0.8844100146256054,1.0564590178330748,411,3,340.94,606,113.64666666666666,75
15541,2,New / Promising,-2.3909222604488654,-1.0447559000021636,115,1,85.13000000000001,115,85.13000000000001,29
13380,0,Hibernating,-3.4549002966704467,0.6366187982847673,433,1,62.4,433,62.4,3
15412,0,Hibernating,-2.1234352074777836,-0.5693482085370747,172,1,190.53000000000003,172,190.53000000000003,10
14440,1,Champions,2.3902657965165806,-0.09238526192092078,9,13,5982.030000000001,738,460.1561538461538,63
16558,1,Champions,4.25198162516815,-0.5486114988153016,1,38,13304.11,737,350.10815789473685,383
14087,1,Champions,1.235211993221018,-0.5763372414186885,3,3,829.47,736,276.49,175
18077,1,Champions,2.422483601418648,-0.02432019280642027,9,18,4078.789999999999,733,226.59944444444443,141
15311,1,Champions,6.6228687895447695,-0.3375777310181396,1,207,114671.42,739,553.9682125603865,863
16280,0,Hibernating,-1.7894431320234252,1.2938523722222846,726,1,238.05,726,238.05,16
15055,0,Hibernating,-0.4741539635605834,1.2604244848848176,475,3,549.1199999999999,724,183.03999999999996,77
12681,1,Champions,4.473385863048463,0.2508025317442959,15,44,26936.76,727,612.199090909091,458
15413,1,Champions,1.0468774489121622,1.3934418276070013,692,5,6798.72,739,1359.744,20
16867,0,Hibernating,-3.0726474760087537,1.2443170067872662,690,1,76.74000000000001,690,76.74000000000001,6
13462,0,Hibernating,0.22827540205293875,1.061679355109136,253,5,1153.85,726,230.77,64
12800,0,Hibernating,-0.9190785548483101,1.130750772600025,471,2,500.25,677,250.125,30
13628,0,Hibernating,-1.5686717237907044,1.1955697430338643,677,1,310.14,677,310.14,16
15867,1,Champions,3.7469918262964916,-0.08777759294312648,6,31,8869.87,726,286.1248387096774,546
15013,1,Champions,0.8025185370521872,1.3607186553855752,488,10,1610.82,678,161.082,177
16860,0,Hibernating,0.11055689560584904,1.1157390148940682,453,3,1610.62,663,536.8733333333333,35
13995,1,Champions,2.248628606082695,0.1330007491764598,16,14,3902.01,722,278.71500000000003,146
13544,1,Champions,0.778281151098434,0.30594614435243817,40,6,790.1999999999998,645,131.69999999999996,219
13426,1,Champions,3.43195405677488,-0.6396374345662713,1,22,8167.379999999999,731,371.2445454545454,162
13413,0,Hibernating,-0.9921639148959205,1.416400629519194,640,6,429.44,688,71.57333333333334,38
17220,1,Champions,2.70737382696336,0.33080431650185255,25,21,4451.41,689,211.97190476190477,407
13883,1,Champions,2.8532339868715546,-0.10680645352984602,11,14,6535.37,650,466.8121428571429,199
14958,0,Hibernating,0.11189208279336392,0.8954385858144667,148,6,941.99,737,156.9983333333333,52
18102,1,Champions,7.600898430567187,-0.4552582007857354,1,145,580987.04,739,4006.8071724137935,382
13712,0,Hibernating,-0.42001847247933266,0.776527317317622,247,2,766.4200000000001,611,383.21,32
18271,0,Hibernating,-0.8749162107349445,1.284341008262283,610,2,680.85,732,340.425,19
16098,1,Champions,1.6913798681750019,0.767839984678874,88,14,4010.7,725,286.4785714285714,83
17346,1,Champions,3.257039320282902,-0.40021058772338564,4,26,4991.41,601,191.97730769230768,516
16619,1,Champions,0.8028265376402786,0.9497067996317267,264,4,1938.33,656,484.5825,103
17351,1,Champions,1.0226449596551441,0.4303082116500436,37,12,1964.38,730,163.69833333333335,44
16607,1,Champions,2.7202008421616246,0.07452472461005058,18,25,5706.87,590,228.2748,212
12813,0,Hibernating,0.11394230942992786,1.197294328376014,502,3,1621.8,694,540.6,36
15078,1,Champions,3.724634686189208,0.050925813728615696,8,52,17276.73,736,332.2448076923077,117
15805,1,Champions,3.3888389648443393,0.39326312341031655,24,30,10148.93,730,338.29766666666666,337
12695,1,Champions,0.9736512746216324,-0.2781132545926968,8,7,1371.12,666,195.8742857142857,45
15856,1,Champions,4.795955428930023,-0.10111074711583865,5,52,32274.69,737,620.6671153846154,383
14859,1,Champions,1.0448187462693133,-0.322708483272572,13,5,1705.64,555,341.128,51
16798,0,Hibernating,0.08263811415364038,1.327122768922626,555,3,841.1600000000001,730,280.3866666666667,141
14515,1,Champions,1.9988144345456902,-0.09560146472111195,18,12,3724.06,551,310.3383333333333,109
18247,0,Hibernating,-0.5067555821647292,1.0534512004356162,415,3,839.73,632,279.91,28
16710,1,Champions,3.122284295604317,0.3117027990878788,20,22,5921.35,736,269.15227272727276,541
15264,0,Hibernating,0.11085320282643578,0.14147581524994135,65,2,848.4000000000001,531,424.2000000000001,52
14217,1,Champions,2.4189263114909307,-0.7494608207780373,2,23,3298.5899999999997,528,143.4169565217391,122
15885,1,Champions,1.0365055076801923,0.7559653389186494,94,13,1921.82,688,147.8323076923077,81
15076,1,Champions,0.4379147906563408,0.543943100113497,173,3,1447.74,523,482.58,68
14656,1,Champions,0.28737799282506066,0.7681863653829115,170,5,790.0000000000001,604,158.00000000000003,148
17188,1,Champions,2.409310845336421,0.02438571541641309,12,13,4592.93,732,353.3023076923077,136
12480,1,Champions,2.231914554609787,-0.06773798666920341,29,7,4834.85,508,690.6928571428572,176
17696,1,Champions,2.8178368825032742,0.5573738795358526,39,27,7679.589999999999,730,284.42925925925925,191
18277,1,Champions,0.4118163392693864,0.15001472908914798,59,5,1180.05,495,236.01,53
18178,1,Champions,2.2605799144535426,0.7993031977143243,129,11,6103.74,660,554.8854545454545,204
16180,1,Champions,3.0368534780430805,0.5067028982717018,101,13,16249.87,535,1249.99,171
13802,1,Champions,3.541487150539204,0.8684458265837632,139,19,26259.109999999997,662,1382.0584210526315,212
16369,1,Champions,1.690263053741053,-0.04677766218858499,19,7,2654.48,612,379.2114285714286,114
14911,1,Champions,7.770859641774947,-0.09540566150087214,2,373,272252.79,739,729.9002412868632,2546
15339,1,Champions,1.2642259377740346,0.5281417456671034,67,7,1821.02,670,260.1457142857143,162
16095,0,Hibernating,-1.0235919749267093,0.6876216776587873,457,1,447.05,457,447.05,30
17811,1,Champions,3.7939774430153985,-0.5293933427764447,5,47,9513.1,446,202.40638297872337,537
12993,1,Champions,0.7809327937460662,0.1360151011119685,24,8,1259.63,660,157.45375,57
13969,1,Champions,3.938499229269938,-0.12191054213200556,8,35,12973.46,625,370.6702857142857,472
15502,1,Champions,3.0986939265172,-0.14580043501877232,16,12,9542.92,555,795.2433333333333,230
15024,1,Champions,2.230627843829582,-0.49157944419224286,10,16,3559.3900000000003,425,222.461875,168
13299,0,Hibernating,0.12603488140381552,0.7262646282602864,269,3,1218.7,529,406.23333333333335,56
16372,1,Champions,1.2788503175270405,0.15551497486319982,34,5,1290.3100000000002,608,258.062,271
17083,1,Champions,1.1954448381164702,0.6973869783758201,110,9,4049.79,669,449.9766666666667,30
15093,1,Champions,3.193607020352731,0.2383246141121016,19,23,13702.38,732,595.7556521739131,104
17478,0,Hibernating,-0.015151126966812206,0.9943536854463807,409,2,1272.8000000000002,634,636.4000000000001,40
16539,1,Champions,2.103696435300508,-0.7583956776233597,3,10,3289.6600000000003,533,328.966,83
15921,0,Hibernating,-0.043323362851274284,0.7849472614087496,173,4,765.6099999999999,641,191.40249999999995,68
17521,1,Champions,0.6748026528322948,-0.2219533989950982,30,5,1278.06,435,255.612,65
15215,1,Champions,1.3093223025704364,0.2916738897584786,47,7,2422.4300000000003,613,346.0614285714286,85
18007,0,Hibernating,-1.46584287764944,0.5219938159251174,393,1,215.22000000000003,393,215.22000000000003,46
12576,1,Champions,1.3240612229308857,0.08254538000056712,36,8,2062.72,527,257.84,113
12967,1,Champions,0.6636660309440428,0.5182836931333406,359,3,2938.5199999999995,384,979.5066666666664,47
15235,1,Champions,1.3346950988784996,0.5958067001381285,218,16,2772.76,389,173.2975,161
16134,1,Champions,1.3190316794205104,-0.15032269109355317,22,5,2145.34,541,429.068,85
16306,0,Hibernating,0.1058678115026684,0.5770496764070582,214,7,1124.7199999999998,435,160.67428571428567,55
17284,1,Champions,1.6761241261629998,0.0023399011713366854,61,7,2558.6000000000004,390,365.5142857142858,284
14976,0,Hibernating,-0.06847340974245224,-0.19783378785342065,58,6,774.8600000000001,327,129.14333333333337,45
15497,1,Champions,2.5313657614183955,0.07368701641585264,18,9,8657.390000000001,722,961.9322222222224,66
16496,1,Champions,1.704037999977194,-0.49791563924518445,9,6,2330.7700000000004,510,388.4616666666667,120
15415,0,Hibernating,-0.6682400709824695,0.20362317433686514,314,1,559.6099999999999,314,559.6099999999999,46
15881,0,Hibernating,-0.9938857234045603,0.528147243067358,313,5,501.39,365,100.278,26
13151,1,Champions,1.0490240609859993,0.9140565930889117,296,3,2454.71,628,818.2366666666667,130
14952,1,Champions,3.532285136059708,0.7350722502254621,60,32,17629.35,737,550.9171875,240
15304,0,Hibernating,-0.6067408238707187,0.07756924475954961,61,9,796.4000000000001,422,88.4888888888889,8
14410,1,Champions,1.705709194086499,0.33417736120833985,93,11,2630.9,438,239.1727272727273,306
15939,1,Champions,2.038795771731505,0.15547253965203447,90,15,9004.84,375,600.3226666666667,50
16523,1,Champions,3.7186959107269977,-0.514443785072874,2,28,11916.33,685,425.5832142857143,180
15656,0,Hibernating,-0.09114062115269769,-0.4643585665825978,46,4,748.5000000000001,285,187.12500000000003,46
17049,1,Champions,3.6601417995563734,-0.49751681580990237,3,19,9942.53,646,523.2910526315789,316
14475,0,Hibernating,0.19038505888855414,0.018477076648458643,72,4,1151.15,409,287.7875,40
18248,0,Hibernating,-0.3938415593402562,-0.5624824057952525,123,2,804.02,187,402.01,39
15058,1,Champions,2.206644946380601,0.2553664605562046,26,16,3387.58,654,211.72375,232
12830,1,Champions,1.2349321430921931,-1.0264398059992759,38,6,6814.639999999999,172,1135.7733333333333,13
15159,1,Champions,4.491397792269035,-0.9058446014725464,2,34,22116.729999999996,432,650.4920588235293,413
14110,1,Champions,3.710849249792944,-0.22561503307696065,4,33,12987.95,739,393.57424242424247,177
17105,0,Hibernating,-0.2309917047565091,0.00638219695413199,160,2,665.78,307,332.89,80
15555,1,Champions,3.8934439919029793,0.21044854596129922,13,36,11233.78,734,312.0494444444445,666
15646,0,Hibernating,-0.0993468070662377,0.3755498104219343,158,5,784.8100000000001,411,156.96200000000002,65
17315,1,Champions,3.7940389813438418,-0.8399045983980059,2,41,9559.5,439,233.15853658536585,383
15298,1,Champions,3.453348130624289,-0.36189257875377673,3,23,9061.77,732,393.99,199
15290,1,Champions,3.2359904520030294,-0.30475359383875444,5,26,10496.28,654,403.7030769230769,106
15572,1,Champions,2.6387535675441405,-0.470016007278008,5,10,3965.2,605,396.52,259
15356,1,Champions,2.0986970631843733,-0.08663088573797059,32,13,3239.57,423,249.1976923076923,290
14360,2,New / Promising,0.9438019288118003,-1.6085895903636018,32,4,2118.0299999999997,95,529.5074999999999,104
13431,1,Champions,1.6287581424872601,0.514548899953163,68,8,3316.24,660,414.53,113
15529,1,Champions,2.640571555227606,-0.2870377130072757,23,12,4781.110000000001,395,398.4258333333334,450
12895,2,New / Promising,-1.177702893136308,-1.6421918262092805,43,2,372.8,87,186.4,22
12569,1,Champions,2.1020644924620524,-1.2593547425935054,3,32,3152.6900000000005,253,98.52156250000002,91
13979,1,Champions,2.081276381981358,0.6493949905915657,74,7,3373.630000000001,737,481.9471428571429,355
13972,0,Hibernating,-1.814694051413181,-0.6789296778019062,71,2,190.25,202,95.125,15
13347,2,New / Promising,-1.8825584970890261,-1.7245950947481965,71,1,291.36,71,291.36,7
15903,1,Champions,2.650744079669152,-0.1349143523083924,10,12,8939.84,695,744.9866666666667,58
16592,1,Champions,3.305958112282144,-0.18131088821272734,5,28,7807.91,722,278.8539285714286,221
16813,1,Champions,1.5621442418920448,-1.2270225173039888,9,10,1652.18,205,165.21800000000002,248
15786,1,Champions,2.8633565307185496,0.11513993079984286,47,5,8501.619999999999,537,1700.3239999999998,358
17459,2,New / Promising,-0.25278761415355716,-1.942440988344419,44,2,657.3000000000001,61,328.65000000000003,88
13651,0,Hibernating,-1.5255804156233266,-0.32649485969892617,40,2,211.84999999999997,382,105.92499999999998,13
13643,1,Champions,1.2954657480827112,0.3579372593585066,32,10,2156.7700000000004,732,215.67700000000005,71
12757,1,Champions,2.1925908562637786,-1.0341082615487311,16,9,4176.749999999999,212,464.08333333333326,235
16912,1,Champions,2.201607186543379,0.36867102718621464,29,15,4460.51,731,297.36733333333336,130
17314,1,Champions,2.496822263237222,0.3443149478077362,25,17,4904.43,737,288.4958823529412,200
15419,2,New / Promising,-2.454165021306494,-3.0205405190479486,25,1,135.86,25,135.86,8
14714,1,Champions,0.5033163377029092,0.1051460272168878,25,4,906.24,688,226.56,64
14866,1,Champions,3.120381161663232,-0.48716298466798785,11,17,20700.04,445,1217.649411764706,38
15790,2,New / Promising,-1.5161143825038363,-4.0111303110297305,11,1,218.75,11,218.75,34
15782,1,Champions,1.7477434042334221,-0.7010005756712455,10,4,4014.1,431,1003.525,51
17404,1,Champions,4.542672520528427,-0.3140007078896441,5,21,47638.119999999995,702,2268.4819047619044,124
13583,1,Champions,0.6353073597716878,0.6971825802897667,156,2,1445.03,680,722.515,92
17873,1,Champions,1.9938495376828616,0.7542809205586514,81,18,6135.950000000001,724,340.8861111111112,64
15002,1,Champions,1.9793856995836516,0.791915001525,116,9,4138.08,697,459.78666666666663,220
13191,0,Hibernating,-1.641080746963223,1.2037952018076101,659,1,159.20999999999998,659,159.20999999999998,57
16303,1,Champions,2.6644681789321365,0.07251293181213005,26,7,7928.27,632,1132.61,156
16668,1,Champions,0.32414949000753995,0.014464500433048597,16,13,862.4200000000001,632,66.34,28
15633,1,Champions,1.3383852249172692,1.4404416137375353,510,13,4335.960000000001,732,333.5353846153847,77
17340,1,Champions,3.7847249939093732,0.2945501760709094,30,18,19617.95,664,1089.8861111111112,322
16441,1,Champions,0.3873983482930352,0.428671152496862,68,5,1013.18,628,202.636,66
16578,0,Hibernating,-2.3423947668290537,1.106246851589513,627,1,156.60000000000002,627,156.60000000000002,9
16615,0,Hibernating,-1.555402281596173,1.1011765930434483,627,1,291.5,627,291.5,19
14809,0,Hibernating,-0.9251953941789632,1.1429448935930127,622,2,686.76,622,343.38,18
16655,1,Champions,3.0183165629475783,0.1131858529203852,18,13,6423.26,678,494.0969230769231,408
13831,1,Champions,2.6323613006808935,0.18312151046434194,17,18,6585.54,730,365.86333333333334,121
14947,1,Champions,0.2825194323492708,0.4691768947513744,73,6,1049.79,625,174.965,47
17969,1,Champions,1.2774241782575577,1.099520730451129,167,20,2354.29,734,117.7145,113
15889,1,Champions,1.0718253176392984,0.9682610443046665,157,8,1407.05,730,175.88125,255
15199,1,Champions,0.87734144793752,0.34164880225821354,60,10,3122.4,576,312.24,17
13308,1,Champions,1.0066400782268268,-0.07232257944663355,23,4,1670.37,597,417.5925,65
12409,1,Champions,3.3565010890589577,0.36445607653503065,79,7,23419.289999999997,566,3345.6128571428567,177
14710,1,Champions,1.9522674534104436,0.15275303103864543,15,13,1899.79,737,146.1376923076923,310
13989,1,Champions,0.918060641974229,0.2978931354704451,66,5,2026.06,564,405.212,61
16986,1,Champions,1.9495239564445237,0.24677752612129697,30,11,4888.75,674,444.4318181818182,65
13081,1,Champions,5.264241482333613,0.09565577982616784,12,28,56838.37,732,2029.9417857142855,738
12469,1,Champions,0.8778407185811348,0.9249969809444633,523,2,3070.54,537,1535.27,76
16503,1,Champions,1.730704296628487,0.5512466606484627,107,11,3614.34,537,328.5763636363636,161
13510,1,Champions,2.801127065022928,-0.5801922816463193,2,11,4558.290000000001,719,414.3900000000001,176
17380,0,Hibernating,-1.3872109202802596,0.8982255656225044,435,3,645.0,535,215.0,5
15141,0,Hibernating,0.10224174973246294,1.1853081908294447,458,7,1388.4699999999998,622,198.35285714285712,44
12779,1,Champions,2.4819742869110124,0.45852394122144424,38,14,6474.110000000001,737,462.4364285714286,142
13963,1,Champions,1.2936459888196108,1.1243058820242424,309,17,2860.57,598,168.26882352941178,129
16126,1,Champions,3.2261531303128783,0.3569036263890672,30,15,14644.6,738,976.3066666666666,144
16469,1,Champions,0.7366855985184073,-0.12094541076132688,24,5,803.8999999999999,515,160.77999999999997,167
14615,0,Hibernating,-0.26613277635506855,0.9774448885507535,395,5,951.76,549,190.352,40
17092,1,Champions,2.494314351386497,0.4739140654949157,51,11,5511.410000000001,676,501.0372727272728,273
12838,1,Champions,1.9640401620936507,0.20257672408876698,34,10,2975.91,593,297.591,230
14264,1,Champions,0.5088487882467575,0.7330505826898639,155,6,1517.36,612,252.89333333333337,59
13126,1,Champions,2.505745680165828,-0.37489607477046205,5,13,3774.81,648,290.37,183
13465,0,Hibernating,-0.3723868643270465,0.9651122410771932,447,2,931.12,587,465.56,34
17001,1,Champions,3.050841421716388,-0.8050494129511695,1,19,6640.8,625,349.5157894736842,108
16636,1,Champions,1.0540354155811429,1.104511305316353,439,4,3802.04,647,950.51,62
13103,0,Hibernating,-0.1721883852916175,0.07730443409936916,40,3,709.6400000000001,578,236.5466666666667,27
13002,0,Hibernating,-1.2581260910466445,0.6265809371583705,319,3,414.13,435,138.04333333333332,19
16920,0,Hibernating,-1.3129583942528589,0.5554083439052261,412,1,355.45000000000005,412,355.45000000000005,23
16780,0,Hibernating,-0.20611987202227963,0.1390037907352776,101,3,596.3999999999999,408,198.79999999999995,73
15034,1,Champions,3.233080285469518,-0.07084694569979384,16,14,8231.2,578,587.9428571428572,416
16904,1,Champions,3.020324168882156,-0.7099475521316315,5,20,4656.56,412,232.82800000000003,482
16229,1,Champions,1.4905717512969352,0.44084305559671066,88,6,2867.86,565,477.9766666666667,144
17890,0,Hibernating,-0.4183698195948667,0.43261923055425217,323,2,586.8899999999999,362,293.44499999999994,88
12929,0,Hibernating,-2.6086168468669286,0.2097206069612208,312,1,117.85,312,117.85,8
16807,1,Champions,1.040240796449868,0.720924732480396,143,6,2123.88,624,353.98,107
18225,1,Champions,3.8370303848909733,-0.2572403266879906,4,26,13014.8,736,500.5692307692307,266
13803,0,Hibernating,0.34928924449163073,0.8518037402712964,256,3,1338.91,619,446.3033333333333,73
14193,1,Champions,0.3087185213511348,-0.06581328661974092,68,3,1210.19,397,403.3966666666667,49
16996,1,Champions,0.8589121395698385,-0.1916321565208635,31,9,2123.61,418,235.95666666666668,32
13376,0,Hibernating,-0.1971342880294237,-0.384958665354237,100,3,869.76,235,289.92,44
17898,0,Hibernating,-0.8294483042670525,0.42711637983633294,86,4,299.18,568,74.795,48
14565,1,Champions,1.6215564238176035,0.2814742211301797,96,5,3709.22,474,741.844,138
16763,0,Hibernating,-0.02137038525633986,0.8646916640178296,199,2,964.7,739,482.35,44
17312,0,Hibernating,-1.1134716689432396,-0.6220542982210725,139,3,644.3,160,214.76666666666665,11
15142,1,Champions,1.438404586276933,0.09057170407308025,47,6,2619.92,501,436.65333333333336,115
16618,1,Champions,1.2821066272220611,-0.48518860663538144,32,5,2647.5899999999997,323,529.5179999999999,79
18008,1,Champions,3.09395147764039,0.6823761141292845,71,23,19759.08,703,859.0904347826088,77
14453,0,Hibernating,-2.219505430805908,-0.40652123540809265,191,1,119.93,191,119.93,22
17428,1,Champions,5.032003288009955,-0.5442850770520065,1,45,31466.76,739,699.2613333333334,422
15150,1,Champions,3.3279314808153084,-0.09272033645011649,18,13,8977.94,544,690.6107692307693,495
15975,2,New / Promising,-1.238131683465993,-1.4795742855571266,85,1,371.0100000000001,85,371.0100000000001,24
13994,1,Champions,1.5917191597576978,-1.8794328774161246,4,6,2274.1400000000003,149,379.02333333333337,122
17370,0,Hibernating,-0.8750465023660866,-0.7476009910941941,73,4,446.18,170,111.545,31
17405,2,New / Promising,0.8389940803309762,-2.1441292995550283,2,3,1031.41,151,343.8033333333333,77
17950,1,Champions,0.8089926238930738,0.6164927105084996,73,7,1166.29,705,166.61285714285714,133
15370,1,Champions,1.6525959913745036,-0.11544174001360066,41,8,3739.01,411,467.37625,90
15949,2,New / Promising,-1.262037853130432,-2.169168014271425,17,2,364.72,72,182.36,12
17295,2,New / Promising,-0.5055328716479651,-1.9965464648430515,29,3,547.0,65,182.33333333333337,53
18126,2,New / Promising,-1.4656534914162882,-1.8713984122858545,61,1,198.58,61,198.58,51
16232,1,Champions,1.2615191882455423,0.1600195864791707,44,7,2712.9700000000003,551,387.56714285714287,60
15358,1,Champions,4.175559042415455,-0.11951391786623275,5,42,16425.86,733,391.0919047619048,359
17302,1,Champions,0.667035734146785,-0.7930363967164533,15,5,1135.63,306,227.12600000000003,68
15414,2,New / Promising,0.13201528873794485,-1.21515953398605,10,3,774.9000000000001,243,258.3,37
13091,1,Champions,0.4702150422537523,0.11128504540046028,29,2,1108.8,730,554.4,40
13170,2,New / Promising,-2.167387367939445,-2.894920609752855,27,1,108.81,27,108.81,29
17297,2,New / Promising,-1.8261769622738,-3.392747371126725,18,1,128.18,18,128.18,49
16376,2,New / Promising,0.2277543694233517,-3.6091501514600024,9,2,974.96,18,487.48,104
14572,1,Champions,3.0705289963865963,-0.5067641104244252,4,11,5520.98,622,501.9072727272727,335
16368,1,Champions,0.5546546682690091,-1.0589417554209544,3,3,621.44,436,207.14666666666668,74
16794,1,Champions,2.272136510387075,-0.632460989810323,2,15,2050.6800000000003,625,136.71200000000002,244
13716,0,Hibernating,-2.1242313819293104,0.035283910243732175,270,1,138.28,270,138.28,21
13587,1,Champions,0.47630941091550766,0.39445173068141054,64,4,1673.4999999999998,664,418.37499999999994,27
17110,0,Hibernating,-0.629164710022443,0.6894335025482804,166,3,499.9,611,166.63333333333333,38
13346,0,Hibernating,-2.05244152125552,1.133397819826956,463,6,299.40000000000003,597,49.900000000000006,4
13129,0,Hibernating,-1.9993002705466396,0.8962508534919933,453,2,233.25,530,116.625,10
16984,1,Champions,3.2183434492403764,0.611038277867768,89,9,10350.53,643,1150.0588888888888,669
15824,0,Hibernating,-0.5638763878365818,0.8784920482320275,454,2,890.94,533,445.47,24
17142,0,Hibernating,0.37623464217317903,0.9591881419332187,240,4,1275.25,685,318.8125,78
17592,0,Hibernating,-2.2581701791739053,1.3270648654151256,739,1,148.3,739,148.3,13
16039,0,Hibernating,-1.0272100545129597,1.0240873878761012,424,2,456.4,629,228.2,27
14198,1,Champions,1.0439555369945999,0.11858477583251005,19,9,1569.73,704,174.41444444444446,58
13970,0,Hibernating,-0.9329973146119881,0.6245201274598673,387,2,846.55,438,423.275,10
14538,1,Champions,0.5186178350459778,0.47281980994760114,65,5,1370.84,684,274.168,45
13631,1,Champions,0.23815144297349486,-0.15968242595844676,100,11,3070.42,268,279.1290909090909,6
16184,0,Hibernating,-0.05536424913357595,-0.5684715943244766,65,6,1158.79,212,193.13166666666663,26
15606,1,Champions,1.9938197868916565,0.5527686828984859,62,17,5230.99,648,307.70529411764704,84
13980,0,Hibernating,0.1341966922875031,0.4334313705970574,61,5,768.8199999999999,657,153.76399999999998,57
14112,1,Champions,2.600054212692044,0.1617263874054622,23,13,5834.59,655,448.8146153846154,199
16350,1,Champions,1.2967924182302033,-0.2828567998948074,22,9,2253.8900000000003,429,250.43222222222224,72
15105,1,Champions,1.8943312202462976,0.008661158423508054,19,9,3094.91,627,343.87888888888887,129
15124,0,Hibernating,-0.359773492451179,0.03163307912700801,23,4,450.8200000000001,652,112.705,30
14370,0,Hibernating,-0.09403312830561764,1.2363114910503927,451,6,1175.78,677,195.96333333333337,37
15803,1,Champions,0.8625701876660393,0.339308319494146,52,4,1929.66,677,482.415,48
17363,0,Hibernating,-0.4380518263845531,0.6282574989347048,396,3,920.46,403,306.82,34
17170,0,Hibernating,-2.319576023469785,0.5489939130588172,375,2,178.68,390,89.34,8
14424,2,New / Promising,-2.322401346322501,-3.4814150385302973,18,1,322.08,18,322.08,1
15299,1,Champions,1.0868092712571802,0.5170639776974811,68,9,5556.530000000001,697,617.3922222222222,8
15649,0,Hibernating,-0.44429604406947043,0.5258396397727721,337,4,1660.35,388,415.0875,8
17381,1,Champions,3.888026186862441,-0.2592727133181766,9,38,36398.65,549,957.8592105263158,50
16712,1,Champions,2.5627061629834853,-0.5663919837935996,10,13,4225.22,402,325.0169230769231,300
13457,0,Hibernating,-2.4356563601666847,1.3704018139275425,689,2,148.21999999999997,738,74.10999999999999,9
13417,1,Champions,1.305565597383841,-0.45296786930547256,5,6,1669.49,670,278.24833333333333,57
15031,1,Champions,2.4771311812920627,-0.24283450751058477,5,14,3102.9399999999996,732,221.6385714285714,237
15879,1,Champions,0.483026111305943,1.2288442008010116,405,4,1137.8,723,284.45,171
12883,2,New / Promising,-0.3097713002569766,-1.735711920413585,25,4,703.4699999999999,90,175.86749999999998,39
17079,2,New / Promising,-3.0119950596485916,-1.5803035270773087,79,1,118.8,79,118.8,2
17739,1,Champions,2.53979578124201,0.04125539510712569,12,18,7730.590000000002,733,429.47722222222234,56
16918,1,Champions,2.1196381565744167,0.6158120794151498,50,16,3206.54,737,200.40875,280
17734,1,Champions,0.8022631667471041,0.379452868899075,54,6,1442.3200000000002,643,240.38666666666668,76
16823,1,Champions,1.159397429346945,1.07942567604005,228,7,2243.09,738,320.4414285714286,149
17518,0,Hibernating,-0.9314149992606332,1.0433927897486568,426,2,329.4200000000001,622,164.71000000000004,71
14648,1,Champions,1.9318601265607735,1.404874165917391,417,15,4463.389999999999,730,297.5593333333333,285
15570,1,Champions,3.535334095511733,-0.1661501206658553,8,25,8736.49,622,349.45959999999997,442
16335,1,Champions,1.2375196948549307,1.4180598184629594,552,7,2753.5200000000004,736,393.36000000000007,193
14938,1,Champions,0.6124203997473318,1.0034044404001223,563,2,2322.43,563,1161.215,71
17915,0,Hibernating,-1.6339256088076226,0.950240065136113,552,1,225.77999999999997,552,225.77999999999997,27
15717,0,Hibernating,-0.8331179197850271,0.8438864501952812,235,5,607.0,593,121.4,17
17680,0,Hibernating,-0.4965318881453401,-0.21972689793692274,24,3,497.44999999999993,512,165.81666666666663,20
13658,1,Champions,2.6875165530966267,-0.1742828486093297,10,9,6025.5,673,669.5,164
13920,1,Champions,0.4979058848549287,0.9997067309738855,432,4,1774.68,563,443.67,81
12519,0,Hibernating,-0.333652973837482,0.0387759014535683,64,2,626.54,477,313.27,33
13815,1,Champions,2.6777633785822372,0.10292909356358824,23,8,6737.74,666,842.2175,202
15860,1,Champions,1.866516010929944,0.5523341248839378,41,17,2358.8,734,138.7529411764706,248
14631,1,Champions,0.9806194369934593,0.09461280409265374,51,6,2025.69,488,337.615,65
15294,0,Hibernating,-1.821333822102481,0.5569380999540703,411,1,233.35,411,233.35,15
13733,0,Hibernating,-0.9207363773235332,1.1532915882768084,411,2,487.03,736,243.515,28
17203,1,Champions,2.322787903495625,-0.17965052040252505,36,10,5564.09,389,556.409,195
16599,0,Hibernating,-2.150918535740571,0.48065805868704914,386,1,172.79999999999998,386,172.79999999999998,12
15658,1,Champions,0.9154341469385205,1.0183431799740144,191,8,2117.27,737,264.65875,79
13240,1,Champions,0.9975574002252604,0.6717749797348276,97,8,1455.39,653,181.92375,159
16057,1,Champions,2.2526002292568488,0.0846856073654634,17,10,3854.85,702,385.485,175
16217,0,Hibernating,-1.6700275694919668,0.07226530627952395,236,2,304.25,283,152.125,13
15442,0,Hibernating,-1.6926525115713245,-0.15038424236637005,249,1,594.0,249,594.0,2
14697,0,Hibernating,-1.9074832795399876,-0.16511639869087485,219,2,188.61,219,94.305,22
15051,1,Champions,2.295476700774632,0.24799527374567754,24,9,3926.91,739,436.3233333333333,226
12613,1,Champions,2.4790222974902623,0.5505777566046521,58,9,6277.37,726,697.4855555555555,217
13725,1,Champions,1.0443117587893636,-0.27874071416287416,50,8,1980.56,309,247.57,95
13860,2,New / Promising,0.7940447053684209,-2.583634047178678,2,5,1245.9,87,249.18,58
13602,1,Champions,0.25798624679794296,0.27302187691894153,65,4,1025.17,561,256.2925,49
13314,2,New / Promising,0.3285726424379838,-2.7837889365142385,2,3,775.94,74,258.6466666666667,55
12940,2,New / Promising,0.029835592083827935,-1.5386304624304923,55,2,899.6899999999999,88,449.845,87
14544,1,Champions,1.7231354871075433,-0.29509423350377567,25,3,2938.5299999999997,471,979.51,148
16532,1,Champions,1.2464716084648215,-0.2051161340479879,18,5,8756.64,621,1751.328,2
13681,2,New / Promising,-0.014922057739741881,-1.3677747256749007,18,4,827.8300000000002,156,206.95750000000004,37
12421,1,Champions,0.3753219892520186,-0.28960827248685306,16,6,874.6000000000001,506,145.76666666666668,43
13623,1,Champions,1.860476985961604,0.3693110379058367,31,10,2533.06,738,253.306,211
14519,0,Hibernating,-1.643149955451702,1.3732780100592887,684,2,203.14,729,101.57,38
13206,1,Champions,2.5668079998185953,1.3603226908465005,401,13,8308.189999999999,733,639.0915384615383,393
17258,0,Hibernating,-0.8728235651392876,1.0629871077413755,397,2,417.30000000000007,666,208.65000000000003,46
18179,1,Champions,1.7682710298429,-0.1870813780260388,10,8,2547.55,664,318.44375,101
15970,0,Hibernating,-0.42967704285412783,0.8209127173674855,304,2,1017.32,599,508.66,19
17908,1,Champions,0.5315623571843414,1.232556683647105,374,5,1142.47,726,228.494,178
13855,0,Hibernating,0.17555755652619245,1.2996990142400646,501,4,1310.34,732,327.58500000000004,64
14247,0,Hibernating,-0.10704535733036168,0.8681613206554615,279,5,753.56,552,150.712,82
15580,1,Champions,0.638398410161035,1.2209879261062502,377,8,1375.39,671,171.92374999999998,150
13439,0,Hibernating,0.29204095330768004,0.7260979308606996,256,3,986.61,527,328.87,132
13740,1,Champions,0.6055019857730793,1.053365390033822,241,5,1582.77,738,316.554,83
17665,0,Hibernating,-1.0043332864161216,0.7731551466482658,494,1,563.0999999999999,494,563.0999999999999,19
17259,1,Champions,0.925354641948501,0.80308051326484,149,6,1452.39,656,242.06499999999997,179
17134,0,Hibernating,-0.4908433566177276,0.21837015947314442,107,3,625.3,443,208.4333333333333,31
16848,1,Champions,0.6792496111290268,-0.04108213117369702,53,4,1411.62,433,352.90500000000003,75
17276,0,Hibernating,-0.7393561072875933,0.5307113979385676,403,1,501.2399999999999,403,501.2399999999999,49
16430,0,Hibernating,0.02791424797419108,0.441251736112166,58,6,1102.94,682,183.82333333333335,18
14508,1,Champions,0.7119529174435602,-0.09589756019679639,23,5,822.9200000000001,541,164.584,142
16893,0,Hibernating,-1.1899962011878413,0.5419340797353439,367,2,249.47000000000003,377,124.735,79
14525,1,Champions,3.155795642516151,0.24457798172502837,20,17,8018.59,727,471.6817647058824,339
16122,0,Hibernating,-0.12760833027152108,0.12187350088744213,74,6,895.62,426,149.27,28
18171,1,Champions,1.2739375037198093,0.5371970485998442,59,9,2437.31,704,270.8122222222222,76
17446,0,Hibernating,-2.6228274957823023,0.060220463116216136,177,2,120.9,311,60.45,6
14754,1,Champions,1.057949779875117,0.38030663298856765,45,6,1547.93,691,257.98833333333334,110
12528,1,Champions,0.9481837338304091,-0.9099391982728152,10,6,1645.48,313,274.24666666666667,49
13043,0,Hibernating,-1.2073168983824891,0.006772361647906569,274,1,516.4200000000001,274,516.4200000000001,13
16216,0,Hibernating,-0.33986453348092444,-0.019662854630009653,268,1,914.93,268,914.93,37
13235,0,Hibernating,-0.09934775588758249,-0.3130619098637477,213,1,1031.0700000000002,213,1031.0700000000002,53
12360,1,Champions,1.8610210966814171,0.3773965581325407,53,6,3612.89,656,602.1483333333334,159
18265,2,New / Promising,-0.27035610606667104,-0.9070189130504425,73,2,801.51,159,400.755,44
14259,0,Hibernating,-2.7408527987221336,-0.8142628168528175,142,1,120.0,142,120.0,5
13136,1,Champions,2.50001680647258,0.6033905250786473,57,13,6274.5599999999995,732,482.6584615384615,204
16066,2,New / Promising,0.7508692931184766,-1.5625913547286479,17,5,1521.04,125,304.20799999999997,77
12991,1,Champions,0.11259070500169896,-0.46408292093731834,24,3,764.82,390,254.94000000000003,45
16379,2,New / Promising,1.2254173531021715,-2.439862991372468,5,4,2157.4,79,539.35,87
16198,0,Hibernating,-0.010527390261935783,0.010784440426282174,76,2,1030.04,438,515.02,30
12885,2,New / Promising,0.17598629983004124,-1.1346284466585428,64,3,1175.22,124,391.74,66
13271,2,New / Promising,-1.237847888319501,-2.4660912612879597,38,1,211.49,38,211.49,79
17634,1,Champions,1.5901416689902037,-0.28511512268919603,37,9,2358.59,338,262.0655555555556,209
17564,2,New / Promising,-0.7121592468046736,-1.8556587715231303,25,3,454.01,81,151.33666666666667,38
15318,2,New / Promising,-1.2179697083004886,-5.157353496813163,4,1,312.62,4,312.62,33
12904,2,New / Promising,-0.2536899481111448,-1.3190273319489358,19,2,496.05999999999995,173,248.02999999999997,59
13853,2,New / Promising,-0.35143056614649754,-2.0007989383493827,58,1,1090.14,58,1090.14,23
15711,0,Hibernating,-1.166942530292768,1.2081453715698431,557,2,420.25,685,210.125,25
15479,0,Hibernating,-2.3948691434464044,1.312023125913496,734,1,147.4,734,147.4,9
13545,0,Hibernating,-0.9601007504724911,0.8821946466087018,391,2,364.93,545,182.465,54
16312,0,Hibernating,-2.2259837469107704,0.6263642660435997,433,1,171.15,433,171.15,10
15728,0,Hibernating,-1.2927199261112516,0.644832905533054,380,2,544.6,445,272.3,10
18086,0,Hibernating,-2.7775672529246442,0.048784191356852406,275,1,101.34,275,101.34,7
14665,1,Champions,1.3910721101903134,0.35910309258520673,61,7,2749.65,593,392.8071428571429,94
12943,0,Hibernating,-1.1021237109716784,1.0911384476057344,559,2,496.49999999999994,606,248.24999999999997,22
14029,2,New / Promising,-1.113628295063432,-1.0444201458686695,64,2,467.6600000000001,145,233.83000000000004,15
12457,1,Champions,1.086678251190739,0.11042324655712599,67,7,2555.91,436,365.13,62
16790,2,New / Promising,0.8692122267356696,-3.0979710723089724,4,6,1545.62,38,257.6033333333333,88
14233,1,Champions,1.1859994417027981,0.34276468487265166,50,7,2904.27,645,414.8957142857143,42
16182,1,Champions,1.8734453256544061,0.46715752044179926,73,9,9971.65,641,1107.961111111111,20
15587,0,Hibernating,-0.34087065225331636,0.07839488377459602,51,7,1522.08,492,217.44,3
14593,1,Champions,2.538958564077544,0.2617949263475426,22,12,3658.03,731,304.83583333333337,435
13334,1,Champions,2.457980428292307,0.5161379702815724,83,5,6201.8,653,1240.36,307
15025,1,Champions,0.7339328536522334,-0.028637265308548966,34,2,971.84,569,485.9200000000001,131
14227,1,Champions,2.7418123900828455,0.2644079690874943,27,15,6366.16,670,424.41066666666666,245
13785,0,Hibernating,-0.9615759161366864,0.8294022387058604,429,4,542.49,461,135.6225,26
17468,0,Hibernating,-1.5069510992030215,-0.7733264348873884,11,3,194.8,376,64.93333333333334,8
13358,0,Hibernating,-1.1575060465298843,0.005269560784968223,269,1,389.03,269,389.03,28
15691,0,Hibernating,-0.995171972514954,1.0313604815093245,253,4,571.3,734,142.825,12
15906,1,Champions,1.6999662100211577,-0.24814888223933473,20,10,2530.19,451,253.019,143
14013,0,Hibernating,0.27352917541616895,0.6058118117159171,111,5,1084.5700000000002,624,216.91400000000004,56
15845,1,Champions,2.241930832096783,0.08466888829729247,18,11,4426.280000000001,683,402.38909090909095,129
13265,1,Champions,0.8717690137209266,-0.4323091478167099,54,5,2092.66,274,418.532,66
13588,1,Champions,1.569107823567187,-0.8592507929151411,16,9,2478.95,256,275.43888888888887,131
16836,0,Hibernating,0.08330927251641439,0.11563732382352357,40,4,782.3699999999999,575,195.59249999999997,42
17011,0,Hibernating,-0.13918498876486413,0.09198017093187662,31,3,671.7,652,223.9,27
17254,1,Champions,0.4320344804158078,-0.9563911295637326,5,3,469.4799999999999,402,156.4933333333333,129
16358,1,Champions,2.0840397179504015,-1.2289757043451879,2,5,2919.65,395,583.9300000000001,118
15393,1,Champions,0.38177404890163724,0.0302861477994179,17,5,891.34,725,178.268,37
14151,0,Hibernating,-0.5850633331773258,1.3197839485250407,674,2,679.45,717,339.725,44
17731,1,Champions,0.896209344317414,0.5621167692245083,80,6,1708.99,669,284.83166666666665,82
13393,0,Hibernating,-0.05232427527455993,1.361111782763161,584,4,1131.45,733,282.8625,53
13793,0,Hibernating,-2.834875155527255,1.15700737789076,647,1,96.0,647,96.0,7
15994,1,Champions,0.6732987768482647,0.29332510361719033,55,3,1175.68,636,391.8933333333334,93
18020,0,Hibernating,-2.075217465966988,0.9216943560622787,544,1,190.47999999999996,544,190.47999999999996,12
13626,0,Hibernating,-0.4674533834064011,0.36357627023383626,253,2,707.04,380,353.52,44
16583,0,Hibernating,-1.4916843213366084,1.0432980794112003,374,2,297.95000000000005,674,148.97500000000002,18
14162,0,Hibernating,-1.3959022989454801,-0.0007169175849073471,174,2,289.36,293,144.68,25
13453,0,Hibernating,-0.3960488240704173,0.2963855909627837,166,3,781.69,403,260.56333333333333,33
12982,1,Champions,1.2586972031692565,0.9384026222081577,243,8,2744.8100000000004,607,343.10125000000005,139
15574,1,Champions,0.6120761748150878,0.5690000783366189,178,6,1101.44,465,183.57333333333335,191
15221,0,Hibernating,0.1687060353627757,1.0204123445529238,367,4,2062.2,638,515.55,21
13373,1,Champions,2.708720923054823,0.5225677608649061,61,6,7587.19,734,1264.5316666666663,292
18240,2,New / Promising,-1.6197474941359906,-2.2638551857648035,47,1,422.58,47,422.58,6
12364,2,New / Promising,0.6367159206023759,-1.9480049942221436,8,4,1208.1,113,302.025,69
14805,1,Champions,0.8828549951776927,-0.07369830412280128,16,7,1082.55,622,154.65,88
14279,0,Hibernating,-2.5363279616865064,1.1654837090909371,521,2,191.86,682,95.93,3
15759,0,Hibernating,-0.6802360498335676,1.0430615659663662,219,7,830.9300000000001,738,118.70428571428572,10
16055,0,Hibernating,-2.4923833765759396,-0.23964426519997506,221,1,134.8,221,134.8,8
16446,1,Champions,4.080619398117528,-2.279249471296692,1,2,168472.5,206,84236.25,3
12353,0,Hibernating,-1.1124744512155909,0.3531837957612971,205,2,406.76,409,203.38,23
15224,0,Hibernating,-0.4646676140872239,1.1461513061541628,359,5,871.3599999999999,694,174.272,24
12679,0,Hibernating,0.01896982781372057,-0.38148654505785223,59,4,951.02,284,237.755,42
16560,1,Champions,1.860072855289532,0.2649303028143682,27,8,3048.38,732,381.0475,140
16717,1,Champions,2.858160283209678,0.29262007921078176,24,14,6663.68,733,475.9771428571429,274
18207,0,Hibernating,-0.8484626878634051,0.7987539573930247,500,1,544.47,500,544.47,31
14327,1,Champions,0.909103320891446,0.8811998742627034,164,6,1894.9300000000003,701,315.8216666666667,99
12551,0,Hibernating,-2.2385725414698423,0.3809173167998628,358,1,168.0,358,168.0,10
13492,0,Hibernating,-0.024561395694677815,-0.3581350839656938,137,3,1269.84,215,423.28,38
15839,2,New / Promising,0.19018662318883606,-1.2090162350471558,34,3,1048.49,149,349.49666666666667,56
15094,0,Hibernating,-3.124990321745337,1.0985023678873398,464,2,83.0,645,41.5,4
14321,1,Champions,1.737046076212097,-0.4648009914222352,11,7,2218.06,474,316.86571428571426,162
14341,1,Champions,2.2644258991126613,0.5863740035297565,46,18,4452.0199999999995,739,247.3344444444444,185
12646,2,New / Promising,0.469108225952505,-2.9366311206394826,5,2,1346.97,50,673.485,43
14999,0,Hibernating,-2.4990073815018574,1.0396703115656407,593,1,129.48000000000002,593,129.48000000000002,9
15791,1,Champions,1.7770763366123072,0.2567657897631504,44,5,3608.3399999999992,642,721.6679999999999,121
12349,1,Champions,1.9834310169145855,-0.20079549434221175,19,3,3678.69,590,1226.2299999999998,137
12356,1,Champions,2.1481110059622095,-0.35219840817544584,23,6,5611.7300000000005,425,935.2883333333334,103
12386,0,Hibernating,-1.5588510498927233,0.43380473524052543,338,2,401.9,367,200.95,10
12616,0,Hibernating,-0.08437497454170434,0.04437568778740691,96,3,1023.1,389,341.0333333333333,31
12787,1,Champions,0.18075931315311394,-0.7003804620560473,10,4,799.1800000000001,414,199.795,29
14109,2,New / Promising,-2.379069235116238,-1.6640750803116524,73,1,144.2,73,144.2,9
15018,0,Hibernating,-0.5159554872263495,-0.3290808725613749,39,3,496.21,368,165.40333333333334,30
15645,1,Champions,0.5441224687906406,-0.47539997556480335,19,3,1054.7500000000002,426,351.5833333333334,58
15834,1,Champions,2.0427857646306484,0.12986922276991575,71,7,3761.89,425,537.4128571428572,332
14549,0,Hibernating,0.21401213687385232,1.1457469431666387,312,4,913.6,738,228.4,117
13490,0,Hibernating,-2.3968232416267186,1.16123685702836,655,1,154.25,655,154.25,8
13219,0,Hibernating,-2.865465960701385,1.114234716584327,619,1,76.23,619,76.23,11
15418,0,Hibernating,-0.7253113998802392,0.9797826855811813,426,2,449.42,587,224.71,64
17963,0,Hibernating,-0.2502993926208075,1.2519578557687343,472,4,643.1600000000001,690,160.79000000000002,98
17471,0,Hibernating,-1.4695123731428086,0.7389537002212279,475,1,321.65000000000003,475,321.65000000000003,19
15966,0,Hibernating,-1.1023379093854004,0.6699668152274255,451,1,426.53,451,426.53,27
14203,0,Hibernating,-1.4860411116563734,0.5054731973810345,398,1,339.34,398,339.34,16
13809,0,Hibernating,-0.7544064841844935,0.6520459358086865,306,3,679.7,461,226.5666666666667,23
15986,0,Hibernating,-0.8023903937388378,-0.4259442595112035,31,2,354.42,382,177.21,25
15212,0,Hibernating,-2.150392332335572,0.3421084366131257,242,2,208.27999999999997,377,104.14,7
17787,1,Champions,0.7170925220141017,0.224918016153739,153,4,1817.54,372,454.385,94
17691,0,Hibernating,-0.6201123488566399,0.9173153802072624,359,4,637.55,547,159.3875,37
15236,0,Hibernating,-1.551613054704121,0.13618740587531963,299,1,321.05,299,321.05,15
16317,1,Champions,1.0645827812485904,0.5680467151672937,120,5,2192.51,585,438.50200000000007,103
14524,1,Champions,1.9486178781562797,-0.0992497590978648,32,13,2909.8599999999997,417,223.83538461538456,250
14632,0,Hibernating,-2.6295013035053256,-0.010199544027334194,263,1,114.56,263,114.56,8
12833,2,New / Promising,-1.1481304711732905,-0.7879648897242443,146,1,417.38,146,417.38,24
18211,0,Hibernating,-0.22944834826136742,-0.6662666028867386,26,5,600.0699999999999,279,120.01399999999998,37
12936,2,New / Promising,0.2150589848821071,-1.9798867074743665,18,4,1063.9,79,265.975,56
13759,2,New / Promising,-0.6591369480416761,-1.9159836819795024,34,2,659.4100000000001,72,329.70500000000004,24
13923,2,New / Promising,-1.3455784304031486,-2.060878616167122,54,1,351.13,54,351.13,20
16204,1,Champions,0.6426558916287448,0.11359190128856357,24,3,918.71,732,306.2366666666667,86
17595,2,New / Promising,-0.6326598667297472,-2.8060352709828984,13,2,386.69,38,193.345,68
13345,0,Hibernating,-1.417235879352421,0.09036626105834022,288,1,339.50000000000006,288,339.50000000000006,19
13928,2,New / Promising,-0.6047852032861645,-1.675158391032348,11,4,464.5700000000001,134,116.1425,23
17028,0,Hibernating,0.40552291827498277,1.3070997894948113,582,3,1593.83,722,531.2766666666666,85
16254,0,Hibernating,-0.04686579148059321,1.0312960236826785,379,3,967.44,633,322.48,65
16108,1,Champions,1.2321574911140962,0.47836262555323594,85,4,2235.92,632,558.98,124
14355,0,Hibernating,-0.20891145859689836,1.0122814979005696,366,3,840.05,628,280.01666666666665,57
14890,0,Hibernating,-0.15584670995924418,0.9161689671701628,254,3,817.2499999999999,660,272.41666666666663,55
14237,0,Hibernating,-1.000359604139995,0.9173560619323498,374,2,471.14,591,235.57,26
18111,0,Hibernating,-1.1476406388830682,1.0190979910266225,590,1,405.85,590,405.85,27
15443,1,Champions,3.2300191511713288,-0.6338397039231225,2,14,5114.23,643,365.3021428571428,408
14452,1,Champions,0.5538016900081975,-0.4261650423860652,11,4,658.95,522,164.7375,108
12959,0,Hibernating,-2.410296704544547,0.772954923609347,485,1,150.95,485,150.95,8
15859,0,Hibernating,-1.1558205730667483,0.6127014920627339,433,1,438.46,433,438.46,22
15080,0,Hibernating,-0.8734786629450574,0.820468581848073,428,2,546.25,502,273.125,31
15177,0,Hibernating,-0.4501402299471636,0.5718503287718113,426,1,948.93,426,948.93,26
18112,1,Champions,0.43068495772863996,-0.33176553241299905,13,4,773.3599999999999,552,193.33999999999995,59
16521,1,Champions,0.5287662740514872,1.1075603945641035,416,3,1136.36,649,378.7866666666667,211
13086,0,Hibernating,-0.8642665806077413,0.4679963693748133,383,1,439.33,383,439.33,47
13649,1,Champions,0.5253253006917811,0.8050939829798709,257,6,1453.68,528,242.28,97
13033,0,Hibernating,-1.9714498619087388,0.6204001643229554,358,2,220.55,430,110.275,12
18202,0,Hibernating,0.18993769598915353,0.12889425354367595,200,3,1396.99,312,465.66333333333336,55
14570,0,Hibernating,-0.5941349417927548,0.6120611346034237,281,3,512.4,444,170.79999999999998,63
14920,1,Champions,0.6041130573619685,0.6981134584521406,213,3,1607.1699999999998,566,535.7233333333332,90
16849,0,Hibernating,-2.5552187194926335,-0.45286549315438507,187,1,124.57,187,124.57,8
12565,0,Hibernating,-2.3894631839652467,0.1064944682021267,289,1,145.92,289,145.92,9
14720,2,New / Promising,-0.06149163380787256,-1.9736901217687388,6,3,663.81,127,221.27,34
15522,2,New / Promising,-0.7766596217844849,-1.7198696227829768,33,2,397.9899999999999,88,198.995,47
16215,2,New / Promising,-1.791299375204889,-1.5385200324606674,81,1,242.34999999999997,81,242.34999999999997,14
16778,0,Hibernating,-1.5276339345505576,-0.38521961176054403,75,2,245.94000000000003,275,122.97,16
14592,2,New / Promising,-0.18195830991996623,-1.8984953547099617,36,3,557.94,65,185.98,132
15576,2,New / Promising,-0.24803739704046363,-2.520999596032872,38,1,921.37,38,921.37,43
12642,2,New / Promising,-0.08895494206030184,-1.602725043826668,26,3,905.26,108,301.75333333333333,38
17458,1,Champions,0.11926930301301489,-0.6613317081106529,16,2,529.5799999999999,382,264.78999999999996,81
12952,2,New / Promising,0.7058288929474612,-2.372800488258431,6,4,1387.79,79,346.9475,64
16648,0,Hibernating,-0.10782647810832029,0.1322908459050445,43,3,672.8,591,224.26666666666665,37
14287,2,New / Promising,-1.6357516215500394,-1.4151407539766618,9,3,176.63,199,58.876666666666665,9
17331,2,New / Promising,-2.855735953233372,-1.0208230952314439,124,1,175.2,124,175.2,1
17557,0,Hibernating,-0.07096968255256549,-0.027938328144231552,15,4,575.46,733,143.865,28
14297,1,Champions,0.5783031414923387,-0.8638180524182693,18,4,1305.3300000000002,275,326.33250000000004,48
16352,2,New / Promising,-0.8346290935478698,-2.711293291787042,18,2,494.43999999999994,38,247.21999999999997,28
14804,2,New / Promising,-1.5030947565754749,-4.280601451501085,9,1,353.27,9,353.27,12
17606,0,Hibernating,-2.9674526383275186,1.3276216140366437,738,1,87.30000000000001,738,87.30000000000001,6
13403,0,Hibernating,-1.2975359884365565,-0.003633204375482626,18,3,229.5,724,76.5,9
17494,0,Hibernating,-3.5650344324672902,0.831761896848825,502,1,54.7,502,54.7,3
17089,0,Hibernating,-2.770740455187411,0.47446971622076084,387,1,128.45,387,128.45,4
16041,2,New / Promising,0.2991655620267171,-1.3599381661777024,31,3,3166.4,142,1055.4666666666667,6
13223,0,Hibernating,-0.6459625534859025,0.8869580975299807,201,6,969.12,666,161.52,8
14280,0,Hibernating,-2.495369185490885,-0.3878226253784127,197,1,134.04,197,134.04,8
12609,1,Champions,1.5965754459639303,0.6727848989343083,79,9,3021.8599999999997,720,335.7622222222222,128
15890,0,Hibernating,-1.238697968164628,1.0571997557355846,395,5,535.65,605,107.13,10
13017,2,New / Promising,-2.690586153139895,-4.436780405547237,8,1,204.0,8,204.0,1
14069,0,Hibernating,-1.5567534828427394,1.0237388859458716,515,2,225.81,562,112.905,37
13608,0,Hibernating,-1.5586017888845844,0.925932852219499,541,1,232.04999999999995,541,232.04999999999995,31
13415,0,Hibernating,-0.1300347798928083,1.2941494522993264,473,4,784.1700000000001,729,196.0425,85
14381,0,Hibernating,0.13668078100121286,-0.06041366608888099,53,2,625.94,452,312.97,104
16355,0,Hibernating,-0.9086800831827316,0.4457299147627144,376,1,416.35,376,416.35,47
14176,0,Hibernating,-0.5425373293726732,0.5427887626600568,298,5,756.46,382,151.292,33
17893,0,Hibernating,-2.456748776048304,-0.19304292733292724,226,1,107.21,226,107.21,15
17375,0,Hibernating,-0.22970013729242175,0.48982595550598046,200,4,660.5500000000001,432,165.13750000000002,77
14567,2,New / Promising,0.1723760475261919,-1.2008040022228468,57,2,1530.36,131,765.1800000000001,33
15275,2,New / Promising,-0.6026293142574982,-2.509937936256726,38,1,615.1400000000001,38,615.1400000000001,41
17153,2,New / Promising,-1.8784197484888205,-3.024126447457633,25,1,213.78000000000003,25,213.78000000000003,14
17727,2,New / Promising,0.04584598740368127,-3.593748302341647,16,1,1060.25,16,1060.25,66
18268,1,Champions,0.3701205402205179,0.8297703904759682,135,6,1490.23,729,248.37166666666667,36
16562,0,Hibernating,-1.5514769674202236,0.7657802987795018,477,1,223.86,477,223.86,34
13367,0,Hibernating,-1.1702601770170018,0.6056093243111378,432,1,460.2000000000001,432,460.2000000000001,19
14423,0,Hibernating,-0.5895128779253422,0.8744440597350726,219,3,916.61,695,305.53666666666663,12
15922,0,Hibernating,-1.5507275821324393,0.41586663804273183,374,1,369.5,374,369.5,11
16418,1,Champions,0.6430108368850402,-0.07599531236050518,45,5,1028.74,423,205.748,121
12560,2,New / Promising,1.227259651205097,-1.924126690065267,6,2,1918.01,144,959.005,90
16278,0,Hibernating,0.2118803757806185,0.297707714158946,101,3,1117.84,500,372.6133333333333,50
13821,1,Champions,0.8542724404990706,0.8570854030228117,145,6,1379.08,705,229.84666666666664,158
13325,2,New / Promising,-0.9953593610676251,-1.5558135368589003,82,1,675.3,82,675.3,12
15758,2,New / Promising,-2.0709808620382786,-3.030674900957612,25,1,205.25,25,205.25,9
17806,2,New / Promising,-0.6673257327799085,-3.9299875136608056,12,1,546.04,12,546.04,43
13416,0,Hibernating,-0.1040053845572378,0.3160246742809483,44,3,940.8,737,313.6,16
17025,1,Champions,0.3643345004540655,0.38459367929807936,61,5,1349.67,642,269.934,31
16443,0,Hibernating,-2.9405811839896967,0.8347416138422836,521,1,162.24,521,162.24,1
16990,0,Hibernating,-2.232204973797036,0.3666441763515286,219,2,344.0,423,172.0,1
16702,0,Hibernating,0.17840860782449472,1.238727028667639,416,4,1109.53,733,277.3825,83
13676,0,Hibernating,-1.8742947844407698,1.10984035454506,540,2,243.90000000000003,620,121.95000000000002,13
17384,0,Hibernating,-0.5664939178160879,-0.37465370682467297,20,3,507.55,468,169.18333333333334,15
15509,0,Hibernating,-1.9685579737048844,0.4814611199221956,381,1,152.40999999999997,381,152.40999999999997,26
13034,0,Hibernating,-0.09266681071964777,-0.12455389186521715,55,3,756.8199999999999,402,252.2733333333333,42
13751,0,Hibernating,-1.8019662600040887,0.08562194993422569,289,1,296.25,289,296.25,9
17204,1,Champions,1.8079672626740373,0.7128895379757823,176,9,5504.6900000000005,548,611.6322222222223,110
17836,2,New / Promising,-2.272006518330218,-2.174673826621438,48,1,109.83,48,109.83,22
12558,2,New / Promising,-1.7563847172215863,-4.410801031121543,8,1,269.96,8,269.96,11
12586,1,Champions,1.362314922603678,0.01009741791799661,18,4,2062.67,724,515.6675,82
13432,0,Hibernating,-0.6441358916169798,1.141950837007135,572,2,436.55000000000007,613,218.27500000000003,97
13278,1,Champions,0.8323494890442147,0.17427847552313183,41,4,1425.35,611,356.3375,79
17784,0,Hibernating,-2.340086279337968,0.9618712378763062,551,1,112.86,551,112.86,19
14445,0,Hibernating,-1.5820877704201763,0.7066955146659781,456,1,221.65,456,221.65,32
13067,0,Hibernating,-0.7024903343179602,0.13031868788203452,83,3,508.51,447,169.50333333333333,24
14777,0,Hibernating,-1.567988707505328,0.5277293892701069,404,1,307.56,404,307.56,16
16021,0,Hibernating,-0.4242034868559729,0.893213626979098,396,2,487.03,545,243.515,117
16141,0,Hibernating,0.054936118723758524,0.03954156038953945,89,2,955.94,418,477.97,47
16932,0,Hibernating,-0.12901733742842839,0.22511726796468934,54,3,412.5499999999999,572,137.51666666666665,116
13607,1,Champions,0.6407019528883253,-0.27688174317659436,41,2,1075.81,403,537.905,110
16783,0,Hibernating,-1.201208173788004,0.6302534170429729,437,1,391.95,437,391.95,25
12509,0,Hibernating,-2.4604339075121375,0.07923603558926744,285,1,158.5,285,158.5,6
16861,0,Hibernating,0.11311566609831218,0.18245702399477595,60,5,946.59,509,189.318,39
17447,2,New / Promising,-0.7423524731506004,-1.8335313807152709,41,2,541.53,72,270.765,33
12531,1,Champions,1.4249489668607795,-0.18018143305611684,15,2,1771.2,687,885.6,125
12396,0,Hibernating,-0.12243253083783344,1.185153041543027,675,1,931.43,675,931.43,65
12350,0,Hibernating,-1.6004657267498732,0.1907580552373832,311,1,294.4,311,294.4,16
18282,2,New / Promising,-1.5902835753830438,-1.9070843642440427,8,2,178.05,127,89.025,12
17748,0,Hibernating,-1.4229831264082617,0.8706487039780515,528,1,358.15000000000003,528,358.15000000000003,17
13580,0,Hibernating,-2.845355957286536,0.5482846080780661,407,1,107.75,407,107.75,5
16374,1,Champions,1.3670131935707974,0.37652132749535006,67,5,1709.55,589,341.90999999999997,275
15269,1,Champions,0.38686183038359506,-0.4814295276813055,24,3,1225.36,391,408.4533333333333,33
13600,0,Hibernating,-0.754815950940633,0.9162531210461329,313,2,518.4200000000001,635,259.21000000000004,35
12405,2,New / Promising,0.1549678328170291,-0.7826455634204734,149,1,1390.39,149,1390.39,53
15843,0,Hibernating,-2.600552980972528,0.1758768907197524,304,1,118.95,304,118.95,8
16890,0,Hibernating,-1.6804466085685836,1.0563850621206665,477,3,277.90999999999997,583,92.63666666666666,16
12786,0,Hibernating,-0.9058941092855426,1.0390531437566832,610,1,668.5000000000001,610,668.5000000000001,17
18038,0,Hibernating,-2.0505651381046612,0.9742610269797284,557,1,141.48,557,141.48,25
15685,0,Hibernating,-2.955532177160009,0.721216156952596,451,1,55.97999999999999,451,55.97999999999999,17
13274,0,Hibernating,-1.371746105942317,0.5451844712761443,410,1,360.85,410,360.85,19
17208,0,Hibernating,-2.310502158908192,0.536765925585883,396,1,111.15,396,111.15,21
17418,0,Hibernating,-0.16702917931588435,-0.24761325265012382,43,3,670.0600000000001,388,223.35333333333335,40
15037,0,Hibernating,-1.070584626182546,0.5258782847922326,377,2,397.75999999999993,377,198.87999999999997,40
12785,0,Hibernating,-0.2421401481694556,1.1418834350503255,365,3,904.4,732,301.46666666666664,41
14413,0,Hibernating,-0.575565833869007,1.1237605019083463,363,3,421.72,690,140.57333333333335,92
12764,0,Hibernating,0.2455564246893182,0.1827328888616011,317,1,1693.88,317,1693.88,45
17117,0,Hibernating,-2.577884922049773,0.113188692477757,289,1,116.2,289,116.2,9
15083,0,Hibernating,-3.003788870782445,-0.04008779110816966,257,1,88.19999999999999,257,88.19999999999999,5
15146,1,Champions,0.3718985373192129,-0.04524467237838031,165,2,1327.16,292,663.58,90
17939,0,Hibernating,-2.597589588019485,-0.6401571241095613,160,1,99.14,160,99.14,12
14223,0,Hibernating,0.0006229142232292879,-0.30558857248519783,93,3,991.13,265,330.3766666666667,50
13917,2,New / Promising,-1.4297433934979837,-0.8679727167170416,50,2,272.03999999999996,192,136.01999999999998,16
16504,2,New / Promising,-0.5911025443980513,-2.966929970457738,26,1,465.88,26,465.88,76
16513,2,New / Promising,-0.015494236623034192,-2.954111110100078,5,4,874.59,44,218.6475,33
16800,2,New / Promising,0.4395894995935838,-3.929033636209982,12,1,1162.65,12,1162.65,148
17818,0,Hibernating,-1.9616485819145202,1.351834150879645,738,1,124.78,738,124.78,42
13622,0,Hibernating,-0.6824865592764312,1.2236688034012284,697,1,658.95,697,658.95,32
12373,0,Hibernating,-0.2639967993240917,1.0025836718697592,312,3,927.65,674,309.21666666666664,35
17745,0,Hibernating,-0.8505768435441361,0.9505649548904624,478,2,600.34,556,300.17,27
12677,0,Hibernating,-1.5739792761019447,1.1746701539889794,556,2,359.1,667,179.55,12
14326,0,Hibernating,-0.07948351135034402,0.7007341662391511,243,3,940.98,533,313.66,54
13714,0,Hibernating,-1.8702119040228118,0.7429220083695315,466,1,161.35,466,161.35,30
13773,0,Hibernating,-1.4789448511029275,1.047993340841888,397,2,301.53999999999996,660,150.76999999999998,19
17140,0,Hibernating,-1.2367767193149655,-0.11449322302893883,248,1,454.12,248,454.12,16
13513,0,Hibernating,-0.2060963949729539,0.6327473255991499,127,3,824.5899999999999,656,274.8633333333333,32
12602,2,New / Promising,-2.22352231448282,-1.9327508511872893,59,1,153.12,59,153.12,12
13111,0,Hibernating,-1.6437316366850367,1.267276752942776,719,1,321.88,719,321.88,12
14405,0,Hibernating,-2.624937685810213,0.4524205747643154,387,1,195.0,387,195.0,2
18269,0,Hibernating,-2.360686907479511,0.4068309698536869,367,1,168.6,367,168.6,7
14977,0,Hibernating,-3.921294887039415,1.329179600999378,726,1,31.929999999999996,726,31.929999999999996,4
17805,0,Hibernating,-0.4305061795095162,0.2856914797375777,74,2,927.03,611,463.515,10
18026,0,Hibernating,-0.14835092968700606,0.8320463653140043,501,2,2074.07,506,1037.035,12
17292,0,Hibernating,-1.742338481709903,0.9961884848670595,473,2,271.75,580,135.875,14
15226,0,Hibernating,-2.384967028120179,0.19762735901777023,311,1,154.41,311,154.41,8
14981,0,Hibernating,-1.270127707973806,0.45785252608058796,247,2,372.92,424,186.46,20
15624,0,Hibernating,-0.7306300491194103,-0.20415917237303768,117,4,588.13,257,147.0325,26
15761,0,Hibernating,-2.6122465508274644,0.6495954748366395,443,1,143.05,443,143.05,5
17923,0,Hibernating,-1.777702593032594,0.7430304123579174,283,3,497.0,545,165.66666666666666,2
14784,0,Hibernating,-0.5763463754499782,-0.4154134095118537,27,3,449.93,390,149.97666666666666,25
17876,0,Hibernating,-0.09055901048347982,1.020885066693271,400,3,3424.02,676,1141.34,3
14724,0,Hibernating,-1.1408944211613508,1.0336434435140298,591,1,341.9,591,341.9,40
12698,0,Hibernating,-1.6584612073259182,1.0209572446179467,591,1,285.75,591,285.75,15
16691,0,Hibernating,-2.1561302333536827,0.928613733272773,419,2,178.82999999999998,562,89.41499999999999,11
17866,0,Hibernating,-0.1224393372575906,0.7523868199668591,143,3,1134.95,726,378.31666666666666,20
13546,1,Champions,0.8553240128756481,-0.5396556478602248,13,5,1086.24,425,217.248,95
15735,0,Hibernating,-1.4523282842948377,0.58534709245002,422,1,327.67999999999995,422,327.67999999999995,19
15020,0,Hibernating,-1.7353900226656547,0.4709808162251612,380,1,198.47,380,198.47,27
12750,2,New / Promising,-1.6652291200516216,-0.943616534138296,129,1,275.88,129,275.88,15
14951,2,New / Promising,-1.4503408814778238,-1.5554251506796188,80,1,311.69,80,311.69,20
12794,2,New / Promising,-0.251061531177478,-1.451690183660724,54,2,860.4100000000001,99,430.205,43
12448,2,New / Promising,-1.2914847198108297,-2.2928622411040203,45,1,365.44999999999993,45,365.44999999999993,21
14428,1,Champions,1.0470488902050596,-0.9525066015229124,8,5,1224.0599999999995,326,244.81199999999995,108
14171,0,Hibernating,-0.2952978601394465,0.6113386340763525,99,2,498.79,731,249.395,61
14531,0,Hibernating,-1.1803521535305084,0.7556134232660434,480,1,376.34,480,376.34,29
12608,0,Hibernating,-1.317359472277201,0.5220213064802417,405,1,415.79,405,415.79,16
17547,0,Hibernating,-0.6783491589145307,1.01189998957036,376,2,727.85,666,363.925,22
13817,0,Hibernating,-0.9766316448775971,-0.5151929437299326,30,2,328.98,352,164.49,19
13504,2,New / Promising,-1.4548024123159922,-1.8176914625992033,65,1,295.92999999999995,65,295.92999999999995,22
13679,0,Hibernating,-1.2495642899735824,1.2995857687482366,494,3,281.26,736,93.75333333333332,44
15404,0,Hibernating,-1.715931092478265,0.44013219152070454,376,1,257.06,376,257.06,16
15619,2,New / Promising,-2.0080161326604067,-4.065283103639666,11,1,336.40000000000003,11,336.40000000000003,3
17821,0,Hibernating,-1.8454714004098165,0.5178513761112297,407,1,334.62,407,334.62,6
16373,0,Hibernating,-1.4426239147581765,0.6111016827924177,383,2,309.49,412,154.745,25
14218,2,New / Promising,-2.1348233983458713,-2.337886302582009,43,1,169.48,43,169.48,12
14074,0,Hibernating,-2.2023835350169114,1.0832877357823294,624,1,219.4,624,219.4,6
13222,0,Hibernating,-3.443154895336944,0.9869156199484765,578,1,88.5,578,88.5,1
14956,0,Hibernating,-0.8323066519079557,0.5175392135077137,422,1,1325.0,422,1325.0,4
13185,0,Hibernating,-3.6085822569646044,-0.0007669474348095276,268,1,71.4,268,71.4,1
16781,0,Hibernating,-0.6186006219802421,1.0279033047504342,373,2,623.0,670,311.5,36
13469,0,Hibernating,-3.0132645344513795,1.172861277449632,654,1,82.4,654,82.4,6
15798,0,Hibernating,0.34016925988871016,1.1893276776520767,493,3,1535.37,682,511.79,73
14361,0,Hibernating,-1.9207652223526517,1.0016033627749534,579,1,214.71,579,214.71,14
15495,0,Hibernating,-1.6681745237655852,0.45909261984343175,380,1,246.50000000000003,380,246.50000000000003,20
15840,2,New / Promising,-1.0831017821563316,-0.8980481748762568,59,2,355.56,173,177.78,26
12639,0,Hibernating,0.08703447076408306,0.8402232497898499,239,3,1072.37,628,357.45666666666665,57
12486,0,Hibernating,-0.24521762666096503,0.6023361889662797,432,1,917.28,432,917.28,48
15726,0,Hibernating,-1.3945727542572819,0.4906712588377637,391,1,321.90999999999997,391,321.90999999999997,23
14165,0,Hibernating,-2.2047549109758102,0.0694004782063093,276,1,120.44,276,120.44,23
17859,0,Hibernating,-2.070447842905553,0.19367594298893087,305,1,141.92000000000002,305,141.92000000000002,23
17014,2,New / Promising,-0.13924663703703183,-2.3945184995269755,9,3,583.43,67,194.47666666666663,63
12498,2,New / Promising,-1.2113542045632473,-2.2064818081046647,22,3,349.70000000000005,58,116.56666666666668,20
17093,0,Hibernating,-1.8700848735033095,1.0284374083031067,593,1,235.88,593,235.88,13
16058,0,Hibernating,-3.562703235135565,0.550880520284426,407,1,62.7,407,62.7,2
13788,0,Hibernating,-5.889014623112009,0.9017040623553721,506,1,3.75,506,3.75,1
18113,0,Hibernating,-3.5584870129990933,0.4106312534696937,369,1,76.32000000000001,369,76.32000000000001,1
12516,1,Champions,0.8928233550404923,0.3796968407751672,78,4,2288.6200000000003,600,572.1550000000001,48
16967,0,Hibernating,-1.4255006634810234,-0.44296650978213564,190,1,319.02,190,319.02,21
12581,2,New / Promising,-2.0291574465907307,-2.4284404371909973,40,1,179.71,40,179.71,14
17462,0,Hibernating,-0.4702166859733127,-0.45350861434132667,61,2,675.69,285,337.845,25
15778,0,Hibernating,-1.5455423648297295,0.6154629659533545,432,1,307.95000000000005,432,307.95000000000005,17
16533,2,New / Promising,0.44131524730705973,-2.087527259015956,20,3,1082.8100000000002,69,360.9366666666667,112
16844,0,Hibernating,-0.8717052112310932,1.0556003498543112,563,2,614.3399999999999,583,307.16999999999996,26
15765,0,Hibernating,-1.2539609524195146,1.1791611928187415,667,1,370.63000000000005,667,370.63000000000005,25
12972,0,Hibernating,0.12519603770587645,1.139617739747672,414,4,1161.2,662,290.3,69
15878,0,Hibernating,-1.1135407659365368,1.2930363613684077,562,2,330.77,734,165.385,47
13056,0,Hibernating,-1.8479554155976665,0.945038844769753,552,1,209.48,552,209.48,18
13586,0,Hibernating,-2.2213220671297047,0.9379571746835794,542,1,127.28,542,127.28,20
14516,0,Hibernating,-1.8671781823951403,0.8820852468334397,517,1,151.17000000000002,517,151.17000000000002,35
13913,0,Hibernating,-3.7766714307370224,0.8521007512641741,507,1,42.22,507,42.22,3
18060,0,Hibernating,0.138703354262083,0.9034976099358991,409,2,1185.4599999999998,565,592.7299999999999,74
16936,1,Champions,0.20791355344434867,-0.4655921223748487,26,2,548.29,386,274.145,122
12763,0,Hibernating,-1.0218809261094357,0.10014526020589709,139,2,494.08,370,247.04,16
12561,0,Hibernating,-1.7737551487819492,0.16324847198660825,303,1,238.85,303,238.85,16
12690,0,Hibernating,-1.5107445910360098,-0.3461910665382919,206,1,335.01,206,335.01,15
13075,2,New / Promising,-0.5215810499653641,-0.96233197317686,130,1,919.61,130,919.61,22
15010,2,New / Promising,-1.4461105181023637,-2.5710910004787775,36,1,308.94,36,308.94,20
15082,0,Hibernating,-2.9107517660980156,1.198565573164043,669,1,93.35,669,93.35,6
14743,0,Hibernating,-3.63317983646033,1.0497062310438536,593,1,50.48,593,50.48,3
13400,0,Hibernating,-1.4295809975011997,1.0085814070559516,583,1,310.83000000000004,583,310.83000000000004,23
17055,0,Hibernating,-1.6495604696836692,0.6712489940793057,446,1,232.85,446,232.85,24
18266,0,Hibernating,-1.786575572324729,0.6269543016165207,435,1,251.09999999999997,435,251.09999999999997,14
17407,0,Hibernating,-0.9454711288286766,0.5423523016555574,412,1,552.9,412,552.9,23
17283,0,Hibernating,-1.997413722556237,0.45840343290472507,379,1,188.46,379,188.46,15
15540,2,New / Promising,-0.30963525573451756,-0.7936861257214503,12,2,460.6799999999999,376,230.33999999999995,31
17619,0,Hibernating,-1.2987487335854346,0.23598772967475726,313,1,214.37,313,214.37,71
15349,0,Hibernating,-0.7096908705981385,-0.43294259509622984,159,2,463.9099999999999,188,231.95499999999996,65
15776,2,New / Promising,-1.7086148635080327,-0.8874857814627575,134,1,241.62,134,241.62,18
13210,2,New / Promising,-1.3124975293336856,-1.3506878912216784,94,1,353.47999999999996,94,353.47999999999996,22
14382,1,Champions,1.0915736341234605,-0.45097591649401564,27,2,1193.63,391,596.815,227
18117,2,New / Promising,-0.966779090127464,-2.9576876844220554,26,1,314.4,26,314.4,67
15781,0,Hibernating,-0.920439044505467,-0.6455961432236327,26,3,345.46000000000004,306,115.15333333333336,20
12479,2,New / Promising,-0.9235905773434747,-3.932447760327834,12,1,473.19999999999993,12,473.19999999999993,30
17497,0,Hibernating,-1.8903936503050764,0.9560406157656887,391,2,287.25,611,143.625,7
13830,0,Hibernating,-2.2685781261625175,1.0132780707359625,582,1,156.85,582,156.85,11
14761,0,Hibernating,-0.7852358384215936,-0.0030768306961255058,59,3,447.92,445,149.30666666666667,21
15316,0,Hibernating,-2.9197270444792713,0.23177412647998025,327,1,165.0,327,165.0,1
16162,0,Hibernating,-3.9776485717911143,-0.04863012703646643,253,1,37.4,253,37.4,2
14520,2,New / Promising,-1.2971342299192463,-1.6190797642393433,2,2,270.6,291,135.3,3
13905,0,Hibernating,-1.668196471007646,1.2931055185754756,733,1,312.65000000000003,733,312.65000000000003,12
15982,0,Hibernating,-1.139595497676052,1.0698278495646754,606,1,324.51000000000005,606,324.51000000000005,45
15818,0,Hibernating,-1.6253855533911366,1.0058959183499243,589,1,340.5,589,340.5,11
14318,0,Hibernating,-2.330373929022146,0.7079566793763529,461,1,158.01999999999998,461,158.01999999999998,9
18185,0,Hibernating,-1.5475178062214874,-0.09119704194737369,250,1,304.25000000000006,250,304.25000000000006,17
17124,0,Hibernating,-1.3456541412535457,-0.4608609144842623,186,1,294.24,186,294.24,31
16673,0,Hibernating,-1.9986418170698983,1.2219347532555662,680,1,171.13,680,171.13,19
17196,0,Hibernating,-0.885763353625653,0.6312549717919632,428,1,327.75,428,327.75,84
17202,0,Hibernating,-2.3566160608110307,0.5880376305190227,421,1,160.64999999999998,421,160.64999999999998,8
12899,0,Hibernating,-1.4004572168757365,0.555278064767494,414,1,366.4,414,366.4,17
14118,0,Hibernating,-1.260707037940968,0.5924428138843361,429,1,458.4500000000001,429,458.4500000000001,15
17118,0,Hibernating,-2.2928300314848857,0.22973791894753978,318,1,157.01999999999998,318,157.01999999999998,10
16480,2,New / Promising,-0.3429032321162944,-1.63046534820589,76,1,769.29,76,769.29,51
15593,2,New / Promising,-2.308413226238535,-1.718965552870239,71,1,199.8,71,199.8,5
12893,2,New / Promising,-1.7957862384707337,-2.73733442107658,31,1,176.55,31,176.55,27
14658,2,New / Promising,-0.9783582997701606,-2.0657819618535846,6,2,247.15,118,123.575,27
13746,0,Hibernating,-2.2362367179629117,0.5655609600455576,414,1,176.69,414,176.69,9
13967,0,Hibernating,-2.400201134273486,0.19142166239556915,146,2,166.3,397,83.15,4
15591,0,Hibernating,-2.2432894284362037,1.2557893650374392,583,3,217.9,674,72.63333333333334,6
14144,0,Hibernating,-4.308575381041571,0.7960500379170021,487,1,30.6,487,30.6,1
14003,0,Hibernating,-1.8959774756954597,1.3100570198017623,733,1,209.41,733,209.41,16
13616,0,Hibernating,-1.4139083211512775,1.2411191328970748,569,2,283.85,692,141.925,31
12887,0,Hibernating,-1.9125141894746929,0.46791990672085604,384,1,222.4,384,222.4,13
13493,0,Hibernating,-1.622119353115231,0.11794333102359132,276,2,498.63,288,249.315,5
14164,2,New / Promising,0.019261838574248888,-1.5542998131511268,71,2,1631.77,81,815.885,28
13391,0,Hibernating,-3.7501395235022184,-0.34788321477290085,204,1,59.8,204,59.8,1
12686,0,Hibernating,-3.125851970203529,0.44709719200171294,372,1,71.13999999999999,372,71.13999999999999,6
15739,2,New / Promising,-1.4758246366004308,-1.809237529679474,67,1,449.12,67,449.12,8
16301,0,Hibernating,-2.796989065545646,1.3198103943019859,737,1,107.33,737,107.33,6
17263,0,Hibernating,-2.728961635386374,-0.27087177222064895,209,1,63.43999999999999,209,63.43999999999999,23
17737,2,New / Promising,-1.9793619232711874,-2.5228752462964934,10,2,168.24,59,84.12,8
13946,1,Champions,0.7948434927844287,0.636265249798508,80,6,1876.23,736,312.705,49
16699,0,Hibernating,-0.043910375609034574,1.2792218467069099,381,7,994.6,736,142.0857142857143,51
15850,1,Champions,1.2301477131392673,0.15162843122970288,20,6,1006.75,727,167.79166666666666,269
14277,1,Champions,3.7256013528625025,0.031025543886183036,16,8,16789.16,727,2098.645,332
12748,1,Champions,6.368144199758609,-0.23059181067453774,1,322,49173.79000000002,736,152.71363354037274,2282
16600,1,Champions,1.8487357587815632,-0.2706846707660415,5,13,2153.41,722,165.64692307692306,106
15738,1,Champions,3.0803995186318107,0.31625387159394786,19,41,13043.32,730,318.12975609756097,70
15623,1,Champions,1.1496460870333685,0.8938431931187267,142,8,2437.0499999999997,730,304.63124999999997,91
18259,1,Champions,1.6877776936778832,0.1906401019965935,25,7,3941.9,732,563.1285714285715,51
14038,1,Champions,1.4487451651937944,0.5251979518814602,79,5,3069.88,674,613.976,99
17644,1,Champions,3.0529051266152747,-0.5776072465298339,2,20,6028.6,662,301.43,160
17116,0,Hibernating,-0.971582342323915,1.1539721805694978,649,1,389.78,649,389.78,47
18029,0,Hibernating,-1.2454209059837233,1.121077135849118,643,1,433.77,643,433.77,18
16208,1,Champions,1.9494229113597674,0.3885319060176252,45,10,3440.45,654,344.04499999999996,180
13319,1,Champions,4.391799311863364,-0.01826476250322791,6,58,21323.22,734,367.6417241379311,345
12615,1,Champions,2.858843200752534,-0.6338356185275991,3,8,5362.9800000000005,632,670.3725000000001,197
16452,0,Hibernating,-1.6021817050001943,1.264724686056457,631,2,332.17,694,166.085,14
17138,1,Champions,1.8393568529091224,1.0595913053492056,276,7,4417.27,674,631.0385714285715,234
18215,1,Champions,0.8983816761690219,0.5029194397386229,90,5,2232.49,624,446.49799999999993,53
12496,0,Hibernating,-3.3791986905803735,1.2091652018378096,621,2,45.34,621,22.67,10
16713,1,Champions,3.904927131611264,0.30936551064007206,19,32,14115.56,725,441.11125,541
16167,0,Hibernating,0.18920496099119052,1.25962363254164,415,5,1386.12,739,277.22400000000005,51
13863,0,Hibernating,0.20874811306324295,0.838158192154313,248,4,1239.5500000000002,594,309.88750000000005,59
13694,1,Champions,6.8236712498440895,-0.056910730308516275,4,143,195640.69,736,1368.116713286713,896
14849,1,Champions,3.72397045498336,0.35961464204884713,22,43,15407.61,699,358.316511627907,279
15984,1,Champions,3.7535988273071945,-0.29552863238343197,3,30,8393.02,739,279.76733333333334,458
14895,1,Champions,4.505656782122619,0.010503372119587313,8,38,25119.54,730,661.0405263157895,441
12549,0,Hibernating,0.08725385840138847,1.3251602533850924,576,5,1570.6799999999998,698,314.13599999999997,37
13004,1,Champions,3.754477887823488,0.16048600837166435,12,36,11650.85,725,323.63472222222225,417
17113,1,Champions,0.8793043670990873,1.3607571839703447,575,6,2305.59,698,384.265,122
12791,0,Hibernating,-0.904311716749988,1.0667553403437817,374,5,656.83,625,131.366,15
13719,1,Champions,2.0004923615664207,-0.09803991986316575,16,11,2782.1000000000004,572,252.91818181818184,193
14786,0,Hibernating,-2.876986383665748,0.9506873389333499,551,1,90.96,551,90.96,7
17146,1,Champions,2.207014873603919,0.7668065246066336,106,13,5852.64,676,450.20307692307694,164
17790,1,Champions,1.9442281912879626,0.13880253639385012,27,20,2779.41,545,138.9705,188
13102,1,Champions,3.7510071407383396,-0.6145005552308933,2,37,11380.1,583,307.5702702702702,212
13993,1,Champions,2.4326549902364194,0.5440687780764214,43,19,6775.710000000001,737,356.61631578947373,110
17194,0,Hibernating,-0.30616409559316266,0.80612998740751,361,2,776.66,531,388.33,56
13059,1,Champions,1.171155788699923,1.006404359737741,250,10,2291.7700000000004,619,229.17700000000005,155
15061,1,Champions,5.688605889721945,-0.09509583786758694,4,127,126387.57,739,995.1777165354332,130
13566,1,Champions,1.4581649811298825,0.2643116698634136,41,5,1684.7500000000002,640,336.95000000000005,262
18036,1,Champions,1.4605770262974234,0.40206454432713473,33,11,1545.4900000000002,722,140.49909090909094,221
15719,1,Champions,3.4436865383877877,0.5339325897066888,33,31,10194.32,739,328.8490322580645,448
15581,1,Champions,2.51565627315564,1.1703918110226492,157,34,4505.16,738,132.50470588235294,541
17372,1,Champions,2.629034235647829,0.6164722405648053,41,27,4316.46,737,159.8688888888889,411
15972,1,Champions,0.6043957697301192,1.1157050513315852,457,5,1769.33,601,353.866,104
16019,1,Champions,3.56863954739802,0.6047384455505341,47,27,17329.16,726,641.8207407407407,256
15005,1,Champions,4.038640296872005,0.3501601661140017,16,56,13752.58,739,245.5817857142857,590
14182,0,Hibernating,-0.548217904690659,1.0794415016402221,444,4,678.77,597,169.6925,42
14210,1,Champions,2.143652886701431,0.8316551278957142,106,16,5556.57,703,347.285625,143
14085,1,Champions,3.8984500591556204,-0.2979735515323648,3,32,9705.67,732,303.3021875,478
14051,1,Champions,4.058390571671591,-0.596413753356506,1,37,21770.98,737,588.4048648648649,82
16588,0,Hibernating,0.21447778949202276,0.9796181527638673,387,4,1361.28,575,340.32,64
13832,0,Hibernating,0.054809877320659825,-0.4987152360469046,20,2,609.8900000000001,423,304.94500000000005,54
14953,1,Champions,0.9018222377145679,-0.2741157778936943,26,4,968.82,436,242.205,201
16856,0,Hibernating,-0.7829516866690692,-0.5186325589674252,15,3,358.49,443,119.49666666666668,16
15065,1,Champions,1.7487700712576684,-0.1959248509356228,38,5,3326.86,411,665.3720000000001,156
17135,1,Champions,1.3114773813353777,-0.0758683114439703,17,10,1716.38,580,171.638,97
12676,1,Champions,1.3005806000951805,-0.1134703030001624,25,10,2333.09,484,233.30900000000003,66
17000,0,Hibernating,-1.211231718632833,0.6111054654516157,397,2,406.30000000000007,409,203.15000000000003,26
13031,1,Champions,1.5085474796462488,0.9997110246516128,408,5,3292.84,555,658.568,275
15981,1,Champions,2.91831577726285,0.1957993722006466,25,21,9362.77,621,445.8461904761905,151
17677,1,Champions,4.978692758215127,-0.384999138069649,2,54,35058.46,724,649.2307407407408,346
12841,1,Champions,3.322900252805299,-0.41594844762942995,5,40,6958.2,520,173.95499999999998,307
15996,1,Champions,0.8135294104777933,0.1699762466804539,89,7,1386.4,398,198.05714285714288,140
14725,1,Champions,0.8225643109395907,-0.12723158874468718,25,4,1246.86,535,311.71500000000003,84
16735,1,Champions,2.3777997340941344,0.7367173087020121,79,14,6217.41,732,444.1007142857143,178
18116,1,Champions,1.6099063187707765,0.18936431763850203,68,13,2130.89,412,163.9146153846154,310
16775,1,Champions,1.9329068958313194,-0.41796412336764427,11,16,2820.84,443,176.3025,132
12434,1,Champions,0.2663966380378532,-0.008081718417845123,85,3,1103.4299999999998,382,367.80999999999995,62
17167,0,Hibernating,-0.21570673187611525,0.7177611457897669,380,3,867.1100000000001,446,289.0366666666667,64
14057,1,Champions,3.0592392418116297,0.3553310593070123,24,22,8346.66,737,379.39363636363635,244
13982,1,Champions,1.942103917724139,0.3647066185173427,40,9,3954.29,689,439.36555555555555,123
13837,0,Hibernating,-1.6341730713676141,0.14507333161824934,212,2,266.59000000000003,318,133.29500000000002,17
17256,0,Hibernating,-0.7637257518648064,0.5648479631197209,108,5,498.93,601,99.786,20
16913,0,Hibernating,-1.1565271712884602,0.9563221733078615,291,3,423.91,652,141.30333333333334,18
16791,1,Champions,2.5240976089657425,0.4134243806894716,30,15,3944.88,737,262.992,392
15033,1,Champions,2.224558393984104,-1.0027802038596378,5,10,2553.88,330,255.388,314
15737,1,Champions,0.6466152348648745,-0.9398768350980367,15,8,1188.12,243,148.515,60
15674,1,Champions,2.57447548834229,0.6946536094935386,74,12,6613.52,732,551.1266666666667,261
14056,1,Champions,3.4217171058788076,-1.3163804616269954,2,23,8152.710000000001,285,354.4656521739131,320
12423,1,Champions,2.095588262869036,-1.1306826747748095,1,10,2301.39,466,230.139,127
17994,1,Champions,1.474839237190219,0.7537283398409927,122,11,2264.03,621,205.8209090909091,226
12759,1,Champions,2.2120650988222477,0.5198005856860455,53,8,4618.74,736,577.3425,205
14944,1,Champions,2.9823692045993826,0.30853056707587845,30,19,9684.670000000002,661,509.71947368421064,183
17686,1,Champions,3.1634342735937326,-0.46106598095069806,8,9,8296.81,534,921.8677777777776,283
17552,1,Champions,1.3961008567055755,0.4843097202096077,61,12,2786.77,628,232.23083333333332,78
14818,1,Champions,0.6026195591491574,0.5159845830696216,74,6,1153.56,648,192.26,87
17926,0,Hibernating,-0.09902092673916014,0.5997709858176798,134,5,1035.4900000000002,580,207.09800000000004,27
15453,1,Champions,1.469071974508436,-1.8251657967067105,2,7,1371.77,188,195.96714285714285,169
14737,1,Champions,1.5753533759519853,-1.0799987740481372,4,4,3554.1700000000005,401,888.5425000000001,28
13435,1,Champions,2.2653095370928256,-0.6185663863345969,6,9,4447.33,501,494.1477777777778,96
13016,2,New / Promising,-0.3878066047889957,-1.0772306889479595,74,3,789.8900000000001,124,263.2966666666667,39
17800,1,Champions,0.45727301458977215,-0.2900017605565909,38,9,1186.21,335,131.8011111111111,50
15706,2,New / Promising,-0.020736469416356564,-1.151424203145221,64,4,1060.56,117,265.14,50
13743,2,New / Promising,0.30277195065490176,-1.4757849042598434,3,7,1341.6,260,191.65714285714284,8
13939,1,Champions,1.1127134964418555,0.05268319264670483,24,7,1560.96,613,222.99428571428572,91
15434,1,Champions,1.7537701428057573,-0.1543624853511555,9,11,2567.06,685,233.36909090909091,82
17460,1,Champions,1.2092496643381057,0.7882729997815465,95,16,2157.9700000000003,687,134.87312500000002,93
17865,1,Champions,4.249363038783713,0.5390334187332505,31,46,26310.09,739,571.9584782608696,390
17786,0,Hibernating,-0.9794821847816222,-0.1801527418591297,86,2,266.85,318,133.425,57
14562,1,Champions,3.2257261623295204,-0.32284801789099155,4,26,6638.15,671,255.31346153846152,245
16525,1,Champions,4.162730407040253,-0.2836513784998011,3,48,24151.300000000003,738,503.1520833333334,115
16767,1,Champions,2.818942886172612,0.19240034881435164,31,15,8052.41,591,536.8273333333333,208
16719,1,Champions,2.303194338198543,0.1251167478375805,15,14,3508.62,727,250.6157142857143,203
12598,1,Champions,2.295453333330011,-0.1859470450919004,10,10,4192.089999999999,649,419.20899999999995,129
13816,2,New / Promising,-0.836785960742744,-2.1299913150721106,24,2,499.6700000000001,65,249.83500000000004,24
17813,1,Champions,1.2818817885625902,-2.0817818967826316,15,5,1698.07,72,339.614,297
12783,2,New / Promising,0.8193649906074029,-2.6199920742179925,3,4,1295.87,76,323.9675,74
13481,1,Champions,2.027502946647646,0.5126128019677847,46,11,3830.84,736,348.2581818181818,162
15748,0,Hibernating,-0.2669841236028475,-0.1315786256168805,41,3,609.81,450,203.27,34
15355,2,New / Promising,-1.7693891804541402,-2.212301798409659,30,2,277.05,54,138.525,9
18014,2,New / Promising,-1.8928780955510092,-2.816372915571005,29,1,154.27,29,154.27,28
17566,2,New / Promising,0.23653665383461003,-3.2849859079900092,9,2,869.7700000000001,26,434.8850000000001,113
15640,1,Champions,4.349875211481098,-0.19756192746069215,5,29,23459.509999999995,726,808.948620689655,302
17754,1,Champions,2.911229212384464,-0.6991451700804258,1,13,4451.219999999999,729,342.4015384615384,185
15627,0,Hibernating,-0.9617200675555874,0.877271272775014,458,2,566.9000000000001,523,283.45000000000005,23
16531,1,Champions,1.4916548130292218,-0.20316953395930393,23,11,2298.33,442,208.9390909090909,109
17209,0,Hibernating,-0.7633694796515051,1.3814574364689507,650,3,595.7,737,198.5666666666667,36
12917,1,Champions,1.3593105743844345,0.7872501755235504,129,6,4359.2,731,726.5333333333333,45
16365,1,Champions,1.9024379355772547,0.19340496472441676,18,15,3167.3399999999992,729,211.15599999999995,97
13847,0,Hibernating,-1.5043886004770868,1.2783508616529442,720,1,310.71999999999997,720,310.71999999999997,19
17851,1,Champions,0.7901322429085154,1.3107078070685638,423,6,1552.35,737,258.72499999999997,185
17706,1,Champions,4.344717816950625,-0.2236781028303641,5,31,20272.15,690,653.9403225806452,408
12589,1,Champions,1.810390745359669,0.19229538378258126,29,6,3294.91,690,549.1516666666666,119
16225,1,Champions,1.8665105515194287,0.47707200241668735,45,15,2859.31,671,190.62066666666664,189
16905,1,Champions,2.6837078566354604,-0.1755534689898558,6,17,4704.2699999999995,730,276.7217647058823,170
14798,0,Hibernating,-0.09515035240968699,0.42386669546174166,53,8,724.31,649,90.53875,30
17716,1,Champions,3.7423769939359093,0.3405047985299343,23,24,15956.97,738,664.8737500000001,334
17602,1,Champions,3.5004813795767427,-0.5640542104320043,3,14,7354.43,620,525.3164285714286,450
14643,1,Champions,0.5821512282740716,0.9008643812195803,171,5,1679.89,729,335.97799999999995,57
13591,1,Champions,1.170681105980384,0.5739111516151163,65,7,2093.94,726,299.13428571428574,89
12623,1,Champions,1.316344477600976,1.0857326617593261,277,7,3315.84,697,473.6914285714286,111
17884,1,Champions,2.5432036668952493,-0.24735350149920063,4,20,2693.47,736,134.6735,304
16099,1,Champions,0.6900872910123036,0.3720288738511878,51,7,1573.2,647,224.74285714285716,44
13064,1,Champions,1.1005706130190966,-0.23596079390926433,13,6,1666.84,592,277.8066666666667,58
12717,0,Hibernating,0.17584358987272977,0.6114168729489271,152,3,1058.91,591,352.96999999999997,59
13976,0,Hibernating,0.16857576868244747,0.8738259933044576,207,4,1192.36,669,298.09000000000003,49
14872,0,Hibernating,-0.4892433925512507,1.120302730884808,484,3,816.5999999999999,634,272.2,34
15101,1,Champions,1.0317265176666948,-0.3666126662915551,9,6,1477.94,591,246.32333333333335,52
15816,0,Hibernating,-2.3976950029950825,1.0041131431659918,543,2,144.15,543,72.075,11
18039,0,Hibernating,-0.2176414397202449,1.107078293211757,375,4,548.22,641,137.055,137
15596,1,Champions,1.2114004180146047,0.43097699838494513,101,9,2727.7200000000003,500,303.08000000000004,82
17709,0,Hibernating,-0.3831899420981929,0.7468513331270006,170,5,671.01,604,134.202,37
16675,0,Hibernating,-0.9465333816384456,0.780056909495219,442,2,608.8599999999999,479,304.42999999999995,21
14236,1,Champions,0.46017892468268223,0.2773335869276678,81,5,1555.34,506,311.068,39
15227,1,Champions,1.417561748147461,0.26662307039435296,37,9,2488.49,634,276.49888888888887,86
12777,0,Hibernating,-0.9528429926411084,0.683372729212986,458,1,519.45,458,519.45,26
13139,1,Champions,2.8418422488334065,-0.3934483491036926,17,8,8202.98,438,1025.3725,214
15598,0,Hibernating,-0.4422109487268605,-0.12094392397972037,54,2,548.02,428,274.01,32
15441,0,Hibernating,0.04696690175387907,1.165276749775827,397,3,1254.21,731,418.07,45
17685,1,Champions,2.4173001326322847,0.047879658821792404,17,12,5454.950000000001,667,454.5791666666667,124
14332,1,Champions,0.9349428722443419,-0.37763148135283586,23,5,1917.41,417,383.482,47
12450,0,Hibernating,-0.461075550207321,0.49428358746968487,157,5,688.1999999999999,475,137.64,31
15131,0,Hibernating,-2.9749948766211056,0.5236988854195351,395,1,80.27999999999999,395,80.27999999999999,7
15551,1,Champions,1.1579924360376932,0.12111289890268997,37,7,1679.81,551,239.97285714285712,117
12890,1,Champions,0.4338014624237441,-0.4827043100048309,25,2,706.02,388,353.01,124
14543,1,Champions,3.231083539126283,0.48150803603597153,29,39,14548.22,739,373.03128205128206,104
13554,1,Champions,0.6975091808938657,0.8336520809933351,381,7,1629.35,447,232.7642857142857,156
16473,0,Hibernating,-0.9130279056945032,0.2769703056355588,165,4,470.83,375,117.7075,26
16161,1,Champions,4.185333044697387,-0.454057403215798,2,43,12580.06,670,292.5595348837209,458
15456,1,Champions,1.0270601943762976,1.2068648131855875,284,10,2091.5200000000004,732,209.15200000000004,128
14903,1,Champions,1.7866059419403906,-0.7394995833017827,22,5,2795.33,279,559.066,227
17725,1,Champions,1.8089190711978411,-0.7788533128928702,17,11,3439.08,268,312.64363636363635,115
15508,0,Hibernating,0.03232901515965045,-0.03417472383758461,190,6,1000.27,236,166.71166666666667,78
17061,1,Champions,1.5464986367940363,-0.37713630940826076,74,11,5232.23,233,475.6572727272727,57
17980,0,Hibernating,-0.09519963461731293,0.310071525491138,166,4,1012.72,394,253.18,41
17819,1,Champions,1.9668373253339682,0.6546535232927464,72,12,6021.05,727,501.75416666666666,66
15334,0,Hibernating,-0.9610436953114433,-0.44842600203120614,157,3,347.87,174,115.95666666666666,66
13158,1,Champions,0.5713422784750339,0.11205193709949408,95,5,1508.18,389,301.636,70
17438,0,Hibernating,0.27389465712195254,0.9404885809446752,254,5,1422.7700000000002,642,284.55400000000003,49
16045,1,Champions,1.471460398602657,0.47761533723545385,120,8,3434.9300000000003,499,429.36625,111
17870,1,Champions,2.2872153520046834,-0.9990501850064338,3,13,2753.2899999999995,382,211.79153846153844,215
13867,2,New / Promising,0.20996321730077647,-0.8844413160146435,32,3,1005.09,219,335.03000000000003,51
16653,2,New / Promising,0.3850668070830472,-2.1729674062455357,17,2,1212.66,72,606.33,67
17193,1,Champions,0.9621918186602327,0.37524956826801603,36,9,2310.04,738,256.6711111111111,28
14211,1,Champions,2.149635760369837,0.634482630260199,54,18,4402.29,731,244.57166666666663,155
16515,1,Champions,1.8185899569312067,0.2814872838088696,53,10,3179.0600000000004,541,317.90600000000006,184
13991,2,New / Promising,0.24901626154193413,-1.4960809108197652,13,6,851.88,144,141.98,57
13697,2,New / Promising,-2.2274258842442656,-2.458125510598838,39,1,151.29999999999998,39,151.29999999999998,12
16076,1,Champions,1.4827209665462973,-1.5111812092475838,4,10,2234.73,209,223.473,71
15861,1,Champions,2.793431815012671,0.0003341772734675121,13,12,4360.9,681,363.4083333333333,451
18230,1,Champions,1.828079006013017,-0.4134617848110134,10,9,4291.06,526,476.7844444444445,42
12628,2,New / Promising,-0.09231513154654526,-2.6386993611140164,5,3,732.46,65,244.15333333333336,33
16961,0,Hibernating,-0.07587675419568782,0.4230106214898574,117,3,794.56,533,264.8533333333333,52
15187,1,Champions,2.2094353231650805,-1.6588464036345578,2,15,4762.18,213,317.4786666666667,60
17328,0,Hibernating,-2.8161586637636997,1.2048411736737599,674,1,104.7,674,104.7,6
16748,1,Champions,1.7902093876287783,0.16979400096510647,18,14,3637.33,730,259.8092857142857,55
17771,0,Hibernating,-0.42188716837084583,0.3015266387432825,57,4,386.93000000000006,590,96.73250000000002,62
15686,0,Hibernating,-3.4246173973870584,0.5763120548899143,421,1,90.0,421,90.0,1
12645,1,Champions,1.743688656666421,0.2637645854576994,34,8,3215.3,669,401.9125,110
15797,1,Champions,0.4667309949859583,0.6389024933451268,114,5,2806.08,682,561.216,11
17504,1,Champions,2.657310005137912,1.0577779688152587,207,18,9490.170000000002,670,527.2316666666668,244
15216,0,Hibernating,-0.6807637670699922,0.39865029763827464,88,2,486.0899999999999,619,243.04499999999996,24
16313,2,New / Promising,-1.1869338379121799,-2.9786762574285746,4,2,274.15000000000003,50,137.07500000000002,16
15482,1,Champions,3.101541677862579,0.1382243915123246,16,18,14377.360000000002,738,798.7422222222224,73
13783,0,Hibernating,-0.7043857576024064,1.1608106082623346,488,4,1542.09,674,385.5225,4
13357,1,Champions,1.7629595813651455,0.9307820195566398,258,5,3795.01,628,759.002,283
15956,0,Hibernating,-0.9556924809631308,1.2413023023143306,552,2,617.5999999999999,727,308.79999999999995,18
14338,0,Hibernating,-0.08863625577886845,0.547061587726777,162,3,928.1,537,309.3666666666667,43
13162,1,Champions,2.6497232570413707,0.9203874964691398,123,16,9275.490000000002,736,579.7181250000001,186
18065,1,Champions,2.9793531931705135,-0.10441128163115736,6,28,5846.629999999999,731,208.80821428571423,192
16499,1,Champions,0.9865869920933922,0.9934844371972362,361,8,2578.34,547,322.2925,104
12976,1,Champions,1.318294781319258,0.9605397869214743,212,8,3156.38,666,394.5475,106
13133,0,Hibernating,-1.9828837756735123,0.6312956597730677,274,3,200.45,460,66.81666666666666,12
15133,1,Champions,0.5465739805585799,0.4779499612903073,128,5,1806.9,521,361.38,45
13279,2,New / Promising,-2.418104933392949,-1.5616441901803193,79,1,137.75,79,137.75,9
12362,1,Champions,2.58061673583639,-1.198800420775342,4,10,4737.2300000000005,296,473.72300000000007,200
14655,1,Champions,1.9744707555120904,-0.35821288863745226,9,7,3878.51,597,554.0728571428572,72
13039,0,Hibernating,-0.2869319005742241,1.3459182328272017,585,4,1010.73,723,252.6825,37
14987,0,Hibernating,0.1008741018390273,0.0347108168796638,16,8,1550.65,738,193.83125,4
13709,1,Champions,3.3677357935109002,-0.3418675031747987,4,18,7571.35,698,420.6305555555556,296
14559,0,Hibernating,-3.4083663089372505,0.49354732765319953,391,1,75.6,391,75.6,2
13854,1,Champions,3.090023469919345,0.0029126406387033127,9,39,11944.559999999998,701,306.2707692307692,61
13870,1,Champions,2.908412918007048,-0.4959548561211043,3,15,5712.08,670,380.80533333333335,159
15081,1,Champions,1.2176710741261894,-0.016542748418971135,23,12,1854.57,536,154.5475,75
15987,1,Champions,1.316302705836833,-0.5779919571474859,13,8,1535.99,380,191.99875,143
16930,2,New / Promising,-0.8293342501412064,-1.961365848610897,27,3,378.89,69,126.29666666666668,47
12380,1,Champions,2.63701922638078,0.07515295912507255,22,8,7210.65,663,901.33125,154
15659,0,Hibernating,-0.6504442021051454,0.22198953350717276,44,3,532.49,654,177.49666666666667,14
12891,0,Hibernating,-1.1206725314523254,0.9178064321409585,186,11,840.5,660,76.4090909090909,2
15278,0,Hibernating,-0.9784469342774189,1.2722340293682883,562,4,496.16,666,124.04,29
17408,0,Hibernating,-1.6617825257425747,0.5128905255450638,164,3,316.09000000000003,515,105.36333333333334,7
13752,1,Champions,0.6640236838595629,0.541140124344357,125,7,1579.83,528,225.69,75
16500,1,Champions,0.40338779226249283,-0.5808941366590249,5,9,843.91,544,93.76777777777778,24
16249,1,Champions,0.72932761828399,-0.5545975335093704,53,5,1800.0700000000002,240,360.014,67
13006,2,New / Promising,-3.117487693455683,-1.9764831376941712,57,1,81.57,57,81.57,4
13068,2,New / Promising,-1.653174191332274,-1.0152357478047138,11,2,344.0,320,172.0,1
14199,0,Hibernating,-0.41023081137484446,0.6669032812559094,219,4,1091.6999999999998,531,272.92499999999995,15
16308,1,Champions,0.539173923107426,0.2693227934714759,38,7,5120.0,725,731.4285714285714,1
13829,0,Hibernating,-3.3213822993817943,0.5757119665310911,422,1,102.0,422,102.0,1
17291,0,Hibernating,-1.9174518188841554,0.12301322225706267,309,1,550.8000000000001,309,550.8000000000001,1
13509,1,Champions,0.5036332942039909,-0.48652004827448514,9,7,1099.72,508,157.10285714285715,26
15485,1,Champions,1.9838203646117258,0.2824593292699403,31,7,4810.92,739,687.2742857142857,80
16563,1,Champions,1.636697074198869,0.4666225666039974,54,6,4412.5599999999995,739,735.4266666666666,55
14215,1,Champions,2.1611836308942585,-0.014648781789013224,12,9,3250.3300000000004,732,361.14777777777783,167
17757,1,Champions,3.867537266348367,-0.37469641222376476,2,56,9070.1,696,161.96607142857144,361
13902,1,Champions,2.8024654662060597,1.3133000736584528,633,5,34023.259999999995,725,6804.651999999999,57
16838,0,Hibernating,0.18368611882912875,0.8521422556962269,198,4,1159.61,664,289.90250000000003,53
17880,0,Hibernating,-0.30070691148715967,1.1442414641189314,365,3,824.92,731,274.9733333333333,43
13869,1,Champions,2.8450468778545193,0.8224439769757099,124,10,7996.870000000001,692,799.6870000000001,502
16351,1,Champions,1.3974710465456834,1.2971068201842557,333,13,3330.0299999999997,736,256.1561538461538,124
15282,0,Hibernating,-1.273615799903821,0.9812217320169431,571,1,348.59,571,348.59,27
14035,1,Champions,1.479365196944226,0.1370138765894275,29,9,2794.75,613,310.52777777777777,70
16960,1,Champions,1.7397001779634806,0.32186486024846656,39,8,1988.93,648,248.61625,333
16110,1,Champions,1.5329954227027869,0.098208866607389,46,4,1781.59,523,445.3975,343
12831,0,Hibernating,-1.195631391255516,0.6047964736920273,263,3,451.11,464,150.37,16
14372,0,Hibernating,-0.41075360357890833,0.9857747444102835,444,2,860.0799999999999,600,430.04,36
15426,1,Champions,1.932027897580858,-0.003866413152155255,20,9,2156.35,587,239.59444444444443,327
14634,1,Champions,0.7374746778247849,0.9701745159512956,438,4,2124.46,542,531.115,105
13851,1,Champions,1.827102713045867,0.6638038324337718,96,8,4606.460000000001,680,575.8075000000001,111
14966,1,Champions,1.0367277316282275,0.0273799535202695,15,6,1064.26,725,177.3766666666667,125
16359,1,Champions,1.836427816746357,-0.1740435671663905,8,16,2697.7499999999995,662,168.60937499999997,78
16043,1,Champions,0.9354122787278117,0.011905546067237259,38,8,1856.59,482,232.07375,56
12585,1,Champions,0.5324353462570278,0.24797168877080916,235,2,1824.1,352,912.05,76
13014,1,Champions,2.4441144686024674,-0.5111742670281181,11,11,5381.08,433,489.1890909090909,140
13662,1,Champions,1.3239395381479109,0.662483359103736,86,11,2233.6100000000006,659,203.0554545454546,126
13227,0,Hibernating,-1.912492877898039,-0.3727288882982953,202,1,257.7,202,257.7,9
16470,1,Champions,1.837618061885858,0.5749420113089919,52,11,2416.85,729,219.71363636363637,286
14498,1,Champions,2.195442232166795,0.22028678365135126,43,10,3900.83,551,390.083,276
13340,1,Champions,3.535788146518086,0.3721029458850014,46,12,22100.56,656,1841.7133333333331,190
18085,0,Hibernating,0.09304342844041992,0.9930484386742683,331,4,1341.85,629,335.46250000000003,42
14133,0,Hibernating,-0.08622836955849911,0.7790198213634602,130,4,911.14,734,227.785,33
12828,2,New / Promising,0.5698544241397766,-2.076948648244569,3,6,1018.71,131,169.785,46
16706,2,New / Promising,-0.1970371627612683,-1.3681323056819912,38,3,531.35,115,177.11666666666667,108
16629,2,New / Promising,-0.8272302100830277,-1.3221019854035996,74,2,408.63,97,204.315,58
12626,1,Champions,2.484900707043514,-0.5030113742099229,24,9,5954.4800000000005,327,661.6088888888889,231
14141,2,New / Promising,0.21125597773345245,-2.3296866734555364,3,4,915.13,106,228.78250000000003,27
14621,1,Champions,2.315687511966613,-0.6471816249055308,2,9,3000.5699999999997,684,333.39666666666665,134
13782,1,Champions,1.732265570049149,0.08940480218778557,13,13,1786.08,734,137.39076923076922,187
14741,1,Champions,1.0084200364751819,-0.5630565062730895,12,7,1713.09,418,244.72714285714284,48
12882,2,New / Promising,-0.14868486054130656,-3.069098146877114,10,2,1463.04,34,731.52,12
15967,1,Champions,2.223662459037832,0.3041131983502307,24,12,2966.0,739,247.16666666666663,316
15586,0,Hibernating,-0.28373984442975786,1.2779916684859716,593,3,1139.1,701,379.7,30
17201,1,Champions,0.8567406139523595,0.3791398169789846,54,4,1132.6,668,283.15,153
13190,0,Hibernating,-1.0662492134715877,1.294644043974887,545,3,570.66,733,190.22,16
13150,0,Hibernating,-1.5637534537655333,1.1061028192870284,485,3,449.97,631,149.98999999999998,7
13214,1,Champions,1.440880403535049,1.1897489163179658,418,7,3264.23,647,466.31857142857143,207
18009,1,Champions,1.090887340630445,1.0014300368121656,236,8,2144.23,653,268.02875,145
17529,0,Hibernating,0.15212607406809278,1.250376715164878,611,2,1240.25,698,620.125,78
16347,1,Champions,2.289691859814626,-0.10789128269541896,12,11,3442.96,638,312.99636363636364,209
14295,1,Champions,1.2107848140952504,0.3184651431030075,41,4,2352.91,731,588.2275,65
14819,0,Hibernating,-0.3407429007443407,0.5229234119113351,65,4,456.41,719,114.1025,52
14268,0,Hibernating,-1.3877338482444501,0.7251108729676202,471,1,354.85,471,354.85,19
17348,1,Champions,2.106368885697407,-0.034664079379993835,15,9,2430.99,640,270.10999999999996,325
13642,0,Hibernating,-0.4514534021801777,0.5350389390876925,216,4,472.2000000000001,433,118.05,93
15377,0,Hibernating,-0.49481802218083026,0.6587905894407079,383,4,1211.75,416,302.9375,15
16977,0,Hibernating,-0.9690585415661215,1.0863761540427224,396,4,495.99999999999994,632,124.0,25
14899,0,Hibernating,0.4393221097933879,0.496964891811459,396,1,1331.38,396,1331.38,126
17165,1,Champions,0.6541659060558295,1.1270978563486016,285,6,1794.3200000000002,729,299.05333333333334,77
12415,1,Champions,5.644878997250614,0.01032307065680395,25,24,144033.37000000002,528,6001.390416666668,496
14307,1,Champions,2.0599009578320375,0.7484859557122899,89,10,4287.92,733,428.792,205
13753,1,Champions,0.6880662422617835,1.0777034813787845,288,4,2094.5699999999997,737,523.6424999999999,64
15038,1,Champions,0.9007899495658797,0.12116942215316637,59,9,1146.53,426,127.39222222222222,190
16230,0,Hibernating,-0.8576805766763952,-0.23583309482358517,190,2,542.03,221,271.015,32
16466,1,Champions,2.1822920909336605,0.325959217896103,34,15,3767.09,643,251.13933333333335,207
17265,0,Hibernating,-0.35748670804941823,-0.5148390787470998,139,2,550.0100000000001,181,275.00500000000005,106
17879,0,Hibernating,-2.354585841261009,-0.5611643142461468,174,1,178.51999999999998,174,178.51999999999998,6
12684,1,Champions,1.178687442853147,-1.3352328182513,8,6,2073.63,214,345.605,59
17554,1,Champions,1.2764761210451034,-2.112398061188375,2,5,1952.45,149,390.4899999999999,58
16255,1,Champions,2.536701496419941,0.12189296638639457,17,15,4530.0,685,302.0,231
17935,0,Hibernating,-0.0799440120927504,0.9032742546606528,139,7,683.24,736,97.60571428571428,59
15184,1,Champions,0.2886046221879701,0.2301076539519411,30,4,685.39,724,171.3475,72
15950,1,Champions,2.7235267581635156,0.2817436554813947,32,10,7120.91,683,712.091,225
13107,1,Champions,2.204808304810885,0.38374921358862824,45,9,5253.07,674,583.6744444444444,142
16895,1,Champions,0.7568257513833385,0.4757414805377123,65,5,1102.9,666,220.58,135
18075,1,Champions,2.5432834401960136,-0.007460452436092118,24,20,5783.290000000001,499,289.16450000000003,180
15220,1,Champions,0.959796476055147,-0.38428516338533913,52,6,1778.96,281,296.49333333333334,110
18249,2,New / Promising,-2.7422149668739313,-3.4168305565727666,18,1,95.34,18,95.34,8
17086,2,New / Promising,1.0231148462025275,-2.416843774397055,8,6,2050.08,64,341.68,76
13987,0,Hibernating,-0.5574486925603225,0.5715756162560118,380,2,682.54,401,341.27,46
16434,1,Champions,1.7187948329717753,0.31356851797843405,30,12,2673.69,692,222.8075,126
17797,1,Champions,1.7088386642599376,0.21796341267371042,23,8,1971.87,725,246.48375,222
16681,1,Champions,0.5150549196560343,0.4832333729744161,73,7,1921.8399999999997,642,274.5485714285714,22
16077,0,Hibernating,-0.14829906249344638,1.0227504931062008,626,1,2300.4,626,2300.4,8
16092,1,Champions,0.6069648429599899,0.5683235016664734,115,6,1587.94,580,264.6566666666667,60
14513,0,Hibernating,-0.47509036780962993,0.4960101785352299,101,6,788.0100000000001,569,131.335,15
12694,1,Champions,0.7027305975932293,0.0028160919810848316,71,3,1663.35,422,554.45,68
16620,1,Champions,1.5297773265434835,-0.43045137670485356,4,6,1758.93,739,293.15500000000003,78
17492,0,Hibernating,-0.1435361538600916,0.671069367179017,249,3,1122.42,519,374.14,32
14782,0,Hibernating,-2.2689251451856016,0.22206314747319866,320,1,200.1,320,200.1,6
14887,2,New / Promising,-0.39261177743538206,-1.6292836742740286,80,1,1862.0,80,1862.0,6
15514,1,Champions,2.7958568391890193,0.10034414467231978,13,18,6388.280000000001,736,354.9044444444445,170
17484,0,Hibernating,-1.9857235789970806,1.148558135255004,577,2,209.57,625,104.785,14
12482,1,Champions,2.4908022111690933,1.4343119130513158,577,27,21941.72,654,812.6562962962963,41
12731,1,Champions,3.7064799461068514,0.1561963838776126,24,17,25631.71,648,1507.7476470588235,136
13620,0,Hibernating,-2.8147617258929767,0.8862637231763569,529,1,112.34,529,112.34,5
15486,0,Hibernating,-3.324691433142792,0.8656530533548958,528,1,102.0,528,102.0,1
17021,0,Hibernating,-0.13474556260173534,1.1034297530331714,443,6,1182.22,590,197.03666666666663,35
12494,1,Champions,1.169227230715889,-0.11829300316608382,16,9,1563.27,577,173.69666666666666,82
18149,1,Champions,0.7549473804434632,0.36067206254520945,51,7,1553.96,636,221.99428571428572,54
17371,1,Champions,0.6206369144102052,0.11847600338965111,18,6,651.3700000000001,732,108.56166666666668,134
17978,0,Hibernating,0.13038778861909064,1.1811028734878595,366,4,1159.99,732,289.9975,62
14064,1,Champions,1.9243292425595635,0.3357641331619428,30,15,3260.24,688,217.34933333333336,131
17905,1,Champions,1.36969109897015,0.6495650745583673,72,13,2168.37,681,166.7976923076923,128
13659,1,Champions,2.019891976085568,1.0022114372690718,206,12,4884.68,661,407.0566666666667,224
12844,1,Champions,0.28012407683492824,0.05599660230435661,30,4,648.6,594,162.15,88
14843,0,Hibernating,-2.0867083803125874,0.6301593474781709,437,1,211.8,437,211.8,9
14885,0,Hibernating,0.15790398186586208,0.31270306066322595,132,3,1598.12,466,532.7066666666666,24
16153,1,Champions,2.1964044433456054,0.2925336392932606,50,11,5133.49,563,466.6809090909091,161
16933,1,Champions,2.5365583784414163,-0.5790457158512419,2,9,3099.3,731,344.3666666666667,213
17026,0,Hibernating,-2.400290904576972,0.38033543826226224,186,3,175.82999999999998,418,58.60999999999999,4
13745,0,Hibernating,-0.2018625501817493,0.5219933101366103,163,2,777.36,547,388.68,46
12855,0,Hibernating,-0.5072060391600816,0.6668876701056274,373,4,612.84,403,153.21,65
14305,1,Champions,0.6959556712039567,-1.0127652043500261,72,3,1858.96,136,619.6533333333333,96
14506,1,Champions,2.0954031333460623,-0.0728700284371991,18,7,2960.25,600,422.8928571428572,251
13287,0,Hibernating,-0.436963949592726,1.3093275408950242,604,3,781.5899999999999,705,260.53,46
15715,0,Hibernating,-0.6957478041518054,1.2273968036352776,556,5,658.02,620,131.60399999999998,33
16864,0,Hibernating,-1.3063411638394373,0.984447680676991,435,2,409.25,599,204.625,17
16121,1,Champions,1.2250232641581467,0.288777153246242,58,5,1450.0400000000002,566,290.00800000000004,256
14491,0,Hibernating,-1.3572744125383531,0.2104924228731517,176,2,340.93,373,170.465,17
16871,1,Champions,1.5746392700086744,-0.7347934237428988,23,6,2812.34,271,468.72333333333336,131
16402,0,Hibernating,-1.1279284354995924,0.3873860300113118,265,2,293.45,370,146.725,55
14256,1,Champions,1.015432181911115,1.0202389106700296,261,5,2460.79,695,492.158,100
13516,1,Champions,0.8865074274015219,-0.4153926030819196,22,4,1685.2599999999998,418,421.31499999999994,55
16906,1,Champions,1.0160868269270376,0.47782056915196947,82,7,1410.0700000000002,576,201.43857142857144,179
13933,2,New / Promising,-0.847065825312837,-0.8121612397227412,110,2,608.7900000000001,149,304.39500000000004,23
12507,1,Champions,0.39694026874694943,0.5786930445679159,135,4,1508.06,585,377.015,45
16603,2,New / Promising,-0.907270814604759,-1.3794005131975724,75,2,482.47,92,241.235,34
15757,1,Champions,1.6130273345867083,0.30442170193149165,66,6,2940.3600000000006,548,490.0600000000001,162
14179,2,New / Promising,-0.04559962091479201,-2.08854110800274,41,2,701.5699999999999,53,350.78499999999997,135
16233,1,Champions,0.8279376206095761,0.6564678323516174,72,9,1818.31,738,202.03444444444443,49
18074,0,Hibernating,-0.2560777034294184,0.7603212396844282,374,2,1019.44,506,509.72,37
13475,1,Champions,0.2762005990700374,0.11447251721601798,192,4,1431.78,299,357.945,64
13147,2,New / Promising,-1.2816842905499073,-1.9987621193157048,11,4,712.8000000000001,100,178.20000000000002,1
15913,0,Hibernating,-5.531571599714669,0.9610966757869404,535,1,6.300000000000001,535,6.300000000000001,1
15894,0,Hibernating,-1.4107737523922141,0.36582881123634947,254,2,257.6,370,128.8,34
17995,0,Hibernating,-0.960170009601159,0.4771124457922854,282,3,495.48,388,165.16,28
13590,1,Champions,2.964058118430873,0.08322161017359252,12,18,6336.04,739,352.0022222222222,255
14055,0,Hibernating,0.3722417722942588,0.6387850098419905,107,3,1520.96,724,506.9866666666667,33
14727,0,Hibernating,-0.7904399358714089,0.788347700811199,275,3,461.03,547,153.67666666666665,42
12784,1,Champions,1.2108061676922353,-0.3880368410655208,16,2,1511.15,530,755.575,120
13024,0,Hibernating,-0.9159482681020716,0.989424875360555,471,2,555.87,583,277.935,26
16952,0,Hibernating,0.16769892346611928,0.758233685976791,110,5,795.83,729,159.166,76
17635,0,Hibernating,0.10688396171367243,1.0039578184169557,425,3,1265.58,591,421.86,60
14418,2,New / Promising,1.3382107693637961,-2.250816933588915,4,3,1937.25,109,645.75,114
15417,2,New / Promising,-0.9174859531997223,-1.4710811519539453,86,1,508.7999999999999,86,508.7999999999999,28
13507,1,Champions,1.7059268612098963,-1.9522372420111098,4,4,2479.1600000000003,146,619.7900000000001,146
16302,2,New / Promising,-1.917150140542021,-0.964261082103291,127,1,233.22000000000003,127,233.22000000000003,11
12733,1,Champions,1.0707532687993422,0.94620367244222,235,4,2424.02,690,606.005,116
14575,0,Hibernating,-0.7460892957698575,0.7931225364636619,489,1,420.22,489,420.22,71
15247,0,Hibernating,-0.4349930688432782,0.41922783299632005,123,3,976.06,538,325.3533333333333,13
17483,0,Hibernating,-0.5506393004597941,0.007694030040244598,66,4,591.73,415,147.9325,23
13720,0,Hibernating,-0.2945606178395438,-0.21135369700055168,117,4,799.9,255,199.975,42
12715,2,New / Promising,-1.6136825218688102,-1.178375522640763,107,1,263.36,107,263.36,19
16081,1,Champions,2.168444278294264,0.4739086916143235,57,8,4278.96,675,534.87,235
13954,2,New / Promising,-0.4614762533562301,-2.870215140792692,2,2,439.92,71,219.96,24
14139,1,Champions,0.36159529498345344,0.11773264257279513,47,4,1086.8,543,271.7,48
15255,1,Champions,1.8331329455038474,0.6261450271332171,67,9,3706.02,737,411.78,137
15283,0,Hibernating,-2.386633931907273,0.8819565227169863,391,3,148.32999999999998,519,49.44333333333333,9
15732,1,Champions,0.47963747779251026,1.013020557745854,213,10,1543.97,674,154.397,53
15884,0,Hibernating,-1.761565712429284,1.1823400699968976,433,2,244.6,737,122.3,14
13010,0,Hibernating,-1.62891237427594,0.9965937284216079,375,2,330.12,649,165.06,10
17746,0,Hibernating,-0.2757505934919095,0.8505395524014155,241,4,904.18,611,226.045,32
13648,1,Champions,0.6676300180708425,1.3163728411600895,401,8,1759.07,739,219.88375,94
16461,1,Champions,0.9857020162156969,0.7684882653154936,178,3,1539.8300000000002,647,513.2766666666668,222
17199,0,Hibernating,-2.5052245093339516,1.0144066512549268,583,1,135.04,583,135.04,8
17016,0,Hibernating,-0.7320594137891754,0.9888955120843301,577,1,552.4,577,552.4,41
15559,0,Hibernating,0.007506908825399479,0.9579459711646113,569,1,1109.4,569,1109.4,62
17694,1,Champions,0.5387470228327222,0.5256007790463761,142,3,1695.9699999999998,563,565.3233333333333,54
18194,1,Champions,1.147028766082737,0.5423924093823989,83,6,4162.04,681,693.6733333333333,23
12529,0,Hibernating,-1.4472473197920268,0.8805852758115709,529,1,316.48,529,316.48,21
17714,0,Hibernating,0.3020401581330695,0.8360830089922208,321,5,1410.1799999999998,514,282.03599999999994,69
12915,0,Hibernating,0.022935102259928185,0.6376971582976093,149,4,975.1,590,243.775,46
18182,0,Hibernating,-1.786116301113216,0.7001566719520642,464,1,291.13,464,291.13,10
14623,1,Champions,1.577970025202699,0.2145574760184274,33,10,2012.2999999999995,603,201.22999999999996,192
17149,0,Hibernating,-2.5518906613796593,0.6785507759599201,452,1,143.1,452,143.1,6
13410,1,Champions,0.955027556151225,0.2302121600893275,25,9,2201.96,732,244.66222222222223,25
14663,0,Hibernating,-0.7426938736762987,0.7004357556234447,431,2,490.6,431,245.3,60
15245,1,Champions,1.5595928635234475,0.667183283707476,135,8,4610.84,596,576.355,72
13921,0,Hibernating,-0.48602716290242143,1.2093245658874752,403,4,730.7,722,182.675,36
13665,1,Champions,0.5323373747496964,0.8252399598237872,387,3,1711.66,505,570.5533333333333,97
16411,1,Champions,0.6041604076047551,-0.38607067324872874,20,4,756.3899999999999,429,189.09749999999997,139
14926,0,Hibernating,-2.087503350462945,0.9037141799493015,382,2,359.4,599,179.7,2
15989,0,Hibernating,-0.7258491447389096,1.1493752550875995,376,2,368.30999999999995,738,184.15499999999997,81
16658,0,Hibernating,-0.4349544654209763,1.074600372897788,369,5,680.8299999999999,620,136.166,48
12793,0,Hibernating,-0.5887344409553981,0.5669024497589117,335,3,745.53,402,248.51,33
13584,0,Hibernating,-0.7015149767047073,1.0388229366399906,307,3,385.7,676,128.56666666666666,74
15407,1,Champions,0.7022199464612163,-0.5030140280522436,34,4,1046.74,306,261.685,142
15951,1,Champions,0.5339234786298148,-0.8472392010312951,9,3,1013.1699999999998,382,337.7233333333333,44
14616,0,Hibernating,-1.56101578227304,0.762246735803394,243,5,527.78,549,105.556,3
16149,2,New / Promising,-0.20368456402334642,-0.9196582913316801,5,3,422.22,430,140.74,30
15899,0,Hibernating,-3.4502267736466634,0.43704381667820136,369,1,56.25,369,56.25,4
15713,0,Hibernating,-0.03603319549071474,0.8153744308339891,144,4,839.6399999999999,724,209.90999999999997,48
12436,2,New / Promising,-1.2944783752727045,-1.2839360063597283,100,1,429.01,100,429.01,15
16808,0,Hibernating,-1.3567544909097433,-0.27456996745856815,100,2,288.41999999999996,275,144.20999999999998,21
18222,2,New / Promising,-1.1793433295821594,-1.3737491702307818,93,1,443.0,93,443.0,19
18066,1,Champions,0.3317352376117687,0.008748650041072217,76,3,1440.4,416,480.13333333333327,37
13344,1,Champions,1.1738947877439427,-0.3940081278707777,68,3,2511.69,278,837.23,115
16747,2,New / Promising,-0.36503827147116835,-1.9257438363009118,38,2,836.06,68,418.03,34
14178,1,Champions,1.36369889310555,-1.3841083316038885,9,7,1580.2600000000002,183,225.7514285714286,190
16877,1,Champions,0.577030210802393,-1.146863569372192,13,6,846.6200000000001,209,141.10333333333335,111
13066,2,New / Promising,-0.7664577656476058,-2.702713491270362,25,2,470.8,33,235.4,48
14251,2,New / Promising,1.23761197949132,-2.9799311284538383,2,5,2879.7,58,575.9399999999999,37
16157,2,New / Promising,-0.7638688289133865,-2.145668789843008,16,3,656.69,73,218.89666666666668,12
17476,0,Hibernating,-0.8939876208499383,1.141834797936688,396,2,489.86,738,244.93,29
14471,0,Hibernating,-1.0467318320677745,1.3023297075267182,592,2,400.95,733,200.475,38
14892,0,Hibernating,-1.9995883412972715,1.2309577034847328,691,1,202.35,691,202.35,13
17577,0,Hibernating,-1.4425885603262074,1.2455501617341422,646,2,348.75,669,174.375,20
16756,1,Champions,0.37025751456666994,0.9286912904662575,215,7,1312.37,641,187.48142857142855,64
16934,1,Champions,1.2994699547382962,0.35537058057368254,55,6,2083.1400000000003,622,347.19000000000005,128
17608,1,Champions,0.1854949737442546,0.14051565014491935,34,4,488.06,608,122.015,134
12588,0,Hibernating,-0.11477332426002443,0.10972274231698831,40,3,718.78,598,239.59333333333333,30
13541,0,Hibernating,-0.9635774964165251,0.9061381182368917,428,2,785.25,571,392.625,10
17282,1,Champions,1.2656981337522548,0.5519825831653616,131,5,2308.54,549,461.708,168
14581,0,Hibernating,-0.15666861045748265,-0.3154405721021592,17,2,409.65,545,204.825,59
17853,0,Hibernating,0.48388545253108645,1.1878906863965923,408,3,1596.29,737,532.0966666666667,84
12419,0,Hibernating,-1.2972814866130433,0.6093011632411598,386,2,391.01,414,195.505,22
16392,0,Hibernating,0.04720067310483253,0.8116706277879386,270,3,755.4499999999999,562,251.81666666666663,124
14206,0,Hibernating,0.11141481715608369,0.4382933415351121,240,3,1185.0099999999998,403,395.0033333333333,62
14597,1,Champions,1.3998280188688206,-0.5400370767290261,12,6,2184.63,438,364.105,79
16138,0,Hibernating,-0.3487855116807287,0.959238277183572,379,3,910.35,591,303.45000000000005,35
16431,0,Hibernating,-0.5344591753632527,0.13582185174858463,214,3,623.28,298,207.76,51
16305,2,New / Promising,-1.300227982107246,-0.848550443379601,139,1,361.22,139,361.22,22
15042,0,Hibernating,-1.584401356034425,0.6757364319532889,200,2,315.45000000000005,596,157.72500000000002,9
16820,2,New / Promising,-0.9655818890563245,-1.330715498441987,96,1,497.61000000000007,96,497.61000000000007,26
15026,1,Champions,0.49698093446361674,0.19987186485131986,81,5,1044.09,449,208.818,108
14067,2,New / Promising,-0.9173956628224488,-1.3775142912075433,64,2,374.7000000000001,97,187.35,51
13169,0,Hibernating,-0.333350098480773,0.2178303945876536,64,3,840.0799999999999,563,280.02666666666664,16
14071,1,Champions,1.652084507498345,-1.2897295198123964,4,8,1422.75,265,177.84375,270
14528,2,New / Promising,-1.3492530058897658,-2.5096069677553747,38,1,364.22,38,364.22,18
14666,2,New / Promising,-2.0483274640068228,-3.0203683500426997,25,1,179.95,25,179.95,13
14940,0,Hibernating,-0.8017624133437835,1.157259443740419,418,2,531.49,734,265.745,32
13388,1,Champions,0.3596941857859662,0.5761089057472073,132,3,1185.65,604,395.21666666666664,68
17753,0,Hibernating,-0.8459858669801431,1.269978196910038,465,4,382.06,703,95.515,63
14163,1,Champions,0.878507842638631,0.21491113961722771,88,5,2594.62,463,518.924,42
15364,0,Hibernating,-0.283955709025538,-0.3865950673664571,96,2,913.19,255,456.595,29
16738,0,Hibernating,-5.88120013852341,0.21701123389047122,298,1,3.75,298,3.75,1
14072,0,Hibernating,-1.312529798488361,1.1725779212739793,667,1,390.85,667,390.85,19
16784,1,Champions,0.8256735743442949,-0.024119108486854578,20,5,892.3299999999999,622,178.46599999999998,138
13617,1,Champions,0.5559204412915268,0.07467761914675228,41,8,1278.75,496,159.84375,48
16662,0,Hibernating,-1.9485319844729434,0.5297598624829168,395,1,151.04999999999998,395,151.04999999999998,28
16973,0,Hibernating,-2.6483732097394106,0.4812336458607712,387,1,127.0,387,127.0,6
17820,0,Hibernating,-1.6737280732047377,0.46344717731678353,375,1,180.61,375,180.61,39
15835,1,Champions,0.15390089520533715,-0.34394769820844645,45,4,954.09,331,238.5225,47
12510,1,Champions,1.3258190467859923,0.878802797234025,143,7,3039.0299999999997,736,434.1471428571428,92
16403,0,Hibernating,-2.1909955994440162,0.20564440743486573,313,1,177.5,313,177.5,10
14620,0,Hibernating,-1.1293103033148506,0.026514063394968933,206,2,412.78,284,206.39,26
16394,1,Champions,0.5943498483052716,-0.3530554567880868,57,5,1555.34,290,311.06800000000004,61
13741,0,Hibernating,-0.45872755841437635,-0.5759504464061872,72,3,668.4300000000001,218,222.81000000000003,34
13354,2,New / Promising,-0.3704712469113775,-1.6986263275067734,72,1,743.53,72,743.53,51
16179,2,New / Promising,-1.970740647949599,-1.9018768284260281,61,1,215.83,61,215.83,11
18167,2,New / Promising,0.10373430663819294,-1.6704573758760417,24,3,1384.86,106,461.62000000000006,24
15721,2,New / Promising,-0.5506560336132637,-3.9139798397551417,12,1,471.4,12,471.4,80
14478,0,Hibernating,0.1830503916439888,1.2035584248363447,383,4,1276.66,739,319.165,59
16541,0,Hibernating,-0.9847068683437888,1.3103887533412983,736,1,424.0299999999999,736,424.0299999999999,38
13204,0,Hibernating,-0.14330900131626856,1.2865484634172095,732,1,966.66,732,966.66,57
16901,0,Hibernating,-1.7815411040266746,1.3120708966518766,730,1,204.26,730,204.26,23
16534,0,Hibernating,-0.6661325548161169,1.122505494252832,643,1,635.9,643,635.9,36
14427,1,Champions,0.4581591999158832,0.27995606299120984,51,4,1263.52,632,315.88,43
13220,1,Champions,0.4286761032410635,0.39279284411473214,79,5,1336.09,576,267.218,46
12525,0,Hibernating,-0.24170487754833045,1.1585924774648293,499,3,883.73,648,294.57666666666665,55
18206,0,Hibernating,-1.490044755959689,0.938695883472565,554,1,314.65999999999997,554,314.65999999999997,19
17376,0,Hibernating,-0.5206467807135212,0.26376679529206715,71,4,453.64,523,113.41,41
16075,0,Hibernating,-0.5291427076976674,0.9865781031627755,503,2,736.9300000000001,565,368.465,41
12907,0,Hibernating,-1.0309034832143864,0.7742343000578695,396,2,508.91,495,254.455,23
16799,0,Hibernating,-0.6839492960193524,0.7573660500484234,433,2,452.78,454,226.39,81
15469,0,Hibernating,0.023143613552867683,-0.07963766127079323,51,3,874.25,439,291.4166666666667,38
18004,0,Hibernating,-1.8598448229614393,0.42166821916153036,363,1,157.91999999999996,363,157.91999999999996,32
14242,0,Hibernating,-1.7076339644995708,0.20107844926735377,235,2,280.54999999999995,326,140.27499999999998,13
13466,0,Hibernating,0.05652046888051014,0.809438223465789,185,5,1013.35,629,202.67,49
17779,2,New / Promising,-0.01995476160102098,-1.3837355990262667,22,3,650.32,144,216.77333333333337,73
16730,0,Hibernating,0.07674932729686064,-0.33391297018196814,53,3,743.11,320,247.70333333333335,75
18122,1,Champions,1.5046865762441777,-1.5786260376015726,9,6,1791.84,151,298.64000000000004,238
17253,2,New / Promising,-1.9326842189602451,-3.3544361048624425,19,1,178.26,19,178.26,18
17495,1,Champions,0.3161121780490345,-0.8630587107390084,8,3,806.72,391,268.9066666666667,38
12716,2,New / Promising,0.5498086028315182,-2.107262337936222,4,2,963.49,134,481.74500000000006,59
16528,2,New / Promising,-1.6714818312815674,-5.162243535746992,4,1,244.41000000000005,4,244.41000000000005,17
17531,0,Hibernating,0.25075224496869836,0.7345840762706729,191,3,1266.82,619,422.2733333333333,54
16493,1,Champions,1.0541030876313524,0.512806867521029,80,7,2132.09,624,304.5842857142857,77
13947,2,New / Promising,-2.961701893961422,-1.7890386746772726,66,1,90.6,66,90.6,5
16451,0,Hibernating,0.3149858699631909,0.6020571664997685,88,3,1013.15,736,337.7166666666667,61
18146,0,Hibernating,-2.2329328068164354,-0.3362037416519924,141,2,160.35000000000002,221,80.17500000000001,10
14986,0,Hibernating,-0.36120238902008833,1.0716542846076977,377,2,563.1,685,281.55,87
16538,0,Hibernating,-1.1185732909162829,1.1299490958720058,542,3,395.07,596,131.69,35
13605,0,Hibernating,-0.6797047479315562,0.9110478522188848,388,2,522.67,572,261.335,50
12862,0,Hibernating,0.1328407475780846,0.8156329963523649,426,2,984.62,496,492.31,119
13687,1,Champions,1.864299976796653,0.5460882999086627,439,1,11880.84,439,11880.84,45
17992,0,Hibernating,-1.3076366428222082,0.5085100490821709,390,1,252.88,390,252.88,49
18161,1,Champions,1.0266694857567724,-0.5651222826781971,16,6,1803.1,380,300.51666666666665,57
15528,0,Hibernating,-1.6238197832033214,-0.04953200791441611,255,1,229.33,255,229.33,26
14937,2,New / Promising,0.2145240229066787,-1.1518299293356515,57,3,1621.88,131,540.6266666666667,33
16283,1,Champions,2.8280188441875818,-0.3722398740727938,6,8,4348.62,650,543.5775,384
15937,2,New / Promising,-2.4581794588937913,-1.8169178078861727,65,1,145.35,65,145.35,7
14752,2,New / Promising,-1.7466490500263447,-2.348083974655453,44,1,389.64,44,389.64,5
13336,2,New / Promising,-0.3157848482028927,-1.5981942837479848,78,1,795.12,78,795.12,51
18162,0,Hibernating,-1.0299650252963022,1.3121616206589182,733,1,371.51,733,371.51,45
14991,0,Hibernating,-1.4489884452226005,0.6156626841856997,431,1,314.66999999999996,431,314.66999999999996,21
17688,0,Hibernating,-1.5131065066304872,0.49874285825023756,394,1,304.20000000000005,394,304.20000000000005,19
16367,1,Champions,1.0548840303817244,-0.29447977185041907,38,3,1350.48,384,450.16,196
14386,0,Hibernating,-2.49746367135091,0.13823212365080864,297,1,142.4,297,142.4,7
13519,0,Hibernating,-1.101959494127815,0.05991668748971346,79,2,343.21000000000004,443,171.60500000000002,19
13536,1,Champions,1.8116766954021553,-2.679725611886034,2,7,3444.3900000000003,76,492.0557142857143,91
15597,0,Hibernating,-0.2381367607762886,-0.0047237866805090074,36,2,563.3700000000001,576,281.68500000000006,35
14765,2,New / Promising,-1.0735499296828517,-1.066348016369711,30,3,254.11,177,84.70333333333333,38
18012,0,Hibernating,-2.4661128663598384,1.3079109072254216,724,1,115.3,724,115.3,13
14778,0,Hibernating,-0.43224033468184797,-0.09253937541320313,128,2,730.8600000000001,309,365.43000000000006,34
13237,0,Hibernating,-0.8029488914281341,0.4610430964758824,388,1,642.9999999999999,388,642.9999999999999,24
14406,2,New / Promising,-2.358490493584527,-1.0309722833089285,120,1,156.75,120,156.75,8
13109,1,Champions,0.40669628399285446,0.18989494269534946,60,3,1134.03,552,378.01,57
15511,2,New / Promising,0.47281429081463994,-2.002050213686553,12,5,900.53,86,180.106,117
12842,1,Champions,0.7833721903466834,0.5354665004124438,71,4,1917.99,738,479.4975,45
17724,2,New / Promising,-0.14552688500953959,-0.9931592681481304,72,3,1033.0,139,344.3333333333333,38
15162,0,Hibernating,-1.667512045355765,1.2913142281754466,732,1,312.9,732,312.9,12
17496,0,Hibernating,0.23495827934517852,1.1181684824544085,359,4,1412.89,695,353.22249999999997,54
14324,0,Hibernating,-0.48358361148381446,1.0953650750394526,410,2,701.61,694,350.805,41
15682,0,Hibernating,-1.4131136162951334,1.2490947641260903,600,2,318.24,688,159.12,25
13444,0,Hibernating,-0.5484532550420381,0.7838575210346157,375,2,619.08,507,309.54,51
14569,1,Champions,0.3250227252977493,-0.8525142489625162,2,4,597.3299999999999,604,149.33249999999998,31
15197,1,Champions,1.1695624887940985,-0.115659414203553,11,6,1877.51,729,312.91833333333335,44
17104,0,Hibernating,-1.1453515348003507,0.5805544348076124,424,1,474.03,424,474.03,19
15936,0,Hibernating,-1.6562088797839765,0.7180952944303551,380,2,282.79,468,141.395,16
17814,1,Champions,0.5132843414813271,0.60731276665238,376,2,1609.37,423,804.6850000000001,112
16997,0,Hibernating,-1.2157474568101454,0.29402931436367685,289,3,702.0,326,234.0,7
17972,0,Hibernating,-2.007028896178951,-0.0989015065337152,242,1,135.19,242,135.19,30
15891,0,Hibernating,-0.646500256606895,-0.2080116090438831,227,1,509.13,227,509.13,59
14647,0,Hibernating,-0.6490765697981581,0.5768092066157771,202,2,506.04,524,253.02,42
15292,0,Hibernating,-1.858908316371192,-0.34437381435027653,202,1,178.39,202,178.39,24
17215,0,Hibernating,-2.1233129894903464,0.7177942114621559,465,1,186.15000000000003,465,186.15000000000003,11
15472,2,New / Promising,-0.8006914494650845,-1.0813470256898097,114,1,371.55999999999995,114,371.55999999999995,76
17453,2,New / Promising,-0.8860089172951718,-2.240009985587645,18,2,486.72,65,243.36,19
15853,2,New / Promising,-2.161856718447929,-2.0681077267825647,52,1,110.8,52,110.8,29
14923,2,New / Promising,-0.4158537918750234,-2.141437659031275,51,1,749.1,51,749.1,44
13918,2,New / Promising,0.10483647732979769,-0.6474526290012245,50,2,1212.84,254,606.4200000000001,30
16639,1,Champions,0.9587962090752242,-0.2877637227153584,32,4,1747.98,410,436.995,76
13603,2,New / Promising,-1.853209990747359,-2.9083610278172602,27,1,164.34000000000003,27,164.34000000000003,27
17385,2,New / Promising,-1.3088601212099868,-3.638838076599792,15,1,256.11,15,256.11,42
16917,0,Hibernating,0.42681613296794213,0.8332187246811489,277,2,1851.88,633,925.94,45
17583,0,Hibernating,-2.5452204370311513,0.9621698821768725,561,1,135.95,561,135.95,7
18264,0,Hibernating,-0.7062604698535271,0.7959066218676638,499,1,603.25,499,603.25,36
12765,0,Hibernating,0.0675493428882313,1.2085289449961447,473,6,1299.58,642,216.59666666666664,48
17624,1,Champions,1.2111248578704026,-0.05158877640440157,15,4,1568.63,720,392.1575,91
17249,0,Hibernating,-2.6218395326111956,0.6592812455751064,429,1,68.02999999999999,429,68.02999999999999,27
17355,0,Hibernating,-1.456305099950241,0.4858206503285395,387,1,273.31,387,273.31,28
17223,0,Hibernating,-0.6453866828453195,0.49944874584677396,311,3,523.04,376,174.34666666666666,61
16589,0,Hibernating,-0.3239916784876571,0.12514184554426472,72,4,612.36,451,153.09,39
14349,2,New / Promising,-1.9604912397230367,-3.9983018219091497,11,1,133.5,11,133.5,31
16437,0,Hibernating,-1.5997431794175012,0.6426078481525554,382,2,301.25,430,150.625,17
16132,0,Hibernating,-1.0147588096372804,1.0969095055671418,545,2,664.1999999999999,628,332.09999999999997,14
16970,0,Hibernating,-3.4623534662910753,1.1062776140897836,627,1,71.4,627,71.4,2
17643,0,Hibernating,-1.0352284422117466,0.7812253448941713,374,2,439.7000000000001,506,219.85,30
13747,0,Hibernating,-2.5738225575404,0.6160933665662511,374,2,169.79999999999998,425,84.89999999999999,4
14993,0,Hibernating,-3.5460577941856046,1.0119965660341226,564,1,36.129999999999995,564,36.129999999999995,9
17822,1,Champions,0.916912669080244,1.0227359602238695,421,5,2154.08,561,430.816,151
15248,1,Champions,0.6379614262080969,0.899948065397397,412,3,1893.93,535,631.3100000000001,103
13922,0,Hibernating,-0.48099960329097813,0.7176920544987656,352,3,865.2,468,288.40000000000003,30
18068,0,Hibernating,-3.318278821279998,0.09080612012730956,290,1,101.7,290,101.7,1
12367,2,New / Promising,-2.2669606406817375,-4.921048088653374,5,1,150.9,5,150.9,10
16974,0,Hibernating,-1.8824995230316075,0.9851459018723341,523,2,365.5,565,182.75,5
17752,0,Hibernating,-3.512797040815055,0.37709206817433205,360,1,80.64,360,80.64,1
17425,2,New / Promising,-0.2512040432749425,-2.2564305881482625,20,2,759.1700000000002,61,379.5850000000001,42
17012,0,Hibernating,-1.1616004782773666,1.2953936294648298,726,1,360.61,726,360.61,34
13161,0,Hibernating,-0.940012217847868,0.7024495103824892,314,2,472.13,501,236.065,30
16343,1,Champions,0.0811286729333363,-0.5408422867513811,17,3,614.1200000000001,408,204.7066666666667,54
13359,0,Hibernating,0.13940974580248966,-0.11572637866659763,64,2,943.31,404,471.655,51
15583,0,Hibernating,-2.2170923794012056,0.48793363807662304,377,1,95.96,377,95.96,37
13284,0,Hibernating,-1.993489160120953,0.2788371692382454,331,1,201.19,331,201.19,13
13744,0,Hibernating,0.12165799605700696,-0.2542507274287286,96,2,1080.52,293,540.26,54
13390,2,New / Promising,-1.144868570525641,-1.6622481727529295,75,1,544.08,75,544.08,13
15612,2,New / Promising,-2.3478760129010747,-2.0129027082918696,37,2,195.15,62,97.575,4
12795,2,New / Promising,-1.5705075892805562,-3.3773881399732333,19,1,318.47999999999996,19,318.47999999999996,13
13156,1,Champions,0.5171448150075288,1.091703218644691,386,3,1586.5400000000002,677,528.8466666666667,94
17207,0,Hibernating,-1.1591028135045325,1.1730813075955044,653,1,291.77,653,291.77,54
14726,0,Hibernating,-2.4037854437582227,1.1804845541379898,655,1,116.5,655,116.5,15
12768,0,Hibernating,-2.238584529398463,0.6794813973132157,451,1,168.69,451,168.69,10
17558,0,Hibernating,-1.5006921548409102,0.5105720071668869,394,1,259.17,394,259.17,28
16274,0,Hibernating,-0.9853112564744243,0.4510585958181252,374,1,331.55,374,331.55,63
15104,0,Hibernating,-0.03392987392785619,-0.002458171059132591,197,2,993.54,283,496.77,66
17111,0,Hibernating,-0.44274645744801594,-0.1589174331521087,48,2,459.58,426,229.79,44
12374,1,Champions,1.4318147687746154,-0.08701714780048724,26,3,2669.2200000000003,589,889.7400000000001,78
18015,2,New / Promising,-1.8876798627183422,-4.886565161692243,5,1,120.03,5,120.03,46
15689,0,Hibernating,-0.76445825219348,0.5616514829101086,120,3,521.03,618,173.67666666666665,20
17781,0,Hibernating,-2.035169509802167,-0.16300584086084563,160,2,188.02,254,94.01,12
18184,2,New / Promising,-3.863105454234687,-3.5708339005097605,16,1,49.8,16,49.8,1
15499,0,Hibernating,-1.7812204397296432,1.3190620105559305,724,1,158.65,724,158.65,40
13789,0,Hibernating,-1.7317694539168276,0.4883068838715607,389,1,239.46,389,239.46,18
16425,0,Hibernating,-1.4760167412209397,0.1611847916682056,303,1,302.7,303,302.7,21
14371,0,Hibernating,-2.969571318623228,0.13512753871516944,296,1,100.5,296,100.5,4
12473,1,Champions,1.2434003964504547,-0.814213640395757,54,3,2585.73,192,861.91,138
16268,2,New / Promising,-0.6440474555924343,-1.617475627816591,72,2,617.6500000000001,72,308.82500000000005,44
13846,1,Champions,0.7890623605188651,-0.3929266824190707,25,4,1307.79,400,326.9475,81
12825,0,Hibernating,-1.0748212933382322,1.1139227313011089,522,2,518.6299999999999,642,259.31499999999994,20
12692,0,Hibernating,-2.4960256135631305,1.1453218335027204,638,1,110.95,638,110.95,13
13942,0,Hibernating,-2.3772078067068385,0.8490288279261499,535,1,320.0,535,320.0,1
16100,0,Hibernating,-0.7236442143120796,0.700557550614981,463,1,582.6400000000001,463,582.6400000000001,37
14635,0,Hibernating,-1.8899319495922309,0.688041923468803,454,1,215.22000000000003,454,215.22000000000003,15
17551,0,Hibernating,-1.2790939333062206,0.39666189952613556,360,1,290.34,360,290.34,39
14357,2,New / Promising,-1.4595615631202143,-2.2956346779986085,44,1,225.12,44,225.12,39
12812,2,New / Promising,-1.8021942892245255,-2.2852341644735112,45,1,229.64,45,229.64,15
13956,1,Champions,0.9634762181566351,-1.2061759490079738,6,5,1019.27,272,203.854,123
16598,0,Hibernating,-2.3569385083348195,0.09500887085532195,286,1,145.04999999999998,286,145.04999999999998,10
12394,2,New / Promising,-0.1442792283948618,-0.6915018217704368,64,2,1080.48,218,540.24,25
17403,0,Hibernating,-0.5186733768433687,-0.2001232983365345,37,2,382.87,451,191.435,45
12521,2,New / Promising,-0.7608705202682706,-0.8146204237476761,143,1,545.6800000000001,143,545.6800000000001,37
17171,0,Hibernating,-1.1052445924744965,0.9270620165907478,290,2,384.59,662,192.295,25
16272,2,New / Promising,-1.1409162337753909,-1.0717359284362273,117,1,411.7,117,411.7,25
12660,2,New / Promising,-1.874035217846931,-3.9273788601920483,12,1,227.1,12,227.1,12
14545,0,Hibernating,-1.3348789552499385,1.194822425201843,675,1,349.25,675,349.25,23
14928,0,Hibernating,-1.7371704470014384,1.1128440466441336,628,1,223.91,628,223.91,21
14537,0,Hibernating,-0.37474506192968415,0.23742279491265822,58,2,641.4,624,320.7,23
14814,0,Hibernating,-1.9575894520309534,1.0302097601628986,582,1,152.95999999999998,582,152.95999999999998,27
18100,0,Hibernating,-1.0180045510393054,0.929373045976819,551,1,451.56,551,451.56,30
17541,0,Hibernating,-2.1051551853242554,0.869016545188186,510,1,119.86,510,119.86,31
12595,0,Hibernating,-1.6027106140706815,0.8212066755801379,505,1,281.02000000000004,505,281.02000000000004,18
15887,0,Hibernating,-0.3747288886259769,0.9231138485113661,407,3,1027.15,556,342.3833333333334,27
16111,0,Hibernating,-0.5158543552545084,0.6161046741869697,429,1,549.33,429,549.33,72
15688,0,Hibernating,-1.7847636573495924,0.5978434439790451,419,1,190.57,419,190.57,26
13241,0,Hibernating,-2.0571158090636636,0.5995311836286297,412,1,112.53,412,112.53,40
13930,2,New / Promising,-1.3752204846560523,-1.123603468063741,58,2,337.34,137,168.67,15
16608,0,Hibernating,0.3095397408270468,1.0924525031940948,454,2,1286.62,664,643.3100000000001,94
14244,0,Hibernating,-1.4297049722833364,1.159680024489167,661,1,366.42,661,366.42,16
15029,0,Hibernating,-1.6022246625524956,1.0685698046296206,620,1,365.1,620,365.1,10
14265,1,Champions,0.5644031576129509,0.5543486930586781,110,4,1373.35,613,343.3375,74
17510,0,Hibernating,-0.38477769095431413,-0.427331768063058,25,2,514.5600000000001,421,257.28000000000003,28
13547,0,Hibernating,-1.7149784914677886,0.5802588356665092,409,1,164.52999999999997,409,164.52999999999997,43
16740,0,Hibernating,-1.5850204264211043,0.5223162210145921,396,1,226.90999999999997,396,226.90999999999997,30
18195,0,Hibernating,-2.8967661315540294,0.48830407889836047,388,1,101.16,388,101.16,5
18114,0,Hibernating,-1.6318811142688434,0.1236470733983356,291,1,220.1,291,220.1,28
14222,0,Hibernating,-0.5378639135410043,-0.5372479332364528,178,1,683.1700000000001,178,683.1700000000001,41
15609,0,Hibernating,-1.5813751241732783,-0.48032362753527863,185,1,298.48,185,298.48,16
12579,2,New / Promising,-1.145103205138338,-1.5717111207045542,79,1,386.42,79,386.42,28
15930,2,New / Promising,-1.1687645787379848,-1.771708882186276,68,1,426.63000000000005,68,426.63000000000005,21
17538,2,New / Promising,-2.6799208319601004,-2.9601262467826412,26,1,98.42000000000002,26,98.42000000000002,9
15779,0,Hibernating,-2.6034119368678605,0.9251971884593144,464,2,124.08,533,62.04,8
13218,0,Hibernating,-3.2750213614563326,-0.9288224735855666,128,1,62.64,128,62.64,5
17896,2,New / Promising,-2.3574206468654157,-3.1110902964619127,24,1,256.32,24,256.32,2
17455,0,Hibernating,-2.510456490936276,-0.3422571252681668,204,1,131.7,204,131.7,8
16073,0,Hibernating,-3.165596796653358,0.12053161323240076,298,1,122.4,298,122.4,1
14185,0,Hibernating,-2.4988263314882624,0.2593185022709434,332,1,197.65,332,197.65,3
17072,0,Hibernating,-1.589679960858118,1.1019401526130954,626,1,273.35,626,273.35,20
15548,0,Hibernating,-1.9909777090749288,1.057061205032277,596,1,158.08999999999995,596,158.08999999999995,23
16649,0,Hibernating,-1.4916502416536397,0.8609140261041273,521,1,306.58000000000004,521,306.58000000000004,20
14811,0,Hibernating,-1.8479122457110382,0.5030697239242942,388,1,170.5,388,170.5,28
14964,0,Hibernating,-1.9687855081978276,-0.09489815106360186,248,1,206.21,248,206.21,13
13224,1,Champions,0.8985587323674724,-1.0300856334547812,61,2,2152.9500000000003,152,1076.475,100
14054,2,New / Promising,-2.884579087156948,-1.7866881409769773,66,1,92.46,66,92.46,6
13790,2,New / Promising,-1.0112751798543187,-4.918412162146589,5,1,348.8,5,348.8,45
18154,1,Champions,0.5878520351187818,-0.8232749041455261,4,5,932.6,491,186.52000000000004,34
17938,0,Hibernating,-1.974112371549324,0.6142070786826275,421,1,144.29,421,144.29,29
18119,0,Hibernating,-1.7856897142269086,0.4335682684905951,368,1,180.7,368,180.7,29
17037,2,New / Promising,0.21930826163862563,-1.4501957544685897,88,1,1267.3200000000002,88,1267.3200000000002,75
16664,0,Hibernating,-2.680512231620025,0.9914572968188852,570,1,109.20000000000002,570,109.20000000000002,8
17647,0,Hibernating,-1.1813292807737499,0.40954087910636694,66,3,331.65999999999997,670,110.55333333333331,12
17517,0,Hibernating,-2.2747442196412466,0.19487663045290082,309,1,153.94,309,153.94,11
15056,0,Hibernating,-2.7445923518361433,0.8691487444706093,521,1,113.65,521,113.65,6
13864,0,Hibernating,-1.7672115787324367,0.4085576464050018,387,1,662.4000000000001,387,662.4000000000001,1
17925,0,Hibernating,-2.596861837090983,0.39040318151291614,373,1,244.08,373,244.08,1
15231,0,Hibernating,-1.7946396779168605,1.0898156473602643,622,1,250.26,622,250.26,14
14996,0,Hibernating,-1.0158196012092284,0.8391310293046415,482,2,442.29,482,221.145,37
16304,0,Hibernating,-1.230184392492349,1.231535244324415,695,1,381.66,695,381.66,25
13625,0,Hibernating,-1.4899911170319047,1.0385579884720282,597,1,301.26,597,301.26,21
15337,0,Hibernating,-1.3069172141027372,0.5523203225791148,412,1,373.02,412,373.02,21
18213,0,Hibernating,-1.8163140195335605,-0.1544650768307091,237,1,232.48,237,232.48,15
17957,2,New / Promising,-2.15330136610122,-1.7443264041928448,67,1,110.71999999999998,67,110.71999999999998,30
12441,0,Hibernating,-2.302736486994995,0.41528846443479556,367,1,155.55,367,155.55,10
16267,0,Hibernating,-2.283385874674566,1.0224570472341894,592,1,186.66,592,186.66,7
17670,0,Hibernating,-2.0299644554834,-0.20633668526896592,228,1,205.7,228,205.7,11
18201,0,Hibernating,-1.0693326196316855,1.2793872600773355,723,1,447.53,723,447.53,27
12400,0,Hibernating,-2.040615481897359,0.5677511041749774,415,1,205.25,415,205.25,11
16831,0,Hibernating,-2.922065492063261,0.980340820183305,565,1,91.8,565,91.8,6
15822,1,Champions,1.3625615042571857,-0.4478622333435025,4,6,1840.06,734,306.6766666666667,46
13078,1,Champions,4.403684098320249,-0.16989387149557877,4,57,29018.06,739,509.0887719298246,153
14871,1,Champions,1.4438706454190247,-0.35413724163291016,4,9,1228.17,739,136.46333333333334,123
13233,1,Champions,0.5439906078520477,0.5257475299675601,75,4,1176.46,695,294.115,74
14667,1,Champions,4.426819757910823,0.19627468860236952,11,54,20359.589999999997,738,377.0294444444444,577
14441,1,Champions,2.683130422692393,-0.7841195744697635,1,11,4611.6900000000005,691,419.2445454545455,103
14156,1,Champions,7.204478234140845,0.2500419344064499,10,144,303069.88,739,2104.6519444444443,1443
15912,1,Champions,0.39486676658343023,1.0222046137438021,179,9,1074.7,730,119.41111111111113,83
16273,0,Hibernating,-1.6294827803749226,1.2284096202039323,649,2,318.34000000000003,657,159.17000000000002,15
13619,0,Hibernating,-1.5303988526690442,1.2126447407804262,545,2,223.44,675,111.72,38
17373,1,Champions,0.6398036958392145,0.3093931265512498,41,7,1167.4999999999998,650,166.78571428571425,65
12483,1,Champions,1.9830858050104954,0.14804587829636026,18,19,4069.18,678,214.16736842105263,67
14713,1,Champions,2.7863931059458333,0.04228248661928169,10,21,5115.36,737,243.5885714285714,221
13571,1,Champions,2.7296456840039,0.16826565729933118,13,26,4537.26,732,174.51000000000002,263
16553,1,Champions,3.167028670227489,1.0332576564996618,164,33,16584.010000000002,667,502.5457575757577,195
15218,1,Champions,3.2457337031874065,-0.018764773634175065,11,22,11453.83,683,520.6286363636364,138
14596,0,Hibernating,-1.4141946470815216,1.1270725506798343,627,1,222.22,627,222.22,50
16296,0,Hibernating,0.07449596200502351,1.3715617486616731,627,4,1313.6699999999998,722,328.41749999999996,56
16197,1,Champions,0.5254720290307473,1.3608636849063802,470,9,2016.71,724,224.07888888888888,52
17463,1,Champions,1.947444243549455,-0.10586531634310582,17,7,2535.26,590,362.18,234
16096,0,Hibernating,0.40936220478780105,0.9323404577815305,265,4,1584.9700000000005,646,396.24250000000006,58
14598,0,Hibernating,-0.2744715521662423,0.09776389753103587,45,2,384.04,570,192.02,83
16754,1,Champions,3.4744872894442547,1.2254496970028845,373,29,65500.07000000001,642,2258.623103448276,38
13259,1,Champions,1.2354670772069818,0.5872105461905615,62,9,1398.79,699,155.42111111111112,233
13174,1,Champions,3.358547505375012,0.14336979174848977,17,11,7972.460000000001,736,724.769090909091,600
14735,1,Champions,3.7764237873895556,-0.14871629068533398,4,55,12225.16,736,222.27563636363635,197
14408,1,Champions,2.0159606735802176,-0.04091750133375609,11,11,4102.27,733,372.9336363636364,63
17356,0,Hibernating,0.05808213003788753,1.1036007293314918,312,5,946.47,689,189.294,73
14230,0,Hibernating,-0.4315791764247941,0.939669894722371,436,3,979.8,549,326.59999999999997,27
13065,0,Hibernating,-0.09125441431213836,0.9554086726856323,374,5,1055.0500000000002,548,211.01000000000005,49
16292,1,Champions,0.33134419413907285,0.6081165469224464,122,5,1253.76,605,250.752,51
17293,1,Champions,2.36532131289429,-0.024419275622307956,9,17,3750.63,737,220.62529411764703,148
16205,1,Champions,1.342322967470332,0.0430918771450165,31,7,1813.51,543,259.0728571428572,146
17952,0,Hibernating,-0.13749201284045173,0.9393527000831726,379,4,788.4599999999999,542,197.115,85
15819,1,Champions,2.0359649856835125,0.3938015718558394,50,10,3934.79,632,393.479,182
17338,1,Champions,3.6950098110451974,0.08903845256757899,18,17,11880.54,640,698.8552941176471,589
14299,1,Champions,3.567773331598247,0.008407320485527024,9,27,14070.25,738,521.1203703703703,164
14755,1,Champions,3.3620623322554573,0.04835393037160029,10,25,9972.55,737,398.902,219
13113,1,Champions,4.149816830985063,-0.731699728716709,1,37,18230.07,622,492.7045945945946,166
14715,1,Champions,1.3035372010723083,0.191723747512636,25,8,1809.55,690,226.19375,101
13610,1,Champions,2.0627372011765885,0.06707655103409466,13,14,2102.46,704,150.1757142857143,308
14817,1,Champions,1.5286122912212607,0.8692415788979702,201,7,3609.86,628,515.6942857142857,141
14420,1,Champions,0.8105497532560505,0.6250529143229122,100,4,1639.1699999999998,692,409.7925,85
14514,1,Champions,2.156138425014956,0.5874717883390946,62,9,4380.04,727,486.6711111111111,212
12709,1,Champions,4.141132345048468,0.21176977647095127,16,32,29487.180000000004,731,921.474375,187
13093,1,Champions,4.1420315372985,1.3659235761342015,276,55,54144.25,736,984.4409090909091,199
12859,0,Hibernating,-0.9483766352068327,0.6792717116072563,459,1,575.1,459,575.1,21
14444,0,Hibernating,-2.483624226584166,0.7081518800954022,457,1,120.43999999999998,457,120.43999999999998,11
15023,1,Champions,3.919552753378282,-0.3597504792280028,4,20,11555.5,675,577.775,485
14510,0,Hibernating,-0.09819752590579053,0.692448054478032,376,3,979.85,437,326.6166666666666,67
15314,0,Hibernating,-0.2325783522398914,0.4309222384278147,200,3,820.45,429,273.48333333333335,49
16401,1,Champions,2.9929538738383354,-0.7261719033051333,2,23,6847.449999999999,556,297.7152173913043,109
13981,0,Hibernating,-1.3886573424042699,0.5691847032036915,416,1,331.14000000000004,416,331.14000000000004,22
15240,1,Champions,2.0944635858792977,0.5075588596919274,45,12,4459.9800000000005,735,371.665,134
12826,1,Champions,2.095762998942966,-0.4498939612121036,3,12,2800.75,722,233.39583333333337,93
18055,1,Champions,3.375707468993308,-0.6314146516426979,8,14,10142.64,414,724.4742857142857,320
15134,1,Champions,0.9332669260720323,-0.4192764169161366,15,10,1596.29,423,159.629,47
14329,1,Champions,3.3470832688349343,0.17794941548826712,18,15,9887.62,724,659.1746666666666,349
18239,1,Champions,0.6000898134331465,0.534938439707616,219,6,1712.2600000000002,423,285.3766666666667,85
15513,1,Champions,4.049697368302541,0.47177062782110546,34,35,26437.05,696,755.3442857142857,278
16771,1,Champions,2.342413194655149,0.38940935365738705,34,10,3921.1,731,392.11,302
17555,1,Champions,1.1273010956958784,-0.07243925240490312,20,5,1045.74,587,209.148,220
17277,0,Hibernating,0.025023096082795022,0.17192841647492565,228,2,1065.35,323,532.675,67
12472,1,Champions,3.6452261015944574,0.4313047897535467,33,19,14971.29,726,787.9626315789474,396
17591,1,Champions,1.2541863533533673,0.5964575505075975,74,8,2339.32,692,292.415,93
13718,0,Hibernating,-1.7963344375036447,0.12388429369207292,247,2,306.55,296,153.275,9
13285,1,Champions,2.012785388048298,0.039227279057795654,24,6,3364.59,625,560.765,182
15932,1,Champions,1.683307241462398,-1.1741085854584892,5,8,2495.87,290,311.98375,93
17017,1,Champions,3.5628535941018873,-0.34044608000654664,3,29,12576.989999999998,737,433.6893103448275,120
14936,1,Champions,3.2283322838083683,0.1757687705887167,34,12,12410.809999999998,584,1034.2341666666664,267
13971,1,Champions,2.4409219787488383,0.1448318536272698,19,14,4667.570000000001,683,333.39785714285716,184
13137,1,Champions,3.390370249459644,-0.30223120220166266,11,16,7586.94,503,474.18375,628
13549,1,Champions,0.3698778812033651,-0.3140105066228936,26,8,1005.8,388,125.725,44
16919,1,Champions,2.115456367953093,0.7057448858337592,157,24,4909.660000000001,478,204.5691666666667,230
15785,1,Champions,2.329011172943221,0.40606993687946374,33,16,5969.929999999999,725,373.120625,102
18190,0,Hibernating,-0.3202867053551669,0.9480055903021201,193,5,745.62,718,149.124,34
14194,1,Champions,4.323624807978669,-0.1808228325166097,5,36,18670.59,703,518.6275,432
15498,1,Champions,4.816072081884973,-0.28377202843186156,3,44,24972.859999999997,724,567.5649999999999,597
17921,1,Champions,1.6150473143188009,0.3237788665198478,65,10,2394.36,513,239.436,230
12407,1,Champions,0.5450286430288108,-0.4852617710162713,50,5,1507.12,265,301.424,56
16621,0,Hibernating,-0.3331230349572379,-0.456335491621679,52,4,813.48,278,203.37,22
14166,0,Hibernating,-1.422456178925086,1.1140334626395316,506,2,251.15,627,125.575,39
13183,1,Champions,2.541421295064771,-0.25177899287498196,8,15,7036.18,636,469.07866666666666,64
18241,1,Champions,1.9988556782219662,-0.11654709864937729,10,21,2986.99,618,142.23761904761903,101
14267,0,Hibernating,-0.03409260115044276,-0.1287277796975145,163,3,1516.24,261,505.41333333333336,25
17514,0,Hibernating,-0.2686093199436723,0.6359175716129123,129,2,522.0,670,261.0,72
13984,1,Champions,1.1312210930548705,0.3200452778236126,27,12,1893.8,733,157.81666666666666,53
14748,1,Champions,1.6963152007595135,0.22518402324809333,30,10,2681.8999999999996,646,268.18999999999994,129
14257,1,Champions,2.2856929041229024,0.48897613138088486,65,9,5954.45,649,661.6055555555555,167
16945,1,Champions,3.130707012103233,0.3742541411444362,22,33,8548.16,731,259.0351515151515,231
12935,1,Champions,2.5086445321161506,-0.5817567510065966,3,15,4243.859999999999,608,282.9239999999999,113
13149,1,Champions,1.0116891054773054,-0.8811806586971613,15,4,1676.0600000000002,290,419.015,76
13178,1,Champions,3.3694759841472064,0.3565280598992368,27,21,14059.19,724,669.4852380952382,194
15276,1,Champions,0.23949376069779493,0.09111943678725959,67,4,619.8000000000001,435,154.95000000000002,160
16136,0,Hibernating,0.20211096308917367,0.3956434214350022,60,4,946.8,664,236.7,44
16684,1,Champions,5.781462957387679,-0.15640367695123358,5,55,147142.77000000002,733,2675.323090909091,184
15998,1,Champions,3.321156432970659,0.4931224699912526,37,16,8274.14,739,517.13375,682
15103,2,New / Promising,-0.41173558999934956,-1.7639921134351417,32,2,703.36,87,351.68,35
15594,1,Champions,1.0564404798716398,-1.0173202194822628,16,5,1771.7799999999995,235,354.35599999999994,85
17744,1,Champions,1.9183480140693991,-1.0133416250930687,4,7,2649.1399999999994,381,378.44857142857137,121
14467,1,Champions,1.7298992062404097,0.19013775152946646,18,12,2203.24,738,183.60333333333332,144
16212,1,Champions,0.8810106185047081,-0.008973909300350622,20,4,1293.71,671,323.4275,71
16399,1,Champions,0.27957130848501865,-0.5117258596008625,20,3,628.42,390,209.47333333333333,96
15484,1,Champions,2.774755721091989,-0.6465131524693187,2,6,4652.099999999999,735,775.3499999999999,180
17133,1,Champions,2.576365465375368,-0.08899356939249566,16,12,14622.330000000002,629,1218.5275,22
12912,2,New / Promising,0.35544022029749145,-3.1750804411867852,3,5,1662.3000000000002,41,332.46000000000004,17
13467,2,New / Promising,0.34769794557795247,-2.9144462597159797,11,2,1071.91,37,535.955,89
14659,1,Champions,1.789575491691988,-0.8730228996587626,9,9,2529.9300000000003,316,281.10333333333335,147
15907,1,Champions,0.981267191014542,-1.6235435344127354,4,3,881.87,211,293.95666666666665,174
13755,1,Champions,1.6441764227944702,-2.567469138322475,4,9,2108.06,64,234.2288888888889,232
17467,0,Hibernating,-2.9567928638020518,0.5107999914545871,396,1,102.6,396,102.6,4
16241,1,Champions,2.7435220090114263,-0.5045601033605532,10,16,3989.81,411,249.363125,499
13531,0,Hibernating,0.32465671407168817,1.0076174930612072,206,6,1433.07,737,238.845,44
13736,1,Champions,2.394894529911981,-0.2705540191245286,6,7,2752.47,734,393.21,325
17852,1,Champions,0.5085319143495671,-0.06348891788936406,12,5,657.81,732,131.56199999999998,82
16858,1,Champions,1.359125129939957,1.2681912454459174,369,10,4292.59,725,429.259,75
13473,1,Champions,1.2729867122003828,0.554312479627392,61,8,2657.76,725,332.22,65
14497,0,Hibernating,-0.44344678406457594,0.960349845553479,310,2,697.06,674,348.53,40
17810,0,Hibernating,-1.1115456134029111,1.2966505646901867,669,2,343.21000000000004,684,171.60500000000002,50
13762,1,Champions,0.4959947597185638,0.9300219932019086,219,5,2472.48,699,494.496,23
17349,0,Hibernating,-0.0033315743445718462,0.8188872677308312,180,5,772.41,632,154.482,74
17051,0,Hibernating,0.035487419842159945,0.824941868473577,195,4,706.49,629,176.6225,107
14175,1,Champions,2.6331533208789484,0.41090648607115426,60,8,7678.88,628,959.86,237
17290,1,Champions,1.7083768799295576,-0.3826105217477902,4,8,1427.48,727,178.435,183
14813,0,Hibernating,0.09171143619716615,1.0400720938701526,370,4,888.9100000000001,611,222.2275,110
12805,0,Hibernating,0.013400759813530698,1.1155186850476948,382,4,1230.9499999999998,675,307.73749999999995,43
13764,1,Champions,1.8530944182426616,0.489002618422399,71,6,2908.67,643,484.77833333333336,294
15886,1,Champions,0.37196823560402437,0.31056899109407393,61,4,1052.87,599,263.21750000000003,58
17343,0,Hibernating,0.22397827087951683,1.229082941202321,356,6,1259.94,737,209.99,61
17848,1,Champions,1.793945813521053,0.8725626923573614,82,30,3538.46,734,117.94866666666668,104
14136,1,Champions,0.5003475317912435,1.243854047664348,401,5,1570.81,732,314.162,86
17673,1,Champions,2.760200895091677,-0.6698168607397444,2,13,4173.88,631,321.0676923076923,195
17799,1,Champions,3.0740270885201686,0.3343150616522706,23,20,6246.93,727,312.3465,478
14682,1,Champions,0.5974926720801873,0.8992624356242328,188,6,1514.8100000000002,673,252.46833333333336,79
17812,1,Champions,0.9877370779737592,-0.27592983455566383,13,7,911.99,531,130.28428571428572,162
12527,0,Hibernating,-0.3447863208851472,0.33854309792061354,82,5,717.51,530,143.502,25
13023,1,Champions,0.5305451102672964,0.18230636005121403,65,3,1251.03,529,417.01,68
13255,0,Hibernating,0.039882313456626885,-0.5409600864747239,10,3,678.76,513,226.25333333333333,26
13154,0,Hibernating,0.4740212425075004,1.1770687043006596,400,3,1624.84,736,541.6133333333333,78
16155,0,Hibernating,-0.3646605587726073,0.9569060864927603,382,5,796.9,540,159.38,45
15110,1,Champions,0.49700465889345674,-0.20399424264970387,24,6,1505.85,486,250.975,23
14499,1,Champions,1.585439156990034,-0.1380952810093869,27,7,2101.79,470,300.2557142857143,199
14828,1,Champions,2.2023287158573757,1.0482127787622642,197,13,9839.46,733,756.8815384615384,72
18001,1,Champions,0.9364115017569836,-0.004967172012559098,13,6,924.14,738,154.02333333333334,120
16983,1,Champions,2.085983225534747,-0.4083013343103998,13,11,3490.5299999999997,447,317.3209090909091,151
17002,1,Champions,1.1288362300503747,0.5573329418558666,86,7,2571.55,642,367.36428571428576,64
14226,1,Champions,1.5249307355011095,-0.21415054524998087,29,6,2985.13,442,497.5216666666667,89
16650,1,Champions,0.9195427519705058,0.30871907366095264,72,7,1916.11,520,273.73,71
14742,0,Hibernating,-0.7589554083194242,0.6213948420024119,436,1,579.8499999999999,436,579.8499999999999,34
15955,1,Champions,2.9634100701684116,0.2626940925302183,25,22,8085.98,655,367.5445454545454,222
12987,1,Champions,0.5726894117844615,0.5360380458894698,74,5,1312.21,689,262.442,61
15915,0,Hibernating,-0.7143391464971628,0.5511116331082814,402,1,364.2399999999999,402,364.2399999999999,104
13593,1,Champions,2.248402604335558,0.7567370272087786,109,14,5493.29,648,392.3778571428571,212
12712,1,Champions,2.4742792455213607,0.40887401960719555,29,21,5985.030000000001,731,285.0014285714286,125
16145,1,Champions,2.9774373923397897,-0.22777787331801286,9,19,6805.44,585,358.18105263157895,217
14867,1,Champions,1.2107703568912913,1.0929955929097015,186,16,2952.06,735,184.50375,67
12523,1,Champions,2.3629900657315863,0.3045380292412306,20,23,4010.35,733,174.36304347826086,175
12422,1,Champions,1.7614241089294131,0.787099767022811,96,12,3639.35,722,303.27916666666664,135
16037,1,Champions,0.4024398618650778,0.9766244694056773,270,5,1509.34,649,301.86800000000005,62
13327,1,Champions,2.868801922322895,0.48857617233682704,39,19,9052.87,722,476.4668421052632,174
12474,1,Champions,3.550267930679733,0.19828100550187996,18,29,11310.75,667,390.0258620689655,368
15433,0,Hibernating,-0.7729196953900054,-0.010811022740435291,214,2,533.3,268,266.65,40
13124,1,Champions,1.9439877288790108,0.042261159042459355,90,4,4641.66,386,1160.415,216
13892,1,Champions,0.5000045572391223,0.0057639786390357595,27,6,1267.65,576,211.275,33
14282,1,Champions,2.942711722506679,-0.35917632997487364,4,25,7250.76,663,290.0304,100
15114,1,Champions,1.8815571303932022,-0.1261953713288358,31,12,3400.12,422,283.3433333333333,151
18204,1,Champions,1.0133904840596,-0.6889715547742864,72,3,1975.35,193,658.4499999999999,159
12990,0,Hibernating,-0.22245406088410768,0.14272415202174096,32,7,955.5,620,136.5,9
13717,1,Champions,1.1851958528580673,-0.019607412078802844,33,8,1763.3,486,220.4125,110
13505,1,Champions,1.6138002721854727,-0.4911675154314671,73,4,3633.63,233,908.4075,181
14101,1,Champions,1.8844005492938565,0.4973303643803808,74,13,9961.929999999998,622,766.3023076923075,19
15829,2,New / Promising,-0.5548966917221227,-0.8878798705503371,100,2,636.14,141,318.07,44
14004,1,Champions,2.24454176269356,0.001839073629736027,44,11,6258.450000000001,436,568.95,127
16818,1,Champions,1.978726513714643,-1.165829432351999,11,11,3349.5700000000006,206,304.5063636363637,172
12981,2,New / Promising,-1.2386746397701776,-1.4002333203963837,30,2,372.22,134,186.11,12
15198,0,Hibernating,-0.4645388638349072,0.6348551566115351,93,5,571.35,690,114.27,28
13320,1,Champions,1.1145338247078662,0.25011431710393195,79,6,2211.6,479,368.6,98
15074,1,Champions,0.5506361532217949,0.2509585982369872,106,3,1553.13,468,517.71,63
15238,2,New / Promising,0.22767805773262995,-1.0638676028425722,30,3,1071.9899999999998,185,357.3299999999999,49
14020,1,Champions,0.7913385822668499,-0.2839580242587082,17,4,1249.0100000000002,530,312.25250000000005,63
13774,2,New / Promising,-1.3306857572876638,-1.5250589052427277,82,1,345.0,82,345.0,22
16999,2,New / Promising,-0.8831720346623972,-2.003385420531633,24,2,484.81999999999994,75,242.40999999999997,21
18081,2,New / Promising,-1.2991339472946748,-1.2655450571748863,37,3,343.45000000000005,134,114.48333333333336,14
16782,1,Champions,3.749061231385593,0.1567156894506422,11,38,9636.12,731,253.58210526315793,575
12630,2,New / Promising,0.20990045896410273,-2.8012225145123124,10,2,1030.88,44,515.44,59
16169,2,New / Promising,0.8871599107127253,-2.275161922368308,9,4,1822.9700000000005,76,455.74250000000006,71
15116,2,New / Promising,0.4488336011550308,-1.1354675954821585,18,4,1352.75,205,338.1875,37
16804,2,New / Promising,-0.1512059221508787,-0.7782855618695689,24,3,536.99,271,178.99666666666667,59
17816,0,Hibernating,-1.5591125766544296,0.41046232658645526,37,6,96.11,725,16.01833333333333,41
14878,1,Champions,2.417105815739035,0.05793971999982964,13,25,4076.5,657,163.06,159
14645,0,Hibernating,-0.07753330592519417,0.6895070999814368,157,3,876.89,635,292.2966666666667,45
16939,0,Hibernating,-0.9694609873104961,1.1675352029162251,489,3,433.85,650,144.61666666666665,38
18017,0,Hibernating,-1.4371808983674774,0.0752983185675118,82,4,688.0,432,172.0,1
13106,0,Hibernating,-0.8485770679371535,0.18079252884724828,134,2,603.46,414,301.73,15
13333,0,Hibernating,-0.08773945212951557,1.0952116569115538,412,3,1015.74,659,338.58,54
13948,0,Hibernating,-0.8653771500353896,1.1842552946927587,361,4,548.76,736,137.19,23
14880,0,Hibernating,-0.2846458502648724,-0.28592933706894297,78,3,690.5899999999999,289,230.19666666666663,45
13627,1,Champions,1.3302352208732493,0.4336529024951664,60,7,2245.8999999999996,641,320.8428571428571,118
16793,2,New / Promising,-1.7323266158879205,-1.963126357910787,58,1,243.84,58,243.84,16
14023,2,New / Promising,-0.12650901650408206,-1.3099527530683361,8,2,584.0699999999999,251,292.03499999999997,30
14385,2,New / Promising,-1.8374078458274017,-3.264639367014192,10,3,202.11,24,67.36999999999999,13
14363,0,Hibernating,-2.1055314656556807,0.7035346087830339,403,2,227.47000000000003,452,113.735,8
13754,0,Hibernating,-1.0956301885703197,0.3410424050382728,152,3,447.0499999999999,438,149.01666666666665,16
16979,1,Champions,1.888840963344497,-0.8344456386097445,4,9,2859.74,451,317.74888888888887,82
16687,0,Hibernating,-2.371247602189315,0.4929803565498953,391,1,157.63,391,157.63,8
15160,0,Hibernating,-1.0302350609967867,0.6690659246163363,358,4,589.27,422,147.3175,17
14368,0,Hibernating,-2.382228782379784,0.23438778285007106,320,1,155.0,320,155.0,8
15743,2,New / Promising,0.15652230634354525,-1.224152120684549,17,4,775.9599999999999,185,193.99,59
15771,0,Hibernating,-0.4471978370079271,1.27765897987757,605,3,1006.54,694,335.5133333333333,26
13249,1,Champions,0.3343464822752238,0.6749032216688375,93,9,1608.93,685,178.77,21
15361,0,Hibernating,-1.0439583792759246,0.8895801590800909,362,4,689.0699999999999,544,172.26749999999998,10
14377,0,Hibernating,-1.112995615265312,-0.09753634173462249,192,2,617.0500000000001,263,308.52500000000003,11
17306,1,Champions,2.2009281493102226,-0.5361601686294739,11,21,9782.35,404,465.8261904761905,17
13748,1,Champions,0.7938922166427119,0.760513889879646,96,9,2064.35,739,229.3722222222222,40
16475,0,Hibernating,-0.7688199479047038,-0.25131989088196593,89,4,544.3,274,136.075,23
14434,2,New / Promising,-0.6472599874626135,-1.979553336084784,22,6,1372.8,73,228.8,3
15662,0,Hibernating,-1.7866581527660113,1.3421953562624893,662,2,283.73,739,141.865,12
17562,1,Champions,0.43367703719481826,-1.2631881614430924,15,7,1122.38,174,160.34,48
13470,2,New / Promising,-2.3900710798010825,-1.0572274648377404,100,2,165.0,116,82.5,7
12832,2,New / Promising,-0.995795829149125,-1.6231807226348927,33,2,383.03,99,191.515,27
14908,0,Hibernating,-1.1053077079479248,0.07335154531491105,75,2,381.9,464,190.95,14
17098,0,Hibernating,-1.1918126094022417,0.8721784786026155,382,3,591.0699999999999,541,197.0233333333333,10
16478,2,New / Promising,-1.3725169912930169,-2.0323222677402613,26,3,331.0,66,110.33333333333331,15
13938,2,New / Promising,-3.0333809926812734,-2.5465686760540898,36,1,71.66,36,71.66,7
16087,0,Hibernating,-0.40732946054749875,1.1283097343646988,390,5,1739.92,690,347.98400000000004,6
14861,1,Champions,0.7649626894071467,0.5596165930288117,53,10,1380.73,732,138.073,62
14495,0,Hibernating,-1.8484616565896925,0.30682502262513367,51,3,174.8,660,58.26666666666667,7
13013,1,Champions,3.860751463426702,-0.44536277373821126,2,29,11097.43,726,382.67,289
17526,1,Champions,2.1644213936783117,-0.30747293558539573,5,12,3939.2400000000007,723,328.27000000000004,67
14464,0,Hibernating,-2.936392204663823,1.1449554750112416,569,2,111.0,628,55.5,4
13527,1,Champions,2.422841118873116,0.35402951824631845,34,12,4541.29,688,378.4408333333334,266
17988,1,Champions,0.47916628215900714,0.08751512844067122,12,13,485.69,733,37.36076923076923,114
15060,2,New / Promising,-0.9811045877309024,-3.9870718644269663,9,4,293.0,10,73.25,80
17940,1,Champions,2.613215242828522,0.46812412797079245,50,14,28389.58,737,2027.827142857143,9
15079,1,Champions,1.529288714413024,1.0918344151583643,213,11,3625.400000000001,732,329.5818181818182,119
15324,0,Hibernating,-2.476813527506988,1.2537621075101635,702,1,140.22000000000003,702,140.22000000000003,8
12468,1,Champions,1.4017346650124838,0.8739317474125761,188,5,3238.74,683,647.7479999999999,126
15448,0,Hibernating,-0.2646547341362182,0.9655656290766842,313,2,788.81,675,394.405,49
16519,0,Hibernating,-0.39990453634629697,0.07468698104178871,26,4,436.96,649,109.24,31
16310,0,Hibernating,-1.0256216412821264,1.0348141196857041,415,2,460.08,643,230.04,26
17931,1,Champions,1.9077375136896648,0.8774702353123939,135,14,3402.24,662,243.01714285714283,274
13262,0,Hibernating,-0.5300603940381282,0.8540314670081594,264,3,573.4499999999999,601,191.15,48
18272,1,Champions,2.587876332958558,-0.5970548907209908,3,9,4385.98,646,487.33111111111106,145
14588,0,Hibernating,-2.2539351907092233,1.0175734673953831,579,1,135.39,579,135.39,16
13382,1,Champions,0.4165330830376778,1.107046809718923,281,5,1387.58,732,277.51599999999996,74
12829,0,Hibernating,-1.3231242749906604,0.86222596220525,337,3,385.3,551,128.43333333333334,17
12792,0,Hibernating,-0.4480281897991862,0.6766562224718072,257,2,715.01,535,357.505,38
17177,0,Hibernating,-2.1327984015329964,0.8576820631122409,506,1,119.5,506,119.5,29
13041,0,Hibernating,-0.646765705521197,1.0588685553568529,451,4,799.1300000000001,590,199.78250000000003,23
16625,1,Champions,0.546674581139278,0.8262396639983638,275,5,1654.0299999999995,544,330.8059999999999,82
17289,1,Champions,1.618180337354784,0.2452440005659459,32,9,2041.8,642,226.86666666666667,202
16938,1,Champions,3.2990479115375693,-0.20906871104710006,9,9,6995.360000000001,661,777.2622222222222,547
13861,0,Hibernating,-1.5849375041046658,0.8863914044215986,430,2,273.26,531,136.63,21
15032,1,Champions,1.9504917547397815,1.0624600734395278,257,8,11010.05,730,1376.25625,39
16065,1,Champions,1.016168201662248,0.8708970332546909,366,8,1992.13,464,249.01625,214
17358,0,Hibernating,0.18601583024317012,1.059358805912556,304,5,861.01,654,172.202,126
13152,1,Champions,0.8744193558856346,1.255697390983023,418,7,2146.38,695,306.6257142857143,114
17772,0,Hibernating,-0.06541936690695532,-0.706135437180458,11,3,360.75,393,120.25,94
15384,1,Champions,0.8319650660156792,0.6826760608547225,170,4,2027.79,593,506.9475,83
13021,1,Champions,2.7412681870116864,-0.23077219179842892,5,17,4887.240000000001,735,287.48470588235296,166
15047,0,Hibernating,-1.3515280432145,0.009299339182273353,270,1,343.62,270,343.62,22
17917,0,Hibernating,-0.518456512677469,-0.24974695102497005,46,3,335.03000000000003,363,111.67666666666668,77
13221,0,Hibernating,-0.19419580105805886,0.2966760974793991,241,2,844.8599999999999,360,422.4299999999999,61
17217,0,Hibernating,-1.5450804611564157,0.8054299259127318,235,2,210.1,620,105.05,27
17211,1,Champions,2.2585439613168545,0.3306560927697385,27,13,3773.349999999999,727,290.25769230769225,217
12493,0,Hibernating,-1.3624571747470249,-0.38739313038212536,166,2,379.74,198,189.87,18
18072,0,Hibernating,-1.6936738108248452,-0.46571138868385076,186,1,247.44,186,247.44,18
14401,1,Champions,3.058480240119355,-0.21297731467271064,5,22,6795.9,726,308.9045454545454,171
12428,1,Champions,2.528964463400317,-0.6177904226672212,26,8,6405.260000000001,284,800.6575000000001,256
16014,1,Champions,1.0618089906123258,0.2969895207380466,38,5,1100.28,678,220.056,219
14517,2,New / Promising,-1.2248406256984055,-1.291111363540234,34,2,330.45,142,165.225,17
15611,1,Champions,1.6965665516729707,-0.021122877752431584,10,24,2976.28,684,124.01166666666668,42
18165,0,Hibernating,-1.740266033515135,-0.5387727277026291,178,1,302.46000000000004,178,302.46000000000004,10
13636,1,Champions,0.24712650220102703,-0.5165197426667727,37,5,949.12,286,189.824,57
17248,0,Hibernating,-0.2924333178206644,0.31698213983403223,121,2,500.54,482,250.27,85
12381,2,New / Promising,0.896278890788033,-2.0948950132576547,5,3,1474.81,120,491.6033333333333,69
17173,1,Champions,1.4675317256475986,-1.8555023346780564,6,8,3766.599999999999,132,470.82499999999993,36
16460,2,New / Promising,0.20971471262879016,-1.7832911457106724,29,3,811.23,82,270.41,128
15172,1,Champions,1.1872404195212052,-1.2088857084709785,9,5,1624.0500000000002,237,324.81000000000006,106
15730,1,Champions,0.9294815736423601,0.07058574130215106,66,5,1726.58,432,345.316,102
17509,1,Champions,1.5369253243781282,-1.6788793898778442,58,8,6083.64,64,760.455,75
17420,1,Champions,0.15597491575131278,-0.06670981046563797,51,6,953.58,402,158.92999999999998,43
13598,1,Champions,0.29763384652980035,0.3413286338754963,48,5,761.9599999999999,652,152.392,78
17828,2,New / Promising,0.390318446259713,-1.1264490245333612,23,4,1165.09,185,291.27250000000004,53
16414,0,Hibernating,0.09299178753701447,0.10956275730559166,22,5,551.21,695,110.242,58
18040,2,New / Promising,-0.9160479593009063,-0.9941508074446572,20,2,357.2,246,178.6,18
12388,1,Champions,1.9253597287068198,-0.1523715074690027,16,8,3901.11,583,487.63875,83
15783,2,New / Promising,-1.7494360860244265,-4.030821343011108,11,1,246.3,11,246.3,14
14250,2,New / Promising,1.0818938730285603,-2.198056072696091,8,3,1904.05,90,634.6833333333334,94
17942,2,New / Promising,-3.3320901176391864,-4.400599390806237,8,1,77.50000000000001,8,77.50000000000001,2
17412,1,Champions,2.689054654194624,-0.3896442897187835,3,16,4220.219999999999,738,263.76374999999996,161
13641,0,Hibernating,-0.3320041704009681,1.3997910962941864,641,4,942.37,735,235.59249999999997,40
17508,1,Champions,1.8312374039621808,1.1573942693228003,281,8,4579.2300000000005,733,572.4037500000001,199
16795,1,Champions,1.2086023728456894,1.0951047536963558,366,3,2062.41,684,687.4699999999999,306
14068,1,Champions,0.5231920370786267,1.0605553230330067,321,4,1516.72,678,379.18,93
16911,0,Hibernating,-1.5476875251563078,1.246559405182663,636,2,255.25000000000003,662,127.625,30
15622,1,Champions,2.93844434305003,0.4334235366112594,44,17,7852.610000000001,646,461.91823529411766,331
17301,0,Hibernating,-0.2264493096848685,-0.07514420034926911,22,2,294.39,625,147.195,107
14311,0,Hibernating,-0.7716588867342624,0.7150837847712568,243,2,516.45,568,258.225,31
12975,1,Champions,0.7622151645540918,1.2974725238411933,437,6,2100.09,734,350.01500000000004,92
15629,0,Hibernating,0.3904984425705941,0.9461189663745745,451,4,2240.9,533,560.225,39
17582,1,Champions,0.5402177176605476,0.8992782401445119,237,5,1446.95,624,289.39,92
17840,0,Hibernating,-1.6520060670093064,0.6849344497637306,444,1,175.9,444,175.9,44
16825,1,Champions,0.8417857419446426,0.04835856617989879,39,5,1826.89,535,365.378,48
15535,1,Champions,0.26506721309053966,0.5173717828186092,174,6,1044.37,450,174.06166666666664,88
18062,1,Champions,0.4443196608230636,0.7498532084353077,174,6,1632.6699999999998,598,272.1116666666666,46
16012,1,Champions,1.830031390096276,0.022787341774689024,36,5,2978.59,530,595.7180000000001,207
15270,1,Champions,2.643275646907346,0.15592976494680028,16,21,8524.86,723,405.9457142857143,66
17423,1,Champions,0.23387878260794273,-0.2155071176561251,47,3,1118.95,394,372.98333333333335,39
14690,1,Champions,0.17570403444562066,-0.13460937331104342,45,4,777.6800000000001,411,194.42,69
14599,0,Hibernating,-0.6483106483450743,0.8220152612329281,391,2,457.89,510,228.945,77
15155,0,Hibernating,-1.2317629301464779,0.46288170152112357,384,1,383.97,384,383.97,24
14021,1,Champions,0.7524231732991499,0.7315009011577822,156,7,1716.58,593,245.22571428571428,84
15332,1,Champions,1.511803758345064,0.8856715925019906,367,6,4892.68,514,815.4466666666667,113
18106,1,Champions,0.6207368354795043,1.1549524151209287,330,6,1441.0600000000002,694,240.1766666666667,126
14036,0,Hibernating,-0.6457030756431539,0.07148479045606641,285,1,626.6500000000001,285,626.6500000000001,38
18043,1,Champions,0.11634858499710425,-0.47697989997039547,25,3,529.29,367,176.42999999999998,106
14315,1,Champions,1.5596663151344976,0.3173718605965682,45,8,3197.82,635,399.7275,83
12379,1,Champions,0.5563182070271359,0.31117051267132334,82,4,1470.22,535,367.555,57
12477,1,Champions,3.7416205575768724,0.035265649129694265,23,9,20276.370000000003,624,2252.9300000000003,295
18079,1,Champions,1.792978304178118,0.025488644569433387,46,5,4203.93,492,840.7860000000001,107
17712,2,New / Promising,-0.8720188483312435,-2.2975226756171216,45,1,522.91,45,522.91,29
14901,1,Champions,1.4883193610537326,-0.3143881463124706,12,12,1919.0,499,159.91666666666666,103
16545,0,Hibernating,-1.1257983244084409,0.1540496130204805,165,2,689.8199999999999,376,344.90999999999997,6
16189,2,New / Promising,-1.7528663460545795,-2.021562291113271,16,2,215.48,86,107.74,9
17728,1,Champions,2.5086151167124906,-0.9059050358323198,4,5,4238.76,454,847.7520000000001,196
13807,0,Hibernating,-1.0789098363511802,1.162463275682652,368,3,422.2,736,140.73333333333332,24
17534,1,Champions,0.9144107691595468,0.36403055723540134,54,5,1668.83,653,333.76599999999996,76
14521,0,Hibernating,-1.9081340372530997,0.7965386547027012,492,1,199.45,492,199.45,17
16768,1,Champions,1.1622329530867361,0.512454322638931,48,9,1698.5700000000002,733,188.73,108
17187,0,Hibernating,-1.0011868906673507,0.616578744834312,227,2,467.71,527,233.855,21
16357,1,Champions,0.13041650652025139,-0.3191112827814962,34,4,868.3699999999999,382,217.09249999999997,43
13538,1,Champions,1.6856897661154016,0.42917704285968494,44,12,3103.1299999999997,676,258.59416666666664,105
12879,2,New / Promising,-1.2379386520017146,-1.5569518735964905,45,3,573.22,92,191.07333333333335,7
17662,0,Hibernating,-1.4236478695463373,1.3140543412990016,662,2,412.92,723,206.46,14
16288,0,Hibernating,-2.580624779930869,0.7372329352462138,471,1,129.85,471,129.85,7
17262,1,Champions,0.6450126473279808,0.5172058118631142,53,11,2488.76,725,226.25090909090903,12
14403,0,Hibernating,0.3218643052090599,0.6824022755785493,131,6,1880.51,640,313.41833333333335,20
14037,0,Hibernating,0.2104353481778442,0.9745428105376652,177,6,836.95,733,139.49166666666667,96
13420,0,Hibernating,-2.379520379159668,-0.5479108070644764,150,2,159.85,171,79.925,8
17638,0,Hibernating,-1.4566448775120147,1.2527451702132053,648,2,842.4,722,421.2,2
18174,0,Hibernating,-2.0822812388356886,-0.5292175065946673,8,2,162.5,604,81.25,1
17308,0,Hibernating,0.22636989950119105,0.6009202620682819,394,2,4511.76,453,2255.88,5
12898,0,Hibernating,-1.3959839175400837,1.1153398161896106,464,2,296.21000000000004,660,148.10500000000002,27
14831,0,Hibernating,0.32588331892638,1.3818827519233632,681,3,1676.57,738,558.8566666666667,67
16366,1,Champions,1.0725308698959513,0.036537704500330094,19,4,1548.13,724,387.0325,74
12402,0,Hibernating,-0.003290300283440934,1.1035460102364951,324,6,1136.9,671,189.48333333333332,42
14584,1,Champions,0.9385689421350389,0.8894357007558423,170,8,1738.16,661,217.27,127
16046,0,Hibernating,-1.6752713483826753,0.9707408197667007,563,1,235.78,563,235.78,22
16736,1,Champions,1.0935114945417617,1.327114282639538,506,5,2956.56,737,591.312,116
16428,0,Hibernating,-0.21986201908322406,0.871950825762182,414,3,638.49,498,212.83,121
18255,0,Hibernating,-1.290417163159796,0.1386643168733978,90,2,303.15,457,151.575,16
17601,0,Hibernating,-0.7356865221841198,0.369594386689423,240,2,412.66,381,206.33,68
17999,0,Hibernating,0.09697057236921446,-0.2872717872359622,38,3,528.4599999999999,379,176.1533333333333,125
17454,1,Champions,0.7465204219308249,1.0129685755140365,193,10,1547.94,694,154.794,98
13405,0,Hibernating,0.04010896938951844,0.9650455266231842,205,5,1198.81,725,239.762,32
15734,1,Champions,0.6711620198723691,0.4415583932353812,115,4,2263.3,548,565.825,36
15120,2,New / Promising,-1.322638896422948,-0.8963573773688153,134,1,358.82,134,358.82,21
16245,1,Champions,0.7605482756583998,-0.849057919322625,24,3,1413.66,257,471.22,80
18018,0,Hibernating,-0.9870579014603985,0.24471972972989361,109,4,297.99,421,74.4975,43
16627,2,New / Promising,-1.42123324390882,-1.5564592832377913,80,1,322.8,80,322.8,20
16052,2,New / Promising,-1.1203276780855251,-2.028658877067453,55,1,362.06,55,362.06,34
13297,1,Champions,2.23430314246611,-0.48093837128025924,8,7,4368.619999999999,543,624.0885714285713,108
14948,1,Champions,0.4151438598516881,-0.8960465358896773,24,6,1101.97,220,183.66166666666663,56
14935,1,Champions,0.5423919158460858,0.8190102936662855,298,2,2849.83,620,1424.915,25
17610,1,Champions,0.513074692997015,1.3687764332841754,541,5,1511.94,734,302.38800000000003,114
14626,1,Champions,2.494489237610284,0.25207250497907085,24,11,5410.92,730,491.9018181818182,181
13907,0,Hibernating,-2.727210284473546,1.2246788640119204,692,1,136.8,692,136.8,4
17829,1,Champions,1.5970156508556153,1.0045654121606595,299,5,4756.74,656,951.348,121
16845,0,Hibernating,-1.6508840730526926,1.0895634853216931,619,1,253.88,619,253.88,20
14678,0,Hibernating,-1.1968224706316166,0.9949849811586289,580,1,403.39,580,403.39,24
14982,0,Hibernating,-1.4719215990308472,1.0037334051462925,573,1,234.87999999999997,573,234.87999999999997,38
13872,0,Hibernating,-0.2268536569317021,1.280991654764253,528,3,919.57,726,306.5233333333333,51
15976,1,Champions,1.1394741412116123,0.6913103231788964,166,6,1680.31,552,280.0516666666667,264
14094,0,Hibernating,-1.203776716011753,0.6550286579396463,440,1,311.77,440,311.77,41
14455,0,Hibernating,-0.4909261814343479,0.9126151905415647,433,4,617.72,496,154.43,65
12475,1,Champions,0.2951994758433572,-0.17009154737604085,54,2,1065.64,410,532.8199999999999,53
16178,0,Hibernating,-0.6752428738369124,0.17633985330116075,139,2,612.6,402,306.3,24
18280,0,Hibernating,-0.9602020978347472,0.4376166181469204,278,2,488.1500000000001,395,244.07500000000005,28
16812,1,Champions,0.7810482710643066,0.5757640338441712,361,4,2392.0,383,598.0,98
14840,0,Hibernating,-1.2617663755004842,0.7094519557883607,268,2,362.71,540,181.355,20
13035,0,Hibernating,0.18032830989177823,0.02850522820975964,74,3,1364.2,432,454.73333333333335,27
14472,1,Champions,1.350264077982192,0.7558992687395676,104,9,2118.72,690,235.4133333333333,173
17234,0,Hibernating,-2.2017267250537937,-0.47642889764801755,183,1,149.89,183,149.89,14
17642,1,Champions,0.8970812618346992,0.7775302085174235,120,5,1824.49,735,364.898,88
16140,1,Champions,0.4856642256020387,0.015460699469713401,66,3,1433.46,442,477.82,50
18095,1,Champions,0.5080238565326185,0.9404719327476432,313,5,2303.0899999999997,600,460.61799999999994,37
13365,1,Champions,1.2013371645409456,-0.9234516543621563,34,2,2225.3700000000003,218,1112.6850000000002,122
14965,2,New / Promising,-0.4477825713691756,-1.2233357534628864,97,2,596.09,97,298.045,80
12685,1,Champions,1.190908169190973,-1.603486242383805,29,6,2575.08,94,429.18,116
15492,2,New / Promising,-0.5084587793972121,-1.9339301681289645,29,2,659.46,75,329.73,32
16463,1,Champions,0.7150959936840593,-1.0497924816335518,22,4,1422.4,205,355.6,74
16158,0,Hibernating,-0.6850863498043329,1.4390673563210685,523,9,628.32,735,69.81333333333333,29
13428,1,Champions,0.32509494827850716,-0.46441451516358045,11,3,478.54,515,159.51333333333332,122
15569,1,Champions,1.6535820531264345,0.6949009543666304,104,10,3583.45,650,358.34499999999997,123
15801,2,New / Promising,0.10490397278482881,-1.3587712851407743,47,3,1063.95,110,354.65000000000003,61
17401,0,Hibernating,-2.5254308692376224,0.9302812304371912,542,1,114.85,542,114.85,11
14708,1,Champions,1.077933128352689,-1.0004261034151085,3,5,1793.22,456,358.644,27
15648,0,Hibernating,-0.8222706752747863,-0.04299589782172908,205,2,639.5,268,319.75,23
15488,0,Hibernating,-1.1098514352390991,0.4731901864634347,93,5,431.9200000000001,584,86.38400000000001,10
13514,0,Hibernating,-0.36592318536600277,0.48604667918563904,74,4,815.9000000000001,683,203.975,15
16989,2,New / Promising,-0.18349335454298737,-1.6709760370996585,8,6,1133.25,151,188.875,7
15397,0,Hibernating,-2.8926868079811583,0.11705593724919036,290,1,94.0,290,94.0,6
14421,1,Champions,1.22838242963147,0.45646568278985633,58,6,2469.37,692,411.56166666666667,72
13197,0,Hibernating,-1.3500575416492067,1.0583126650589827,610,1,373.01,610,373.01,19
13143,0,Hibernating,-1.209416724176076,1.0051904691661628,585,1,405.1,585,405.1,23
16623,0,Hibernating,-0.06852587715090748,0.8338786307054034,246,4,1015.24,593,253.81,44
15265,1,Champions,1.6165241735230167,0.8389228837538901,152,4,3345.6400000000003,739,836.4100000000001,179
14161,1,Champions,1.527748549521876,1.0421516753227478,216,7,2996.93,727,428.1328571428571,202
13852,0,Hibernating,-2.12201760805098,1.0709891907829379,611,1,187.35,611,187.35,11
17639,0,Hibernating,-0.4149063531208442,0.7709861732641232,277,6,615.17,484,102.52833333333332,59
12515,0,Hibernating,-1.671646988389128,0.35862721416008325,354,1,278.7,354,278.7,15
16900,2,New / Promising,0.1442540123619371,-2.2157297728806324,17,3,882.1600000000001,64,294.05333333333334,77
13253,1,Champions,1.14702032895417,0.7941103932361069,157,4,2951.11,704,737.7775,73
12742,0,Hibernating,0.10244839084067858,1.0806241570637332,626,1,1201.52,626,1201.52,67
16315,0,Hibernating,-1.2038059207408809,0.7838941358056839,331,2,402.71,537,201.355,21
15873,0,Hibernating,-2.1789873042479364,0.9435948795493149,500,4,313.92,501,78.48,3
15242,0,Hibernating,-2.062932244238399,0.5643211197334905,423,1,302.04,423,302.04,4
17525,0,Hibernating,-0.42989260533106,0.6304566714254471,360,3,1161.9,429,387.3,19
17036,0,Hibernating,-2.131402967338271,0.4732492804675887,384,1,176.90000000000003,384,176.90000000000003,12
12591,0,Hibernating,0.0024192045863919453,0.5623229154488842,318,3,1114.9499999999998,409,371.6499999999999,62
16840,0,Hibernating,-2.4730304059671764,1.2401132683102556,604,2,139.85,675,69.925,9
17464,0,Hibernating,-0.15292301683467166,0.6670241702653513,159,3,907.14,620,302.37999999999994,35
12658,2,New / Promising,-0.6305374984341717,-3.3795941703006944,19,1,632.05,19,632.05,35
13560,2,New / Promising,-1.737118592421617,-4.378079252231564,8,1,171.42,8,171.42,32
13613,0,Hibernating,-0.09920720209029796,1.2004486935142964,453,5,1039.85,661,207.96999999999997,50
16665,0,Hibernating,-2.454767484038095,0.40337745992931473,363,1,135.4,363,135.4,9
13935,1,Champions,1.4080341485775845,1.181586222800953,597,3,6116.92,653,2038.9733333333336,67
16647,0,Hibernating,-0.6989156919015509,0.6246200616660612,170,4,541.9,545,135.475,28
18059,2,New / Promising,-1.3673877475191534,-2.0309775968092803,24,3,306.46000000000004,68,102.15333333333336,17
13298,2,New / Promising,-2.0437886429118324,-5.870254348650719,2,1,360.0,2,360.0,2
15115,0,Hibernating,-0.10250750938462973,-0.023192514055231993,19,2,531.85,733,265.925,35
16731,0,Hibernating,-1.7208848376905959,1.1753879006583263,649,1,170.29999999999998,649,170.29999999999998,40
17003,0,Hibernating,-0.07444192693812059,1.02264376185555,403,4,828.21,579,207.0525,90
17205,0,Hibernating,0.04369294708923629,0.16062258140011174,54,3,999.35,565,333.1166666666666,27
16547,0,Hibernating,-2.302715679099883,0.9597815937578793,547,1,104.26,547,104.26,25
12745,0,Hibernating,-0.8048502876665677,0.9772470939818109,487,2,723.8499999999999,575,361.9249999999999,20
14875,1,Champions,1.173302904745422,0.19457181014087488,108,3,2862.3999999999996,442,954.1333333333332,88
14994,1,Champions,0.43912500223722184,1.115111556622155,383,5,942.77,624,188.554,232
17257,0,Hibernating,-2.07994081222747,0.719362762050484,437,2,189.78,437,94.89,14
16490,0,Hibernating,-1.980368065757259,0.6374926799425914,437,1,205.41,437,205.41,13
14704,1,Champions,1.7449647107399249,0.05906046766334498,20,9,1720.58,625,191.17555555555555,317
14197,0,Hibernating,-1.2879765038352309,0.5469691587624803,411,1,390.05000000000007,411,390.05000000000007,20
13738,0,Hibernating,-0.6316759279724127,0.5265343369118709,397,1,434.7800000000001,397,434.7800000000001,88
13254,0,Hibernating,-3.52418433610836,0.4673959665679094,377,1,51.41,377,51.41,4
14605,0,Hibernating,0.06384315212539396,1.20369153095002,375,4,920.71,732,230.1775,87
16916,1,Champions,0.7990913688482854,-0.3464570391389872,24,4,896.1200000000001,416,224.03000000000003,179
17251,0,Hibernating,-0.1689807631773925,1.143327120731108,363,3,798.98,725,266.32666666666665,65
15869,0,Hibernating,-1.2059245261870797,0.9200287153113968,278,3,321.10999999999996,627,107.03666666666663,29
15408,0,Hibernating,-1.3959216851698746,0.000605274176190394,265,1,267.18,265,267.18,34
17678,0,Hibernating,-0.7051543451739867,0.7959039621675542,264,2,599.76,604,299.88,27
13632,1,Champions,2.0551052909977754,0.07170998759428673,25,8,3645.81,612,455.72625,166
15436,1,Champions,1.0673588083319825,-1.125738196461072,13,3,1067.75,235,355.9166666666667,243
16902,2,New / Promising,0.24919039127726417,-1.1037502063010645,117,1,1706.8799999999997,117,1706.8799999999997,43
14050,2,New / Promising,-0.19200097173983563,-1.5734223648760102,32,2,746.3600000000001,107,373.18000000000006,49
15618,2,New / Promising,-0.21103984464266465,-1.256709711821513,33,4,776.85,137,194.2125,38
16573,0,Hibernating,-0.37414930561841975,-0.2983979099322235,85,2,663.6099999999999,291,331.80499999999995,40
13176,2,New / Promising,-0.6266731116520985,-2.224544864696402,47,1,481.49,47,481.49,66
13118,1,Champions,1.5470092918326006,-0.2890775892491966,20,9,2415.41,440,268.37888888888887,111
13895,1,Champions,2.087296172943504,0.2511755315161358,29,6,4008.52,737,668.0866666666667,154
18275,0,Hibernating,-0.7921541748831482,1.2615985950864057,579,2,741.8499999999999,732,370.9249999999999,19
14205,1,Champions,1.5256815947561593,-0.011347296290350618,17,9,2414.2,643,268.2444444444444,79
15613,0,Hibernating,-1.0929183229161101,1.0624079349752344,611,1,433.72,611,433.72,27
12983,0,Hibernating,-0.951136165854561,1.035066204907219,599,1,490.08,599,490.08,30
17845,0,Hibernating,-0.7120640464747652,1.1394855541631619,556,4,596.0899999999999,577,149.02249999999998,42
18052,1,Champions,1.3972000168314398,0.8561880472504381,565,1,10877.180000000002,565,10877.180000000002,16
13337,0,Hibernating,0.4310332226955743,0.9029204721969207,547,1,1575.26,547,1575.26,87
13440,0,Hibernating,0.03762962470925306,0.8700106183573354,424,7,1295.2500000000002,452,185.0357142857143,49
14891,0,Hibernating,0.13579964023302452,0.3651552996056932,149,4,1106.7299999999998,437,276.68249999999995,55
15865,1,Champions,1.4079238249378747,0.32735237407096845,41,5,2241.42,704,448.284,119
14294,0,Hibernating,-1.267545224371256,0.5411809385072992,408,1,375.34,408,375.34,23
13795,0,Hibernating,-0.5608252612789764,1.0712029508635208,389,4,836.3000000000001,638,209.075,23
16024,1,Champions,0.06796967267625327,-0.6155644234133615,13,3,478.71,412,159.57000000000002,77
15729,0,Hibernating,-2.0530495686689068,0.41426231333082686,213,3,192.55,404,64.18333333333334,10
13303,0,Hibernating,-3.3753767719538708,0.5418928194748366,401,1,61.72,401,61.72,4
17084,1,Champions,2.2783600177471066,-0.31785212612097663,36,3,5001.210000000001,397,1667.0700000000004,263
14922,0,Hibernating,-0.3166116809167159,0.7948967241409726,394,2,843.74,508,421.87,49
16074,0,Hibernating,-1.5963366110882258,0.4978395002629468,391,1,252.5,391,252.5,23
16897,0,Hibernating,-1.3505693181640364,0.27968084613021854,300,2,289.78000000000003,314,144.89,37
17881,0,Hibernating,-2.50608193711869,0.17676301152083282,305,1,133.35,305,133.35,8
16349,0,Hibernating,-3.2163358692001993,0.1447792686478258,291,1,53.5,291,53.5,9
12818,0,Hibernating,-0.5171678541998598,-0.07557424869445566,262,1,1182.0800000000004,262,1182.0800000000004,13
16097,0,Hibernating,-2.1526036985879506,-0.13328922561082757,241,1,185.05,241,185.05,10
17932,1,Champions,0.64355363683728,-0.9369891552711787,30,3,1331.57,212,443.8566666666666,84
17341,1,Champions,0.7954706307135703,0.6293331671848036,157,5,1272.21,541,254.442,200
15289,1,Champions,0.9425052588423857,0.09635512140784544,30,5,1593.09,622,318.61800000000005,67
13379,2,New / Promising,-0.11999282484804832,-1.3457146458076719,27,3,572.56,137,190.85333333333332,85
16187,1,Champions,2.4345594351528828,-0.4570324077913859,32,15,6911.4400000000005,285,460.7626666666667,160
17777,2,New / Promising,0.13326023668576148,-1.6431162463131674,25,3,647.56,101,215.85333333333332,141
17229,2,New / Promising,-1.165656976024553,-0.8687990592826093,97,2,318.76,143,159.38,39
15475,2,New / Promising,-0.9973909282333804,-1.5921425376991856,78,1,454.11,78,454.11,29
12488,2,New / Promising,0.3660567369078066,-2.27322818518094,10,3,1244.66,76,414.8866666666667,45
14098,2,New / Promising,-2.042563118596209,-2.5138000093773942,37,1,147.35,37,147.35,21
13673,2,New / Promising,-0.879072526913734,-2.7992163730948336,19,2,387.43999999999994,33,193.71999999999997,47
13200,2,New / Promising,0.01137975341994647,-1.5135424902452452,20,4,870.0900000000001,127,217.52250000000004,42
16566,2,New / Promising,-0.46246416852210104,-0.8199847633738194,16,5,614.66,293,122.932,14
17144,2,New / Promising,0.45713306716733787,-2.7221917107073264,2,2,984.57,85,492.285,42
13768,0,Hibernating,-0.5322052117746665,1.3520493715525665,727,2,875.9700000000001,731,437.98500000000007,30
17966,1,Champions,1.2250262110966208,0.37595956812234027,38,10,1963.92,691,196.392,82
17074,0,Hibernating,-2.39688307472104,0.945982943725882,563,1,203.05,563,203.05,4
17849,0,Hibernating,-0.17179859482968737,0.9354443500481069,219,8,1063.7600000000002,636,132.97000000000003,24
14364,1,Champions,1.1526327689606657,-0.3481944943510185,109,8,3717.349999999999,212,464.66874999999993,61
16159,0,Hibernating,-0.026044389482820576,1.0716497896874646,282,4,1232.79,737,308.1975,31
17615,0,Hibernating,-0.206120253399557,0.4766868577075577,131,6,721.8000000000001,486,120.3,47
16761,2,New / Promising,-1.598893480844958,-1.3166110236542081,97,1,316.62,97,316.62,13
16160,2,New / Promising,-0.4661688850050058,-1.5209088440681444,66,2,1025.44,86,512.72,20
14779,0,Hibernating,-1.067290024591604,0.32636317879559806,281,3,386.15,324,128.71666666666667,40
16998,0,Hibernating,-1.836914360783478,0.38797545060342475,150,5,402.0,445,80.4,2
17929,1,Champions,0.9031894168102771,-0.03359243444727674,12,12,3082.1000000000004,731,256.8416666666667,6
14148,0,Hibernating,-1.1836051102211074,0.4057397465076377,234,2,466.29,415,233.145,15
15326,1,Champions,0.6426018946704896,1.1810606905317829,334,5,1700.52,739,340.104,94
15709,0,Hibernating,-1.2418411288725337,0.8199523930023003,284,2,327.85,590,163.925,26
16522,0,Hibernating,-1.3393899523950836,0.725249259498781,436,2,433.36,451,216.68,16
14594,2,New / Promising,-0.26067257012279327,-0.9261330920025385,8,2,363.33,374,181.665,48
15017,2,New / Promising,-2.1918710287508483,-2.6166184290929686,34,1,125.58,34,125.58,20
13153,2,New / Promising,-1.150843323043025,-4.748536902361224,6,1,486.22,6,486.22,15
12703,0,Hibernating,0.21132828971297757,0.4993141969390845,72,4,898.53,685,224.6325,55
17982,0,Hibernating,-2.3154795210825174,1.2233145871653401,681,1,138.17999999999998,681,138.17999999999998,13
17155,1,Champions,0.4569122840682996,0.11554541826123824,18,7,892.46,737,127.49428571428572,43
16328,0,Hibernating,-1.564126868874167,0.9591057925853327,564,1,310.83000000000004,564,310.83000000000004,16
13125,0,Hibernating,-2.092530465160333,0.8896894110015972,524,1,148.62,524,148.62,20
13766,0,Hibernating,-1.9693704336479168,0.8073000955493611,496,1,190.35,496,190.35,16
13691,0,Hibernating,-1.4289236687097824,0.5383587554320116,397,1,210.77999999999997,397,210.77999999999997,53
13464,1,Champions,1.613710295690335,0.3660642031954084,59,6,3097.6400000000003,619,516.2733333333334,128
13670,2,New / Promising,-1.2703171787293734,-1.6204062132958401,76,1,349.70000000000005,76,349.70000000000005,25
12923,0,Hibernating,0.04721054638433776,0.26914208438939863,65,3,769.17,576,256.39,53
12740,2,New / Promising,-1.0715557616872584,-1.844599200698523,64,1,427.6,64,427.6,27
15872,1,Champions,0.7484689176113011,-0.2605209506799341,15,4,729.2500000000001,551,182.31250000000003,164
18101,1,Champions,0.47731628651619445,-0.13384674400617436,12,5,622.01,675,124.402,89
12875,0,Hibernating,-0.7267781102668848,0.7448428993523594,144,5,1356.99,698,271.398,2
13073,0,Hibernating,-1.1964307955097029,0.6859885798255844,412,2,418.08,438,209.04,25
17556,0,Hibernating,-1.5903943391627062,0.2869982087180974,206,2,300.67,380,150.335,13
16018,0,Hibernating,0.08920670523554147,0.3416824906399707,40,4,698.13,733,174.5325,48
16752,0,Hibernating,-2.101389737196705,0.4259488429108372,373,1,207.5,373,207.5,9
17598,0,Hibernating,-1.49866516202118,0.43850238733871894,382,1,409.98,382,409.98,10
17443,0,Hibernating,-1.9378471627442975,-0.3148665209043511,220,1,534.24,220,534.24,1
15330,2,New / Promising,-0.9402866951555833,-2.0936808040305124,33,2,714.96,61,357.48,10
13311,2,New / Promising,-0.1893871997075464,-1.930682661892124,5,2,598.57,151,299.285,25
14266,0,Hibernating,-4.078284653069223,0.6238756236815574,429,1,40.56,429,40.56,1
13445,0,Hibernating,-2.0691245840592587,1.0891692360139902,627,1,241.9,627,241.9,7
14208,0,Hibernating,-0.46079537588844344,0.32604208821320907,95,2,567.0500000000001,552,283.52500000000003,34
17717,0,Hibernating,-1.218428063581985,0.5869475175995392,422,1,376.92,422,376.92,26
12489,0,Hibernating,-1.6379746966963897,0.29169876916671944,337,1,298.93,337,298.93,14
12942,0,Hibernating,-0.2099780209346472,0.13858044397992372,132,3,675.6,366,225.2,68
16342,0,Hibernating,-1.5593252605067551,-0.6915021315425676,76,4,322.40999999999997,180,80.60249999999999,10
18123,0,Hibernating,0.10872358437324335,-0.19151615380239326,25,3,666.6399999999999,514,222.21333333333328,53
17487,0,Hibernating,-2.36524199751005,1.2986442333898165,729,1,160.55,729,160.55,8
14402,0,Hibernating,-1.885676932487863,1.1391194288309476,653,1,285.6,653,285.6,8
13175,0,Hibernating,-0.41657337541888584,1.2795641439328336,583,2,831.4499999999999,736,415.725,40
15210,0,Hibernating,0.2150099559231642,0.7402503095481541,226,3,1176.19,576,392.06333333333333,66
17132,0,Hibernating,0.04330221040498772,0.8078787917181508,453,2,1220.91,489,610.4549999999999,62
13386,0,Hibernating,-0.6377145909241739,0.6676464626249532,415,2,835.46,438,417.73,24
15308,0,Hibernating,-1.4908476329927018,0.033328595012661756,275,1,310.46999999999997,275,310.46999999999997,19
15655,0,Hibernating,-0.7783860843975734,-0.12792122910046558,244,1,560.67,244,560.67,34
16363,2,New / Promising,-2.803449062789096,-2.0504537658044737,54,1,109.36,54,109.36,5
13165,1,Champions,0.531725707497964,-0.17482341298772658,47,3,1451.16,414,483.72,47
14073,2,New / Promising,-2.19742558216283,-2.6673808615327816,33,1,151.04000000000002,33,151.04000000000002,13
13411,2,New / Promising,-1.8291277499568184,-1.1622550690058704,108,1,213.55,108,213.55,17
12746,0,Hibernating,-1.7070692552752387,0.9122072412064716,541,1,254.55,541,254.55,17
12512,2,New / Promising,-2.054322140962364,-1.6708348570906897,67,2,132.18,67,66.09,31
12403,0,Hibernating,-0.6689307264272928,-0.022479797576466665,50,2,947.36,522,473.68000000000006,4
15139,0,Hibernating,-2.0777311664467057,0.2524143933711988,240,2,178.95999999999998,337,89.47999999999999,13
16716,0,Hibernating,-0.13285805142477292,0.8289892445552038,267,3,2149.6800000000003,631,716.5600000000001,7
17956,0,Hibernating,-4.992474507999849,-0.04136435389553236,250,1,12.75,250,12.75,1
17339,0,Hibernating,-1.45746928386503,0.3011953885773274,95,3,302.36,510,100.78666666666668,10
18105,2,New / Promising,-2.3164294689631517,-2.475245241641694,38,1,113.48000000000002,38,113.48000000000002,18
13820,0,Hibernating,-0.36363422636928916,1.1488749175748274,419,3,652.75,681,217.58333333333337,68
13338,1,Champions,1.1201546201045223,0.8114333659614882,158,4,2345.62,704,586.405,112
13070,0,Hibernating,-0.7086711690147943,0.9174782516585737,193,4,751.7,733,187.925,12
14008,0,Hibernating,-0.8902786629994265,0.6151891549523122,433,1,509.0399999999999,433,509.0399999999999,32
13189,2,New / Promising,-1.1400787275514905,-1.6739151084905501,19,2,260.68,116,130.34,29
12827,2,New / Promising,-0.8494683304464549,-2.901333312528853,6,3,430.15,45,143.38333333333333,19
16772,1,Champions,1.0006479993192938,1.1509800078111612,424,3,3698.05,722,1232.6833333333334,54
12346,1,Champions,3.2770316041922722,0.846798743663033,326,3,77352.96,648,25784.320000000003,25
14792,2,New / Promising,-5.353075312487224,-1.7662461856054046,64,1,6.2,64,6.2,2
17825,0,Hibernating,-0.7581991508069179,1.361547412107856,599,4,701.96,726,175.49,24
16777,1,Champions,0.8008399848080905,0.5077873535020444,81,5,1292.1799999999998,633,258.436,125
13501,1,Champions,1.0267942580814053,0.8067649361593696,289,3,2885.11,571,961.7033333333334,90
12634,0,Hibernating,-1.3780179137290163,0.9229865386060213,549,1,359.99999999999994,549,359.99999999999994,19
15718,0,Hibernating,-1.566807029186868,0.9090094928807149,541,1,293.79,541,293.79,18
15617,0,Hibernating,-0.40762581117152236,0.8456951751251779,397,3,828.55,508,276.18333333333334,41
13653,0,Hibernating,-2.3622995837624945,0.7827048991460367,488,1,152.2,488,152.2,9
12505,0,Hibernating,-0.432121706645996,0.5331454198769559,409,1,787.1999999999998,409,787.1999999999998,41
17872,0,Hibernating,-1.8113366678274538,0.4619845054883517,382,1,235.87,382,235.87,15
16297,0,Hibernating,-1.4946772670927262,0.006589539476303757,269,1,301.90000000000003,269,301.90000000000003,20
12999,0,Hibernating,-1.0865575206458666,-0.07378051323779661,197,3,455.88000000000005,246,151.96,25
15553,2,New / Promising,-0.8258652238551566,-1.8941287309609212,61,1,428.9299999999999,61,428.9299999999999,51
17761,2,New / Promising,-0.7684946718770401,-2.70636920733083,33,1,712.7800000000001,33,712.7800000000001,19
13236,2,New / Promising,-0.2812478140026529,-1.6727222987165484,25,2,744.8499999999999,107,372.4249999999999,34
13459,0,Hibernating,-0.03364343847334921,1.2355104978062283,625,2,1160.41,683,580.205,57
13511,0,Hibernating,-2.0532880347545146,1.1783950288584197,677,1,282.76,677,282.76,5
16507,0,Hibernating,-1.8952137061412655,1.0179142821673197,573,1,142.70999999999998,573,142.70999999999998,37
14797,0,Hibernating,-1.5911936575634882,0.8247860317789766,508,1,300.31,508,300.31,16
16044,0,Hibernating,-1.4200805611648828,0.6264029306399156,436,1,340.84,436,340.84,19
15138,0,Hibernating,-0.9116612477793491,0.4928957924623796,394,1,502.52,394,502.52,31
13550,0,Hibernating,-1.1329484036999453,0.47570746662222735,384,1,342.55000000000007,384,342.55000000000007,40
15460,0,Hibernating,-1.4136851860859323,0.3932773861179873,355,1,214.25999999999996,355,214.25999999999996,53
13038,0,Hibernating,-0.30216004844929867,-0.28494307297024,81,3,908.46,291,302.82,24
12834,0,Hibernating,-1.5062594776145921,0.06921552283639396,283,1,312.38000000000005,283,312.38000000000005,18
12743,2,New / Promising,-0.3973531655758209,-0.7888530166356247,135,2,540.13,135,270.065,114
12938,2,New / Promising,-2.5575372795734586,-2.9644742745402297,26,1,114.14,26,114.14,9
14950,2,New / Promising,-1.3042233118218711,-3.3118343888977075,20,1,371.2,20,371.2,19
14093,2,New / Promising,-0.5542543852547751,-3.812191875775012,13,1,433.86,13,433.86,95
12532,2,New / Promising,-1.5373971773025221,-2.764994720045586,31,1,313.83,31,313.83,15
17970,0,Hibernating,-0.8605542754195715,-0.3137774190162061,212,1,562.7900000000001,212,562.7900000000001,27
16252,0,Hibernating,-1.5006305947047294,0.4648417271502604,383,1,295.09000000000003,383,295.09000000000003,21
16616,2,New / Promising,-0.4754212458842757,-1.4762790921113198,16,2,500.42,158,250.21,31
14048,0,Hibernating,-0.05928550488927736,0.5130536065943846,306,3,748.69,383,249.56333333333336,126
15582,2,New / Promising,-0.16021739973242505,-0.9623982084848977,25,3,682.9100000000001,221,227.63666666666668,39
12522,2,New / Promising,-2.272198850332801,-2.1189681731644043,40,2,156.72,52,78.36,10
13096,0,Hibernating,-2.1472295449481744,0.448510313946699,395,1,419.7000000000001,395,419.7000000000001,1
14314,0,Hibernating,-1.7398378730814934,0.15184890441761303,107,2,229.8,431,114.9,10
16737,0,Hibernating,-1.128387126737389,0.08544541530621981,54,2,835.1999999999999,578,417.6,1
14351,0,Hibernating,-3.877362651386942,-0.6168639137423293,165,1,51.0,165,51.0,1
15303,0,Hibernating,0.2102809155498907,0.9918030981160321,291,3,1224.1799999999998,684,408.05999999999995,63
15560,0,Hibernating,-2.3752119540722676,0.5986907886465415,398,2,153.51999999999998,398,76.75999999999999,10
14079,2,New / Promising,-1.4907373199389296,-0.9971784184784138,125,1,375.1,125,375.1,12
18034,1,Champions,0.6493978051250706,-0.5028434401492832,22,3,753.35,376,251.11666666666667,181
13699,0,Hibernating,-0.3318986891353776,0.5059859138588568,156,2,764.1499999999999,551,382.07499999999993,33
18187,0,Hibernating,-0.4468433667720101,1.1016617200880219,632,1,724.89,632,724.89,48
15573,1,Champions,1.0954347369371524,0.29338330708446075,32,5,1180.47,730,236.094,180
18091,0,Hibernating,-1.274482349739613,1.029899659438395,594,1,360.8499999999999,594,360.8499999999999,25
18021,0,Hibernating,-1.6636282376599585,0.9357871708372052,510,2,216.40999999999997,513,108.20499999999998,32
13292,1,Champions,0.3852130402934627,0.05514296166548169,39,5,994.51,527,198.902,55
18011,0,Hibernating,-0.7843565900565255,0.9018848042672315,374,2,410.79,568,205.395,63
18143,2,New / Promising,-0.09829730094945505,-0.8289750936927157,117,2,1000.16,142,500.08,59
15263,2,New / Promising,-2.214081348268809,-1.171270442310566,107,1,156.51,107,156.51,12
15526,2,New / Promising,-2.6757212239090573,-2.57082563908059,34,2,148.44,34,74.22,4
14065,0,Hibernating,-0.36702791883799696,0.6902131093253112,390,3,891.02,432,297.00666666666666,42
12821,0,Hibernating,-1.7586755648084187,0.7445794881405395,215,2,220.8,612,110.4,13
13438,0,Hibernating,-3.970524648096266,0.9366955061173461,548,1,46.5,548,46.5,1
17367,0,Hibernating,-1.7929431706275554,-0.11955758079272409,239,1,167.55,239,167.55,33
14985,0,Hibernating,-0.9410679044771131,0.2560671065713556,199,2,292.01,359,146.005,78
13563,2,New / Promising,-0.3115375867985379,-0.9541930848868709,85,2,777.53,141,388.765,49
15821,2,New / Promising,-0.5391160371116689,-1.923406342806889,45,2,570.96,62,285.48,57
13187,0,Hibernating,-1.0146424828196594,1.0398548484346966,338,4,328.36,625,82.09,50
18124,0,Hibernating,-2.397052306059082,0.7680612626342277,473,1,102.65,473,102.65,20
17366,0,Hibernating,0.19072446703896911,0.7452101526294694,433,2,1077.24,457,538.62,120
13932,0,Hibernating,-1.5637814587272258,0.12122449408964374,295,1,307.4,295,307.4,16
13127,2,New / Promising,-1.7097553063691324,-1.587592391134073,78,1,259.16999999999996,78,259.16999999999996,15
15634,0,Hibernating,-0.19891327676871987,-0.6310591677080106,18,2,554.6500000000001,384,277.32500000000005,34
17212,0,Hibernating,-0.485658886612902,0.6294215165053011,254,3,794.41,487,264.80333333333334,29
13172,0,Hibernating,-3.6355167126816723,0.5208762195679009,401,1,69.6,401,69.6,1
14053,0,Hibernating,-1.385496429113034,0.364604919937455,125,4,572.3,487,143.075,3
14877,0,Hibernating,-0.7925363529581846,1.0554157688056356,419,2,425.85,643,212.925,57
14672,0,Hibernating,0.334600555357492,0.9530639711493009,235,4,1113.14,681,278.28499999999997,93
15350,0,Hibernating,-0.963029229290352,0.522061508781764,374,2,547.6000000000001,384,273.80000000000007,26
13483,2,New / Promising,-2.362739438985801,-1.790302016517791,66,1,140.34,66,140.34,10
16117,0,Hibernating,-0.24119182566153183,0.7147599070996795,190,3,654.4000000000001,592,218.13333333333335,64
18032,0,Hibernating,-3.1578323476724623,0.30774540012161433,335,1,73.5,335,73.5,5
16294,0,Hibernating,-2.5592592457992973,0.7567351279543366,477,1,126.05,477,126.05,8
17947,2,New / Promising,-2.2012899185615504,-2.5005319519097147,38,1,176.68,38,176.68,9
16964,0,Hibernating,-2.3108004659704537,1.3733308471190104,734,2,207.85,734,103.925,6
16714,1,Champions,0.5010014045489064,1.0106272311235256,318,3,1482.3300000000002,671,494.11000000000007,94
16695,0,Hibernating,-1.7902002609902867,1.0584376520552774,562,2,191.9,562,95.95,30
15851,0,Hibernating,-2.6753536097189534,0.8898004880128902,527,1,109.73,527,109.73,8
14435,0,Hibernating,-3.151948770200609,0.8170858403790564,502,1,90.42,502,90.42,3
12979,0,Hibernating,-0.6699375415032995,1.301142935098604,730,1,517.6999999999999,730,517.6999999999999,56
14042,0,Hibernating,-1.1932462672060267,1.281185096638581,726,1,431.98,726,431.98,21
15742,0,Hibernating,-1.778840224611388,1.1190881692508907,620,1,156.87,620,156.87,41
14683,0,Hibernating,-2.087599438685784,1.0423339186686373,589,1,146.56,589,146.56,21
13974,0,Hibernating,-0.07355358952723229,0.12918399661313268,50,2,677.72,583,338.86,43
12499,0,Hibernating,-1.2661021945136923,0.9568947499799431,561,1,357.72,561,357.72,26
16925,0,Hibernating,-2.271147619055703,0.9340332185025249,541,1,125.65,541,125.65,18
17156,0,Hibernating,-0.6913740913070783,0.7796790084576104,492,1,591.8699999999999,492,591.8699999999999,39
16886,0,Hibernating,-2.5080260328231843,0.6995186520329586,457,1,134.0,457,134.0,8
12699,0,Hibernating,-0.7163325561204716,0.5705897205589877,418,1,566.1100000000001,418,566.1100000000001,40
15011,0,Hibernating,-1.3447254649466043,0.6191987427306029,396,2,416.6,417,208.3,17
12574,0,Hibernating,-2.1683316286058965,0.21716331067484995,316,1,182.45,316,182.45,10
15069,0,Hibernating,0.07139260924334218,-0.5271550379272776,180,1,1109.53,180,1109.53,70
16257,0,Hibernating,-4.560301134506619,-0.5021399907039598,177,1,21.95,177,21.95,1
15871,0,Hibernating,-3.813328094758908,0.6775891045379556,438,1,33.099999999999994,438,33.099999999999994,5
13891,0,Hibernating,-0.007491575075254398,0.9677200351642908,379,3,859.21,583,286.40333333333336,97
13326,0,Hibernating,-1.7178382185720071,0.6162748686670569,433,1,281.76,433,281.76,13
14458,0,Hibernating,-1.4583351897681405,0.4809288794715055,381,1,219.27,381,219.27,45
15902,0,Hibernating,-2.1473784179200757,0.4762099603629412,381,1,145.01,381,145.01,18
16247,0,Hibernating,-2.374115473190544,-0.553579992175549,171,1,114.56,171,114.56,16
13730,0,Hibernating,-0.5096128116880989,-0.6519421302795555,136,2,752.5999999999999,162,376.2999999999999,38
14801,2,New / Promising,-1.4694596623878997,-1.84749376277843,62,1,189.34,62,189.34,56
17993,0,Hibernating,-1.329904996673149,1.1112819471117183,618,1,225.99,618,225.99,60
14024,0,Hibernating,-0.494180140741971,0.1559086517295856,122,3,645.74,391,215.24666666666667,33
16417,0,Hibernating,-4.1840181632888,0.8074629699129727,493,1,35.7,493,35.7,1
14613,0,Hibernating,-3.5675365497170843,1.2035374037715028,681,1,76.32000000000001,681,76.32000000000001,1
17833,0,Hibernating,-1.2878970543937671,1.2901001409999628,724,1,338.46,724,338.46,28
14774,0,Hibernating,-1.8490211056946064,0.8799334662035074,529,1,241.45,529,241.45,13
12543,0,Hibernating,-0.3699802259030137,0.6523669221543336,449,1,840.2500000000001,449,840.2500000000001,42
15710,0,Hibernating,0.05858981494209719,0.5759480635130436,418,1,898.8699999999999,418,898.8699999999999,110
16693,1,Champions,0.8353788694558569,0.4861396210830669,69,5,1179.48,657,235.896,149
14181,0,Hibernating,-1.1494151825347798,0.9337145799730345,411,2,308.35,563,154.175,48
12624,0,Hibernating,-0.7023028095928878,-0.6524962885766065,107,2,569.1299999999999,178,284.56499999999994,35
18243,0,Hibernating,-0.9572871056792269,0.5560422292076158,415,1,515.78,415,515.78,26
16962,0,Hibernating,-1.7606276963693237,0.5516317022461791,410,1,251.04,410,251.04,15
14932,0,Hibernating,-0.9016096164072077,0.5187830703313848,366,2,566.13,386,283.065,28
15041,0,Hibernating,-0.7887098924234339,0.3965473626132077,171,2,288.98,445,144.49,97
17444,1,Champions,0.9188700697453234,-0.5605756422858063,152,2,2389.1000000000004,173,1194.5500000000002,131
17793,2,New / Promising,-1.1252051848559401,-2.962213259510443,26,1,300.34,26,300.34,49
16622,0,Hibernating,-1.9355558723868036,0.9167324761877905,544,1,225.4,544,225.4,12
15063,0,Hibernating,-1.8110033155400411,-0.3187674106311756,214,1,370.7999999999999,214,370.7999999999999,5
15467,2,New / Promising,-0.24629402627445957,-1.619872358595787,10,3,524.88,153,174.96,41
15313,2,New / Promising,-3.85565919486302,-1.127626290037969,111,1,52.0,111,52.0,1
16381,0,Hibernating,-1.2966845651760768,0.6620996646157953,396,2,247.84999999999997,419,123.92499999999998,60
16142,0,Hibernating,-0.7850128266870575,-0.09361184066422028,250,1,535.34,250,535.34,37
12506,0,Hibernating,-2.6096225197095944,-0.1348586745353119,233,1,73.5,233,73.5,23
14881,2,New / Promising,-1.6561954521307958,-3.302808903748751,20,1,255.40000000000003,20,255.40000000000003,17
14168,0,Hibernating,-1.5525871842629066,0.9139643980232044,421,2,370.45,565,185.225,11
14652,2,New / Promising,-2.142932114287151,-1.5514438917023237,78,1,114.18,78,114.18,29
14637,0,Hibernating,-2.7484841976656904,1.2145042520789122,678,1,106.68,678,106.68,7
14764,2,New / Promising,-1.9669472583543977,-2.2515199153562406,47,1,278.3,47,278.3,6
17831,2,New / Promising,-3.9929121797499536,-2.616891372284862,34,1,35.400000000000006,34,35.400000000000006,2
12892,0,Hibernating,-1.6530069709511337,0.511825775689063,397,1,263.38,397,263.38,18
16956,2,New / Promising,-1.5195319955451436,-3.439267524689507,18,1,308.74,18,308.74,16
17488,0,Hibernating,-1.4565340854410702,1.126563435292315,642,1,336.5,642,336.5,18
14476,0,Hibernating,-1.9258762653490222,-0.037090245295071114,258,1,193.0,258,193.0,17
13130,2,New / Promising,-3.524448317498249,-1.325794669521581,95,1,64.0,95,64.0,2
15014,2,New / Promising,-1.2414417706565404,-0.9776109116098202,44,2,257.66999999999996,177,128.83499999999998,29
14739,1,Champions,3.412777284179895,-0.20014256907343075,5,25,11573.62,738,462.9448,129
14548,1,Champions,1.059548444763249,0.9319814398578503,151,9,2541.29,734,282.36555555555555,66
14590,1,Champions,1.3092377183671935,1.4542121501254244,425,20,2993.3700000000003,733,149.66850000000002,124
15823,1,Champions,1.3342844259801894,1.3417370859375195,730,2,3867.170000000001,732,1933.5850000000005,154
17085,1,Champions,2.8901563955964327,1.023986273519198,124,28,7839.27,734,279.9739285714286,410
12471,1,Champions,4.836814586165515,-0.22684721718492834,3,71,35099.899999999994,733,494.3647887323943,252
13468,1,Champions,4.117887993527938,-0.2990988117791648,2,72,12793.28,737,177.68444444444447,290
15768,1,Champions,3.5149887082043376,1.0125471966085084,116,34,15308.89,737,450.2614705882353,437
17150,0,Hibernating,0.2914391656754314,1.2462719290689244,377,6,1357.95,734,226.325,64
14839,0,Hibernating,-0.11740964519783867,1.1683002862522565,419,3,915.28,705,305.0933333333333,61
16875,1,Champions,2.015525106461155,0.6182574575348605,68,11,4234.53,704,384.9572727272727,161
18134,0,Hibernating,-1.1032954733250246,1.2491946124227993,599,2,445.0,695,222.5,27
12644,1,Champions,0.9596057953862643,0.7295618100664488,130,4,1900.49,695,475.1225,105
14527,1,Champions,5.049994752382178,-0.11571040006024681,3,121,27191.1,738,224.71983471074375,605
14701,1,Champions,2.8820222393558756,-0.022300945694977575,11,15,4487.110000000001,685,299.14066666666673,455
17218,1,Champions,2.6988616613242424,-0.27331716643085346,5,18,3889.39,684,216.07722222222225,247
12873,0,Hibernating,0.38805880087223826,0.9513813947073194,283,3,2027.3,682,675.7666666666668,33
15695,0,Hibernating,0.11755665697057147,0.9933844734048949,267,4,1131.04,682,282.76,55
14047,1,Champions,2.181970851736941,-0.14079983335249996,9,14,3968.11,677,283.43642857142856,91
16830,1,Champions,0.6650413282778921,0.31422640145120323,39,4,1207.5,727,301.875,65
13975,1,Champions,2.7449996829877157,0.3202447890421892,32,12,5256.4,676,438.0333333333333,434
14669,1,Champions,1.7611669496317743,1.1071867391664314,242,7,3216.7799999999997,738,459.54,334
15615,1,Champions,4.180606428206762,0.16093457379549136,11,47,21373.97,738,454.7653191489361,292
13771,1,Champions,2.2882561754047592,0.4973247065103112,65,9,5728.82,653,636.5355555555556,182
14422,1,Champions,3.862894735766411,-0.6653253695233612,1,19,10271.52,723,540.6063157894737,317
14970,1,Champions,1.8174833474542642,0.5634748941616488,69,12,4919.349999999999,664,409.94583333333327,71
16029,1,Champions,4.7597665788209635,0.6643041036838366,39,106,109620.87,732,1034.159150943396,56
15149,1,Champions,0.5459573371007033,0.6767690082879967,134,4,1524.61,650,381.1525,61
13508,0,Hibernating,-1.2872943379816852,0.8438621576146254,244,2,287.05,643,143.525,27
16013,1,Champions,4.606084562709915,-0.1590130561160922,4,84,56078.44,732,667.6004761904762,54
15312,1,Champions,1.5798497894950834,0.7038030730236597,76,12,2930.1899999999996,724,244.1825,118
17640,1,Champions,1.1725111700922004,0.5072050192535527,87,6,3168.9399999999996,627,528.1566666666666,48
14680,1,Champions,4.724876058156469,0.4714678991459998,26,58,55688.5,736,960.146551724138,222
16455,1,Champions,1.8098404853726446,0.47448452826624754,64,11,3995.57,620,363.2336363636363,111
13952,1,Champions,2.8700110247224937,1.101716335054029,218,14,12823.52,724,915.9657142857144,237
17044,1,Champions,2.886164056493554,0.26201770476619324,26,12,11962.3,733,996.8583333333336,92
16276,1,Champions,0.4947272893604023,0.6489627468834304,177,3,2629.3900000000003,608,876.4633333333335,20
13450,1,Champions,1.7754950932654354,0.13463854902191616,27,13,4120.04,604,316.92615384615385,57
17850,1,Champions,3.9212173072499055,1.6268111097735425,373,155,51208.87000000001,735,330.379806451613,100
18231,1,Champions,2.4234034723184763,1.142135997849121,193,28,6848.27,699,244.58107142857145,217
14788,1,Champions,0.8291051277544785,-0.48379114103961235,8,3,1156.32,597,385.44,53
17332,0,Hibernating,-0.1378322973415418,1.270791380605,529,5,827.7700000000001,657,165.55400000000003,81
14474,1,Champions,0.8565989283782529,0.10233611260911231,47,2,1258.89,580,629.445,122
17838,1,Champions,2.391173945776451,0.18234462252208194,27,13,5604.64,631,431.1261538461539,141
13564,1,Champions,3.3498846284042867,1.4551100223908138,355,36,15880.22,738,441.11722222222227,483
13957,0,Hibernating,-1.1112357019681574,1.1067023078906013,418,3,458.25,659,152.75,21
16604,0,Hibernating,-1.5200974474952818,1.026736460597034,563,2,432.4500000000001,569,216.225,10
16422,1,Champions,4.69197957904286,0.361880214535889,18,107,61656.420000000006,697,576.2282242990655,109
14492,1,Champions,0.5637609043800427,1.1580145732591163,431,7,1921.91,620,274.55857142857144,70
16701,1,Champions,3.247040548322541,0.01313119932788456,9,26,9916.73,739,381.4126923076923,154
17897,1,Champions,1.2527956396540512,0.7943550856464789,173,9,2053.0400000000004,577,228.1155555555556,210
13052,1,Champions,1.4519007419155554,0.9365406622754507,213,7,3118.4800000000005,655,445.49714285714293,160
17350,1,Champions,1.6107746962127067,-0.21289415899853772,9,7,1893.7000000000005,677,270.52857142857147,123
15016,0,Hibernating,-0.11801651734126914,0.6783001418117242,173,5,620.8900000000001,544,124.17800000000004,93
15600,0,Hibernating,0.03486838252499141,1.0498799318843335,429,4,1199.31,594,299.8275,55
15122,1,Champions,1.909617412623313,0.7022235609028292,115,11,4487.27,620,407.9336363636364,155
15858,1,Champions,2.4077708546793826,0.1468446765052084,16,13,3552.41,730,273.2623076923077,273
17675,1,Champions,5.077532731732899,-0.3404629312175581,2,70,37642.48,730,537.7497142857143,345
17960,0,Hibernating,-1.7187160869826332,0.7855133271693502,172,3,135.08,642,45.02666666666667,37
13239,1,Champions,0.5293133212653169,0.738439457276696,262,5,1594.69,503,318.938,86
13823,1,Champions,1.9106730631014335,0.098561193845766,19,7,3403.45,725,486.20714285714286,108
14630,0,Hibernating,-1.3896892433681443,0.7662116024086754,485,1,338.65000000000003,485,338.65000000000003,21
17157,1,Champions,2.4180508994314183,-0.07160427575081586,8,19,5151.900000000001,736,271.1526315789474,78
12682,1,Champions,4.402114305757716,-0.16236864498060988,4,51,20736.22,739,406.5925490196078,326
13477,1,Champions,1.6547569592825206,0.3757414553683974,38,11,2819.17,684,256.28818181818184,112
16186,1,Champions,2.9893013657936347,0.3489787828395021,23,26,8718.43,731,335.3242307692308,172
13448,1,Champions,3.1642742193572664,0.1400380014752846,17,12,8386.220000000001,734,698.8516666666668,320
15736,1,Champions,0.5012017423058666,0.6861941879585954,436,2,1767.12,436,883.56,95
16407,1,Champions,1.8233674070422279,-0.3995604448545099,13,14,2761.65,433,197.2607142857143,120
16281,1,Champions,1.0428793574862723,0.4114557403387242,73,3,3424.02,683,1141.34,27
17390,0,Hibernating,-2.273313135819035,0.5972214904067105,421,1,149.29999999999998,421,149.29999999999998,12
17894,1,Champions,1.585505989132861,0.3689325198655419,72,18,2304.16,470,128.0088888888889,214
17732,1,Champions,0.7553794165855738,0.9050501385149778,373,8,2166.4200000000005,488,270.80250000000007,90
17690,1,Champions,2.81257861099957,0.3620956191063932,31,20,6963.799999999999,675,348.18999999999994,237
12395,1,Champions,2.23820165564917,0.05903910043654864,20,15,4241.17,603,282.74466666666666,144
14824,1,Champions,2.072284026510029,-0.174582403172909,11,10,4022.91,638,402.29100000000005,84
16570,1,Champions,2.70313911622582,0.023653244627324536,16,20,7434.31,620,371.7155,114
14275,0,Hibernating,-0.4419819948939744,1.0703452570394492,396,6,1189.38,608,198.23,14
13316,1,Champions,2.9103247148158524,0.2572007556284006,38,10,12940.82,640,1294.082,115
13693,1,Champions,0.7315071463432972,1.2923289242655362,375,9,2011.82,733,223.53555555555556,78
14684,1,Champions,1.34511671777064,-0.32326717041409386,26,6,1430.0300000000002,391,238.33833333333337,272
17545,1,Champions,1.18895852315925,0.22428775696600162,44,6,1409.86,578,234.9766666666667,204
14358,0,Hibernating,-1.290698107681939,0.6440258923034399,390,2,400.05999999999995,429,200.02999999999997,21
14049,1,Champions,3.732789090152719,-0.006247754384581186,17,13,13023.4,618,1001.8,573
17421,0,Hibernating,-0.07813424088508371,1.1669726466058183,387,3,1059.41,736,353.1366666666666,46
14679,0,Hibernating,0.11135064315425938,1.1523808339845931,382,3,1289.44,732,429.81333333333333,49
12996,0,Hibernating,-1.328157645416343,0.43633769529276123,376,1,355.5,376,355.5,22
17041,1,Champions,1.1286994338963192,0.05588716939861599,27,6,1655.2,601,275.8666666666667,93
14733,1,Champions,3.193168064131566,-0.4026011640979929,17,15,14335.149999999998,403,955.6766666666664,140
15562,0,Hibernating,-0.5777356118291019,1.1257856660446164,352,3,671.4300000000001,727,223.81000000000003,32
16839,1,Champions,3.895706086563229,-0.027145497694063547,9,44,21758.25,667,494.5056818181818,132
15661,0,Hibernating,-0.11671367292143292,0.9927709323296062,318,8,1215.95,579,151.99375,27
15811,1,Champions,1.9888849506527753,-0.38300519931958155,23,7,3392.55,389,484.65,204
16745,1,Champions,2.2556833539758494,0.021430797700951177,87,17,7180.7,312,422.3941176470588,148
14239,1,Champions,2.0061806253907273,0.5763788158201683,44,21,4263.17,735,203.00809523809525,97
12693,1,Champions,0.4918895969531389,0.5412972583713617,128,7,1415.02,523,202.1457142857143,62
18172,1,Champions,3.7648404508602695,0.2730195619944177,15,52,17467.239999999998,729,335.9084615384615,176
17288,1,Champions,1.9942694815779893,-0.5955583740821602,10,11,2468.4300000000003,395,224.4027272727273,233
16652,1,Champions,3.1512526236583547,0.47530719835386087,59,16,17550.39,633,1096.899375,124
13060,0,Hibernating,-1.584963603152448,-0.07326450361420456,254,1,307.53000000000003,254,307.53000000000003,15
13198,1,Champions,2.5956892504087223,-0.5382156762740533,11,8,4974.23,435,621.77875,265
12769,0,Hibernating,-0.20761367870027073,-0.1768668108039143,239,1,1143.6,239,1143.6,32
18183,0,Hibernating,-0.6803852880681943,0.030044137872905084,228,2,632.0699999999999,275,316.03499999999997,36
16188,1,Champions,0.4813597743758338,-0.11794775714229307,45,5,1087.66,409,217.532,72
16370,1,Champions,0.633557195226462,-0.4437306275503033,83,4,1301.91,226,325.47749999999996,143
14149,0,Hibernating,-1.0397912166502556,-0.2526123247857575,221,1,446.62,221,446.62,28
12871,0,Hibernating,-0.6216675198548826,0.10288235595080948,85,3,744.02,440,248.00666666666663,13
15189,1,Champions,3.7820156196202874,-0.7320560521689287,2,46,17524.379999999997,510,380.9647826086956,90
14688,1,Champions,3.010964532982504,-0.43842279460052774,8,28,7190.419999999999,457,256.80071428571426,197
16966,1,Champions,0.4812254886887731,-1.202704717398696,9,7,2154.9700000000003,241,307.8528571428572,8
16609,1,Champions,2.271343929259998,-0.9258626351789732,16,7,5493.46,253,784.78,155
15402,1,Champions,0.7742894669701855,0.687435325487647,149,6,1830.12,592,305.02000000000004,78
15046,1,Champions,3.1714179342260715,0.005398887247870984,10,25,7604.839999999999,695,304.19359999999995,247
15827,1,Champions,1.8801900422915896,0.7840101124943021,74,28,3603.14,701,128.68357142857144,124
17581,1,Champions,4.523494611227813,-0.5386699857343327,1,43,17951.170000000002,737,417.4690697674419,387
14775,1,Champions,0.23580084243045576,-0.1684520486103782,59,3,1011.9,373,337.3,57
16060,0,Hibernating,-1.0037013426581707,0.8270471869871706,401,3,541.95,495,180.65,22
16353,1,Champions,3.1666126891304724,-0.21957278048637036,4,38,9795.46,733,257.7752631578947,76
14290,1,Champions,2.29520656626373,-0.04741478682307336,12,8,4516.5599999999995,732,564.5699999999999,120
16814,1,Champions,3.4859324234733307,0.07072993928994566,15,36,11914.95,608,330.97083333333336,246
16764,1,Champions,2.040793074407028,-1.7957335780403998,4,13,2790.95,144,214.68846153846152,209
15727,1,Champions,3.3808639171325456,0.11211413358153736,17,15,9371.71,685,624.7806666666667,426
15550,1,Champions,2.0398122338739544,-0.25592873865295956,5,12,2211.05,737,184.2541666666667,166
14335,2,New / Promising,-0.44671264068340943,-1.8802118950674775,17,2,454.86,97,227.43,55
17058,0,Hibernating,0.16037872590748137,-0.4483286284258161,82,3,1179.89,240,393.2966666666667,51
13212,2,New / Promising,0.20609639024859583,-2.171302186019114,20,3,786.83,62,262.2766666666667,128
14780,2,New / Promising,-1.0324864664968647,-1.6261968423155446,55,2,447.6799999999999,80,223.83999999999995,26
17244,1,Champions,1.1527935649158587,0.474265387409483,54,5,1826.0400000000004,734,365.2080000000001,109
15806,0,Hibernating,-0.31705138151450313,-0.5331302413697467,47,3,784.58,277,261.5266666666667,24
12901,1,Champions,2.9034595995608865,-0.932792396513523,9,28,17654.54,271,630.5192857142857,30
16506,2,New / Promising,-3.023226977902561,-2.5933976838721597,20,2,90.3,41,45.150000000000006,3
13267,1,Champions,3.4447576155618806,-0.30005744717230437,3,36,9429.81,733,261.93916666666667,152
14913,1,Champions,2.0461671243002764,-0.0025267558047969156,36,8,4073.13,486,509.14125,176
13199,1,Champions,3.5638875757871884,-0.15275129212799066,4,66,15949.21,735,241.65469696969697,60
15787,2,New / Promising,0.36208741992173893,-2.0609058709750623,27,3,933.26,62,311.08666666666664,156
18082,2,New / Promising,-0.35394115743572974,-2.9819825923711374,26,1,680.84,26,680.84,62
17368,1,Champions,1.9893388437133672,0.3021536622530463,24,14,2758.29,725,197.0207142857143,195
14456,1,Champions,2.3873520555308203,-1.707362998236531,6,9,3014.32,143,334.9244444444445,579
13117,1,Champions,1.6592396684579311,0.16755139562818608,22,18,2255.66,624,125.31444444444443,122
14607,1,Champions,3.628251067418184,0.13121209920127722,16,20,22575.13,725,1128.7565,105
14639,1,Champions,2.26059642284994,0.4380655811482494,53,9,4978.96,662,553.2177777777778,203
17909,0,Hibernating,-2.677922963953882,1.325634437195118,738,1,110.05,738,110.05,8
12949,1,Champions,3.6596260202781106,0.43954465280337457,31,22,15526.7,737,705.7590909090909,347
18071,0,Hibernating,0.1703601952387807,1.101236857715545,258,6,1169.68,735,194.9466666666667,52
13711,1,Champions,0.7601270064966004,1.0782016650903488,219,9,1792.2600000000002,725,199.14,80
14685,1,Champions,1.4308221218782677,1.4173631769070605,577,8,4536.64,727,567.08,109
16510,1,Champions,0.6406310612949035,1.1881577629028666,373,6,1757.25,692,292.875,93
16524,0,Hibernating,-1.1159196348743659,1.1543174444317135,447,2,306.18999999999994,692,153.09499999999997,50
16954,1,Champions,2.9028080273614965,-0.7087968086893252,1,20,6081.879999999999,691,304.09399999999994,83
14481,1,Champions,1.0991460377854088,0.8253040066879118,165,5,2284.69,678,456.938,114
16415,1,Champions,0.39272132966757106,0.2938713546335282,45,3,696.76,677,232.25333333333333,120
13119,0,Hibernating,-2.3954630681937013,1.1980578299991853,669,1,134.89999999999998,669,134.89999999999998,11
15306,1,Champions,1.7240617321009057,0.51422764311437,65,9,3484.73,660,387.1922222222222,123
14898,1,Champions,2.137730969803651,0.31019913595321125,24,14,3365.95,737,240.425,185
14396,1,Champions,1.4382220175080673,0.611970673066497,66,7,1969.38,738,281.34000000000003,202
17359,0,Hibernating,-0.5420136637859089,-0.28189960818971965,12,2,284.46,649,142.23,36
15117,1,Champions,1.6079175466937796,-0.08381482135200438,15,8,2485.9700000000003,635,310.74625000000003,89
16242,1,Champions,3.210344300799123,-0.19179907671269905,9,14,7404.650000000001,635,528.9035714285715,348
15810,1,Champions,1.4244378534299145,0.5894529012391265,79,8,2999.04,674,374.88,89
14253,0,Hibernating,-1.5832069570249463,1.0665400956698574,494,2,363.4,624,181.7,11
16176,1,Champions,0.4805425545230304,1.0672814076963189,422,4,2052.69,621,513.1725,53
14918,1,Champions,1.8579436404462828,0.6422992711252554,116,9,5955.81,611,661.7566666666667,79
13291,1,Champions,1.5951436888437003,0.8952971629281713,156,11,3270.7900000000004,667,297.3445454545455,155
14512,0,Hibernating,0.30497543600306526,0.9979059187746114,188,7,1215.97,733,173.71,55
14292,1,Champions,3.016807895870923,-0.24558398958611982,8,16,9226.25,631,576.640625,120
12708,1,Champions,2.2302485653730657,0.39617332661047305,30,18,4559.66,722,253.31444444444443,129
17597,1,Champions,1.3462546795713526,0.7770292951187299,214,5,3484.0899999999992,584,696.8179999999999,109
16323,0,Hibernating,-1.7638945088270372,0.6254843212322864,197,2,353.66,578,176.83,4
18258,0,Hibernating,0.251915548097813,1.0765009541807873,465,6,2059.67,573,343.27833333333336,30
15207,0,Hibernating,-0.8529563897270515,0.9249163809227628,417,3,683.9200000000001,548,227.97333333333336,19
12557,1,Champions,2.5857817968634906,-0.012023285488422488,17,8,18096.14,723,2262.0175,15
13799,1,Champions,1.1584467630940543,0.7129762172627709,117,9,2803.5699999999997,645,311.50777777777773,64
13277,0,Hibernating,-0.5672182034651894,-0.22069527971058092,16,7,523.3,540,74.75714285714285,10
15102,0,Hibernating,-0.9568638079141096,0.9781386200140322,531,2,554.67,547,277.335,26
17651,1,Champions,2.694138964282188,-0.2424812794978699,12,16,5703.5199999999995,527,356.46999999999997,198
18279,0,Hibernating,-1.8842780604544636,0.8589882335049279,520,1,231.34,520,231.34,13
14384,0,Hibernating,-3.509983907103411,0.8272268132290544,501,1,58.5,501,58.5,3
15459,0,Hibernating,-2.287110849448701,0.8040908087795262,418,2,202.83,498,101.415,6
15944,0,Hibernating,0.3622057543581688,1.0317696764160762,277,4,2164.24,727,541.06,25
13050,1,Champions,3.7970837158333484,0.23586482940183143,15,34,11877.29,725,349.33205882352945,512
14852,1,Champions,2.373355544741524,0.5445961455951015,59,18,6132.429999999999,645,340.69055555555553,152
14016,1,Champions,2.950650910454574,0.9340158800328097,162,11,11303.41,701,1027.5827272727272,353
14796,1,Champions,3.9809213743169733,-0.44354362873746295,2,27,10167.77,726,376.58407407407407,486
15751,1,Champions,0.45068099628722325,1.4160809476360667,461,11,1380.44,734,125.49454545454546,90
17585,1,Champions,1.4269737193423584,0.421748342409089,110,7,2064.71,479,294.9585714285714,295
18107,0,Hibernating,-1.7566221058914326,0.6810097864172784,443,1,165.88,443,165.88,38
17886,1,Champions,1.1996040500892322,0.11189431091593294,32,6,1572.55,590,262.09166666666664,138
15973,0,Hibernating,-1.2504080519240617,0.586168059396064,367,2,665.62,429,332.81,7
14177,1,Champions,1.3732753069273347,0.6839129641691798,87,13,2209.69,652,169.97615384615386,141
18037,0,Hibernating,-1.4061861046869086,1.0841916790239163,155,15,167.42,739,11.161333333333332,31
14343,1,Champions,0.4683569227097083,1.2075445308565036,422,4,1079.66,691,269.915,193
14686,0,Hibernating,0.26123029265247105,1.1957013403096437,415,5,852.53,660,170.506,185
14281,0,Hibernating,-2.0517339064369464,0.5359268637046862,409,1,245.15,409,245.15,7
18041,1,Champions,3.4846450656303873,0.14327843636691698,12,38,8018.77,695,211.02026315789473,464
12749,1,Champions,3.0927402091039577,-0.7058461679076141,4,9,6847.360000000001,522,760.8177777777778,259
17544,0,Hibernating,-0.091115140307311,0.611211971651966,391,3,944.82,391,314.94,80
15421,1,Champions,1.9762035090978496,0.591059336744447,59,10,3805.34,733,380.534,170
17071,1,Champions,2.0679727944701214,0.29510400578022394,29,13,3793.71,685,291.82384615384615,141
13458,1,Champions,3.478194946134907,-0.6750162140787338,8,16,11959.270000000002,389,747.4543750000001,290
18260,1,Champions,2.7290938432113125,1.0923066883124701,173,23,9947.26,725,432.4895652173913,212
15880,0,Hibernating,-0.8327190553626751,0.44512799499618716,370,1,329.03000000000003,370,329.03000000000003,95
14800,1,Champions,2.7711746229370906,0.11292389980886423,48,17,7180.079999999999,436,422.3576470588235,336
14907,1,Champions,2.806941356442974,-0.4952982032328676,4,16,5547.72,603,346.7325,153
15620,1,Champions,1.0804014931466772,-0.06430825639752472,57,4,1942.36,410,485.59,114
14293,1,Champions,2.026625097659153,-0.396841370938875,4,9,2903.01,730,322.5566666666666,88
17027,1,Champions,0.8987076280075609,0.7095312502813658,79,9,1310.63,730,145.62555555555556,126
14619,0,Hibernating,0.2182190367987279,0.6619891738450003,246,2,1291.24,542,645.62,58
16643,0,Hibernating,-0.18431597232986963,0.44362901312201236,246,2,923.11,423,461.5549999999999,48
18198,1,Champions,2.391131195925545,-0.9543700891539828,5,17,5425.56,337,319.15058823529415,81
16462,0,Hibernating,-2.849266864882567,-0.3345352574115946,74,3,136.0,284,45.333333333333336,1
17062,0,Hibernating,-0.03784084172690543,0.7284559078482259,314,6,884.71,440,147.45166666666668,81
14135,1,Champions,3.3605363081362087,-0.4660505985983571,2,24,8839.669999999998,738,368.3195833333333,138
17965,1,Champions,3.193813077211255,0.5773246880665293,38,29,7002.9,726,241.4793103448276,587
16929,2,New / Promising,0.8081560929611975,-1.8163527715290693,4,7,1295.39,156,185.05571428571423,51
15747,1,Champions,1.773108240659005,-0.03735472837021749,13,9,2499.8100000000004,691,277.7566666666667,116
17613,1,Champions,2.268952288608933,-0.5087625706410355,23,14,4544.55,306,324.6107142857143,211
16007,1,Champions,2.009089068221481,0.2107198080800092,48,7,3053.0600000000004,544,436.15142857142865,337
14560,1,Champions,2.57811302562617,0.04612652213862741,8,44,6114.030000000001,738,138.95522727272729,60
12456,1,Champions,1.2286584011729809,-0.6322620577159743,45,3,2581.04,255,860.3466666666667,104
14553,1,Champions,1.6295474470953437,-0.13282184716436649,20,9,1818.6,510,202.06666666666663,233
15977,2,New / Promising,0.011212513368729289,-2.6781847167465966,18,2,1054.73,40,527.365,48
16633,1,Champions,1.5668627009527907,-0.9576482414162039,18,6,2883.1,235,480.51666666666665,115
13362,1,Champions,2.5280994793937617,-0.6189495044402413,10,7,5394.07,426,770.5814285714285,186
13040,2,New / Promising,-0.3391006013229045,-3.062342790725561,9,2,676.99,34,338.495,38
13427,1,Champions,0.43983205515467483,0.10812310415120704,20,6,1006.53,723,167.755,35
14477,1,Champions,0.4162732250173803,0.058327721558760336,20,7,1969.6,705,281.37142857142857,7
13397,1,Champions,1.416062323348171,0.6041440914580788,73,10,3191.8700000000003,689,319.187,68
16497,1,Champions,2.7178545595727592,0.644773007029259,50,23,6695.28,737,291.0991304347826,239
12524,1,Champions,3.1445072406120036,-0.10115769808211948,10,17,9794.11,670,576.1241176470587,156
13404,2,New / Promising,-0.9876702794051814,-1.878376638267406,2,2,252.49,213,126.245,11
17388,1,Champions,1.082610848425533,0.6914113874554553,78,11,2675.3700000000003,730,243.21545454545455,41
15281,1,Champions,2.9539049819788654,0.16527130663643808,59,16,8543.57,428,533.973125,427
17123,0,Hibernating,-0.10941687082519432,0.6013904186029229,162,3,966.67,573,322.22333333333336,36
16174,1,Champions,0.6036113561427447,0.6404284956632292,127,7,2246.75,604,320.9642857142857,28
16832,0,Hibernating,-1.1017701883397009,0.532124034623507,185,5,417.61,459,83.522,19
12691,1,Champions,0.1237943642086013,-0.2526188456042106,29,6,1044.4,421,174.0666666666667,23
16432,2,New / Promising,-1.8465180898552196,-1.8347592690077046,65,1,287.4,65,287.4,8
15741,0,Hibernating,-2.0289184529840716,1.047040395370558,459,2,208.62000000000003,619,104.31000000000002,11
18135,1,Champions,0.396610579056962,0.19970575438120383,30,10,1249.62,635,124.96200000000002,23
14006,1,Champions,0.8780481417916884,0.6895369803190531,116,7,2196.67,653,313.81,55
17560,1,Champions,0.6613755894188356,0.6395810478781453,95,8,1895.8,661,236.975,37
14438,0,Hibernating,-2.4739672490283047,0.18754490018579706,307,1,131.9,307,131.9,9
16509,0,Hibernating,-1.5001173575002251,0.12127881106588492,297,1,363.69999999999993,297,363.69999999999993,13
16828,2,New / Promising,-2.6708794458032026,-1.1009991858647001,113,1,113.5,113,113.5,7
16969,2,New / Promising,-0.3004974481233905,-0.9099509307734617,40,3,650.4099999999999,192,216.80333333333328,42
12664,1,Champions,1.5591589549468476,-0.1628356631895423,9,11,5420.039999999999,727,492.730909090909,9
17268,1,Champions,0.4792694155104859,0.8231247301527703,108,11,1733.89,732,157.62636363636364,26
14624,0,Hibernating,0.04284748303862185,0.3557098454418808,58,6,814.07,605,135.67833333333334,39
15030,1,Champions,0.6040669874889517,0.5039173094198287,72,8,1979.9100000000003,646,247.48875000000004,25
14045,1,Champions,1.8660515938024236,0.7823724813428452,110,16,10986.63,701,686.664375,16
16080,0,Hibernating,-0.4780966917163959,0.16994983792058718,82,4,602.5600000000001,451,150.64,29
15027,1,Champions,1.5860612247180423,0.19054480230204374,31,10,3195.6,625,319.56,69
12908,0,Hibernating,-0.7270093753676681,0.7172273111035135,177,5,1776.0,631,355.2,1
13148,1,Champions,3.2868670308361585,0.46990165324470967,30,26,8488.32,733,326.4738461538461,450
17924,1,Champions,1.3346023210838374,-0.5803365959994403,12,8,3257.7,415,407.2125,27
17450,1,Champions,5.883207473956333,-0.45411312430653294,9,51,244784.25,439,4799.691176470588,144
14943,0,Hibernating,-2.8535824106965424,1.1817354488607577,664,1,107.62,664,107.62,5
17553,0,Hibernating,0.10520054661139712,0.5244563040524203,130,4,3757.6,611,939.4,2
15546,0,Hibernating,-0.9397741921887272,1.0789229135586356,607,2,1079.1,607,539.55,6
16256,0,Hibernating,0.07580493706797968,0.812625510048541,267,3,1579.37,598,526.4566666666667,26
16679,0,Hibernating,-0.9379241945664665,0.8720997666970997,367,3,663.31,548,221.10333333333332,15
13051,0,Hibernating,-2.6634099661377837,1.130258258254652,579,2,155.8,620,77.9,4
15960,0,Hibernating,-1.2039661097843128,0.7334099752725578,375,4,410.9500000000001,436,102.7375,24
13090,1,Champions,3.398809566777163,-0.3757546882046659,9,23,13076.740000000002,495,568.5539130434784,162
15273,0,Hibernating,-2.656970744433839,1.0073180017928618,600,1,228.96,600,228.96,1
15085,0,Hibernating,-1.682939646345802,1.2796570480236558,730,1,347.53999999999996,730,347.53999999999996,9
17032,1,Champions,1.2067671826089237,1.395995123582755,604,5,2896.69,730,579.338,180
17018,1,Champions,0.8618391640144392,0.3624731142108023,41,6,2287.7,735,381.2833333333333,26
12647,1,Champions,3.5502302863801374,0.3409727133510661,23,35,14109.55,696,403.13000000000005,239
17319,0,Hibernating,-4.0824044742860846,1.2236446205237468,670,1,29.1,670,29.1,3
13652,1,Champions,1.3657531672881795,0.3020437414419964,46,5,2262.05,653,452.41,116
12542,0,Hibernating,-0.867865572406773,1.0985062611106577,485,2,481.88,641,240.94,39
17065,0,Hibernating,-2.362805293029183,1.1937584946801434,638,2,194.7,638,97.35,6
13609,0,Hibernating,-2.373964526460357,1.0300390087036366,594,1,167.35,594,167.35,7
14820,1,Champions,0.7834091269389543,0.14237946921432293,22,9,1274.7600000000002,678,141.64,51
17588,1,Champions,0.9727578294783387,0.5981724327301694,101,7,2939.55,638,419.9357142857143,35
15352,0,Hibernating,-2.1335097163293217,0.9683078424729028,549,1,111.15,549,111.15,34
14563,0,Hibernating,-0.3391781985914073,1.056233227930761,510,2,625.42,593,312.71,94
13082,1,Champions,2.2323885002804884,0.9453532364763988,127,21,7335.75,718,349.32142857142856,99
14334,1,Champions,2.259254478433134,-0.08600080839618074,17,12,4318.48,569,359.8733333333333,148
13884,1,Champions,1.5132989834400585,-0.5334382400460483,8,10,1825.03,471,182.503,108
13857,0,Hibernating,0.14230876144871968,1.0541551290805753,394,6,1000.91,572,166.8183333333333,98
13770,0,Hibernating,-0.3241213942301068,1.2425691390196756,423,4,785.37,731,196.3425,48
15652,1,Champions,0.6750280898357117,0.3089366379917302,92,5,1405.94,486,281.188,93
12820,1,Champions,2.140041293408107,-0.3520116909997065,4,11,2689.52,735,244.50181818181815,131
12790,0,Hibernating,-0.6936573542231522,0.33334496964253046,193,2,546.8500000000001,411,273.42500000000007,35
16595,1,Champions,1.5189846921726133,0.4961030055722308,62,5,1757.75,692,351.55,337
13080,0,Hibernating,-1.4198045312150167,0.7588816912163685,180,4,280.73,610,70.1825,17
15325,1,Champions,1.0768034926344299,0.7087541251242351,104,8,1601.4600000000005,662,200.18250000000003,164
16010,1,Champions,0.7584493298278777,0.6491392915093054,246,11,1694.86,412,154.0781818181818,122
14407,1,Champions,0.7441635576603908,-0.1576380831392011,108,5,2142.7300000000005,277,428.5460000000001,66
15140,1,Champions,1.5468833334426049,0.05680567045348256,53,8,3243.6899999999996,443,405.4612499999999,103
15813,0,Hibernating,-0.04518266832898782,-0.1480322193829125,208,2,1303.91,240,651.9549999999999,40
16744,1,Champions,1.1447331832700718,-1.3211262281229257,12,7,1291.91,174,184.55857142857144,198
16806,0,Hibernating,-0.1708247085873487,-0.30031950032247196,104,4,736.21,240,184.0525,67
15530,1,Champions,1.2695747436467693,-0.1884268027831613,22,5,1808.68,513,361.736,111
13140,1,Champions,0.3849452152255669,0.3928418302416202,109,5,1054.92,492,210.984,89
12620,1,Champions,0.7815163615503755,-1.2225689202203556,15,3,1303.41,205,434.47,88
13012,1,Champions,1.8784364821220447,-0.24956423152144314,10,11,2957.83,593,268.89363636363635,95
17159,1,Champions,1.4543493912299512,0.016897712680903995,22,5,2099.5899999999997,646,419.9179999999999,115
15128,1,Champions,0.911405941944856,0.03441296850332239,61,5,1783.6800000000003,431,356.73600000000005,87
16295,2,New / Promising,0.5661175465612689,-2.3691389288778444,10,4,1328.5500000000002,65,332.13750000000005,70
13772,1,Champions,2.2060552946697807,0.26991622794360054,34,8,3100.0199999999995,655,387.50249999999994,394
15297,2,New / Promising,-0.39274049594917676,-2.381397828212815,11,3,641.94,64,213.98,30
13318,2,New / Promising,-0.47963374597725666,-3.3973822668066695,2,3,640.76,38,213.58666666666667,14
13451,1,Champions,3.105201033717987,0.17452382680948947,27,11,7088.92,629,644.4472727272728,560
13447,2,New / Promising,0.03324829641817587,-2.613697987147522,24,3,1129.14,36,376.38000000000005,55
16016,1,Champions,1.9312738244927203,-0.8832674047803687,4,11,2083.4,403,189.4,181
14060,1,Champions,3.091200021120414,-0.300681110385509,5,30,8898.240000000002,639,296.60800000000006,100
17764,1,Champions,1.0659831018766504,0.46446961880548315,51,5,1513.57,737,302.714,126
14081,1,Champions,2.2182587846714723,1.2291094178308697,303,10,4867.57,730,486.75699999999995,465
14032,1,Champions,2.471368728511648,-0.4201907551338011,3,16,4546.41,726,284.150625,79
14869,1,Champions,2.094041752536725,-0.17690105928483518,9,6,2778.14,724,463.0233333333333,187
17718,0,Hibernating,-1.0006530245353564,0.812597320731993,233,2,439.18000000000006,645,219.59000000000003,22
13656,0,Hibernating,0.3048713960537465,0.6938766654828785,165,4,1078.85,596,269.71250000000003,81
14609,0,Hibernating,-0.12149839376845298,0.5561383626162563,73,10,1486.1999999999998,669,148.61999999999998,6
13163,0,Hibernating,-4.592770509918431,1.112989968357873,611,1,17.65,611,17.65,2
15938,0,Hibernating,-0.30562215573094387,0.5896355285965409,113,9,734.81,557,81.64555555555555,27
12701,1,Champions,1.2513282405403818,0.5120201265645082,80,6,2248.41,634,374.735,117
16544,0,Hibernating,-1.662149596785577,1.2230658727753638,520,4,376.7000000000001,663,94.175,8
17550,1,Champions,1.4881745852440558,0.9808012147178784,198,9,2506.64,671,278.5155555555555,250
15766,0,Hibernating,-0.20539514864122588,0.4042422064894419,65,3,831.06,683,277.02,21
13729,0,Hibernating,-0.5281998075112849,1.1546032196525786,436,3,724.73,685,241.57666666666668,36
14322,0,Hibernating,-1.352490469915127,1.142472304416944,430,4,474.1000000000001,660,118.52500000000002,10
12958,0,Hibernating,-0.8160688898647639,0.9439588913557734,401,2,467.34,584,233.67,45
14496,1,Champions,0.7763823699249266,1.045409167255233,312,7,2363.8900000000003,634,337.6985714285715,64
13611,1,Champions,1.7671601963930519,0.761890611893972,90,10,3297.9300000000003,737,329.793,170
17765,0,Hibernating,-0.3955554570471017,0.44150687804687994,159,4,524.0,449,131.0,71
16526,0,Hibernating,-0.4298457698458304,0.5980595359170457,172,2,717.21,585,358.605,30
12438,1,Champions,1.2206310146578658,-1.631203085587253,15,2,2466.8500000000004,141,1233.4250000000002,83
15799,1,Champions,0.8509840334116293,0.07887156161404625,76,4,1421.34,419,355.335,143
15219,0,Hibernating,-0.5067289028721181,0.7019764683973501,177,2,685.45,649,342.725,26
15547,1,Champions,3.8384314511622275,-0.006724369673149795,8,26,10002.649999999998,734,384.7173076923076,651
14660,2,New / Promising,-1.4871562613517202,-1.2296171038988026,87,2,285.74,101,142.87,24
12393,1,Champions,1.0061921706386299,0.10918333157853155,73,6,2399.45,429,399.9083333333333,63
12446,2,New / Promising,-0.0758606623911113,-1.9814500687866792,58,1,1002.31,58,1002.31,57
18164,2,New / Promising,-1.1645959032668614,-2.5071046694040087,38,1,399.65,38,399.65,24
13247,2,New / Promising,-0.8305787574333788,-1.9344730784103672,18,4,501.12,83,125.28,18
16070,2,New / Promising,-0.41031560904390896,-2.7588296783260153,23,2,852.1500000000001,33,426.0750000000001,32
15274,2,New / Promising,-0.23818001874956193,-3.767943603567707,5,2,716.5699999999999,19,358.28499999999997,44
16015,2,New / Promising,0.432998797402199,-2.914687068051593,4,3,704.26,50,234.75333333333333,145
17887,0,Hibernating,-2.5640372839637307,-0.9141256912521694,130,1,111.35,130,111.35,10
14409,1,Champions,1.4710729350016953,0.40859066541267913,72,9,3427.29,568,380.81,76
16561,2,New / Promising,-0.48438981489617106,-2.6928647679778366,6,2,511.12,60,255.56,29
16486,0,Hibernating,-2.55433803373335,0.9083356435227277,538,1,134.36,538,134.36,7
14730,1,Champions,2.0747508394753456,-1.453328316783387,2,8,1897.57,277,237.19625,317
16935,0,Hibernating,-0.6942728695171844,0.6812399575947828,382,3,530.86,422,176.95333333333335,55
15621,2,New / Promising,-0.23490677712042554,-3.595232520899424,5,4,1293.03,22,323.2575,11
13822,2,New / Promising,0.05060003785075094,-3.0169448388715887,6,2,632.0,41,316.0,90
15223,0,Hibernating,0.0827280293751682,1.0063797053994132,226,5,1417.9500000000005,735,283.59000000000003,26
13104,1,Champions,0.8916462362212371,-0.5137886722766115,4,9,1709.1,654,189.9,15
13252,0,Hibernating,-1.2555249354408895,0.9898188417168458,395,2,399.3,626,199.65,19
14397,1,Champions,1.2219199173707105,-1.5128513274138122,3,19,2612.96,214,137.52421052631578,18
15473,1,Champions,0.3131214728137254,-0.45222095508812776,15,8,2046.0,445,255.75,5
18246,0,Hibernating,-0.759392902172144,-0.10501120538518623,24,3,758.8199999999999,610,252.93999999999997,3
13205,0,Hibernating,-0.5674636191024546,0.5435848309339592,444,1,2803.2,444,2803.2,1
13217,0,Hibernating,-1.1949268514981293,0.6240711607718782,123,4,666.48,656,166.62,3
14190,0,Hibernating,-3.5294953245096172,1.175303352613167,667,1,79.9,667,79.9,1
17391,0,Hibernating,-1.8765091075302658,-0.6006675620843249,164,2,508.8,165,254.4,2
14865,0,Hibernating,-2.136460169683504,-0.22512757324556348,8,4,92.52,739,23.130000000000003,4
14122,0,Hibernating,-1.4830031919114084,1.1958933870659691,407,3,362.42,738,120.80666666666666,12
13120,0,Hibernating,-4.29807339660112,-0.1241172935942311,239,1,30.6,239,30.6,1
12753,1,Champions,3.32905397780853,-0.5300270443497836,23,6,21429.39,363,3571.565,132
13577,1,Champions,1.8833861031648524,0.2788712808708989,26,11,3484.28,726,316.75272727272727,101
12470,0,Hibernating,-1.750044884885714,1.2380170285993366,690,1,211.95,690,211.95,23
15480,1,Champions,1.7470052180738227,0.6206378832312818,117,3,3592.25,677,1197.4166666666667,198
12872,1,Champions,1.5986027942222985,1.290700224482845,327,12,3283.96,737,273.66333333333336,217
16412,0,Hibernating,0.10003196981359555,0.4249870163179492,54,5,593.19,674,118.638,84
13015,1,Champions,2.587669882375796,0.3873801507995896,54,11,6579.780000000001,604,598.1618181818183,260
12741,0,Hibernating,-1.8155790853896685,0.8953247826978765,534,1,236.07,534,236.07,15
13769,1,Champions,2.819949519796531,-0.3872111519820299,3,20,5478.12,724,273.906,121
12903,0,Hibernating,-0.3852081574248093,0.5932082228821125,429,1,833.5300000000001,429,833.5300000000001,41
17803,0,Hibernating,-1.795701917885382,0.516608887275324,393,1,184.66,393,184.66,27
12726,1,Champions,1.6890744864002183,0.17298614656929795,29,11,3690.6,625,335.50909090909096,62
17486,0,Hibernating,-1.1986447546571948,-0.032215379815119446,262,1,396.87,262,396.87,24
15626,1,Champions,0.3491428487720312,0.03822778567298622,75,3,1067.52,422,355.84,73
13647,1,Champions,1.884859125695572,-0.27877545745293214,10,8,3041.6800000000003,604,380.21,98
15740,2,New / Promising,-2.3143893176704196,-2.148823421450958,50,1,154.88000000000002,50,154.88000000000002,9
16971,2,New / Promising,-1.0646020793635895,-2.461507014578031,39,1,357.2099999999999,39,357.2099999999999,40
12539,1,Champions,3.2237121703274556,0.1418527605744641,23,7,11186.75,717,1598.107142857143,275
16330,1,Champions,0.4848642146646916,0.046717232891342345,18,7,625.38,663,89.34,105
16955,0,Hibernating,0.01662023611741525,0.8922755038078577,185,6,1120.31,678,186.71833333333333,33
17807,0,Hibernating,-0.576191619631245,1.175014871995625,396,3,437.87,705,145.95666666666668,88
17335,0,Hibernating,-0.8299864447638842,1.0648324059638183,384,2,497.04,685,248.52,34
18214,0,Hibernating,0.16163105349568171,1.052358368588964,531,4,1780.34,555,445.085,38
16314,0,Hibernating,0.2039462211669711,0.7632524318157742,390,3,1491.4,473,497.1333333333334,58
13506,0,Hibernating,0.15160826788803805,0.7298531915161963,317,5,1338.08,461,267.616,55
13076,0,Hibernating,-2.4581991488035873,0.70405452032771,458,1,135.4,458,135.4,9
12460,0,Hibernating,-1.577437676730573,0.6893467370943693,457,1,296.65,457,296.65,17
14375,1,Champions,0.5748233920063025,0.6301938335847526,186,3,1106.8200000000002,542,368.94000000000005,176
15969,1,Champions,0.7717787659865802,-0.8599228131887248,3,5,1127.0500000000002,523,225.41000000000005,31
13138,1,Champions,0.557395686659932,-0.36603021469987457,23,7,1274.0100000000002,397,182.0014285714286,41
17505,1,Champions,1.0105020786643155,0.7085072097779508,162,5,2435.48,606,487.096,83
17501,0,Hibernating,-1.630139691113047,-0.16947376106323572,221,2,288.6,221,144.3,18
13726,2,New / Promising,-0.02580412204468538,-1.5658383817593162,39,2,1079.66,101,539.83,39
16924,2,New / Promising,0.05455009802439564,-1.8665252831331378,22,3,829.8899999999999,85,276.62999999999994,69
15533,2,New / Promising,0.08503638871380792,-1.8486352073270411,20,3,807.5699999999999,90,269.19,73
15423,0,Hibernating,-1.234587486909001,0.14963970186055878,39,3,266.89,622,88.96333333333332,13
18025,0,Hibernating,0.23741125302616198,1.1053161289507345,380,6,1177.72,620,196.28666666666663,83
16949,1,Champions,0.9763979024227899,-1.1944155293641427,4,6,1286.27,317,214.37833333333333,57
16471,0,Hibernating,0.09225430166572957,0.9613395861357589,275,4,1189.98,653,297.495,48
16582,2,New / Promising,-1.8806006002712743,-1.1221662367881722,114,1,313.62,114,313.62,6
15428,1,Champions,0.27289720332621703,-0.018981339472049087,16,4,762.75,723,190.6875,39
17762,0,Hibernating,-2.2856487502327663,0.7126204210740267,457,1,129.75,457,129.75,16
12548,0,Hibernating,-3.2926311604592984,-0.5918573160161422,167,1,67.19999999999999,167,67.19999999999999,4
12968,2,New / Promising,-2.6342654963023198,-1.1118001741729746,113,1,135.95,113,135.95,5
16009,2,New / Promising,0.30629129453721476,-1.2475607450251385,23,4,972.11,160,243.0275,68
14113,1,Champions,2.7794747337124015,-0.33993938167509813,4,16,7092.610000000001,732,443.288125,76
16093,0,Hibernating,-4.755451641394493,-1.142793783272773,107,1,17.0,107,17.0,1
14061,0,Hibernating,-0.6321813098621885,1.2619268002678226,508,3,917.43,739,305.81,17
15374,0,Hibernating,-1.5424129060844443,0.548427256361756,129,2,307.32,625,153.66,8
17456,0,Hibernating,-0.12983861611334102,0.6696442326569904,366,2,975.56,457,487.78,59
15724,0,Hibernating,-1.4542475464072329,0.3825324923416975,202,3,310.85,401,103.61666666666667,17
16416,1,Champions,1.8401153271674044,0.18257777473473374,27,9,2957.88,655,328.65333333333336,146
12775,1,Champions,0.8841913989264643,-0.42813705178501044,18,7,1551.12,410,221.58857142857144,54
15457,0,Hibernating,-1.304119879560355,0.003667506768131451,263,1,237.07,263,237.07,56
17536,0,Hibernating,-1.2081496242527345,0.8107645410288435,178,3,364.83,683,121.61,16
14759,1,Champions,1.2231595445142225,-1.4932065212435164,5,3,1625.9699999999998,233,541.9899999999999,92
14574,0,Hibernating,-2.3445039650631343,1.3144900243171342,733,1,143.70000000000002,733,143.70000000000002,11
12426,0,Hibernating,0.3329556968329424,0.7611733788659752,195,2,1201.21,663,600.605,72
17774,1,Champions,1.9157534959810592,0.6991356952737718,97,9,3272.83,670,363.6477777777778,285
14766,1,Champions,2.901971652009824,-0.3557287935288269,9,11,6375.73,552,579.6118181818182,251
16409,1,Champions,2.6883717963530445,0.43390679921848463,37,12,5652.74,727,471.06166666666667,335
16261,1,Champions,0.8583577034470175,-0.35306254389373964,18,6,1041.16,443,173.52666666666667,118
15974,1,Champions,1.6797740248075996,-0.4517181140871844,40,7,3442.15,289,491.7357142857143,141
17666,1,Champions,1.2093267005997828,-0.7828695696271724,4,5,2047.8,528,409.56,30
16776,0,Hibernating,0.04768096539231559,-0.0802129272707207,61,2,592.51,416,296.255,105
17877,0,Hibernating,-1.8746972764932863,-0.5801821860628805,171,1,237.61,171,237.61,12
13005,0,Hibernating,-0.08560532612073289,0.46503046209484344,174,4,999.68,458,249.92,41
16590,0,Hibernating,-0.8783236597479228,0.6164187949627626,401,2,605.9,415,302.95,26
17330,0,Hibernating,-0.9426730691611824,0.0019670102840578046,23,4,423.7999999999999,648,105.95,7
13811,0,Hibernating,-1.5364226520122406,-0.20496514052137813,184,2,519.75,240,259.875,5
13703,0,Hibernating,-0.9982547347418937,0.546472471029869,319,2,425.56,416,212.78,36
17318,0,Hibernating,-2.1105381727089187,1.3071477489396415,726,1,157.32999999999998,726,157.32999999999998,17
16002,0,Hibernating,-1.70702303289967,1.1297760677172854,626,1,169.21000000000004,626,169.21000000000004,42
16130,0,Hibernating,-0.1298834658055155,1.0853737871379372,423,4,987.48,618,246.87,53
16749,1,Champions,1.025555827826604,1.2295114651555201,592,2,4157.879999999999,725,2078.9399999999996,53
16279,1,Champions,2.60861626146303,0.012470090979054825,22,9,5698.28,597,633.1422222222222,243
16105,1,Champions,0.9395178682846165,0.8755811508104854,249,5,2386.1899999999996,605,477.23799999999994,92
13196,1,Champions,1.9897359280777007,-0.20539184063398375,12,7,3068.84,618,438.4057142857143,141
17270,0,Hibernating,-0.594733526272285,1.204136883719816,470,2,601.45,733,300.725,45
13374,0,Hibernating,-1.454094630161289,0.7085467829418733,415,2,372.8,450,186.4,16
13424,0,Hibernating,-0.707687919739077,0.6656691026194211,450,1,572.7700000000001,450,572.7700000000001,40
17163,0,Hibernating,-0.018097002426747364,0.0330919376651145,22,4,699.78,676,174.945,27
17785,0,Hibernating,-0.490627994739444,0.1995793619402937,54,3,403.38000000000005,566,134.46,48
12454,1,Champions,2.2533445777711494,-0.1313145263036295,57,4,16459.78,422,4114.945,23
17141,0,Hibernating,0.009513492724033724,1.2020993031501837,419,4,727.58,685,181.895,138
17760,1,Champions,0.3435063878361379,0.0650738554676084,22,6,746.3899999999999,650,124.39833333333333,58
17106,0,Hibernating,-0.7568045807213919,0.49023534757057696,390,1,481.58,390,481.58,51
13181,0,Hibernating,-1.3733788951675112,0.4537937019677251,382,1,359.69000000000005,382,359.69000000000005,19
15351,1,Champions,2.166060141204855,-0.44494293261051476,13,10,3430.22,433,343.022,201
17571,1,Champions,1.3886559763729978,0.20100521709703362,51,5,1629.66,543,325.932,289
12604,0,Hibernating,-1.6339492201823964,-0.4055234146366794,80,2,236.18,262,118.09,14
16637,1,Champions,0.4316339395839951,-0.8058927196439002,33,4,1154.4699999999998,226,288.61749999999995,66
15258,0,Hibernating,-0.7190157642210624,-0.29751519388598596,169,2,623.1600000000001,218,311.58000000000004,32
17337,1,Champions,1.336221726957465,0.08609597557396227,152,4,1979.61,311,494.9025,420
12710,0,Hibernating,0.11380820990854686,-0.5285166581339702,97,3,1023.02,202,341.0066666666666,74
15007,0,Hibernating,-2.2178753821893666,-0.6536475635902191,160,1,156.91000000000005,160,156.91000000000005,12
16224,1,Champions,0.8991997546201936,-0.07327179279145363,58,5,1616.5400000000002,388,323.30800000000005,107
12384,2,New / Promising,-0.8683934581495749,-1.488198495083665,29,2,425.27,122,212.635,25
12425,1,Champions,0.8319927117061614,0.0525234584305799,79,2,1741.41,449,870.7049999999999,87
15592,2,New / Promising,-1.1910280716472885,-2.2370493215222496,47,1,388.58,47,388.58,24
13421,1,Champions,2.0701449844222144,0.3295262489180857,41,8,4048.25,664,506.03125,173
14342,1,Champions,0.15915928277832198,-0.24348302557921803,22,6,918.44,473,153.07333333333332,27
13160,2,New / Promising,-3.0070533864606883,-3.1240495281025096,23,1,91.79999999999998,23,91.79999999999998,4
15699,2,New / Promising,-1.4735316142022727,-3.437228798111556,18,1,309.65,18,309.65,18
16811,2,New / Promising,-0.6731288488343913,-3.816345825453951,5,2,547.0699999999999,18,273.53499999999997,26
16921,0,Hibernating,-0.3091682235901965,0.31541450235300056,62,3,409.21,601,136.40333333333334,78
16380,2,New / Promising,0.11274632440692224,-1.9260217650093294,62,1,1743.15,62,1743.15,28
17387,2,New / Promising,-0.1795206728736185,-2.765525441409461,20,2,746.81,34,373.405,71
13819,1,Champions,0.7763317202006608,1.1411850729127069,302,6,2642.35,739,440.39166666666665,47
14142,0,Hibernating,-0.5052880748266995,0.9979236713530848,374,2,671.3399999999999,647,335.66999999999996,42
13179,0,Hibernating,-0.7750247499941504,1.075315141943313,619,1,572.3100000000001,619,572.3100000000001,34
13307,0,Hibernating,-1.4159812552408109,0.5410557080825874,121,3,273.34,593,91.11333333333332,15
17996,0,Hibernating,-0.6958260083106983,0.9202433451232015,380,3,469.73,547,156.57666666666668,62
15341,1,Champions,0.5697707139317233,0.02896007167944087,81,2,2402.72,450,1201.36,22
18090,0,Hibernating,-1.1242968938678224,0.6026035818604633,422,1,321.9,422,321.9,47
13395,0,Hibernating,0.2564951359740847,0.38576987996422646,186,3,1180.23,422,393.41,77
16540,0,Hibernating,-1.7358251057118006,0.5824557262058467,415,1,205.75000000000009,415,205.75000000000009,25
15368,0,Hibernating,-0.5465988034767171,-0.565065550276341,22,2,722.74,395,361.37,8
17269,0,Hibernating,-0.4422281323138439,0.4907727629020979,386,1,491.81000000000006,386,491.81000000000006,110
17042,1,Champions,0.8841462467770324,-1.5170968539820877,3,5,1036.58,248,207.31599999999997,74
12902,0,Hibernating,-2.3929928962852713,-0.0021936567231748377,265,1,138.68,265,138.68,10
18027,2,New / Promising,-2.259733927865645,-1.25202255500619,99,1,115.31,99,115.31,21
17475,2,New / Promising,-1.974203179677663,-1.5479248135954193,80,1,194.37,80,194.37,14
18169,2,New / Promising,-2.0944176105601855,-1.9035036833260692,61,1,202.65,61,202.65,9
12546,2,New / Promising,-0.011623907602914053,-1.7181315733812048,47,2,1021.5,78,510.75,58
15444,2,New / Promising,0.912795202502316,-2.8509479479990754,10,2,1411.2100000000005,41,705.6050000000001,191
14793,0,Hibernating,-0.020084087598201232,-0.25562192756034274,22,2,625.9,536,312.95,39
15195,2,New / Promising,-0.23089730629556074,-5.57519461749721,3,1,3861.0,3,3861.0,1
16852,2,New / Promising,-1.8587841485538565,-1.4948809429872563,11,2,144.91,177,72.455,9
14378,0,Hibernating,-2.4884793912159795,1.1010765581375261,622,1,131.25,622,131.25,9
17474,0,Hibernating,-0.9019016693762351,0.986334321807701,600,1,1047.0,600,1047.0,6
17953,0,Hibernating,-2.1118291260679025,0.9300668376322871,541,1,148.67,541,148.67,19
12538,0,Hibernating,-0.20031836518488247,-0.457701049209591,30,2,640.45,379,320.225,33
15445,0,Hibernating,-1.6302711359402058,0.7848999898327997,265,2,284.5,591,142.25,12
16993,0,Hibernating,0.01279736161126219,0.9314318119492796,464,2,1950.95,577,975.475,19
16907,1,Champions,1.0791642634796872,0.03988166449752004,30,9,1470.89,527,163.4322222222222,109
12927,0,Hibernating,-2.0726154285933083,0.5050290006627003,395,1,197.31,395,197.31,11
13992,0,Hibernating,-1.5014519911585935,-0.20163691294953595,31,3,219.5,464,73.16666666666667,10
15895,0,Hibernating,-2.138325365559047,-0.7422272926355932,150,1,179.17,150,179.17,11
17393,0,Hibernating,-1.026893167001953,0.7985126055519413,411,2,381.15,489,190.575,45
14894,1,Champions,0.47148423715926135,0.5758866921119932,86,3,1492.81,738,497.6033333333333,39
16091,0,Hibernating,-1.5450821059383213,-0.40593026426394946,155,2,315.06000000000006,199,157.53000000000003,16
13238,1,Champions,0.2779846618142352,-0.12055149069825812,18,6,1006.63,591,167.77166666666668,24
16542,0,Hibernating,-1.4183656758405843,-0.17191289494232995,54,2,257.32,402,128.66,13
14566,1,Champions,0.654539493046638,0.3619662660679714,111,4,4092.0,534,1023.0,9
17934,0,Hibernating,0.13469377770553592,-0.14721761736714722,52,3,1049.15,407,349.7166666666667,36
15669,0,Hibernating,-0.30707059476846227,-0.5820150959219537,41,4,684.34,264,171.085,31
17078,2,New / Promising,-1.2329551069680655,-2.4584374878237485,37,2,375.86,37,187.93,27
17465,1,Champions,0.9838956995177387,1.309353649754619,426,7,2542.79,737,363.2557142857143,103
15416,1,Champions,2.099347621153494,0.5017630125903924,65,7,4572.82,677,653.26,189
15496,0,Hibernating,-2.0736100445273804,1.1344810053238576,632,1,146.14,632,146.14,22
12711,0,Hibernating,-0.007654474020344917,1.2173793423571002,612,2,1213.0499999999995,677,606.5249999999999,55
15478,1,Champions,0.9090325959677406,0.0660356530628393,41,3,1940.98,576,646.9933333333333,52
13997,0,Hibernating,-1.1547862790894945,1.04463645855495,520,3,376.46,551,125.48666666666668,36
15254,0,Hibernating,0.25670137459390185,0.4986638779248478,128,3,1088.35,561,362.7833333333333,64
13814,1,Champions,0.8694996269899904,0.29678066509568896,93,3,2257.3199999999997,528,752.4399999999999,56
15788,0,Hibernating,-1.891788101347909,0.8338760500759228,509,1,221.83,509,221.83,14
15191,0,Hibernating,-0.7473828516051193,1.188519501003847,464,3,588.05,689,196.01666666666665,33
16190,1,Champions,1.5001927097613867,0.40959249464422387,41,8,2723.55,726,340.44375,89
14583,1,Champions,1.9849105387530712,-0.385422979479416,6,8,1660.29,622,207.53625,353
14014,1,Champions,0.9206622714656483,0.3198725343143601,78,3,1948.21,577,649.4033333333333,76
15545,0,Hibernating,-0.6642962227392769,-0.20552326628233564,55,2,288.96999999999997,372,144.485,78
14603,0,Hibernating,-1.606417603174325,-0.025214354827861545,275,1,660.0,275,660.0,2
17946,0,Hibernating,-2.1534351938181646,0.018828088317247728,234,2,149.57999999999998,260,74.78999999999999,18
17175,1,Champions,0.4333614340009817,-0.4563950894563541,45,4,1443.69,297,360.9225,42
13489,0,Hibernating,-1.2217388057093082,-0.12496707427877661,106,4,449.52,295,112.38,11
13827,2,New / Promising,-0.5596675941599865,-1.0020949666658527,58,3,409.7999999999999,144,136.6,83
13350,2,New / Promising,-0.1105500860850327,-2.081154026262996,17,2,879.1200000000001,80,439.56000000000006,35
13422,2,New / Promising,1.0350202826088584,-1.8494641238534582,65,1,2626.3,65,2626.3,127
17361,1,Champions,0.24461403309127744,0.37904953158531046,50,5,871.79,677,174.358,51
13496,2,New / Promising,-0.049063819752364596,-0.8763264033184962,11,2,653.3299999999999,360,326.66499999999996,28
16360,1,Champions,2.2218943960648256,-2.26417415653964,5,6,3450.41,89,575.0683333333333,365
13843,0,Hibernating,-1.4913052672893303,0.456289508672064,382,1,319.75,382,319.75,18
14204,1,Champions,1.442746942723521,-0.5412060085312178,3,4,1024.83,738,256.2075,186
17023,0,Hibernating,-0.32283906565059184,1.1577837975884055,418,3,800.18,698,266.72666666666663,48
15588,0,Hibernating,-1.5278304099254958,1.1556160076297806,678,1,579.6,678,579.6,4
17136,0,Hibernating,-1.8596312256984742,1.1747308409599286,663,1,231.68,663,231.68,14
13879,0,Hibernating,-1.1994833568867354,1.1358266364433307,646,1,395.50000000000006,646,395.50000000000006,25
12533,0,Hibernating,0.058073992399237884,1.3088596568624913,628,2,1223.89,739,611.945,62
14552,0,Hibernating,-0.14677725870847433,0.6501197315242179,152,3,507.9299999999999,593,169.30999999999997,124
18141,0,Hibernating,-0.35050216137132145,0.9322976375566397,402,2,882.47,590,441.235,38
13537,0,Hibernating,-0.5891290737647317,0.7192705507708927,426,2,717.8499999999999,452,358.92499999999995,38
17533,0,Hibernating,-4.202869808202549,0.6462616312048927,435,1,34.8,435,34.8,1
15277,0,Hibernating,-0.6546306357658721,-0.1799887132915399,47,2,476.34,426,238.17,23
14700,1,Champions,1.6152961135877808,-0.10139404460499715,33,5,3076.06,486,615.212,111
16587,0,Hibernating,-1.894945794614874,-0.17804899124681767,233,1,225.15,233,225.15,13
14231,0,Hibernating,0.2582408802583962,0.47532762872207235,184,4,1235.62,451,308.90500000000003,66
14009,0,Hibernating,0.17065908171541036,0.49644847684281274,199,3,1099.91,463,366.6366666666667,71
13678,0,Hibernating,-1.7856074154952606,-0.7262025536834026,152,1,232.6,152,232.6,16
17267,2,New / Promising,-1.2722982737525665,-0.8628781515932007,128,2,317.20000000000005,128,158.60000000000002,37
16909,2,New / Promising,-1.3253502118487264,-1.680315433312331,73,1,379.14,73,379.14,18
12652,0,Hibernating,-0.2576984606063828,0.5867576276387106,332,2,891.03,435,445.515,50
16632,0,Hibernating,-1.2461930098763927,1.0061668241944388,486,2,406.4,582,203.2,22
16028,0,Hibernating,-3.0742576767054417,1.0497680152944688,596,1,82.2,596,82.2,5
13011,0,Hibernating,-3.6252009523367112,0.44982780021286883,373,1,50.55,373,50.55,3
15703,0,Hibernating,-2.280537391138775,-0.026205484442086358,265,1,211.5,265,211.5,5
12375,2,New / Promising,-1.0516768783478856,-2.0402580542228845,11,2,377.5,99,188.75,13
15477,0,Hibernating,-2.104224934336586,1.1046453431001895,650,1,368.4,650,368.4,2
18024,0,Hibernating,-1.3179021940603948,-0.6496950811779078,153,2,389.7799999999999,153,194.88999999999996,21
15097,1,Champions,0.7536808289849742,-0.652017112288652,5,3,908.35,584,302.7833333333333,59
12462,1,Champions,0.3265704746632913,-0.8310424035383389,19,2,937.59,304,468.795,50
17309,0,Hibernating,-0.9131542266570571,0.5779513255884009,96,3,320.39,674,106.79666666666668,33
17936,2,New / Promising,-0.7832671380604221,-4.713332161469959,6,1,380.13,6,380.13,68
17778,0,Hibernating,-2.112676509105374,1.17152531328842,662,1,197.7,662,197.7,10
14490,0,Hibernating,0.13282258441798747,0.6493210874267745,407,2,1273.4699999999998,429,636.7349999999999,72
17782,0,Hibernating,-0.7486016905272992,0.5245777910939434,383,2,679.02,383,339.51,29
15262,0,Hibernating,-1.1736512679903124,0.7410120819954252,324,3,418.82,489,139.60666666666663,22
15211,0,Hibernating,0.09281606366541217,-0.22163640673533205,61,2,894.4100000000001,366,447.205,52
14600,0,Hibernating,-0.2621824051829595,0.46744972132182916,306,2,865.1700000000001,394,432.585,53
13575,2,New / Promising,-0.10075752563048868,-1.1115653929306168,24,5,732.0699999999999,177,146.414,41
17022,0,Hibernating,-1.207001525109939,-0.29946931284108946,32,2,259.99999999999994,433,129.99999999999997,16
13702,0,Hibernating,-2.659185966451845,0.6599909459397829,446,1,135.18,446,135.18,5
14352,0,Hibernating,-0.0785491480780979,-0.03848661679584893,158,4,1078.96,274,269.74,44
16502,0,Hibernating,-1.4259222852985922,1.1847472433201778,621,2,258.55,621,129.275,41
18056,0,Hibernating,-0.7712173665010836,0.8561236366346339,289,2,554.6,619,277.3,28
15268,0,Hibernating,-0.5417738495811257,1.061616212383647,479,3,961.9,606,320.6333333333333,21
16196,0,Hibernating,-3.0383221503986846,0.7864803866189644,489,1,93.3,489,93.3,4
15470,0,Hibernating,-3.3584284127436077,1.0096795931866813,576,1,63.419999999999995,576,63.419999999999995,4
17721,0,Hibernating,-1.7125767460500245,1.1562683706931618,660,1,307.21,660,307.21,11
14104,0,Hibernating,0.14405256595579594,0.6628469794844553,155,5,740.53,561,148.106,116
15462,0,Hibernating,-0.30753194171797127,0.21224110658317846,95,4,737.05,446,184.2625,32
12458,1,Champions,0.6629406766548823,0.1811934457490217,72,4,1502.49,488,375.6225,70
15230,0,Hibernating,-1.208820083610874,-0.06645561821355682,240,2,429.6,241,214.8,23
17264,0,Hibernating,-1.1224957002530942,0.6246270417616054,425,1,268.28,425,268.28,70
16036,1,Champions,1.3200493996567682,0.4711646201516618,88,4,2556.8399999999997,621,639.2099999999999,120
14356,2,New / Promising,-0.6448167756558036,-1.4695835846596588,80,2,701.23,82,350.615,33
17440,0,Hibernating,-1.7953421305570842,0.5836382767323423,157,4,323.58,550,80.895,4
15826,1,Champions,1.3384891703732484,0.2217166597592199,57,4,2598.2799999999997,569,649.5699999999999,100
14979,0,Hibernating,-0.9355020276606044,1.3118649410789434,736,1,429.66,736,429.66,42
13503,1,Champions,1.189535716162351,0.4982157066263004,72,5,1778.0400000000002,662,355.60800000000006,157
14459,1,Champions,1.7976709547277623,0.6238952848585542,156,2,5375.74,652,2687.87,112
17184,0,Hibernating,-1.996467339757109,1.2875325899069392,570,2,198.41000000000005,731,99.205,14
18281,0,Hibernating,-1.711644007649924,0.6337867665742913,181,2,201.14,578,100.57,17
15077,0,Hibernating,0.3745939790399761,1.1716910859112475,495,2,2428.08,731,1214.04,28
18140,0,Hibernating,-0.6853243784829284,0.7386262739029634,474,1,536.41,474,536.41,49
15647,0,Hibernating,-2.2017975884987577,0.5765893893246952,416,1,169.0,416,169.0,11
12578,1,Champions,2.007358324328838,-0.3677278258972586,22,4,4026.45,444,1006.6125,148
16926,0,Hibernating,0.08433272305384079,0.9195905503109717,372,5,1169.61,527,233.92199999999997,63
15213,0,Hibernating,-1.4468027638135796,0.3351883862970162,319,2,328.35,330,164.175,22
14212,1,Champions,0.3932002966671901,0.06037996799367793,90,2,2190.1400000000003,446,1095.0700000000002,18
15343,2,New / Promising,-1.303415631156793,-1.4370351239664205,88,1,364.50000000000006,88,364.50000000000006,21
12607,2,New / Promising,0.5233380414214843,-1.9198143914170211,61,1,1579.51,61,1579.51,101
14494,0,Hibernating,-0.6789103247445808,0.1376744724835295,26,3,401.46,732,133.82,17
12572,2,New / Promising,0.11388871780959059,-2.688338379671845,9,2,912.42,52,456.21,52
15403,0,Hibernating,-2.3863144491973904,1.2203077820365709,492,2,170.88,731,85.44,6
15848,0,Hibernating,-1.9564711490832523,1.1235456326040065,622,1,137.99,622,137.99,34
17099,0,Hibernating,-0.6966677126718381,0.886646485277097,534,1,582.1700000000001,534,582.1700000000001,40
12771,0,Hibernating,-1.8745465886628394,0.7734540200913507,486,1,226.3,486,226.3,14
15978,1,Champions,1.5096061904820621,0.4119849973041721,78,3,3279.42,645,1093.14,107
13912,0,Hibernating,-2.6108921504045695,0.6023631614349166,424,1,124.95,424,124.95,7
17741,0,Hibernating,-2.8312775612317873,0.9219699144267613,407,2,101.1,561,50.55,6
15780,0,Hibernating,-0.9461510892845645,0.23905278545662623,184,3,475.28,358,158.42666666666665,26
14772,2,New / Promising,-2.4143220074659646,-1.102745220676709,113,1,139.26,113,139.26,9
18005,2,New / Promising,-0.9081337122968646,-2.987695145559113,4,2,226.47000000000003,48,113.235,52
16207,2,New / Promising,-1.2575734585478122,-2.9877693154477964,26,1,394.38,26,394.38,19
13079,0,Hibernating,-0.5540816577726051,-0.8704875161525157,5,6,419.18,418,69.86333333333333,11
16064,0,Hibernating,-2.411826811896991,1.3178518945596105,726,1,109.31,726,109.31,17
17794,0,Hibernating,-2.541519365025011,1.3028670651941918,687,2,147.3,689,73.65,7
14884,0,Hibernating,-2.600830778142361,1.1977869349392887,670,1,120.6,670,120.6,8
15870,1,Champions,0.5763379964276916,-0.16717985335744714,33,4,857.46,447,214.365,127
17683,0,Hibernating,-0.39313445499698874,0.9153900333693789,386,3,819.0099999999999,555,273.0033333333333,41
14946,2,New / Promising,-3.0104446767119066,-3.6568112939374418,15,1,100.9,15,100.9,3
16696,0,Hibernating,-1.1529311404915148,-0.20135230118369346,136,4,657.9000000000001,249,164.47500000000002,7
17334,0,Hibernating,-0.8862166248647187,0.5347589636945239,303,3,635.15,407,211.71666666666667,20
15244,0,Hibernating,0.14409518553546008,0.3995132056506624,66,3,912.0800000000002,667,304.0266666666667,44
13375,1,Champions,0.6975220391221466,0.08289438299679273,89,2,1792.23,445,896.115,62
16857,0,Hibernating,-1.591678669651771,0.6362267784266328,443,1,352.80000000000007,443,352.80000000000007,11
18138,0,Hibernating,-2.393733338319629,0.134079813733078,296,1,152.65,296,152.65,8
16338,0,Hibernating,-1.9886469497586625,-0.6806359798116212,158,1,214.8,158,214.8,11
18045,2,New / Promising,-1.616119994859709,-2.230565062510799,46,1,178.33999999999995,46,178.33999999999995,43
13558,2,New / Promising,0.22688008576242405,-2.4568463787456403,6,4,594.52,69,148.63,123
14137,0,Hibernating,-1.6471147841209264,1.2226755597160168,696,1,332.7,696,332.7,11
16978,0,Hibernating,0.11602160765213788,0.4758143925567854,78,3,768.8800000000001,667,256.29333333333335,65
13567,0,Hibernating,0.38791559060393593,0.9923260312240403,429,4,1079.29,542,269.8225,180
17325,0,Hibernating,-0.5589459678740616,0.9323481468513987,281,3,609.57,642,203.19000000000003,39
13646,0,Hibernating,-1.0934601300457176,0.6152429550142543,400,2,326.25,400,163.125,58
14365,0,Hibernating,-0.4863700316549707,1.0717782024472489,395,2,634.6800000000001,682,317.34000000000003,50
16765,0,Hibernating,-0.8021706467133536,0.44623177055309354,295,2,454.75,383,227.375,52
15204,0,Hibernating,-1.7499703113317635,0.3604108732651384,358,1,316.58,358,316.58,9
17260,0,Hibernating,-2.6896643368830255,0.5636304992938005,412,1,120.95,412,120.95,6
16750,0,Hibernating,-0.083884968450472,-0.6106296497845215,45,5,623.93,233,124.786,74
15463,2,New / Promising,-2.5643087790600845,-2.792549351015173,30,1,126.14,30,126.14,7
16406,1,Champions,0.38362464609245667,-0.05042643124006039,19,3,528.36,654,176.12,135
16535,1,Champions,0.7241224693199867,-1.017475780379677,6,2,952.04,386,476.02,66
12796,0,Hibernating,-1.8121733499360082,1.079751744968576,629,1,351.0,629,351.0,6
17958,0,Hibernating,0.011681057231422248,0.6429780228075503,117,2,973.88,729,486.94,35
13128,0,Hibernating,-2.5410737223230306,1.0704349691122053,632,1,263.5,632,263.5,1
13251,0,Hibernating,-1.564847308931562,0.5384446261992785,403,1,252.68,403,252.68,25
15992,1,Champions,0.6902327673290242,-0.9527208957090816,4,3,896.6,454,298.8666666666667,53
14589,0,Hibernating,-3.821161435368977,0.4533197766719172,372,1,39.75,372,39.75,3
15319,0,Hibernating,-1.9016633472617335,0.08414599023986603,284,1,204.50000000000003,284,204.50000000000003,16
14169,0,Hibernating,-0.6287370864406839,0.719041321651509,431,2,613.1099999999999,445,306.55499999999995,49
14323,0,Hibernating,-0.6413340582711771,-0.3618242142783775,115,2,605.06,239,302.53,32
12822,2,New / Promising,-0.2704307971601778,-1.4567858606408803,71,2,948.88,88,474.44,41
14815,2,New / Promising,-0.24891069336225655,-1.925434393229833,37,2,778.5,68,389.25,53
17103,0,Hibernating,-1.0493304127933378,1.2841024308431959,723,1,424.3,723,424.3,32
12760,0,Hibernating,-1.4598118530873196,0.6874253318240272,456,1,317.8,456,317.8,20
17279,2,New / Promising,-2.1979324203055546,-1.9675867340218578,58,1,187.83,58,187.83,8
17847,0,Hibernating,-2.576522637583549,1.1403348394703323,516,2,125.74,646,62.870000000000005,8
13398,0,Hibernating,-0.48518748989943733,0.40852258864069824,193,2,670.3399999999999,449,335.16999999999996,37
17280,0,Hibernating,-2.705013434489738,0.6462525594798118,439,1,118.86,439,118.86,6
12369,0,Hibernating,0.42937101067541733,1.0710730354374296,414,3,1511.1499999999996,642,503.7166666666665,89
16661,0,Hibernating,-0.22140274820651856,1.323604667441581,541,4,932.7600000000002,723,233.19000000000003,50
16219,0,Hibernating,-4.075775050544203,0.8244382577811504,501,1,40.8,501,40.8,1
13116,2,New / Promising,-0.9110323094015351,-0.8525205561590231,139,1,501.13999999999993,139,501.13999999999993,30
13356,2,New / Promising,-0.4193902169410425,-1.5524827089024364,81,1,768.2399999999999,81,768.2399999999999,42
13529,0,Hibernating,-1.4362852189169002,-0.6387781682570547,79,2,307.76,205,153.88,15
15935,0,Hibernating,-2.5639168838684725,-0.12116952989935591,240,1,108.04,240,108.04,11
15836,2,New / Promising,-2.37669420946951,-2.118295114135641,51,1,137.37,51,137.37,10
17900,0,Hibernating,-2.9315160328522594,-0.3557157300326216,191,2,112.2,191,56.099999999999994,4
14376,0,Hibernating,-1.8489389601456478,1.2207272980626718,684,1,215.46,684,215.46,17
16677,0,Hibernating,-0.27232315985884914,1.0370452817185056,412,2,880.62,653,440.31,45
16275,1,Champions,0.9492369298698103,0.7765214743585184,197,3,2151.11,642,717.0366666666667,105
12687,1,Champions,0.711445966853127,0.7384846317052736,481,1,1858.9099999999996,481,1858.9099999999996,125
13430,2,New / Promising,-0.21032785849414376,-1.9514646383540135,19,2,679.45,87,339.725,48
16030,0,Hibernating,-1.293295453127865,0.19332128225252737,310,1,331.24,310,331.24,28
15947,2,New / Promising,0.10490837259305384,-1.5517661107006682,83,1,1708.24,83,1708.24,29
16732,1,Champions,2.2169953216109803,0.2288644604868887,32,4,4387.64,732,1096.91,199
13087,0,Hibernating,-1.5841386277620852,1.2863378694455476,727,1,313.64,727,313.64,15
16577,0,Hibernating,-1.264545009749355,1.176893958393426,667,1,380.0,667,380.0,23
16285,0,Hibernating,-1.7863706248594426,1.1655360650646809,647,1,176.9,647,176.9,31
17622,0,Hibernating,-0.48958913018433203,1.079797651343971,598,2,1130.21,599,565.105,19
15931,0,Hibernating,-1.824257162214162,0.6103332870005939,429,1,239.9,429,239.9,14
16689,2,New / Promising,-1.4287808840942238,-1.48181775710371,76,2,422.6,83,211.3,12
15335,2,New / Promising,-1.7466864833214601,-2.0297590200797417,54,1,170.22,54,170.22,34
13332,2,New / Promising,-1.3096344020809303,-3.6609412948226336,15,1,350.9,15,350.9,21
12861,0,Hibernating,-3.299240163095278,1.1028238048911745,620,1,68.25,620,68.25,4
16405,0,Hibernating,-2.6912880469345497,0.24787451906967345,303,2,167.25,311,83.625,3
15635,0,Hibernating,-3.17513190280922,0.5016880352626416,396,1,100.35,396,100.35,2
14845,0,Hibernating,-3.0076467243040805,1.0197767747624369,600,1,150.0,600,150.0,1
17077,0,Hibernating,-2.4155528469654044,0.9526436424269511,579,1,306.0,579,306.0,1
17948,0,Hibernating,-2.2636882388462722,-0.8142242448909398,148,1,358.56000000000006,148,358.56000000000006,1
16881,2,New / Promising,-2.097130996704552,-1.8368332293489353,67,1,432.0,67,432.0,1
15386,0,Hibernating,-1.1027495889011592,-0.46257837904332977,187,1,394.14,187,394.14,31
15585,0,Hibernating,-0.9819625168874327,-0.5377111101630988,177,1,455.2999999999999,177,455.2999999999999,31
13095,2,New / Promising,-3.064661692117432,-1.6870071073603874,71,1,74.39999999999999,71,74.39999999999999,6
17195,0,Hibernating,-0.8246527480606759,1.1492454561854046,656,1,562.98,656,562.98,31
17225,0,Hibernating,-2.688161107091373,1.0052950497198467,582,1,131.15,582,131.15,5
17559,0,Hibernating,-2.1803440168220822,0.849527826772014,513,1,167.61999999999998,513,167.61999999999998,12
14564,1,Champions,0.977832919563999,1.1508671893747815,435,2,2605.62,736,1302.81,107
16991,0,Hibernating,0.0273580107678425,0.5764255408639603,422,1,1041.21,422,1041.21,74
14612,0,Hibernating,-0.7449422598169856,0.5321993190780501,416,1,877.7,416,877.7,14
17535,0,Hibernating,-2.158515088440316,0.07314452981290816,281,1,164.4,281,164.4,13
16213,2,New / Promising,-2.4389720311814695,-1.572681361878704,79,1,159.0,79,159.0,6
16123,2,New / Promising,-1.5373008084485973,-2.1090535024894663,52,1,307.78,52,307.78,16
17166,0,Hibernating,-1.7297155280097456,-0.9060499977050858,39,2,206.34,204,103.17,11
15072,0,Hibernating,-2.0573375582842974,0.7616025762094696,480,1,187.52,480,187.52,13
15049,0,Hibernating,-2.90128228741094,0.025585157410762966,274,1,121.17000000000002,274,121.17000000000002,3
17775,0,Hibernating,-3.5299749720235627,-0.04486949783377418,255,1,56.4,255,56.4,3
17628,2,New / Promising,-3.112334201757961,-1.5061350927025445,82,1,75.75,82,75.75,5
18233,0,Hibernating,-2.105108287830256,0.19887496658982484,326,1,440.0,326,440.0,1
18175,0,Hibernating,-2.3336319952023152,1.1959422001986044,676,1,176.1,676,176.1,7
16334,0,Hibernating,-1.238885260837971,0.81227356121331,493,1,263.73,493,263.73,54
15537,0,Hibernating,-2.249162955202671,-0.5991341340798539,164,1,110.92,164,110.92,24
16166,0,Hibernating,-1.2005062316087314,1.1091568692799008,429,2,435.83,692,217.915,18
13315,0,Hibernating,-1.45026179984525,1.2259609189700358,690,1,310.26,690,310.26,22
16987,1,Champions,2.1428133011843036,-0.34309291500202876,4,11,2499.4500000000003,738,227.2227272727273,154
13085,1,Champions,0.8966483815275215,0.9348991552362143,158,8,2433.2799999999997,739,304.15999999999997,50
15601,1,Champions,3.7808039764171273,0.13907210797361935,12,30,14191.740000000002,739,473.0580000000001,310
17920,1,Champions,4.782409474962209,-0.07796384672855083,5,54,23569.879999999997,734,436.4792592592592,714
15203,1,Champions,2.2692195481802573,0.3321298321044938,26,15,4400.18,732,293.3453333333334,150
15882,0,Hibernating,0.18512494986181838,1.0347812472372548,199,8,1122.38,730,140.2975,48
13317,1,Champions,2.569797390583322,0.7151849011103713,67,19,6486.090000000001,727,341.3731578947369,221
16327,1,Champions,3.3382768453107845,0.11885004063726862,15,16,10129.04,726,633.065,288
16554,1,Champions,1.6000987081222298,0.42880863084249526,43,8,2841.72,725,355.215,108
17233,0,Hibernating,-0.020809170517466034,0.2634884967168418,36,3,560.86,725,186.95333333333335,56
15750,1,Champions,3.4007328911653576,-0.3668362748953846,3,18,6452.99,739,358.4994444444444,388
13787,1,Champions,0.5807774741421545,0.5841762366747623,76,6,1222.5,695,203.75,71
17469,1,Champions,2.5231988750537346,0.1809071561262861,17,17,5051.25,724,297.13235294117646,165
14837,1,Champions,1.783703923529297,0.6790938171615641,90,9,3460.32,685,384.48,171
12916,1,Champions,1.5959440417549102,0.7890962875666523,139,7,4479.73,685,639.9614285714285,82
16206,1,Champions,1.7177488948002184,0.5540046002296103,55,13,2577.1200000000003,685,198.24000000000004,186
14702,1,Champions,3.458231524187548,-0.4210584453253162,2,29,6356.9800000000005,730,219.20620689655175,337
12810,0,Hibernating,-0.8665783075680406,1.179325669575391,535,2,534.99,677,267.495,32
16139,1,Champions,0.6367586627013668,0.08406952697561897,19,5,1111.15,737,222.23,47
13203,1,Champions,2.0140281910292503,-0.07062404658707726,10,10,2648.25,723,264.825,158
16711,1,Champions,1.5517994305739518,-0.40939661298082064,4,9,2868.48,738,318.72,26
15774,1,Champions,0.711547522457306,0.4984991791494008,69,6,1287.09,657,214.515,87
13115,1,Champions,2.5935347418742993,-0.1941738533432879,12,10,5494.700000000001,600,549.47,178
17584,1,Champions,2.338711872361067,-0.3034313847523652,8,6,5309.42,684,884.9033333333333,85
13269,1,Champions,3.5651255277564786,-0.43170124694495693,2,28,8537.32,738,304.9042857142857,238
12925,1,Champions,0.47863108458815995,-0.6363518747775145,5,3,729.3299999999999,593,243.11,46
15954,0,Hibernating,-1.9194783475096873,1.0354083679136263,590,1,187.8,590,187.8,19
16150,1,Champions,2.0158844053337135,0.45343494810234647,43,10,4002.17,723,400.217,143
17068,1,Champions,3.328394668212224,0.08813329365295608,13,47,8980.18,622,191.06765957446808,249
13798,1,Champions,5.445748901218934,-0.3037134827863426,2,110,75428.86999999998,732,685.7169999999999,168
12960,0,Hibernating,0.10137944048380884,1.1293656474399327,414,4,1322.0700000000002,662,330.51750000000004,49
13998,0,Hibernating,-0.8422271327637136,1.0124835756799426,447,3,566.6999999999999,577,188.9,30
15980,1,Champions,2.0468236971053373,0.4227246082003641,89,7,6543.68,557,934.8114285714286,101
17515,1,Champions,1.075791052206169,0.09860531983149243,32,9,1602.5100000000002,551,178.0566666666667,91
15854,1,Champions,2.88218139155788,-0.20941711690193782,5,21,5578.28,730,265.6323809523809,168
15905,0,Hibernating,-2.2718753373155436,0.9475223894265868,544,1,114.69,544,114.69,22
14723,1,Champions,1.9199106327427753,0.015654414103767316,11,11,1801.3599999999997,736,163.75999999999996,286
12417,1,Champions,3.1605450697077884,-0.27563765901462084,4,20,5998.41,734,299.9205,269
17854,1,Champions,0.46545526080699134,0.9883842140679688,186,6,1068.5,732,178.08333333333334,113
13418,1,Champions,3.6338970519845315,0.13873921048999516,12,31,11559.66,729,372.8922580645161,328
15296,1,Champions,3.118301272644007,0.48824929206541456,51,12,10323.03,688,860.2525,342
12877,1,Champions,2.3257977501710485,-0.32072966686853305,4,20,2942.1400000000003,691,147.10700000000003,149
15003,1,Champions,0.5284403169053401,1.3038543654655672,474,6,1027.03,683,171.17166666666665,253
15755,1,Champions,2.9649699020685043,0.04352455632027761,11,17,5993.119999999999,736,352.53647058823526,281
16004,1,Champions,0.5892236692146413,1.2328453109949145,475,5,2146.3900000000003,684,429.2780000000001,63
15092,0,Hibernating,-0.3670174290930068,0.5271419660907439,216,3,776.4599999999999,463,258.82,39
17705,1,Champions,1.6573033400411696,-0.5748527700391107,4,11,2083.9,577,189.44545454545457,74
13555,1,Champions,2.8227063436183046,0.6441776863458779,74,13,8891.84,690,683.9876923076923,264
13881,1,Champions,4.770962398473848,-0.3441619942296063,4,43,45179.1,646,1050.6767441860466,182
17226,0,Hibernating,-0.14969263027306542,0.9960820282782724,309,3,895.47,666,298.49,51
12802,1,Champions,0.9696571321039368,0.7065661738156173,187,5,2186.42,564,437.284,106
14909,0,Hibernating,0.21717811468145998,1.1184925993320722,438,3,1404.6800000000003,664,468.22666666666674,61
17612,1,Champions,2.4403454094282337,0.624560854875081,54,18,5394.86,723,299.71444444444444,213
15857,0,Hibernating,-0.3450731911165773,-0.5162157752347338,19,2,570.48,431,285.24,21
14961,1,Champions,3.8978373466633545,0.05487945925057418,11,22,16410.149999999998,736,745.9159090909089,328
17621,1,Champions,1.4837959536532224,-0.3469725513430256,22,6,3175.12,432,529.1866666666666,61
17070,0,Hibernating,-0.35518332802280994,0.16038634233421514,115,2,437.42,411,218.71,102
15123,1,Champions,2.419580863157947,-0.38292494513346936,8,5,4656.17,634,931.234,149
14398,0,Hibernating,-0.45157478191387934,0.8432539058411876,402,2,707.79,528,353.895,50
17362,1,Champions,0.32771855599575167,1.0704518483811063,240,7,1024.04,703,146.29142857142855,99
16546,1,Champions,1.4289570210100715,0.6258133480100521,291,5,5307.07,443,1061.414,75
15521,1,Champions,2.651161092047693,0.46766385296578283,41,16,7087.639999999999,704,442.9775,185
12951,1,Champions,2.0950369656013077,-0.09190956866913047,9,15,3213.7200000000003,699,214.248,110
16383,1,Champions,1.7747577084285726,0.5704457281441393,75,7,2887.99,674,412.57,238
18022,1,Champions,1.4202438271686972,0.0788957086389832,36,5,1506.62,547,301.32399999999996,305
16083,1,Champions,0.8635473184396083,0.08973015802709841,101,4,2351.42,389,587.855,61
15561,1,Champions,1.332232093714523,-0.12245409208374865,12,8,1934.39,664,241.79875,65
14130,1,Champions,0.9834840223066019,1.132589688538642,320,4,1858.77,729,464.6925,189
15983,1,Champions,1.9026558540050582,0.2065649240780598,23,8,3110.37,734,388.79625,137
15465,1,Champions,3.0855046022314476,0.3058009230154278,20,32,12100.399999999998,730,378.13749999999993,94
17320,1,Champions,1.1679503656895909,0.6673506651182753,101,6,2444.8500000000004,688,407.4750000000001,86
17126,1,Champions,1.349198217142161,0.5602826447811747,153,9,2008.93,466,223.21444444444444,294
12944,0,Hibernating,-0.3493250440424711,-0.448978524648938,36,2,604.51,355,302.255,29
16889,1,Champions,1.2611357451206024,0.7549863198575903,195,6,2526.6499999999996,566,421.1083333333333,163
17114,1,Champions,0.7000055843734925,-0.9520563458892807,6,8,801.12,335,100.14,85
12601,0,Hibernating,-0.7863714698903639,0.4483142541780527,190,6,573.2600000000001,405,95.54333333333336,23
14404,1,Champions,1.7158610399208976,0.4072903036680268,34,13,2724.13,720,209.5484615384615,123
14770,1,Champions,1.5519132388892822,0.9818073606315053,233,8,3637.64,653,454.705,152
14587,1,Champions,1.3133912025608736,-0.5426511374186624,19,9,1580.29,332,175.58777777777777,170
13534,1,Champions,3.2321000948474907,-0.6067088575135687,3,35,7720.900000000001,521,220.59714285714287,163
17537,1,Champions,0.3362676820055608,-0.6519405740756862,30,2,887.6700000000001,304,443.835,74
16726,1,Champions,1.4334673213651854,-0.26230807877388046,27,7,2063.8799999999997,412,294.84,150
14507,1,Champions,2.063731997811556,0.2675046256053548,24,11,3216.74,730,292.4309090909091,182
13226,0,Hibernating,-1.328047822220743,0.44282896368758756,274,2,312.46000000000004,394,156.23000000000002,28
16265,1,Champions,2.762393607326446,-0.5867360067617895,10,12,6685.17,408,557.0975,191
15353,1,Champions,1.5553232047610788,1.1277957380148145,255,7,2794.47,738,399.21,274
16398,1,Champions,0.49567780686101853,-0.2064140061237043,155,2,1705.8000000000002,254,852.9000000000001,75
13515,1,Champions,0.5631675142246794,0.4980492542874767,73,6,1265.82,645,210.97,64
14289,1,Champions,0.3113006422475114,-1.0060611712072036,9,6,911.26,290,151.8766666666667,33
13208,1,Champions,1.4532381930826466,0.5929742248154822,60,8,1951.82,737,243.9775,197
15249,1,Champions,3.1110897258768015,0.28352761080903294,32,18,9266.0,624,514.7777777777778,304
14451,1,Champions,1.99077051214099,0.5894443136077357,61,12,3258.6800000000003,692,271.5566666666667,245
13637,0,Hibernating,0.08670281783078837,-0.6462274684079801,53,3,803.05,227,267.68333333333334,78
17360,1,Champions,1.1562173137627427,-0.3648158008917428,18,6,1200.51,435,200.085,189
13936,0,Hibernating,-0.0522682819721643,0.3586782154637227,180,3,939.66,415,313.21999999999997,56
16266,1,Champions,0.9787610062781887,0.6569985792094045,74,14,1757.95,674,125.56785714285716,73
16175,1,Champions,0.7694796535528032,0.4864506720968163,95,7,1836.44,564,262.34857142857146,59
13461,1,Champions,1.382558253570494,0.14141662956714152,39,6,4160.000000000001,598,693.3333333333335,30
16498,0,Hibernating,-2.5590453931549684,-0.5372039494356043,162,2,100.97,163,50.485,15
16557,2,New / Promising,-1.4563908765190343,-1.4353496610165728,25,2,281.85,138,140.925,11
16774,1,Champions,0.913385549175236,0.5348262907880709,68,8,1567.48,662,195.935,89
14105,1,Champions,2.051812874170012,1.0092530895856329,240,5,5988.83,722,1197.766,200
16183,0,Hibernating,0.06244927043666848,-0.007826046865124267,68,4,1077.81,408,269.4525,32
16725,1,Champions,1.1089890142036565,1.281973919374992,303,13,1686.8099999999995,727,129.75461538461536,241
15376,1,Champions,0.5832035537483415,-0.7675261031352361,41,3,1221.56,223,407.18666666666667,100
14466,1,Champions,1.9361719522550558,0.346902256934178,30,13,4267.15,727,328.2423076923077,77
14529,2,New / Promising,-0.042684268314835565,-1.213195774523696,61,3,578.61,111,192.87,177
17659,1,Champions,2.0379771159419997,-0.38624908968083155,18,14,3586.99,387,256.2135714285714,150
17633,1,Champions,1.1587648541253048,-0.2591476973525777,32,7,2057.39,390,293.91285714285715,84
13045,0,Hibernating,-0.1364290262206814,0.2758207016392859,100,3,808.9200000000001,487,269.64000000000004,41
17433,0,Hibernating,-0.18177729898098594,-0.007140390537473632,89,2,569.96,386,284.98,81
16959,2,New / Promising,-2.639644198405359,-1.4229680236009807,88,1,117.35,88,117.35,7
18237,2,New / Promising,0.48377282359885754,-2.076621146422629,3,5,987.1,135,197.42,40
14235,1,Champions,1.8758290381081257,0.505778993458407,76,9,4717.99,620,524.2211111111111,107
13704,1,Champions,1.4254783292702822,-2.1579009618457055,6,9,2308.06,89,256.4511111111111,111
16474,1,Champions,1.5385899236906895,-1.6288266482649558,8,7,1810.49,146,258.6414285714286,236
16020,2,New / Promising,-0.11266470579826743,-2.1985212421285367,17,3,851.01,66,283.67,42
12553,1,Champions,2.163249695406242,-0.5853070773153135,9,12,4104.75,424,342.0625,108
16042,1,Champions,1.3619684497275995,-0.22787866817033844,23,8,2245.3199999999997,454,280.66499999999996,88
18228,2,New / Promising,-0.6247145951912306,-1.6311851694935873,57,2,779.9000000000001,80,389.9500000000001,23
12919,2,New / Promising,0.5317331879039695,-1.4996894420020257,9,6,1335.19,170,222.53166666666667,34
16284,1,Champions,0.6300444688243549,-0.33901887780505024,32,3,1018.48,394,339.49333333333334,108
13232,1,Champions,1.1012364617506114,-0.9932879699142607,13,7,1327.75,244,189.67857142857144,146
13894,0,Hibernating,-0.40904040779866147,-0.6711018050319892,24,3,564.6200000000001,311,188.2066666666667,25
15690,2,New / Promising,-1.1329859178728081,-2.271195817272295,5,2,239.76,101,119.88,19
13758,1,Champions,3.1146901045911606,0.03378743838885288,12,14,8595.29,739,613.9492857142858,212
16400,1,Champions,1.7705210896686372,0.767945542953863,95,9,3059.85,732,339.98333333333335,214
13727,1,Champions,0.7302679354802826,0.30904221623359973,29,8,1074.15,731,134.26875,74
17860,0,Hibernating,0.005883400091897407,1.2082112567535965,369,4,717.3899999999999,729,179.34749999999997,127
15518,1,Champions,2.2287685468111884,0.6752372919708066,65,15,4189.99,720,279.3326666666666,250
13097,1,Champions,3.5725209086545635,0.5034038322239468,33,27,13015.36,739,482.0503703703704,389
15420,0,Hibernating,-0.32030292385601045,1.3166856686616157,435,6,743.0,735,123.83333333333331,52
12370,1,Champions,1.9761212259844907,0.4077538771812818,52,7,3956.559999999999,669,565.222857142857,167
18058,0,Hibernating,-0.0833983900531792,-0.31936567303095426,10,3,774.06,668,258.02,12
12836,1,Champions,2.668598680861824,0.6572391238865566,60,15,6559.7300000000005,739,437.31533333333334,280
16487,0,Hibernating,-1.7175350186484948,1.2112735551393805,578,2,209.4,660,104.7,28
13761,1,Champions,1.2411697654134857,0.3766289580656489,51,6,1952.17,657,325.3616666666667,118
13476,1,Champions,0.8764448859254222,0.809174381918204,179,5,2061.4700000000003,645,412.294,86
12435,1,Champions,2.6909269617394993,0.5905210427209568,80,6,13925.93,738,2320.9883333333332,88
17448,1,Champions,3.238998127701536,1.5149354020333976,530,41,14448.67,646,352.4065853658537,568
16300,1,Champions,0.6424855909585543,1.1507979520003926,431,3,1367.32,676,455.7733333333333,190
14450,0,Hibernating,0.15376067382012282,0.817367149482985,181,7,1128.44,611,161.2057142857143,47
15321,1,Champions,2.549450957496283,0.6034026593205999,71,12,6709.730000000001,675,559.1441666666668,242
14812,0,Hibernating,-1.7192915750255302,1.0681999474548074,599,1,178.85,599,178.85,36
13655,1,Champions,1.121234059742124,0.5864306868123549,115,6,2280.51,592,380.085,103
13007,0,Hibernating,-2.1766048677612995,1.005556584477325,580,1,175.25,580,175.25,11
12361,0,Hibernating,-1.106270174680108,1.0292546050413025,288,4,451.25,683,112.8125,17
13797,0,Hibernating,0.12580389961953553,1.103497459957971,437,3,1179.4499999999998,648,393.1499999999999,71
17738,1,Champions,2.2902039478177842,0.08317785281678004,20,13,4183.5599999999995,631,321.8123076923076,173
14651,1,Champions,1.473233854396585,0.5188262769943776,68,9,2025.52,632,225.05777777777777,216
18203,0,Hibernating,-0.5933407369786227,0.873473089386338,158,4,482.52,732,120.63,39
14732,1,Champions,2.734243751971186,-0.0250634987782554,9,19,5517.070000000001,731,290.37210526315795,162
17491,1,Champions,2.791633171826266,-0.7105920204200045,2,17,5653.67,591,332.56882352941176,105
13074,0,Hibernating,-0.13310599209940227,1.2798542539188522,512,4,1378.74,724,344.685,26
15990,1,Champions,1.294032075358395,0.34003217577015116,45,7,1997.75,650,285.39285714285717,117
12621,1,Champions,4.511229918932202,-0.5084445916199969,2,35,22097.200000000004,669,631.3485714285715,343
14260,0,Hibernating,-0.35784128418964795,0.9869489076975109,472,3,824.28,549,274.76,50
17180,1,Champions,1.5802424445352707,0.5518161986397059,57,11,2236.77,688,203.34272727272727,189
14431,1,Champions,0.8930110785477012,1.0306068424854937,303,4,2614.2,688,653.55,72
16325,1,Champions,1.808166879227433,0.5268394957006204,47,12,3597.5,736,299.7916666666667,104
12747,1,Champions,3.124784643285954,-0.3580040767454609,3,26,8898.48,733,342.24923076923073,85
14963,1,Champions,2.361876172741136,-0.32519144466498784,10,12,3123.5699999999997,526,260.29749999999996,304
17004,1,Champions,0.9444990570494503,-0.12680645379895092,47,4,2324.36,425,581.09,48
14533,1,Champions,1.731851813771346,0.10207010072949864,25,11,3466.37,611,315.12454545454545,74
15379,1,Champions,1.8248745986561687,0.41219478306279894,170,8,4877.84,401,609.73,177
12583,1,Champions,3.6064095417301987,-0.3516944622709637,3,27,12493.580000000002,734,462.7251851851853,140
12803,0,Hibernating,-0.11201322912215474,0.4823712524574155,394,1,1017.81,394,1017.81,54
12670,1,Champions,1.8454893923237101,-0.18383798870729856,11,7,3436.29,667,490.8985714285714,70
14159,1,Champions,3.447984270978275,0.29556200899104795,20,20,7849.58,737,392.479,705
13955,0,Hibernating,-0.34692448573183626,0.23480964326645112,155,3,544.0699999999999,376,181.35666666666663,82
16552,0,Hibernating,-1.3374151261867684,0.3343604725115407,243,2,379.7300000000001,374,189.86500000000004,17
17967,0,Hibernating,-1.3764542788755614,0.6362777717670697,372,2,223.42,417,111.71,59
15716,1,Champions,1.4724767733644617,0.9670164300598736,146,11,2482.74,733,225.7036363636364,187
18016,1,Champions,1.3449998355514818,0.26660464450560056,33,7,1954.5599999999995,682,279.2228571428571,115
12429,1,Champions,2.4964303705226776,-0.383630345563697,10,8,5842.41,547,730.30125,123
12577,1,Champions,1.5092163265225176,0.40963849882905845,36,8,1613.15,737,201.64375,258
14167,1,Champions,0.6230627197525277,0.3542216277173135,40,8,1274.29,682,159.28625,48
14711,1,Champions,1.9885311510933428,-0.9352451480632487,11,11,2839.62,263,258.1472727272727,221
13695,1,Champions,1.3519226257380417,0.1969235969014449,32,16,2770.7300000000005,578,173.17062500000003,47
15632,1,Champions,1.7280094946177715,-0.8233722361177034,16,8,3285.3100000000004,275,410.6637500000001,107
16942,1,Champions,1.444337964001973,-1.0279898506338092,13,9,1904.99,228,211.66555555555556,159
17033,0,Hibernating,0.19258162171032855,0.058417670984463294,87,4,1332.79,398,333.1975,33
14505,1,Champions,3.900287299015239,0.23409641530080844,18,19,11873.080000000002,731,624.8989473684211,897
15694,1,Champions,3.178568852304371,-0.6571796731950358,1,23,9963.48,733,433.1947826086956,54
18229,1,Champions,2.9293226893732425,0.1087498653281431,12,28,10150.510000000002,737,362.5182142857143,73
17307,1,Champions,0.8171192303845873,1.2436361214813993,396,11,3999.890000000001,690,363.6263636363637,22
13069,1,Champions,4.048273642340624,-0.805743364191669,1,38,9284.45,544,244.32763157894735,573
16226,0,Hibernating,-0.6781481992157462,0.46597732029978794,204,5,672.1700000000001,414,134.43400000000003,23
18151,1,Champions,0.9278950461610482,0.7322960618867111,135,6,1879.44,646,313.23999999999995,99
15228,1,Champions,2.1743891296668734,0.21055089862877188,67,6,5580.27,500,930.045,184
14088,1,Champions,4.989492736825452,-0.5314283075807006,11,16,64036.8,422,4002.3,436
12571,2,New / Promising,-0.6888659554029096,-1.3688740620394435,40,2,519.61,122,259.805,31
12839,1,Champions,3.4296185877249137,-0.34894822127605774,3,26,9669.12,733,371.8892307692308,156
14191,1,Champions,2.8161866313333026,-0.5275379228797679,2,15,4817.66,729,321.1773333333333,147
13813,1,Champions,1.3710760699249593,0.41274064164995516,40,8,2387.4700000000003,734,298.43375000000003,83
14897,1,Champions,1.9763435049169686,-0.19277319288123632,8,8,3140.54,725,392.5675,94
14273,0,Hibernating,-0.6705720185237625,-0.5671562633201244,52,4,559.9699999999999,243,139.99249999999998,22
14698,2,New / Promising,1.034165257970239,-3.0258627274317744,2,5,1217.27,52,243.454,148
17164,1,Champions,1.266957696437057,-0.5709036466489186,33,7,2467.3500000000004,274,352.47857142857146,92
15544,1,Champions,3.02483249571235,-0.05351623945337889,10,20,7807.889999999999,681,390.3945,175
17076,1,Champions,0.4428991758178216,0.34606234486664095,37,6,1242.75,736,207.125,31
14853,1,Champions,0.49259943962767144,-0.00891259129835558,25,5,1376.87,606,275.37399999999997,26
15287,0,Hibernating,0.10898836367686988,0.15048084845536303,23,5,856.0300000000001,738,171.20600000000002,23
15933,2,New / Promising,0.2641733447912258,-1.8558559109619936,22,3,1107.46,87,369.15333333333336,63
17227,1,Champions,1.2217645056316844,0.14176295543861883,19,12,1878.93,694,156.5775,58
16885,1,Champions,0.48740464351604623,-0.5636149616662136,16,4,683.3499999999999,386,170.83749999999998,120
12950,2,New / Promising,0.2269054804666763,-3.68651617843483,3,3,1843.0,25,614.3333333333334,13
12721,1,Champions,1.983541003420611,-0.06944053718753544,32,8,3635.08,472,454.385,182
15722,1,Champions,2.0875195463377274,0.27425582563020207,36,11,5234.0,641,475.8181818181818,91
16027,1,Champions,0.5819766285564597,0.757673603151433,92,15,2048.36,701,136.55733333333333,20
13018,1,Champions,3.494370744327674,0.18658542067396422,17,35,9763.16,649,278.9474285714286,401
13283,0,Hibernating,-0.8949141783582704,0.3754061341211749,60,4,373.36,641,93.34,19
15607,1,Champions,0.6863987555026667,1.2189923784919001,337,9,1708.9700000000005,701,189.8855555555556,95
17540,1,Champions,0.7959695608251406,0.011385799735660684,25,6,1590.6,600,265.1,41
17005,0,Hibernating,-1.0500854583201196,0.984147534284201,471,2,622.36,589,311.18,14
12651,0,Hibernating,-1.1513891079034393,0.7566293644367952,335,4,377.75,466,94.4375,30
13384,1,Champions,2.5625157130449363,0.001392098860272299,31,11,6680.83,501,607.3481818181818,192
17235,1,Champions,0.8724829268184866,-0.0009401031685016612,26,8,1562.9799999999998,554,195.37249999999997,52
12412,1,Champions,1.1461032672101488,0.33281157580186144,75,6,2404.93,540,400.82166666666666,81
13698,0,Hibernating,-1.0416468521556828,1.2328804283385801,597,2,451.7299999999999,682,225.86499999999995,31
17726,0,Hibernating,0.01754615966609416,1.2240046274801677,396,7,1092.06,683,156.00857142857143,52
14369,0,Hibernating,-1.129161921844224,1.2288181034703656,643,2,469.13,662,234.565,24
15086,0,Hibernating,-2.0676106577400457,1.1347140195125576,565,2,218.53000000000003,626,109.265,10
17436,0,Hibernating,-0.2134986025692382,-0.6678092283787228,2,5,534.06,733,106.81199999999998,8
13225,1,Champions,3.376836329985592,-0.38011709310058633,4,16,16260.070000000002,723,1016.254375,60
17973,2,New / Promising,-1.4855613893555428,-2.1128937110546815,52,1,337.03999999999996,52,337.03999999999996,15
14883,2,New / Promising,0.010936945811540642,-1.0121118235104465,19,6,761.59,212,126.93166666666669,39
14586,0,Hibernating,-1.7139869408064747,0.05061424647622674,277,1,237.36,277,237.36,19
16672,1,Champions,2.292890929276636,-1.3348026487768143,3,20,8134.94,267,406.747,22
14617,0,Hibernating,-2.3154455760699517,0.6312443757942579,403,2,190.47000000000003,416,95.235,7
16235,1,Champions,1.1271219717769685,0.023398803536063818,41,8,2043.71,471,255.46375,79
17758,1,Champions,2.732134092330481,-0.011208562624714905,20,12,4964.03,569,413.6691666666666,403
13834,0,Hibernating,-1.5847279892189443,1.200077730143738,577,2,324.19,670,162.095,15
17913,1,Champions,2.033669630049857,0.6530680644104613,59,14,3425.09,737,244.64928571428572,223
13288,0,Hibernating,-0.9132865163784225,1.1688252271996526,444,5,927.61,667,185.522,7
16333,1,Champions,2.820194864644216,-0.9216523617136438,8,22,26626.8,310,1210.3090909090909,9
18227,0,Hibernating,-1.6113022906511865,0.5092025753690297,218,2,388.75,485,194.375,6
14090,0,Hibernating,-3.55661346874486,0.24647425755508584,325,1,76.32000000000001,325,76.32000000000001,1
17563,0,Hibernating,-1.226293000643427,1.1243791556992713,579,2,392.38000000000005,612,196.19000000000003,27
18013,0,Hibernating,-1.7789798833454114,-0.5960499374785814,156,2,187.29,156,93.645,31
13112,0,Hibernating,-4.468573650566988,0.9535371407113598,542,1,20.6,542,20.6,2
17616,0,Hibernating,-1.5368021834287318,0.40395493160060697,174,4,734.4,452,183.6,1
12649,1,Champions,1.0828276858430665,0.7513309754868321,108,8,2096.6499999999996,697,262.08124999999995,93
15359,0,Hibernating,-2.1742583165432032,1.4781775934389572,663,8,181.35,694,22.668750000000003,10
17336,0,Hibernating,-3.511939676555649,0.7300209915443169,473,1,81.12,473,81.12,1
16344,0,Hibernating,-0.1130237956301804,0.7797616515261705,159,4,842.4199999999998,669,210.60499999999996,43
14302,0,Hibernating,-0.6280946550910528,1.2102709717433608,431,3,742.9,738,247.63333333333333,25
12487,0,Hibernating,-2.3184206091145496,1.2642471505472612,731,1,285.29999999999995,731,285.29999999999995,2
13576,1,Champions,3.2936339647172312,0.08158445264976215,11,28,11202.59,732,400.0925,145
15369,1,Champions,1.4159728883411542,1.3817475988177748,493,11,6251.259999999999,732,568.2963636363636,44
17986,2,New / Promising,-4.586566112601649,-1.9545487204188963,57,1,20.8,57,20.8,1
13526,0,Hibernating,-0.29697797057334374,1.358794098313682,739,2,1182.0,739,591.0,29
14653,1,Champions,2.7289407302228983,-0.5398636899101171,2,11,3404.8,738,309.52727272727276,269
14454,0,Hibernating,0.15003151828319775,1.2378693187411096,377,5,977.3,734,195.46,93
17449,1,Champions,3.0109142850066846,-0.4216036406236266,3,13,4865.150000000001,731,374.24230769230775,291
16769,0,Hibernating,0.24957681333635293,1.0477627656895405,261,4,1117.05,726,279.2625,76
12678,1,Champions,3.9282014942885,0.42975926163741723,43,15,32595.18,702,2173.012,197
14625,1,Champions,1.8552940891649887,1.0517765921649693,197,11,4497.88,724,408.89818181818185,167
15272,1,Champions,1.5516701257816743,0.44888835300173857,58,6,2030.95,664,338.4916666666667,257
14604,0,Hibernating,-2.1857271750773704,1.1379374765522747,634,1,136.36,634,136.36,19
15863,0,Hibernating,-0.2040557380689626,0.22498477665916988,26,5,355.0999999999999,723,71.01999999999998,74
12857,1,Champions,1.2750702572070158,0.9303001940062294,211,6,3688.0,684,614.6666666666666,71
13077,1,Champions,2.4456319356578677,-0.5495049920137249,2,11,2740.65,729,249.15,208
17031,1,Champions,1.3326988564668851,-0.3051659929980298,12,6,2773.85,582,462.30833333333334,34
14941,0,Hibernating,-2.3035663680558054,0.9944448274579583,579,1,182.1,579,182.1,7
12632,0,Hibernating,-0.6685712418332644,0.995898651820018,521,2,714.8799999999999,565,357.43999999999994,31
13614,1,Champions,1.7600899067054065,-0.04317890365972131,25,6,2332.74,552,388.79,227
16555,1,Champions,0.9785797377141958,-0.004828491727936937,36,6,1915.68,506,319.28,59
14854,1,Champions,2.0127582101789203,0.6540612812897826,79,11,4303.0599999999995,687,391.1872727272726,170
16835,1,Champions,0.4937007455898608,0.5986819329696552,129,6,1456.66,570,242.77666666666667,58
16770,1,Champions,1.315327723784122,0.20163691359928385,58,9,1778.93,475,197.6588888888889,202
16271,1,Champions,2.1125416030474296,-0.04505663057905545,16,8,3367.82,643,420.9775,175
13243,1,Champions,0.6606719183336093,0.8689777341213512,204,5,1220.38,632,244.07599999999996,165
15876,0,Hibernating,-0.4589341230185628,0.6551393888967332,410,2,1449.14,449,724.5699999999999,11
17834,0,Hibernating,-0.48484000614399425,0.7047782510018471,415,2,689.6700000000001,446,344.83500000000004,54
16033,1,Champions,3.83505068823242,-0.4756993413478331,6,27,10608.81,486,392.9188888888889,605
14346,1,Champions,1.144441871955004,0.4269916699795329,121,5,2315.75,498,463.15,123
16005,1,Champions,2.038973725362935,-0.38859402629957895,13,10,2365.0699999999997,451,236.507,314
13368,0,Hibernating,-0.14115530024335587,0.5464759253327169,257,4,1021.5,424,255.375,44
14469,1,Champions,0.8339184831962249,1.1598282885039917,417,4,2093.46,680,523.365,120
15916,1,Champions,2.2220437223696607,0.1690989989754452,17,13,3145.24,730,241.94153846153844,227
15965,1,Champions,2.06162069865525,0.20023572191049996,18,13,2771.94,737,213.22615384615384,202
16700,1,Champions,3.353339996391212,0.01965536056665089,9,25,8830.77,738,353.23080000000004,263
14304,1,Champions,0.5520995309099295,0.7167131479351293,223,3,1725.0100000000002,571,575.0033333333334,69
16048,0,Hibernating,-0.4998100674811864,0.9268891068641866,374,4,818.7900000000001,550,204.6975,30
13629,1,Champions,2.5763550462564186,0.1883948907973302,24,19,13370.86,667,703.7294736842106,28
13706,0,Hibernating,-0.5553532390388439,0.8879214985849249,303,2,631.1700000000001,627,315.58500000000004,38
17655,1,Champions,1.680329206817992,-0.5685189184052557,11,9,2976.38,417,330.7088888888889,75
14738,1,Champions,1.0036588883743252,0.45688853393266105,43,9,1821.9,733,202.4333333333333,58
17530,1,Champions,2.6826689691455057,-0.5208560247425448,2,12,2787.0999999999995,734,232.2583333333333,358
12547,0,Hibernating,-1.5626445158114546,0.5714717028137392,198,3,299.58000000000004,501,99.86,12
15382,1,Champions,3.5953824777421697,0.08190794681352652,15,12,13733.55,736,1144.4625,315
17522,1,Champions,0.8512098679893206,-1.7466645779747165,2,5,1066.15,219,213.23,58
12619,1,Champions,1.548223372420338,-0.1498093834148256,17,9,3085.7,561,342.85555555555555,53
12641,2,New / Promising,-2.376144188777124,-1.070435409043507,116,1,145.9,116,145.9,9
14262,1,Champions,1.5480887529806928,-1.1459950486717496,9,8,2618.2299999999996,241,327.27874999999995,87
12520,1,Champions,1.1138563611207881,-0.27412173267661316,80,5,2346.26,274,469.25200000000007,120
14712,1,Champions,0.30771101102096515,-0.30575148386906736,30,4,1328.0700000000002,419,332.01750000000004,24
15154,1,Champions,0.8822756074413748,0.1669078205411833,76,3,1343.7200000000005,479,447.9066666666667,166
17769,1,Champions,3.1164896856861106,0.04307470171986403,13,17,7053.380000000001,690,414.904705882353,330
13532,2,New / Promising,-1.3103309653150155,-2.6096251849099583,34,1,210.31,34,210.31,66
14673,1,Champions,1.914689212845033,-0.9573628817862175,4,7,3037.32,410,433.9028571428571,86
15179,1,Champions,2.919971119997357,0.19291077342645163,19,13,7491.92,737,576.3015384615385,225
13471,2,New / Promising,1.750184549986228,-3.141542682718273,2,4,2501.84,48,625.46,214
18180,1,Champions,1.3216365057721038,-1.8418733937764094,5,6,1843.75,143,307.2916666666667,108
13949,1,Champions,1.6101295844977421,-2.373085983722918,3,6,2427.32,95,404.55333333333334,124
15919,1,Champions,0.15298934140061862,-0.6059192326427186,20,2,525.69,369,262.845,103
15109,0,Hibernating,-0.04162650841362775,0.9938734601393743,246,3,983.1,736,327.7,46
14468,0,Hibernating,-2.021787329010797,1.3074324195019733,734,1,204.24,734,204.24,12
15911,1,Champions,0.7415971480710156,1.4892808044391577,624,8,1683.79,731,210.47375,161
17222,1,Champions,0.9213884202027829,0.533245844324315,66,6,1563.61,699,260.60166666666663,93
15022,1,Champions,1.0759789445625354,-0.14255986722754582,12,5,1133.4399999999998,678,226.68799999999996,115
16947,0,Hibernating,-0.058616688638961564,0.9009496601656597,236,4,946.71,647,236.6775,49
15474,0,Hibernating,-2.1039534861414415,1.0550541597318321,596,1,150.35000000000002,596,150.35000000000002,19
18234,0,Hibernating,-1.783898939835052,0.958929485812684,552,1,179.6,552,179.6,30
15784,0,Hibernating,-0.4434350604965943,1.1090931409737421,468,2,848.33,673,424.165,33
12631,1,Champions,1.7047999868839203,0.4615100398390588,58,6,3321.5699999999997,694,553.5949999999999,130
15660,1,Champions,1.5364802802784943,0.25767899226290314,26,15,2603.69,673,173.57933333333332,73
15962,0,Hibernating,-1.2475301903529576,0.6871805677840629,450,1,289.48,450,289.48,43
16264,0,Hibernating,-0.29587855196045654,0.725942039477903,439,2,823.53,447,411.765,62
12467,0,Hibernating,-2.4731053345516085,0.6048367946524495,424,1,132.79999999999998,424,132.79999999999998,9
17091,1,Champions,3.3440166696835485,-0.39086232939032406,3,19,7495.750000000001,724,394.5131578947369,242
14082,0,Hibernating,-0.953334635736355,0.5532916236121682,365,2,413.36,393,206.68,48
17796,1,Champions,0.9210701530483772,-0.06825745533943595,41,7,1236.39,422,176.62714285714284,149
18069,1,Champions,2.7515658395138303,0.21940680967052453,27,11,4449.02,650,404.4563636363637,601
14395,1,Champions,3.4551979896868414,-0.5480264081826263,3,20,7801.93,601,390.0965,320
14457,0,Hibernating,-2.86880735254114,0.19540660262626147,311,1,113.64,311,113.64,4
16667,0,Hibernating,-0.36343939824732596,-0.38762914242459523,69,2,567.18,285,283.59,52
16324,0,Hibernating,-0.6196896635744819,-0.5004718758896567,129,3,408.59,178,136.19666666666666,100
12689,2,New / Promising,0.29163234992940235,-1.4998961521950123,26,2,1139.61,128,569.805,56
17528,1,Champions,2.1274952038847057,-2.6975994753016757,2,8,3628.5,72,453.5625,183
15708,1,Champions,1.860963612979236,-0.0596334734770896,41,9,3887.15,426,431.9055555555556,135
14234,2,New / Promising,0.11705822130512379,-2.1409991288698333,23,4,754.1199999999999,58,188.52999999999997,122
17466,2,New / Promising,-0.08167723057995203,-2.242711206988794,11,2,763.28,79,381.64,41
14432,1,Champions,1.596675841387058,-2.0129761276432143,10,6,2248.5,90,374.75,256
14882,1,Champions,1.4441375931638705,0.16279787749705765,27,14,3546.65,620,253.33214285714288,32
15252,1,Champions,1.3034996008268875,0.16115773420372512,37,5,2103.41,612,420.682,106
14111,2,New / Promising,-0.5216888361130328,-1.0561300551712816,15,4,692.85,242,173.2125,10
13808,2,New / Promising,0.9848287526057005,-2.1633913544337116,6,5,1747.66,97,349.532,70
17439,0,Hibernating,-1.7764654261963986,1.1411710813694471,656,1,325.74,656,325.74,8
12933,1,Champions,1.546479696432921,0.2611666677571095,25,8,1636.63,730,204.57875,227
14676,1,Champions,2.4469921105211885,0.22407597044340988,32,12,8356.79,640,696.3991666666667,77
16801,1,Champions,0.42762771826271845,-0.02636537720053952,164,4,1594.2299999999998,274,398.55749999999995,72
13562,1,Champions,1.816474439282389,0.617250387408927,82,8,4838.18,695,604.7725,88
15566,0,Hibernating,-1.9612336564008015,1.1242378502894297,393,2,227.87,725,113.935,9
17402,1,Champions,2.5401070269992223,-0.21344278239795392,5,22,4600.5599999999995,724,209.1163636363636,104
14551,1,Champions,0.5982672154578094,0.07444576387507015,19,7,878.09,682,125.44142857142856,69
12464,2,New / Promising,-0.3287167190005987,-0.8691389006670734,11,8,957.05,310,119.63125,5
13135,1,Champions,0.602682594503879,0.4383623410229989,197,2,3371.45,492,1685.725,18
16199,0,Hibernating,-1.243165898182955,1.1000881639653484,393,7,942.75,632,134.67857142857142,2
16390,0,Hibernating,-1.2438668362814862,1.2266806249478612,537,3,467.5,680,155.83333333333334,16
17631,1,Champions,1.1165203511405428,-0.6036041588487239,2,7,998.49,731,142.64142857142858,66
17200,0,Hibernating,-1.2310985832414916,1.1177289448405774,388,4,356.71000000000004,653,89.17750000000001,25
16453,0,Hibernating,-1.8169623488524593,0.9946623418949009,531,2,251.71,549,125.855,15
12567,1,Champions,3.3647699315295885,0.1926005900148757,23,15,10741.48,667,716.0986666666666,364
13296,0,Hibernating,-0.08087491997736554,0.6523676079696219,138,6,792.51,578,132.085,50
12440,0,Hibernating,-0.7311845025090284,1.1585010571395202,463,2,739.1999999999999,718,369.6,20
12476,1,Champions,3.511819816725709,-0.17656686981943198,16,18,12319.91,502,684.4394444444445,357
17524,0,Hibernating,-0.8135127948619805,0.688351545924172,362,3,539.1399999999999,439,179.71333333333328,37
18276,1,Champions,1.0117446365543858,0.4138005346098621,44,6,1656.5200000000002,730,276.0866666666667,81
18076,0,Hibernating,-2.403775903100758,0.46064383443052337,381,1,151.49,381,151.49,8
13370,0,Hibernating,-0.4847451919624637,0.41082263828940285,372,1,754.87,372,754.87,39
16869,2,New / Promising,0.37783165989251727,-1.1467903632496046,23,4,817.1199999999999,176,204.27999999999997,113
13000,0,Hibernating,0.26684761585469363,0.700665141628784,107,4,1032.5,726,258.125,57
16734,2,New / Promising,-0.45130277284257847,-1.2644945800194018,53,3,646.76,115,215.58666666666667,44
16240,2,New / Promising,1.498930841321511,-1.979677634523851,25,2,3718.8,78,1859.4,126
17506,2,New / Promising,-1.6070442252900825,-1.626607287019745,76,1,302.20000000000005,76,302.20000000000005,14
17520,2,New / Promising,-0.8246328460357195,-2.0665253475575907,54,1,546.8100000000001,54,546.8100000000001,30
17354,1,Champions,1.3981009864449654,-0.08532542143429096,51,4,3133.96,429,783.49,85
16361,2,New / Promising,0.3386467464965397,-2.26171080714766,10,4,891.21,72,222.8025,87
12508,2,New / Promising,-0.8752487218558179,-2.7496891045547986,27,2,397.88,30,198.94,57
12444,1,Champions,1.8079625389019136,-1.1977149821305386,22,5,4085.460000000001,172,817.0920000000001,137
17232,2,New / Promising,-0.7895116847279915,-4.119270858606395,3,2,417.77,15,208.885,30
14219,1,Champions,0.26167826153652674,-0.8009338070384509,5,3,633.83,494,211.27666666666667,39
17776,0,Hibernating,-0.8691588836429017,1.1444904133018814,387,2,329.3,724,164.65,73
12854,1,Champions,1.7111790857473614,0.6561943410308528,79,7,2970.9700000000003,729,424.42428571428576,188
13164,0,Hibernating,-1.7394718240405385,1.1753336576340883,570,2,372.2,668,186.1,7
16508,0,Hibernating,-1.4139294591940812,1.1296576122769797,631,1,240.95,631,240.95,42
16946,0,Hibernating,0.19101029118688462,1.1197480956817478,384,5,1222.0400000000002,648,244.40800000000004,69
17543,0,Hibernating,-2.4286781004671014,0.9508900897986345,550,1,120.05,550,120.05,13
15926,0,Hibernating,-2.5539820905667523,0.9202905376997679,543,1,134.44,543,134.44,7
16683,0,Hibernating,-1.4949527190841843,0.8896086480111736,534,1,320.25000000000006,534,320.25000000000006,18
17122,0,Hibernating,-0.6722727080180613,0.40710516906693506,120,4,570.5,500,142.625,23
18220,0,Hibernating,0.18547493722877298,1.004086231393813,227,6,1921.76,725,320.29333333333335,17
17482,0,Hibernating,-0.3989357733436416,0.999246806130387,488,2,775.64,579,387.82,50
15677,1,Champions,0.566336812539025,-0.03933161492260893,50,3,1305.63,464,435.21,63
17730,1,Champions,3.1687597456008634,-0.48932465898797695,4,20,7773.8,590,388.69,177
12797,0,Hibernating,-1.0681133464898347,0.6102414239960084,366,2,468.0799999999999,425,234.03999999999996,26
14988,1,Champions,1.1081983433117075,0.8734874891708576,212,7,2038.65,603,291.2357142857143,171
15506,1,Champions,1.5423538204646654,-0.20507156739129026,23,6,2030.33,478,338.3883333333333,180
15395,0,Hibernating,-2.7317312493290884,0.2669173767387843,326,1,107.45,326,107.45,7
13533,0,Hibernating,-1.149749424647713,0.007269374771810702,183,3,269.09,268,89.69666666666666,61
13341,0,Hibernating,-0.42837308518352285,-0.04660966838960852,261,1,775.8500000000001,261,775.8500000000001,42
15073,1,Champions,1.8991443508505594,-0.1630181311101226,10,8,2788.02,682,348.5025,115
18094,1,Champions,1.920401846474457,0.6792019665833327,82,13,6391.52,702,491.65538461538466,55
16626,1,Champions,2.4352780338133684,-1.5844167059478946,1,17,4413.1,267,259.59411764705885,86
16053,1,Champions,1.9764603100719458,0.13434607637474522,33,6,3634.84,611,605.8066666666666,169
18173,1,Champions,0.8894731916534773,0.45991734711894106,87,5,2696.36,613,539.272,34
18235,1,Champions,0.778893008721577,-0.584844955133247,72,3,1796.4799999999998,218,598.8266666666666,100
16758,2,New / Promising,-1.2708394625281012,-1.8047370529414637,66,1,369.3399999999999,66,369.3399999999999,22
16026,2,New / Promising,-1.5198785159948665,-2.301909093444574,44,1,236.09,44,236.09,30
12856,2,New / Promising,1.347207095756126,-2.4050363900029454,8,6,2170.7799999999997,64,361.7966666666666,155
13500,1,Champions,0.8742644377654776,-0.4079589102891842,24,4,1466.3,402,366.575,77
14121,2,New / Promising,1.627431415453367,-2.754385204633186,4,4,2780.15,60,695.0375,148
17029,1,Champions,0.465007564382212,0.6688660373222866,111,7,2137.3,664,305.3285714285715,19
15430,0,Hibernating,-0.3609397414065077,0.8888751684535219,468,2,954.75,529,477.375,36
18035,1,Champions,0.5142563130901409,-0.2653549670103219,36,5,1260.23,386,252.046,52
15181,0,Hibernating,0.00179759585415396,0.5296616270726866,67,5,1200.2,732,240.04,15
15301,1,Champions,2.5869047296641114,0.1606457531014202,51,17,6909.67,451,406.4511764705882,231
12897,0,Hibernating,-1.1630426068033113,0.6782415230362907,205,4,514.25,544,128.5625,10
16148,0,Hibernating,-1.564706497412829,0.5412765606725106,297,2,386.62,437,193.31,9
17763,0,Hibernating,-2.6137337507223144,1.0039801755380453,264,4,86.15,660,21.5375,11
13561,1,Champions,0.958693886912756,1.011801399172691,216,11,1803.4,650,163.94545454545454,131
12920,0,Hibernating,0.035138273140771684,0.04885949586931008,18,4,486.64,726,121.66,59
14033,0,Hibernating,-3.2673095321686634,0.9304618274833133,556,1,109.44,556,109.44,1
16356,0,Hibernating,-0.9376061310095164,0.757197301835382,198,6,415.87000000000006,552,69.31166666666668,27
14489,1,Champions,0.4900183990304768,0.7935015920252407,208,4,1574.9299999999998,613,393.7325,65
14929,0,Hibernating,0.03505389387467311,-0.3317907381726735,33,2,836.6899999999999,422,418.345,34
15285,0,Hibernating,-2.8896891254852752,0.5581229834189535,408,1,94.92,408,94.92,6
12372,0,Hibernating,0.076631732686994,-0.31382546432924485,72,3,1196.0400000000002,297,398.68000000000006,33
12865,1,Champions,1.8395680679684803,-0.21971308485980506,27,4,3323.4700000000003,477,830.8675000000001,156
17904,2,New / Promising,-1.6939117195867666,-3.162560280928167,22,1,181.07,22,181.07,33
13429,2,New / Promising,0.2549009130174699,-2.1916985525719967,11,4,1006.8,76,251.7,55
12599,1,Champions,1.07202485484515,0.15105769246794337,30,13,2026.7200000000005,578,155.90153846153848,46
18002,0,Hibernating,-1.2652676006323451,1.2341613730236418,376,4,237.62000000000003,732,59.40500000000001,51
17039,0,Hibernating,0.34686386499580935,1.0141543160172226,605,1,1954.99,605,1954.99,44
12383,1,Champions,0.5367857308737567,0.28175477836345436,185,5,1628.56,353,325.712,83
16584,1,Champions,1.2755878696550818,0.5085331444892083,81,5,3156.17,662,631.234,61
15267,2,New / Promising,0.02053163672918452,-1.151786364032056,23,5,1717.36,183,343.472,8
18115,0,Hibernating,-4.9452910204212035,1.3072867894935718,698,1,9.7,698,9.7,3
12969,0,Hibernating,-2.7454610069994874,1.0531950280616744,603,1,122.45,603,122.45,5
14039,0,Hibernating,-1.3094058170550609,-0.027037600252222103,34,2,267.28,576,133.64,10
16234,0,Hibernating,-1.6137363818059443,1.0141195639748906,477,3,333.18,562,111.06,13
16382,0,Hibernating,-1.091426118620929,0.9058141757076469,409,2,353.1,551,176.55,42
15143,0,Hibernating,-0.7906753763514305,0.4358873612533524,226,2,563.63,433,281.815,27
17548,0,Hibernating,-0.6747757864529941,0.44759973356254884,234,4,731.26,397,182.815,22
18186,0,Hibernating,-1.655508743517445,1.2722323964308033,723,1,329.5799999999999,723,329.5799999999999,11
14942,0,Hibernating,-0.8749924091060903,1.1977396479786822,402,4,746.56,730,186.64,12
15534,0,Hibernating,-2.356453810984171,1.2929946959893417,726,1,162.25,726,162.25,8
14826,0,Hibernating,-1.5824536022024123,1.2257306937051111,582,2,385.2000000000001,696,192.6,10
16071,1,Champions,0.500078043952276,0.27774041071739525,45,4,1076.8000000000002,656,269.20000000000005,62
16854,0,Hibernating,0.29287336249153106,1.0207628180467392,418,2,1408.96,641,704.48,72
15008,0,Hibernating,-1.7917445529004692,1.0663093896736042,481,2,360.0,638,180.0,6
15800,1,Champions,0.8949436930042723,0.6548902456828982,108,7,1227.0700000000002,619,175.2957142857143,198
12773,0,Hibernating,-2.6720676273426394,0.9714589268737455,565,1,124.25,565,124.25,6
15901,1,Champions,0.6208143838585332,-0.17109877253981562,17,6,667.8900000000001,544,111.315,144
13897,1,Champions,0.5094640306673196,0.3140403757565221,51,3,1160.72,678,386.9066666666667,58
13246,1,Champions,2.169553855750963,-0.11320530158619496,19,11,3351.7499999999995,526,304.70454545454544,229
13919,1,Champions,0.5372730737683703,0.20863709469898323,60,4,1252.6799999999998,541,313.16999999999996,64
15257,0,Hibernating,-1.0175491267973023,0.46374954843260663,284,2,685.9,415,342.95,11
15665,1,Champions,1.683658471730011,0.7668803922050939,169,5,3987.0700000000006,636,797.4140000000001,163
16143,1,Champions,2.508291909814728,-0.36494166404920464,4,12,4555.08,730,379.59,107
13601,1,Champions,0.8877261720028797,0.1370309332367461,46,4,1159.99,547,289.9975,160
14614,0,Hibernating,-1.5379936293379584,0.4764526658511215,387,1,295.13,387,295.13,19
12629,0,Hibernating,-0.14429904978347377,0.6084873534254163,386,2,1198.2199999999998,424,599.1099999999999,39
12352,1,Champions,0.926993234563881,-0.16068894536941603,37,9,1729.54,393,192.17111111111112,68
16427,0,Hibernating,-2.05901510155766,0.12036393176007044,264,2,241.06,285,120.53,8
15643,0,Hibernating,-0.6588793866048173,0.036024760380874064,192,3,664.0,283,221.33333333333337,31
14286,1,Champions,2.9820776886417866,0.18927123602755352,24,7,8479.76,736,1211.3942857142858,270
14005,1,Champions,1.3551734939627231,-1.2857175209696483,10,5,2874.7200000000003,216,574.9440000000001,53
13908,1,Champions,1.036138889341046,-0.2969915033296198,80,4,2319.5499999999997,277,579.8874999999999,103
14823,0,Hibernating,-1.0976543794819973,-0.2913646871846242,181,3,321.42999999999995,195,107.14333333333332,56
16484,0,Hibernating,-1.205111639787801,-0.3976085881529884,174,2,404.30000000000007,191,202.15000000000003,25
12526,2,New / Promising,0.8633141752585101,-2.7265376707902518,1,3,1172.66,95,390.8866666666666,63
13486,2,New / Promising,0.15593867260260066,-0.8447752858314133,79,3,1122.41,156,374.1366666666666,69
12517,1,Champions,1.4855275946527036,-1.0032109978444024,29,4,2301.6000000000004,191,575.4000000000001,231
14960,2,New / Promising,-1.1320520745511244,-1.5871360562007273,9,2,221.27,172,110.635,23
17266,1,Champions,0.5715080952554745,-0.6307417514390131,3,5,501.72,641,100.344,95
12657,2,New / Promising,0.3514126059197906,-2.1451652024865275,12,4,1427.18,79,356.795,34
18127,0,Hibernating,-0.01530460095340901,-0.4486432936947113,20,4,556.1299999999999,404,139.03249999999997,56
13494,0,Hibernating,-1.4974395097368458,0.19491821971989612,312,1,316.26000000000005,312,316.26000000000005,18
17127,0,Hibernating,-0.21294186521279726,1.2623158727221941,429,5,1155.0300000000002,736,231.00600000000003,27
16147,1,Champions,1.1800167220900788,0.7367441124310328,134,5,2398.91,673,479.782,113
12389,0,Hibernating,0.09717014339434621,1.067208118746846,403,3,1433.33,656,477.77666666666664,41
18157,0,Hibernating,-1.7083305749635567,0.9964828328837647,572,1,213.9,572,213.9,25
15217,0,Hibernating,-1.0924644190305222,0.9599857210622765,564,1,426.24000000000007,564,426.24000000000007,28
12424,1,Champions,1.2170123051741284,0.5806229975014434,163,4,3340.03,549,835.0075,78
12575,0,Hibernating,-0.8209666177012552,0.8907363683405559,458,2,568.8199999999999,527,284.40999999999997,33
12840,1,Champions,1.6099234710704788,0.7977967476309059,144,7,4041.97,675,577.4242857142857,109
14270,0,Hibernating,-0.9509115452355846,0.27086285068551685,332,1,492.65,332,492.65,29
13675,0,Hibernating,-0.9402335187409802,-0.09321537720763468,152,2,486.82,285,243.41,25
17088,1,Champions,1.0811657363631715,-0.757811503216712,29,4,1991.01,254,497.75250000000005,96
18150,2,New / Promising,-0.5049070860041686,-0.9395557639934033,33,3,566.58,202,188.86,29
12541,0,Hibernating,0.07812072253504646,-0.680262065618894,30,3,841.1800000000001,281,280.3933333333334,45
17899,0,Hibernating,-1.9029647507284098,-0.6372201135386262,160,1,154.54999999999998,160,154.54999999999998,29
16387,0,Hibernating,-0.0503712027134492,1.0493899447633444,323,5,882.46,639,176.49200000000002,68
14261,2,New / Promising,0.039775571035269484,-1.6815278147840307,51,2,1163.45,79,581.725,52
14757,2,New / Promising,-1.2197476786971977,-1.6308669385425942,76,1,420.5,76,420.5,19
17791,2,New / Promising,-2.5826074846475184,-2.781382886885564,30,1,106.1,30,106.1,10
16433,0,Hibernating,-0.6016783953724788,-0.3863799431000307,29,2,384.52,409,192.26,33
15098,1,Champions,1.5899167880624128,-0.5509093453595268,183,3,39916.5,183,13305.5,1
14276,1,Champions,0.9980377902548158,0.6467619693888955,99,7,2102.68,661,300.3828571428571,75
15888,0,Hibernating,-0.7068805345636378,0.28089127586249474,81,3,423.49,527,141.16333333333333,32
16596,0,Hibernating,-0.34676225856596626,-0.005132801226507227,16,4,458.98,730,114.745,23
16888,0,Hibernating,-0.8538314877303526,1.1632180717196114,401,3,434.2,702,144.73333333333332,44
15693,0,Hibernating,-4.148408842876068,1.1836387452161257,660,1,37.5,660,37.5,1
15229,0,Hibernating,-2.321041050550019,1.0201893069799433,587,1,160.5,587,160.5,9
13973,0,Hibernating,-1.8240662472158329,0.08795100155438099,288,1,264.7,288,264.7,11
17871,0,Hibernating,0.20134424212897103,0.9417276918530355,205,5,1068.95,694,213.79,64
17668,2,New / Promising,-0.9765229716441736,-3.4070313694349394,2,2,347.75,39,173.875,14
12414,0,Hibernating,-0.9458689654482549,0.5681937860691372,218,4,532.41,464,133.1025,19
13915,0,Hibernating,-3.4624675130403286,0.5086276672865174,395,1,70.80000000000001,395,70.80000000000001,2
12503,0,Hibernating,-1.5218040585967794,0.9342294465987357,585,1,896.0,585,896.0,1
16833,1,Champions,1.9110072341183075,-0.7893757563492233,2,6,2409.04,624,401.50666666666666,87
17395,0,Hibernating,-3.089965628358396,0.8327961928645942,509,1,97.5,509,97.5,3
16605,0,Hibernating,-3.7595799970075436,1.2913913952545346,725,1,60.48,725,60.48,1
16439,0,Hibernating,-1.7759315193078733,1.2704899271827026,723,1,310.70000000000005,723,310.70000000000005,9
12484,1,Champions,2.627932796246357,0.3242014852358457,36,9,5557.1,682,617.4555555555556,328
13442,0,Hibernating,-1.0923078403763111,1.4031464555246027,668,3,419.87,739,139.95666666666668,33
13696,0,Hibernating,0.17321236853092575,1.0800774855645634,422,3,2020.4,667,673.4666666666667,24
16118,1,Champions,0.9902854907232731,1.0878129606198408,653,1,4376.25,653,4376.25,41
15792,0,Hibernating,-0.13714833992155367,0.979797885297194,400,2,933.84,619,466.9200000000001,57
14010,0,Hibernating,-1.2450737685356623,1.035507868860613,566,2,445.15,566,222.575,20
14934,1,Champions,1.4955404880843501,0.1565308994446108,82,5,3403.5,442,680.7,114
17823,0,Hibernating,-0.6676232185619151,0.6829489435635948,422,2,449.25,422,224.625,88
16006,0,Hibernating,-0.8456795767501551,0.34631495071220836,212,2,332.82,388,166.41,75
16194,0,Hibernating,-1.8131687138687822,0.42258447602799754,376,1,308.59999999999997,376,308.59999999999997,8
15178,0,Hibernating,-3.800729487535734,-0.0052239095819067325,261,1,40.5,261,40.5,3
15108,0,Hibernating,0.0010271759692282525,-0.28379138139222576,142,3,1159.25,228,386.4166666666667,49
14959,0,Hibernating,-0.30130859814918126,-0.29713902663032726,65,4,695.4200000000001,297,173.85500000000002,37
16674,2,New / Promising,-0.8387749558746642,-1.400412183986491,55,2,304.24,99,152.12,89
14504,0,Hibernating,0.044028363071361425,-0.4527888218898049,48,4,673.26,279,168.315,85
17733,2,New / Promising,-0.26639593186220106,-0.6953706168982052,39,2,692.19,262,346.095,33
13924,2,New / Promising,1.2645855535223418,-2.719089580115276,2,6,1838.85,73,306.47499999999997,90
17695,1,Champions,0.574285892601288,0.7341049493461684,132,5,1746.04,681,349.20799999999997,46
15862,1,Champions,2.3964259152523395,-0.04960543866250957,9,13,2507.1399999999994,723,192.85692307692304,416
13057,0,Hibernating,-0.6268882499029249,1.1574741201929306,531,3,709.59,632,236.53,34
13739,0,Hibernating,-1.3078723429659056,-0.33441354024431014,19,2,292.2,528,146.1,6
13425,1,Champions,1.5186880487509462,0.5139113895073746,109,5,3390.4299999999994,580,678.0859999999999,124
13839,0,Hibernating,-2.519129432486691,0.7782546497646755,487,1,139.95,487,139.95,7
14972,0,Hibernating,-1.931958286037732,0.14021267618757366,129,2,145.07,382,72.535,20
12401,0,Hibernating,-3.27617222797269,0.18046963224061296,304,1,69.3,304,69.3,4
16084,0,Hibernating,-0.9479572702095411,0.1484766099215546,300,1,436.1799999999999,300,436.1799999999999,38
13899,2,New / Promising,-0.7698658526212133,-0.9546291054398638,17,2,388.52,275,194.26,19
17250,2,New / Promising,-0.11066545433214249,-1.475497808562402,4,2,381.97,262,190.985,55
15147,0,Hibernating,-0.7634396913634218,-0.15063059901174153,241,1,623.5,241,623.5,28
15636,1,Champions,0.3889541380983414,0.39777002237083653,90,4,1444.58,570,361.145,39
16107,1,Champions,0.8654346443031178,-1.1970851435195347,18,7,3204.1600000000003,184,457.7371428571429,16
14184,2,New / Promising,-1.0688048498784855,-1.7899599211798287,67,1,452.89,67,452.89,24
18033,2,New / Promising,-2.2653397255128915,-1.7574827671085205,66,1,93.82,66,93.82,32
17590,2,New / Promising,1.093322036541519,-3.1973189661231247,3,3,1466.77,41,488.92333333333335,161
18110,0,Hibernating,-0.2898110845670019,-0.5082603940660784,20,2,392.28,412,196.14,58
16760,0,Hibernating,-1.7951661537756964,0.6213348617238993,431,1,228.0,431,228.0,17
13525,2,New / Promising,-0.8356228090528991,-1.1274124768664713,15,2,628.78,249,314.39,5
13685,2,New / Promising,1.1833321092869804,-2.783379976352599,3,7,3119.44,61,445.63428571428574,29
17918,0,Hibernating,-1.171128771896387,0.9504334612790973,501,3,388.44,506,129.48,33
17298,0,Hibernating,0.2038314935952943,0.6046363274620382,102,5,938.36,642,187.67200000000005,60
17801,0,Hibernating,-0.251067286273697,1.187347488608975,452,3,770.03,692,256.6766666666667,66
17568,0,Hibernating,-0.9043807017111096,1.1297764351889028,634,1,374.4500000000001,634,374.4500000000001,61
14694,0,Hibernating,-1.789251960420572,1.0834071588981913,618,1,244.31,618,244.31,15
17808,0,Hibernating,-1.527251697183068,1.1593706889122373,549,4,262.64,582,65.66,29
14463,0,Hibernating,-0.7940931516177941,0.3027012994730603,99,4,786.5699999999999,500,196.6425,7
15200,0,Hibernating,-0.8537757741777514,0.7848944155117618,495,1,549.05,495,549.05,30
12761,0,Hibernating,-0.7042967722318119,0.6929127552110209,465,1,712.9499999999999,465,712.9499999999999,25
13194,0,Hibernating,-1.1975068192094203,0.2038743977699021,136,2,472.78,422,236.39,10
13840,0,Hibernating,-0.5994918510553133,0.5633416626057235,417,1,651.4,417,651.4,40
17977,1,Champions,0.9282249807077406,-0.41229147878897976,30,2,1511.4499999999998,401,755.7249999999999,94
16903,1,Champions,0.7959590686751139,-0.30874160525991273,30,3,1041.75,416,347.25,148
16135,0,Hibernating,-0.35313494597499445,0.7594952967194669,263,2,819.45,584,409.725,35
15135,0,Hibernating,-1.4337650816571412,0.6969697464559925,240,2,305.68,557,152.84,17
13258,1,Champions,0.3432714403988713,-0.6411743232380431,12,5,1009.43,401,201.886,29
13083,2,New / Promising,-0.431576388591535,-0.9345854819867324,5,3,395.43,426,131.81,19
14954,1,Champions,0.294874178639038,-0.1724336266716305,13,2,462.12,704,231.06,111
14241,0,Hibernating,-1.38501573597437,0.7888915561074605,184,2,333.7,697,166.85,12
17780,0,Hibernating,-0.9467620633191092,1.3555454048816555,668,3,346.56,685,115.52,76
14585,1,Champions,0.5775600796995026,-0.050480764253930846,51,5,1143.27,417,228.654,88
15328,0,Hibernating,-2.6905359601099597,0.5593466920444325,408,1,107.24,408,107.24,8
14848,0,Hibernating,-1.6963512771998743,0.5239838913012514,405,1,310.56,405,310.56,11
16624,2,New / Promising,-0.2389919557599631,-0.6693460299702774,81,2,810.57,198,405.285,44
14143,0,Hibernating,-2.6568006292518707,-0.8823637072417675,134,1,115.8,134,115.8,7
15193,2,New / Promising,-1.0736215125281774,-1.9168804877964047,61,1,499.32,61,499.32,19
18216,2,New / Promising,-0.9765759864549636,-2.727757807321784,32,1,481.75,32,481.75,26
16051,0,Hibernating,-2.0874873529350526,1.2146662416575997,682,1,188.44,682,188.44,12
14973,0,Hibernating,-0.03687904720509118,-0.41061540223755433,108,3,1314.4499999999998,226,438.1499999999999,29
15286,2,New / Promising,-2.3080448360664967,-2.1793076470532373,50,1,240.55,50,240.55,3
15595,0,Hibernating,-1.9246953699349418,0.7442678371777901,488,1,357.6,488,357.6,4
13877,0,Hibernating,-0.7424043164705341,0.544867509686497,87,3,449.68,690,149.89333333333337,23
16564,0,Hibernating,-3.0192920326895014,0.9901036828183072,570,1,87.8,570,87.8,5
13805,2,New / Promising,-0.6750015706887063,-1.2421283419268139,53,2,924.6,130,462.2999999999999,10
17539,0,Hibernating,0.2945982241393845,1.3609743563438366,629,3,1161.84,727,387.28,131
13294,1,Champions,0.7104867749289937,0.7744263243870851,190,3,1689.5299999999995,647,563.1766666666666,93
15180,0,Hibernating,-0.32835508571194294,0.9545846468303798,368,3,816.9300000000001,590,272.31,46
15429,2,New / Promising,-0.5749534219227643,-1.9174781610140215,27,2,397.35,76,198.675,77
16645,0,Hibernating,-2.1661762510250826,1.3208098401698511,736,1,160.39,736,160.39,14
17579,1,Champions,0.7625026331588607,-0.608832456275942,5,4,753.28,579,188.32,89
12387,0,Hibernating,-2.406149948585367,0.5778287599977767,416,1,143.94,416,143.94,9
15519,0,Hibernating,-1.2210232285236156,0.6885339300516115,384,2,344.61,447,172.305,34
13301,0,Hibernating,-0.26158760659414415,-0.11187756302974554,104,4,600.1899999999999,293,150.0475,74
12590,1,Champions,1.8276200814760863,-0.37998098663721247,212,1,9341.26,212,9341.26,67
16617,0,Hibernating,-2.5535210933970505,-0.16612092823222926,236,1,151.85,236,151.85,5
18136,1,Champions,0.7892301410386674,0.09620028227780955,64,5,1631.36,452,326.27200000000005,77
17100,2,New / Promising,-0.09785984558982762,-3.302272259039919,19,2,971.74,19,485.87000000000006,65
14799,0,Hibernating,-0.9013792595678258,0.3642863506036597,52,2,338.15,738,169.075,20
13604,0,Hibernating,-0.7694281710970152,1.1408145624347945,659,1,717.62,659,717.62,21
16442,1,Champions,1.4744518853984727,-0.6285797108274944,2,5,891.98,727,178.39600000000002,226
13123,0,Hibernating,-0.8897854744103688,0.913385322346766,473,2,506.75000000000006,530,253.37500000000003,36
12410,0,Hibernating,-0.472331534540821,0.7388023046194206,309,3,773.7099999999999,503,257.9033333333333,35
13909,0,Hibernating,-1.3639031364425809,0.8738507352394478,424,2,282.85,522,141.425,35
18250,0,Hibernating,-1.3574620713812644,0.19063898444531138,311,1,349.27000000000004,311,349.27000000000004,21
17507,0,Hibernating,-0.41996214858695524,0.20823735815756136,262,2,605.58,310,302.79,79
14331,2,New / Promising,-1.0610515243451406,-0.8342830608757201,125,2,462.66,136,231.33,27
16031,0,Hibernating,-0.2688949356844991,-0.38749258097007677,93,2,547.9000000000001,248,273.95000000000005,91
13669,0,Hibernating,-1.0148397261507849,-0.1435975318349294,51,3,413.5499999999999,408,137.85,13
18067,2,New / Promising,-1.0191109495340311,-2.4032774521802245,41,1,396.3299999999999,41,396.3299999999999,36
16505,2,New / Promising,-1.2384413569317791,-2.774144516923191,32,1,777.6,32,777.6,4
13188,2,New / Promising,-3.014858358270999,-3.935270926691693,12,1,114.6,12,114.6,2
15520,2,New / Promising,-1.3599891895099534,-5.833593252721832,2,1,343.5,2,343.5,18
18108,0,Hibernating,-0.19689853240596847,1.0132941138326108,255,3,848.81,738,282.93666666666667,43
16651,0,Hibernating,-2.596658434326596,1.0182028720278673,587,1,136.2,587,136.2,6
16630,0,Hibernating,-2.9241019838271503,0.5482342211598433,408,1,106.8,408,106.8,4
13229,0,Hibernating,-2.267314318682242,-0.21214669482242865,226,1,160.95,226,160.95,10
15683,0,Hibernating,-0.7199028577405813,0.26790453326331026,118,2,524.54,474,262.27,25
12739,1,Champions,1.0113483868352082,0.01623761867695065,100,2,2421.2299999999996,395,1210.6149999999998,83
15099,2,New / Promising,-1.1700469255994295,-1.483341263882351,85,1,410.48,85,410.48,23
17357,2,New / Promising,-1.0499302380393971,-2.943394931316558,25,2,384.38999999999993,25,192.19499999999996,41
14703,2,New / Promising,-1.3736161770385915,-3.6572002203405183,15,1,318.1700000000001,15,318.1700000000001,22
18256,0,Hibernating,-2.5849808330356234,0.4972435316594924,388,1,110.7,388,110.7,10
12837,0,Hibernating,-0.1131003532805871,0.6003484622178181,174,2,662.66,570,331.33,83
14091,1,Champions,1.1587806074219011,1.1852186080358122,655,2,9530.08,699,4765.04,13
14699,0,Hibernating,-0.3609271436814655,0.6843356681660139,215,4,702.6,526,175.65,45
17131,2,New / Promising,1.2631667493738352,-2.39055216163206,6,5,2463.17,76,492.634,78
16786,0,Hibernating,-3.876831381019751,0.5066823376207626,394,1,51.84,394,51.84,1
15714,1,Champions,0.36709846012401215,-0.3293396473086243,12,5,783.96,556,156.792,45
16459,0,Hibernating,-3.188694068925839,1.3162842268229564,730,1,71.79,730,71.79,5
12973,0,Hibernating,-1.727936464655644,0.53572359595118,414,1,385.5499999999999,414,385.5499999999999,6
15773,1,Champions,0.4258087551657457,-0.9635008763695375,6,2,774.52,410,387.26,46
15942,2,New / Promising,-1.5236840875828643,-0.9018622847882605,134,1,337.44,134,337.44,14
15307,2,New / Promising,-1.9875237480846462,-1.3185442925785607,96,1,205.3,96,205.3,12
12611,2,New / Promising,0.12133864780256896,-2.0989610395911003,53,1,1193.32,53,1193.32,65
17038,0,Hibernating,0.1706719851128603,-0.35387605087186125,31,2,743.17,416,371.585,61
13896,0,Hibernating,-1.2791780520651257,1.0924449172193238,626,1,388.5499999999999,626,388.5499999999999,21
13775,0,Hibernating,-0.032991790085880345,1.0089875944495732,591,1,1049.66,591,1049.66,63
13585,0,Hibernating,-0.6853028595173167,1.2974642716120686,531,3,684.54,739,228.18,29
16922,0,Hibernating,-0.22716778155781459,0.9974411017828356,573,1,611.08,573,611.08,122
12673,1,Champions,0.8820723278110195,-0.9350362126847673,6,3,1140.02,402,380.00666666666666,67
13275,0,Hibernating,-1.3224553333717968,1.0211684704423363,384,2,238.86,633,119.43,48
16270,0,Hibernating,-0.015094551762954754,0.34054859308392577,354,1,1141.24,354,1141.24,54
12501,1,Champions,0.8538245292352896,0.2789881884713744,337,1,2025.39,337,2025.39,148
13385,0,Hibernating,-0.8114768293091544,0.2641221594319607,330,1,534.57,330,534.57,35
17697,0,Hibernating,-1.4157104487052692,-0.1613287648749566,237,1,338.95,237,338.95,19
13596,2,New / Promising,0.01949847925466397,-4.00902736254486,6,2,664.1100000000001,13,332.05500000000006,133
13257,0,Hibernating,-2.4614903890271274,0.636105650247801,437,1,149.75,437,149.75,7
17698,0,Hibernating,-2.379490558425217,-0.028938029003329896,261,1,154.95,261,154.95,8
14095,0,Hibernating,-6.048045649944758,1.3691203381401997,723,1,2.95,723,2.95,1
17660,0,Hibernating,-0.604719524639472,0.7737919388245071,142,2,342.22,738,171.11,75
17168,0,Hibernating,-1.2512612728143606,0.7981014103356978,499,1,400.2,499,400.2,21
13710,0,Hibernating,-0.6594610632918054,0.04285150272940075,32,3,509.52,613,169.84,13
14488,2,New / Promising,-0.11056040440628621,-1.7842365753526674,68,1,1064.28,68,1064.28,46
17489,0,Hibernating,-0.9651389237062854,-0.7104010082729451,59,2,376.64,213,188.32,28
13186,2,New / Promising,0.5460540134153923,-1.2856932445098082,40,3,1575.8900000000003,129,525.2966666666667,69
17303,0,Hibernating,-1.2857787149124615,0.41397045465563986,362,1,250.04,362,250.04,53
13850,2,New / Promising,0.48866560226048195,-0.9517338618608716,130,1,1595.48,130,1595.48,93
15075,2,New / Promising,-0.581652812730929,-1.6091911931504213,78,1,773.03,78,773.03,27
13833,0,Hibernating,-0.371491940322683,0.24418212979188333,160,2,700.41,405,350.205,43
16976,0,Hibernating,-2.408277489649029,-0.030021486196940127,268,1,251.52,268,251.52,2
16536,2,New / Promising,-0.6459725969136418,-1.135362173562002,111,1,548.12,111,548.12,49
12566,2,New / Promising,-1.5290591366626733,-1.448504875378449,87,1,297.65,87,297.65,18
13364,2,New / Promising,-2.396362587218667,-1.6779471911649604,72,1,134.96,72,134.96,10
16269,0,Hibernating,-0.41182935287132183,0.6293003855261393,438,1,717.57,438,717.57,53
14622,0,Hibernating,-1.4210539479273603,-0.47750516540498605,185,1,320.58000000000004,185,320.58000000000004,21
13524,0,Hibernating,-0.5628695775693899,-0.7276624927818082,41,5,680.1800000000001,220,136.036,17
16192,0,Hibernating,-1.6027200332591371,1.2934225309269838,736,1,351.3,736,351.3,11
13071,0,Hibernating,-2.3984217153738725,1.0876811400204796,613,1,129.22,613,129.22,12
16944,0,Hibernating,-2.789164468757889,1.0791822588610613,610,1,101.36,610,101.36,7
13472,0,Hibernating,-0.899767843636105,0.9372852458733536,464,2,592.24,556,296.12,24
12900,0,Hibernating,-1.5605479635496995,0.580473764428991,423,1,340.33000000000004,423,340.33000000000004,13
12858,0,Hibernating,-1.873703658629815,0.4986349629494955,384,1,147.26999999999998,384,147.26999999999998,36
12351,0,Hibernating,-1.484074712122075,0.4404091597406589,376,1,300.92999999999995,376,300.92999999999995,21
14393,0,Hibernating,-3.216108595434282,-0.23905085489675487,219,1,67.95,219,67.95,5
15705,0,Hibernating,-2.5400122947883608,-0.3622129912123508,202,1,143.1,202,143.1,6
16842,0,Hibernating,0.17207356397442045,-0.16172747698681525,101,3,1264.1899999999998,303,421.3966666666666,45
13690,2,New / Promising,-2.2289591025968827,-1.9197985705913656,60,1,172.25,60,172.25,9
18209,2,New / Promising,-2.436775771375404,-2.835688841561629,29,1,139.10000000000002,29,139.10000000000002,8
16847,0,Hibernating,-0.17233616298941615,0.13500781592924424,44,2,614.89,619,307.445,37
13732,2,New / Promising,-0.8676158215497917,-2.8475454876228414,29,1,491.86,29,491.86,33
12650,2,New / Promising,-1.6369433824436994,-5.1599912758493796,4,1,242.44,4,242.44,19
13114,0,Hibernating,-1.8024431712077122,1.3031975838940433,731,1,234.38,731,234.38,16
15188,0,Hibernating,-1.4338923127459122,1.2926081306921975,726,1,310.43,726,310.43,23
18148,0,Hibernating,-2.6139602785716587,1.1565276476042914,647,1,112.85,647,112.85,9
15391,0,Hibernating,-1.7277261922166067,1.003358254118761,585,1,289.87,585,289.87,12
14278,0,Hibernating,-1.9777318364666843,0.5549353222082839,410,1,205.83,410,205.83,13
16829,0,Hibernating,-0.8400082161844102,0.19946148715107334,157,2,513.32,389,256.66,25
14252,0,Hibernating,-1.62784029939361,0.44309170569018475,382,1,350.99,382,350.99,10
18232,0,Hibernating,-0.6333051844406319,-0.5736057049335688,82,4,592.97,198,148.2425,31
14806,0,Hibernating,-1.238464322464198,0.04052379725794464,76,2,303.42999999999995,440,151.71499999999995,17
12420,2,New / Promising,-0.7621481245044006,-1.853313434128073,64,1,600.39,64,600.39,29
16413,0,Hibernating,-0.3134495888406444,-0.2061708792985332,57,2,522.03,376,261.015,55
12459,0,Hibernating,-1.240556544852648,1.0505248677767518,606,1,398.36,606,398.36,22
14816,0,Hibernating,-2.139229183873005,-0.4133567383893228,198,1,271.84999999999997,198,271.84999999999997,4
12881,0,Hibernating,-1.883773996433573,0.021717053437102053,276,1,298.0,276,298.0,7
12888,0,Hibernating,-1.9473354408287822,-0.07863302410284381,215,2,354.12,256,177.06,4
13407,1,Champions,0.6741704365341363,1.2162793586005438,579,3,2244.7,662,748.2333333333332,85
16495,2,New / Promising,0.46917745892072166,-1.3834693709895116,4,3,648.26,277,216.08666666666667,78
12368,0,Hibernating,-0.6213684524753063,1.070419557309579,629,1,917.7,629,917.7,18
15770,0,Hibernating,-1.4938824456943351,1.068076728623786,613,1,321.45,613,321.45,18
16035,0,Hibernating,-1.7587324982175185,0.967633899067758,561,1,217.73,561,217.73,21
16492,0,Hibernating,-1.2493734148484985,0.905446452253511,541,1,385.55999999999995,541,385.55999999999995,23
18132,0,Hibernating,-1.3487277488889635,0.8507025748455596,505,1,220.13,505,220.13,60
15490,0,Hibernating,-1.764077423218369,0.628325064412321,431,1,210.85,431,210.85,22
18176,0,Hibernating,-0.9672181531028665,0.37356904821124715,359,1,476.35,359,476.35,30
15019,0,Hibernating,-1.1995382865063775,0.023779297890482783,267,1,252.81,267,252.81,64
18129,0,Hibernating,-2.470008317043251,-0.09808030266193891,244,1,112.55,244,112.55,13
13343,0,Hibernating,-1.5235855367965823,-0.5284223229045085,178,1,303.43,178,303.43,18
13618,0,Hibernating,-2.088655937438331,-0.547722325654177,174,1,177.33999999999995,174,177.33999999999995,13
12667,2,New / Promising,-0.945042029691549,-1.947409541203725,59,1,460.13000000000005,59,460.13000000000005,32
17798,0,Hibernating,-1.6915726445437702,1.0349255403154096,582,1,172.17000000000002,582,172.17000000000002,42
17417,0,Hibernating,-2.0934810233732364,0.9430385343826058,549,1,164.18,549,164.18,16
13063,0,Hibernating,-2.0825054582250884,0.762741204803416,481,1,188.4,481,188.4,12
16476,0,Hibernating,-1.3096873612703512,0.6179317823400826,432,1,350.35,432,350.35,24
14536,0,Hibernating,-2.0054077592891715,-0.02250932964581312,260,1,170.95,260,170.95,18
14348,0,Hibernating,-1.2798586794297395,-0.04333023063176481,261,1,409.57,261,409.57,18
13182,2,New / Promising,-2.444867906259485,-2.244027844732309,46,1,121.17999999999998,46,121.17999999999998,11
18019,2,New / Promising,-3.6605406639602025,-2.068011401439427,52,1,38.45,52,38.45,5
13348,2,New / Promising,-1.8180479296741834,-1.8189016747023135,65,1,233.76,65,233.76,14
13193,2,New / Promising,-2.2589697815360843,-1.8494145505141955,62,1,112.08,62,112.08,22
13396,1,Champions,0.4846472098658801,-0.628748406025943,30,2,1360.99,320,680.495,42
15667,2,New / Promising,-1.6271578598177057,-2.4450009918876865,40,1,301.32000000000005,40,301.32000000000005,13
14767,0,Hibernating,-1.3448847858681012,0.7328320797664238,475,1,382.80999999999995,475,382.80999999999995,18
15347,0,Hibernating,-0.2637592879466801,0.7022237092256985,367,4,1162.0,438,290.5,29
12729,2,New / Promising,-1.1298767572190873,-1.1055053138263242,114,1,417.01,114,417.01,25
12984,2,New / Promising,-2.9546584964127103,-3.3622134886986137,19,1,97.5,19,97.5,4
12478,2,New / Promising,-0.7318422171560294,-5.172737022664828,4,1,545.99,4,545.99,35
16821,0,Hibernating,-2.6899054314200033,0.47030827475934245,382,1,113.35,382,113.35,7
14066,0,Hibernating,-2.4388780618505352,-0.0013713289690000052,267,1,152.55,267,152.55,7
18278,0,Hibernating,-0.8952501051789783,-0.04926826107957021,74,2,414.2,405,207.1,22
13828,2,New / Promising,-1.868783596059681,-3.126078916227192,23,1,209.49,23,209.49,15
13765,0,Hibernating,-1.460992615402736,1.14701391156779,654,1,352.81999999999994,654,352.81999999999994,16
14200,0,Hibernating,-1.2992426223316706,1.0765145175335609,618,1,379.2000000000001,618,379.2000000000001,21
13996,0,Hibernating,-0.5726172321743523,0.5608259948625021,387,2,845.76,400,422.88,28
15515,0,Hibernating,-2.3458762611876187,0.478232303941831,388,1,171.81,388,171.81,7
13893,0,Hibernating,-0.6455537002005785,0.11018592309849722,298,1,821.1,298,821.1,21
12752,2,New / Promising,1.1174391006045332,-1.5838506481610708,82,1,4366.779999999999,82,4366.779999999999,53
15300,2,New / Promising,-0.9338598621116152,-1.8285446224323307,65,1,496.44000000000005,65,496.44000000000005,28
18120,0,Hibernating,-2.38007527161819,-0.2562555562241684,215,1,111.14999999999998,215,111.14999999999998,17
15327,2,New / Promising,-2.0304454738551736,-2.0816822865028266,53,1,208.74999999999997,53,208.74999999999997,10
16467,0,Hibernating,0.2876210222966623,1.3389674087361871,509,7,2869.16,738,409.88,14
13786,1,Champions,1.0780915273660197,1.2202411294864843,368,6,3127.99,737,521.3316666666667,80
12970,1,Champions,1.7838943609609446,-0.1039169686278412,8,10,1452.54,736,145.254,279
16485,1,Champions,1.3173630057889891,0.6109318580081431,78,5,2287.19,734,457.438,126
14841,1,Champions,2.616767330890985,0.5963336831728427,54,14,7163.0,738,511.6428571428572,196
14080,1,Champions,0.6992022921201054,0.2996814301486732,33,5,1115.68,738,223.136,74
14415,1,Champions,4.060511798063058,-0.476437921172378,2,23,11980.09,724,520.8734782608695,445
18097,1,Champions,2.2966402600805167,-0.16273464802537785,8,11,4627.92,723,420.72,86
17323,1,Champions,1.507447393961472,0.1108588653741815,16,12,1547.64,699,128.97,167
16200,1,Champions,3.1174401221643255,-0.2673003900178254,5,12,5608.099999999999,738,467.34166666666664,361
17700,1,Champions,2.9116869734016224,0.17135736619618572,17,14,6679.969999999999,739,477.14071428571424,259
13542,1,Champions,1.4544701776733546,1.367461014724804,377,17,3959.49,730,232.91117647058823,98
15279,1,Champions,0.4577320473564423,1.1214678544035093,355,5,1580.54,676,316.108,74
16067,1,Champions,0.8632285828321475,1.2067244970780096,563,3,3269.1099999999997,676,1089.7033333333331,60
16891,1,Champions,2.2500597615656033,-0.5182286840704848,2,11,1727.94,736,157.08545454545455,335
14606,1,Champions,5.537277852303007,-0.15355216817025863,2,184,29648.750000000004,737,161.13451086956525,1259
15493,1,Champions,2.336868247489725,0.2611417750887093,33,9,4113.19,655,457.02111111111105,288
14646,1,Champions,7.790549743019119,-0.2786163540584188,2,145,526751.52,738,3632.769103448276,960
16670,1,Champions,3.105989118139544,0.20723350984613242,17,20,8030.150000000001,730,401.5075000000001,258
18166,0,Hibernating,-2.210576031671605,1.0985047769225085,624,1,175.5,624,175.5,10
17576,1,Champions,3.5907419893844095,0.1015751829231994,9,41,8705.6,737,212.3317073170732,416
16746,1,Champions,4.28601000701781,-0.11705046500811749,5,42,18045.05,736,429.6440476190476,389
16456,1,Champions,2.3481167991699707,0.6727916875107102,100,13,6000.9400000000005,621,461.6107692307693,226
14912,1,Champions,1.0046844139873194,-0.17374327671391873,17,5,1849.58,591,369.916,43
15253,1,Champions,1.460660009157108,-0.10120173739743615,17,8,2055.09,587,256.88625,102
17389,1,Champions,4.835008981865834,-0.5558479779570723,1,61,57215.33,736,937.9562295081968,63
17442,1,Champions,2.3029000654499696,0.37782758874549294,37,15,4620.300000000001,663,308.0200000000001,188
14134,1,Champions,2.4049924698323366,1.3300861660610228,383,15,11123.35,730,741.5566666666667,130
16103,1,Champions,2.7172622398842465,-0.09283643635975054,8,22,6191.71,701,281.44136363636363,111
15183,0,Hibernating,-0.7467166113655617,1.1020820630342305,548,3,639.9300000000001,585,213.31000000000003,33
12909,1,Champions,1.7047347022751065,0.30744900209806747,40,8,3088.3399999999997,654,386.0425,120
17189,1,Champions,0.43655374998737595,0.7587990015462328,107,5,953.63,738,190.72600000000003,101
13767,1,Champions,4.515153908384907,-0.2288023090069457,3,73,33903.57,739,464.43246575342465,117
17990,0,Hibernating,0.30972525969623976,1.0531921695270068,237,6,1527.61,733,254.6016666666667,40
17160,1,Champions,3.0830073039909536,0.41538718350838777,32,17,10209.16,736,600.5388235294117,215
15483,1,Champions,0.5509912124350039,0.9672929986731259,162,10,810.68,685,81.068,215
16391,1,Champions,0.5295471653388074,1.006884578078507,401,4,1048.86,562,262.21500000000003,260
14058,0,Hibernating,-1.1182481046738972,0.9008125728038824,463,2,469.19,531,234.595,23
14437,0,Hibernating,-0.3703412511162453,1.0034670966290877,366,5,873.3399999999999,584,174.66799999999998,34
16733,0,Hibernating,-1.8176270343550827,0.8788139428893884,530,1,259.68,530,259.68,12
15291,1,Champions,3.22864353597482,0.44231859970935633,26,39,13472.76,737,345.4553846153846,115
16032,1,Champions,0.7630260640016148,1.0176369675909407,457,6,1965.72,524,327.62,130
16435,0,Hibernating,0.10934859921837058,0.9718170164558324,513,3,1003.07,515,334.3566666666667,119
12788,0,Hibernating,-1.3527080825923827,0.9887943467165524,464,4,384.9,529,96.225,19
16170,1,Champions,2.717500356784989,0.531891480830794,51,20,6869.0,660,343.45,254
14129,1,Champions,1.6934650141520737,-0.8152289477011212,2,9,2591.3399999999997,580,287.9266666666666,40
16101,1,Champions,1.6349581718880362,0.2960603982908009,71,4,3229.16,562,807.29,153
17107,1,Champions,3.587878713174776,0.28371523976442725,34,10,16052.72,678,1605.2720000000002,377
15039,1,Champions,5.060172708190086,0.21504181022682115,10,93,39141.48,730,420.876129032258,562
12408,1,Champions,1.8268478721788095,-0.02034157489569431,33,8,3905.77,499,488.22125000000005,103
14291,1,Champions,3.4768095021327112,-0.46713100506335425,2,23,7904.1,731,343.6565217391304,241
15167,1,Champions,0.9948035093384527,1.1029294039116375,321,5,1627.62,674,325.524,262
16723,1,Champions,0.6958749238132946,0.6619040014301231,92,4,1231.36,736,307.84000000000003,108
13639,1,Champions,0.40198216090521227,0.004863805546799484,75,2,1346.27,437,673.135,49
12946,0,Hibernating,-1.441971782077212,0.6317543441644865,437,1,324.45000000000005,437,324.45000000000005,20
12926,1,Champions,0.7860262808625426,1.2337055291186647,412,4,1523.59,726,380.8975,201
14296,0,Hibernating,-1.0444388335715693,0.9408496710129941,422,2,456.4000000000001,575,228.20000000000005,27
17676,1,Champions,1.809398202030418,-0.4547549657154791,5,10,2448.6400000000003,620,244.86400000000003,85
13166,0,Hibernating,-0.21084786127721442,0.48597275056082645,284,2,875.9300000000001,415,437.965,55
12418,1,Champions,0.9618532959519056,0.5832456952780005,113,4,2021.2000000000005,631,505.30000000000007,90
17190,1,Champions,1.2313858487128475,0.4463072580011396,59,7,1724.73,645,246.39,159
13331,0,Hibernating,-1.8048913205882549,0.5208708824468851,402,1,262.4,402,262.4,12
17210,0,Hibernating,-1.3275531287667521,0.5177759249767938,393,1,251.72,393,251.72,47
16817,1,Champions,1.98050093723461,-0.8987012344923488,3,13,2560.7,432,196.97692307692307,107
15161,0,Hibernating,-2.0770027104706226,0.519789179406607,389,1,119.92,389,119.92,33
15107,0,Hibernating,-0.4092906332515021,0.7921137454566332,312,9,824.35,452,91.59444444444443,32
16050,0,Hibernating,-1.40753554278292,0.3301589561196663,174,3,300.7,402,100.23333333333332,19
14729,0,Hibernating,-0.20639326221137694,1.0433176535693163,374,3,586.24,626,195.41333333333333,126
13305,1,Champions,2.423182305216952,-0.3579273037712303,5,16,3616.41,640,226.025625,153
17722,1,Champions,1.593433505937442,0.08025002934641222,97,5,3520.22,376,704.044,163
17095,1,Champions,1.6448326521834613,0.17793803685730095,23,7,2572.25,725,367.4642857142857,110
15171,0,Hibernating,-0.7799958419151539,0.21164184558992385,332,1,1289.5,332,1289.5,5
12727,1,Champions,2.415146913430178,-0.14816935811001686,11,10,4905.53,655,490.553,131
13168,1,Champions,1.2383031681651262,0.06003471030417858,37,5,1840.73,543,368.1460000000001,127
13110,1,Champions,1.9119531586524487,0.3998311404061739,32,12,2957.4700000000007,739,246.4558333333334,167
14411,0,Hibernating,-0.5811232215190667,0.1504096973415605,311,1,1063.0,311,1063.0,14
13581,0,Hibernating,-1.3831896061947897,0.5432690543705301,310,2,280.53,415,140.265,32
14447,1,Champions,1.0944144020878461,-0.44514927239295704,19,6,1711.73,401,285.28833333333336,81
15681,1,Champions,1.4459138212530516,0.07700961148746174,26,14,2989.7000000000003,565,213.55,48
13871,1,Champions,2.870303218282573,0.27639142467626193,23,17,7885.85,720,463.8735294117647,183
15671,1,Champions,1.222182870626886,-0.7997709159944382,19,7,2657.13,271,379.59,52
14041,0,Hibernating,-2.1055385385208787,0.020192088947659993,267,1,141.40999999999997,267,141.40999999999997,21
14245,1,Champions,0.5589397661329789,-0.029338358033413097,220,2,1693.45,264,846.725,107
13408,1,Champions,5.352789323468596,-0.2800949615049034,2,106,50174.77999999999,736,473.34698113207537,320
15373,1,Champions,2.030452927094928,-0.23124434059371404,9,17,3084.54,587,181.4435294117647,107
15777,0,Hibernating,0.26273536909747985,0.8429106517890255,242,7,1762.61,569,251.80142857142857,29
17735,1,Champions,4.168862636278742,-0.6983104073824192,3,26,16790.33,498,645.7819230769231,391
16755,1,Champions,1.6596717175547968,0.8068855225186656,115,7,2864.68,731,409.2399999999999,219
15491,1,Champions,1.2474584179211625,-0.32432030132710193,96,6,3100.09,236,516.6816666666667,108
13456,1,Champions,0.7548708418285083,-1.0721104596572089,18,6,1766.7200000000005,208,294.4533333333334,43
13654,1,Champions,2.6401519330008356,0.49262765837743083,44,11,6307.999999999999,738,573.4545454545454,262
13885,0,Hibernating,-0.9833809988202376,-0.3220879874421445,190,2,506.7999999999999,201,253.4,28
12597,1,Champions,1.8154149597192715,-0.8460732342505285,20,4,3195.2199999999993,269,798.8049999999998,183
13750,1,Champions,1.4589804316174906,0.39509972019961503,54,11,3602.1800000000003,618,327.4709090909091,51
12704,1,Champions,1.0361499116567598,-1.4964486338945384,8,8,1740.8399999999997,170,217.60499999999996,63
16550,1,Champions,2.797870023742401,0.9025234499720866,109,18,8807.68,738,489.3155555555556,273
17063,1,Champions,2.1307992415293273,0.26320453470272387,22,13,3638.53,739,279.8869230769231,150
14390,1,Champions,2.7039656364348317,-0.49913630889052396,11,13,6150.03,426,473.0792307692308,197
18073,1,Champions,0.8291472933678774,-0.35032142890749385,115,12,3859.8200000000006,198,321.6516666666667,23
16638,1,Champions,1.642113180120241,-0.08285911402969612,23,15,2380.13,479,158.67533333333333,130
18047,0,Hibernating,-0.9992257956156151,0.5602947513032533,382,2,326.09,382,163.045,74
17386,1,Champions,1.3304143545676412,-0.8001235826994378,8,7,2812.77,386,401.82428571428574,32
17073,2,New / Promising,0.8938488551008522,-1.6739425775009282,18,4,1444.84,110,361.21,141
14523,2,New / Promising,-1.8560109675887433,-1.1602100557280088,109,1,241.09000000000003,109,241.09000000000003,12
13862,1,Champions,1.5871793614232594,-0.4186621862926065,19,9,2556.09,390,284.01,113
14096,1,Champions,5.075287492098613,-2.0514266086700528,5,17,53258.42999999999,102,3132.848823529411,1118
16796,2,New / Promising,-1.507598131368134,-1.4058194034320342,90,1,305.62,90,305.62,18
13134,1,Champions,1.2065627863749393,0.15589976830395608,86,6,2475.23,417,412.53833333333336,110
15365,1,Champions,2.1965762670091915,0.2319892879113934,26,13,4557.13,674,350.54846153846154,126
15571,1,Champions,2.74052796624017,0.06497833409266329,12,14,3892.35,734,278.025,442
17490,1,Champions,2.1530532148477444,-0.9742868596854138,1,9,2750.5,570,305.6111111111111,93
16115,1,Champions,2.103677068665716,-0.24381804965323187,10,12,2553.8,575,212.8166666666667,230
15050,1,Champions,1.9174144851491461,-0.20781333338407154,26,5,4087.19,481,817.4379999999999,116
16393,1,Champions,3.185237251875634,-0.3288403118634281,3,23,5297.77,739,230.33782608695657,313
15807,1,Champions,1.045301335450617,0.3610971001428241,51,5,1817.52,667,363.504,85
17432,1,Champions,1.6381211021000426,0.18193163845793478,19,9,1728.99,737,192.11,213
15605,1,Champions,1.11166565439339,0.3590634289709486,37,9,1741.95,695,193.55,80
17937,1,Champions,1.4524712356732288,-0.8369910089780979,9,7,4301.22,363,614.46,19
15556,2,New / Promising,-1.35835275328393,-3.0175821439043267,25,1,279.77000000000004,25,279.77000000000004,31
16855,2,New / Promising,-1.35079500953203,-2.4698378225612774,24,2,328.4,44,164.2,19
14482,1,Champions,2.282369565869741,-0.21216695819055895,19,12,4306.719999999999,471,358.89333333333326,185
15525,1,Champions,1.1087883600484534,-1.1356538413675197,3,4,887.72,383,221.93,151
15793,1,Champions,0.8516764107099023,0.01783358910604611,15,8,2399.57,739,299.94625,12
17019,1,Champions,2.5466849735138375,0.032414155231082445,12,11,3586.99,738,326.09,343
12963,1,Champions,2.0758004005732973,-0.3899251933297436,9,12,3235.79,520,269.64916666666664,129
17593,1,Champions,3.394220623943076,-0.36681636156053726,4,11,8092.32,736,735.6654545454545,311
12720,1,Champions,3.290270160393462,-0.6472955826875828,3,29,6905.28,507,238.1131034482759,261
14577,1,Champions,1.214422855748142,-0.008695942882093166,13,7,1364.15,729,194.87857142857143,104
14980,0,Hibernating,-2.0179150568069564,1.3359239149492799,738,1,150.68,738,150.68,24
13202,0,Hibernating,0.3605854749515259,1.2748501209037262,395,7,1580.3000000000002,731,225.7571428571429,55
15841,1,Champions,1.2423954952444634,0.6435806159907432,73,9,2742.41,730,304.7122222222222,60
12956,0,Hibernating,-0.6464341939207287,1.120500744392521,307,4,521.89,725,130.4725,42
12989,1,Champions,3.2542664750137877,-0.2618717385728402,4,33,13551.75,730,410.65909090909093,50
16137,0,Hibernating,-1.1021861203780252,1.20425758869274,681,1,422.7000000000001,681,422.7000000000001,28
15874,1,Champions,3.1131759030318675,0.6676500096202106,64,21,11284.759999999998,702,537.3695238095237,262
16948,0,Hibernating,-0.31494849094644656,0.7732111050003814,139,7,868.77,657,124.11,20
15266,0,Hibernating,-0.29416898599627284,1.143511235887201,339,5,852.21,702,170.442,38
15943,0,Hibernating,-1.837369079636508,1.2582676093640814,650,2,271.28999999999996,678,135.64499999999998,12
16859,1,Champions,0.8978084126204331,0.7781251416907579,145,7,1932.41,646,276.05857142857144,87
16329,1,Champions,0.5115664482271214,1.2451752399016727,428,4,1664.92,739,416.23,83
17542,0,Hibernating,-0.8871743967136141,0.9410365688513299,270,3,340.85,642,113.61666666666667,57
12514,1,Champions,0.5156696081888424,0.8474588911437084,268,2,1597.76,642,798.88,76
13141,1,Champions,2.7425287280901762,0.7948626720537157,85,17,7656.08,731,450.35764705882355,285
17594,1,Champions,1.091517137238085,0.4291693073894448,86,4,2497.88,605,624.47,70
16631,0,Hibernating,0.3752477253779596,1.2395453340292932,482,7,1892.52,652,270.36,46
17511,1,Champions,6.512070311144095,-0.2748763106734148,3,60,172132.87,738,2868.8811666666666,657
17382,0,Hibernating,-0.22185249540658564,0.37200790512754667,66,8,902.28,570,112.785,16
17311,1,Champions,1.6735093713558626,0.5515247784410297,79,6,3566.56,675,594.4266666666666,124
14388,1,Champions,2.831968874110592,-0.035193808842151245,11,16,6388.200000000001,689,399.2625000000001,184
14114,1,Champions,0.38396552501994885,0.9740839592697245,274,7,1364.09,607,194.87000000000003,72
13634,1,Champions,2.5321327458142977,0.3982881398731572,34,15,4988.08,699,332.53866666666664,267
14790,1,Champions,1.5246595124482756,0.1126159844729306,17,10,2526.62,729,252.662,65
15852,0,Hibernating,-1.3132205201185005,0.6169188585436789,187,3,257.26,527,85.75333333333333,31
14258,1,Champions,4.017679455816118,-0.0028154431639372418,10,25,32051.339999999997,736,1282.0536,97
14855,1,Champions,2.195696459498809,0.6312851006875692,120,7,6520.299999999999,611,931.4714285714284,168
18245,1,Champions,3.1357451727746097,-0.16628368084956233,8,20,6324.9800000000005,642,316.249,336
14283,0,Hibernating,-0.6900648908201932,1.0539216340907365,464,4,628.44,570,157.11,36
15666,0,Hibernating,-0.5099807784227031,0.8568916328349908,473,2,632.9399999999999,496,316.46999999999997,62
16396,0,Hibernating,-2.485515600102285,0.7541151728036365,477,1,137.8,477,137.8,8
13579,1,Champions,1.0040311613942978,-0.10088716180522196,15,5,1374.34,660,274.86800000000005,72
18251,1,Champions,3.2248575237611967,0.6404140516944297,88,9,26278.86,718,2919.8733333333334,87
16362,1,Champions,0.40891404391987046,-0.1446068617816078,33,6,922.16,438,153.69333333333333,67
16992,1,Champions,2.7271681370249348,-0.08779152708884748,11,13,5476.5,667,421.2692307692308,212
14829,1,Champions,0.8742829135705713,-0.1717726034568419,30,7,1455.87,437,207.98142857142855,77
12511,1,Champions,1.297910329518259,0.5834276077140431,429,1,3084.02,429,3084.02,190
13565,0,Hibernating,-0.3463512270060754,-0.464069949958433,20,3,414.7999999999999,412,138.26666666666665,45
17034,1,Champions,0.7177631636155141,-0.2869583649240435,17,5,1276.4199999999998,514,255.28399999999996,49
15501,0,Hibernating,-0.8811851411842093,0.6514624295350412,405,2,399.9500000000001,416,199.975,64
13037,1,Champions,1.8602484133362343,0.9516034541084399,139,12,3914.95,737,326.24583333333334,181
14776,1,Champions,1.5724796552607592,0.13672588452597492,52,15,3708.3,447,247.21999999999997,68
13875,1,Champions,2.2003270670000994,0.5854447941934039,54,14,4814.37,723,343.88357142857143,159
18160,1,Champions,0.2335316782805396,-0.14168930517355358,58,3,1003.88,387,334.6266666666666,56
12880,0,Hibernating,-0.6771472917231945,0.8954645508651681,382,2,640.1300000000001,575,320.06500000000005,32
13145,0,Hibernating,-0.33840729308491496,0.1826108755720746,40,7,1128.52,600,161.21714285714285,5
17097,1,Champions,1.4759870885208077,-0.9201677833005093,3,9,1143.36,431,127.04000000000002,182
15454,0,Hibernating,-1.2468973098285683,0.9656267823474443,363,2,303.89,619,151.945,34
17580,0,Hibernating,-0.4436286368232866,0.5976817732350599,253,5,538.07,423,107.614,77
16449,0,Hibernating,-0.5111174161072833,-0.006294885910741803,198,2,707.69,281,353.845,40
16040,1,Champions,1.2766085094511312,0.41884442517901216,66,7,2416.9,610,345.2714285714286,95
17139,1,Champions,4.095685521077875,0.16170534213052054,16,25,19566.76,698,782.6704000000001,447
14573,1,Champions,1.3141657087801946,1.0351502382136342,180,13,2163.12,701,166.39384615384614,183
17783,0,Hibernating,-0.384968571301289,0.23963148854933064,73,3,376.96,513,125.65333333333336,91
17574,0,Hibernating,-2.228621382597588,-0.12654791279610936,243,1,185.65,243,185.65,8
16678,1,Champions,1.9882835533415095,-1.3020495486012917,3,12,3109.99,283,259.1658333333333,92
17809,1,Champions,2.7253101995380855,0.18244918200893048,17,20,10085.89,738,504.2945,59
17516,1,Champions,0.8659108202822574,-0.5303240310921286,16,6,947.5,379,157.91666666666666,150
12355,0,Hibernating,-0.19399232653798396,0.6521197415802473,215,2,947.61,568,473.8049999999999,35
14367,1,Champions,3.1423251523462747,-0.9353499594499297,9,16,9227.82,277,576.73875,270
16116,0,Hibernating,-0.7023471423118656,-0.3120292763119889,212,1,612.78,212,612.78,34
15333,0,Hibernating,-0.553684278633389,-0.3595424820420475,209,1,1028.56,209,1028.56,16
13192,1,Champions,1.3914321408230856,0.6537179685664493,96,6,2558.58,687,426.43,135
14561,2,New / Promising,0.15601313370579847,-0.7050700586333677,76,3,1080.76,185,360.25333333333333,67
12697,2,New / Promising,-0.18893480810089652,-1.1485079904862419,29,3,757.5899999999999,170,252.52999999999997,36
15578,0,Hibernating,-2.3635507880920437,-0.6220965208209125,163,1,127.1,163,127.1,13
17984,1,Champions,0.8050462113878648,0.8879431904322943,146,5,1148.69,739,229.738,208
16364,2,New / Promising,0.008612179238624796,-1.7045232314887533,12,2,705.79,138,352.895,48
17513,0,Hibernating,-0.08298314861216811,0.11620219209596369,73,3,1158.8000000000002,480,386.2666666666667,18
12643,1,Champions,1.398877161931839,0.6722683902465467,129,11,7803.820000000001,612,709.4381818181819,13
16757,0,Hibernating,-1.7579029773154553,0.5280403857956,319,2,270.48,410,135.24,13
12584,1,Champions,1.3462140753186622,-1.2681487379466858,4,9,2254.15,281,250.4611111111111,43
14414,1,Champions,1.1278860669632291,0.12493988262523484,92,8,2399.33,375,299.91625,99
14116,2,New / Promising,0.5430657969185337,-1.5262270546214307,20,5,1382.7399999999998,122,276.54799999999994,61
13888,1,Champions,1.0822265302393,0.606874105868051,120,7,2001.59,576,285.9414285714286,124
15152,1,Champions,2.7360859367402806,-0.06300860245479972,10,14,5263.830000000001,702,375.9878571428572,214
13273,2,New / Promising,-2.2083296753678665,-1.08122115918045,114,1,138.98,114,138.98,16
12627,1,Champions,1.9842713609820704,-1.601400059336557,11,6,4082.5300000000007,141,680.4216666666667,161
12610,1,Champions,0.8291918645394448,-1.469226029936182,23,4,1747.54,127,436.885,84
17656,1,Champions,0.4716703682147128,-0.985697671502047,74,5,1674.6900000000005,129,334.93800000000005,67
18261,2,New / Promising,-1.3333410257166871,-1.543582773277534,44,2,324.24,96,162.12,19
12490,1,Champions,3.2766331975233127,-0.1562639943550272,6,20,8764.64,739,438.232,194
13321,2,New / Promising,-1.2312198893530277,-1.466848328976798,73,2,567.3599999999999,87,283.67999999999995,10
13792,0,Hibernating,-0.9166650046985749,0.005727576835891199,67,3,383.9500000000001,423,127.98333333333336,23
12594,1,Champions,1.9845153921705194,0.3370676840297633,38,14,4890.110000000001,647,349.29357142857145,77
16851,2,New / Promising,-1.0172432223462138,-2.827835014843958,5,3,342.45000000000005,52,114.15000000000002,17
17481,2,New / Promising,0.760110448742267,-2.342927245313259,4,4,1255.59,94,313.89750000000004,69
15153,2,New / Promising,-1.3558779838583097,-2.719577034453979,32,1,329.25,32,329.25,22
13692,1,Champions,1.5424013088286628,-0.34153018745133384,25,5,3114.3999999999996,421,622.8799999999999,83
14984,1,Champions,0.7403788046548744,0.07549076690804193,20,6,1260.51,698,210.085,48
13838,1,Champions,1.9793143101210275,-0.4188796153391074,6,10,1690.07,580,169.007,328
12782,1,Champions,2.359501420580818,-0.6043413607323382,5,11,3862.24,520,351.1127272727272,141
15918,0,Hibernating,-0.42793959848327723,0.7744728864199022,191,3,582.88,632,194.29333333333332,49
13890,1,Champions,2.2451033621874914,-0.5240869148392794,2,14,2927.38,734,209.09857142857143,100
13009,0,Hibernating,-2.281784122435037,1.1728230674300237,673,1,234.0,673,234.0,4
17519,1,Champions,2.394526024751373,0.20092128981953333,18,15,4774.17,739,318.278,142
14734,0,Hibernating,-0.136326982192598,0.9818447063392854,426,4,1056.42,552,264.105,48
16705,1,Champions,5.267888200317819,-0.5751904240324074,1,42,43515.05,731,1036.0726190476191,399
15100,0,Hibernating,0.058582498102695814,1.134103738076743,334,7,2193.9,702,313.4142857142857,11
17214,1,Champions,0.4164076760002541,-0.09006676576325422,61,6,1059.12,360,176.52,79
15062,1,Champions,1.3383579314410226,0.4710925835775946,72,8,2585.6200000000003,611,323.20250000000004,98
12654,2,New / Promising,-0.22290637425060472,-0.927766478770282,11,5,529.98,296,105.996,30
14916,1,Champions,1.534484248569153,0.4739674416653055,71,8,3042.95,618,380.36875,113
14002,0,Hibernating,-0.7251060427117416,-0.6687673371548678,135,2,529.73,157,264.865,47
12977,0,Hibernating,-0.4877526920177432,0.5510776352243547,157,4,513.88,512,128.47,54
16565,0,Hibernating,-1.0704857487209452,0.9030997291119564,365,4,773.05,556,193.2625,7
13826,0,Hibernating,-2.128352372040687,-0.5322457896253464,177,1,189.5,177,189.5,10
13791,2,New / Promising,-0.5252321966659357,-0.688057662161928,128,2,1516.0,169,758.0,7
13657,2,New / Promising,-0.821231573730422,-1.393702789518282,11,2,382.14,202,191.07,16
15769,1,Champions,4.489000014034701,-0.05269925039247036,8,46,88612.51999999999,729,1926.3591304347824,26
13433,0,Hibernating,-0.8139115905050864,1.2564068805215032,502,4,658.32,697,164.58,22
13911,1,Champions,2.145531818200772,0.5731303113592251,58,20,4234.99,649,211.7495,178
18084,0,Hibernating,-0.46867695249643443,-0.628500144371588,17,3,795.23,389,265.07666666666665,7
17708,0,Hibernating,-0.09378896858741329,0.43476881375940524,188,4,884.18,424,221.045,57
13131,1,Champions,1.8197019338727296,0.11286789515589289,24,7,3313.77,669,473.3957142857143,107
12455,1,Champions,2.312723002655734,0.639695173940648,74,9,5722.95,722,635.8833333333333,198
14214,1,Champions,0.370573970724456,-0.6083917715377309,31,5,1004.38,278,200.876,64
13211,1,Champions,1.8032429701491222,-0.031875911585997514,11,10,2618.77,734,261.877,98
17572,0,Hibernating,-0.4862507143299008,0.6622722065171962,72,10,652.21,725,65.221,14
14034,2,New / Promising,0.03263958469879259,-1.2812263983713401,23,3,648.89,158,216.29666666666665,82
16586,0,Hibernating,0.05392748938472163,0.8444729562561535,249,3,1462.78,636,487.5933333333333,27
14430,0,Hibernating,-0.2357800048827436,1.0893105485170542,512,3,1220.9,608,406.9666666666667,29
14794,1,Champions,1.6616514364766317,-0.822601597234812,3,10,1953.9,488,195.39,85
18252,1,Champions,1.0944414110990548,0.49194341843136236,51,7,1533.69,722,219.09857142857143,125
18217,1,Champions,0.19173660783368507,-0.08197113925586044,30,4,945.0400000000002,527,236.26000000000005,33
16293,1,Champions,2.3243310556179386,0.26913711132434875,22,15,4279.2,729,285.28,168
17461,2,New / Promising,-0.10392538589114478,-2.765644890168474,23,3,735.82,30,245.27333333333337,104
15468,1,Champions,0.6924356502137482,-0.17310896983656482,52,3,1430.48,393,476.82666666666665,80
15317,0,Hibernating,-2.6992962311263184,1.2032565356438465,678,1,129.75,678,129.75,5
15838,1,Champions,4.53009763433507,0.0611508116237095,12,34,73205.5,725,2153.1029411764707,61
15144,1,Champions,3.5285378395840516,0.013431441699268947,9,29,12160.31,727,419.32103448275865,199
14373,0,Hibernating,-3.196796993928799,0.39252885877330373,359,1,76.55,359,76.55,4
16286,0,Hibernating,-1.499919120113722,1.0644598811334103,478,2,328.95,624,164.475,17
16321,0,Hibernating,-0.5587019852271219,0.6377716234693485,73,7,604.55,739,86.36428571428571,15
15284,0,Hibernating,-4.479671314478673,0.8387878344401537,501,1,24.75,501,24.75,1
17396,1,Champions,1.9495177503150851,-0.034676558415813234,40,13,8391.6,442,645.5076923076923,28
13485,1,Champions,1.391208360138846,1.1414472078041884,234,11,3015.2200000000003,737,274.1109090909091,130
14147,1,Champions,0.8020945805906584,0.5405391027762426,79,9,2590.2,641,287.79999999999995,24
12722,2,New / Promising,-0.1066229406809779,-0.8062966808162869,86,4,979.63,151,244.9075,49
16156,1,Champions,2.9185574791125823,-0.008302361067685348,9,20,6188.180000000001,738,309.40900000000005,199
13003,0,Hibernating,-2.5493085128647457,-0.43354299004938845,106,3,149.05,215,49.68333333333334,4
13394,1,Champions,3.3267308392559825,-0.4793528690475852,2,19,6621.7,739,348.5105263157895,254
16727,1,Champions,0.6243335730995595,1.1377487998943205,365,4,1377.77,689,344.4425,158
15125,1,Champions,3.4253685431315537,0.20970706862194963,26,24,17024.87,619,709.3695833333333,151
13983,1,Champions,2.8183743861157287,0.43027908964546524,30,21,6753.889999999999,731,321.6138095238095,238
12378,1,Champions,2.1717677863451335,0.4377664923701658,130,2,5416.32,563,2708.16,281
13874,1,Champions,0.5123892247278558,1.1532195056643155,359,7,2049.15,674,292.7357142857143,46
17050,1,Champions,2.0130596742570517,0.7157911321553441,97,10,4348.459999999999,683,434.8459999999999,192
15362,0,Hibernating,-0.6318222696542513,1.1901087389856884,449,2,613.0799999999999,739,306.53999999999996,38
15638,0,Hibernating,0.2362226661995986,1.04529616020536,379,6,2265.2,611,377.5333333333333,20
13873,1,Champions,0.2585501207812136,0.7350396919810933,120,8,1038.9199999999998,647,129.86499999999998,55
16054,1,Champions,1.0128482507538692,0.6653782147978571,146,4,2111.88,618,527.97,109
13941,1,Champions,2.495945894416608,0.21162638291973201,22,15,10027.18,724,668.4786666666666,42
17672,1,Champions,2.2833280014125044,0.3320400163695154,51,6,5663.74,642,943.9566666666666,178
15900,1,Champions,0.6254414085259585,-0.08286703334745832,24,4,886.5699999999999,563,221.6425,100
16863,0,Hibernating,0.11694451642364175,-0.3144058160535609,32,3,834.27,410,278.09,43
15458,0,Hibernating,-0.9600864660056528,-0.4565306061162767,26,2,370.43999999999994,403,185.21999999999997,13
12497,1,Champions,1.622443371539807,0.39479192709341515,82,3,5996.5,645,1998.8333333333333,40
14001,1,Champions,1.622674915409655,0.10046136715944642,46,9,4228.849999999999,494,469.87222222222215,60
17882,0,Hibernating,-1.266761335405122,0.5482610718192887,380,2,291.56000000000006,380,145.78000000000003,47
13304,0,Hibernating,0.14236293801720692,1.0833520173254125,352,4,1217.99,670,304.4975,59
14462,1,Champions,1.4447001670050235,0.2054472333677568,67,12,2237.81,433,186.48416666666665,181
13121,0,Hibernating,-1.1988487469492157,0.030172351409461527,270,1,283.72999999999996,270,283.72999999999996,50
14154,1,Champions,2.2082205297511592,1.0424979905925507,240,8,6460.700000000001,696,807.5875000000001,236
16676,1,Champions,1.3531638142570304,-0.19253282821193013,34,6,2361.9,419,393.65,106
16940,1,Champions,2.7059262382931992,0.5158153938959009,53,8,6427.660000000002,732,803.4575000000002,360
14535,1,Champions,2.7931911405275214,0.4956059967586985,61,9,5961.89,654,662.4322222222222,588
14842,1,Champions,1.4352570906707605,-0.4278792839812297,44,4,2824.6899999999996,309,706.1724999999999,128
12674,1,Champions,0.6700209714652261,-0.8365176793466359,39,4,1844.6000000000004,208,461.1500000000001,51
15399,2,New / Promising,0.3088499030848342,-2.7191077987680727,2,3,815.7700000000001,80,271.92333333333335,45
15241,1,Champions,1.6167332445998843,0.551235215691983,67,11,3050.16,655,277.2872727272727,120
15048,0,Hibernating,-0.4352355421392717,-0.061294024593851706,66,4,381.0,369,95.25,86
13882,2,New / Promising,0.6076742791098168,-2.733325196954379,3,5,1191.13,65,238.22600000000003,54
16910,1,Champions,1.5108461990650808,-2.1722374690782793,5,8,1508.96,92,188.62,318
15637,0,Hibernating,0.049351234178602744,0.4599887944650012,53,5,797.59,725,159.518,37
17255,1,Champions,0.5503271113321326,-0.07770313657888682,41,4,781.7,447,195.425,163
15707,2,New / Promising,0.27895573398510487,-1.6149167101117068,36,4,916.98,87,229.245,126
14480,1,Champions,0.8836413473381878,-0.13844002205369915,12,4,1299.52,719,324.88,52
14419,1,Champions,1.0966848011434973,-0.6472652917196343,11,7,1254.64,383,179.2342857142857,118
13309,1,Champions,1.323958659877466,-0.7702595271865487,8,6,1706.37,393,284.395,95
14550,1,Champions,1.0006035597241263,-0.5220645430237854,11,4,1345.0600000000002,484,336.26500000000004,77
14957,0,Hibernating,-1.3720911250808838,0.8649182106477332,254,2,261.69,645,130.845,27
12755,1,Champions,1.2816983107083009,1.1161968934318685,281,11,5236.26,694,476.0236363636364,34
17285,0,Hibernating,-1.0615500097183015,1.2371344341592743,629,2,400.43999999999994,664,200.21999999999997,40
14040,1,Champions,3.47262480993492,0.622524044368329,41,35,12523.809999999998,739,357.8231428571428,335
18057,0,Hibernating,0.3567245424066951,1.131871058993186,394,3,1168.14,691,389.38000000000005,120
18236,1,Champions,1.184024077654264,0.1932822485573366,30,12,1795.35,604,149.61249999999998,80
16611,1,Champions,0.7578601930680786,0.8483703716899065,187,6,1785.13,640,297.52166666666665,86
14442,1,Champions,1.8365106323175926,0.9500191065184218,205,7,5367.0199999999995,691,766.7171428571428,128
18137,0,Hibernating,-2.0699235062998347,1.0405181755099626,552,2,145.99,552,72.995,26
16072,1,Champions,1.9292896530040646,0.8286027113994882,289,4,4180.09,550,1045.0225,414
17743,0,Hibernating,-2.380391276992185,0.6453656544692802,449,1,229.2,449,229.2,3
15599,1,Champions,0.7306106145611284,-0.3028847134345393,27,3,1250.06,446,416.68666666666667,77
17864,1,Champions,0.6702860095772023,-0.5273878039595662,13,5,876.57,428,175.31400000000002,93
14571,0,Hibernating,-1.8758483048497234,0.6270648708116917,426,1,160.0,426,160.0,30
13959,1,Champions,0.5960303128807337,0.34066922344186507,80,6,1064.77,512,177.46166666666667,120
13964,0,Hibernating,-1.1942582967497644,0.6443750284746362,388,2,438.9,431,219.45,22
16049,1,Champions,1.6540914523563164,0.10033994109253833,41,6,1852.15,517,308.69166666666666,383
17989,0,Hibernating,-1.713398905526363,0.46899854382839096,380,1,207.33,380,207.33,26
12928,1,Champions,1.915997067720037,0.15438581374171298,36,12,4304.89,550,358.74083333333334,94
17671,1,Champions,1.081490157934043,-0.6040471945067548,16,5,2009.16,376,401.832,54
12705,1,Champions,3.354669095145062,-0.16739992693119982,16,13,11114.1,534,854.9307692307691,319
15543,0,Hibernating,-1.298078102857952,0.6220541510175462,289,2,242.26,460,121.13,50
15440,0,Hibernating,-0.7228152119567169,-0.6935008974222574,55,3,383.68,209,127.89333333333332,50
12363,0,Hibernating,-0.8293529738797777,-0.3672923482295884,110,2,552.0,243,276.0,23
15500,2,New / Promising,0.46555606844262826,-2.194895109473956,9,4,1131.56,82,282.89,64
16440,1,Champions,2.342600545909595,-0.572688793061115,8,6,3856.97,494,642.8283333333333,202
13573,1,Champions,0.40295821554600814,0.3633178379387201,51,6,903.0700000000002,638,150.51166666666668,72
18219,1,Champions,2.2650109121348287,-0.39180224838751326,3,17,3352.7,733,197.21764705882353,87
18205,2,New / Promising,-0.7864003482367193,-1.8362147243896514,37,2,517.3600000000001,75,258.68000000000006,30
15993,1,Champions,1.7679014047181778,-2.6492392056537146,9,7,2768.9700000000003,45,395.56714285714287,334
15156,2,New / Promising,0.3225818784620702,-3.483873951481623,2,3,961.49,34,320.49666666666667,51
16201,1,Champions,1.5906828176391985,-0.9801792763966941,4,5,2112.12,416,422.424,86
17305,0,Hibernating,-0.16957445612441413,1.0736778816666184,649,1,2135.46,649,2135.46,9
17862,0,Hibernating,0.3133222699262609,0.9021543498141241,324,4,1254.89,564,313.72249999999997,90
16865,0,Hibernating,-2.299878771146496,0.5453136444678912,402,1,130.95,402,130.95,15
17128,0,Hibernating,-2.1717762393100006,0.3029717399404464,335,1,157.09000000000003,335,157.09000000000003,14
13242,0,Hibernating,-0.4652938707293249,0.7152693796829767,113,7,699.4,669,99.91428571428573,19
16663,0,Hibernating,-2.931586376128307,1.2708700819994334,730,1,165.0,730,165.0,1
13027,1,Champions,1.9568134003436906,0.7780753778066488,114,19,17239.2,689,907.3263157894736,7
16298,1,Champions,0.35237401845428473,-0.26659465727796505,23,7,1085.7,443,155.1,32
15908,0,Hibernating,-0.5585696703249252,0.8869091858181727,491,2,758.6200000000001,513,379.31000000000006,37
14522,1,Champions,0.8546306546196827,0.16569460594623753,25,8,1748.42,685,218.5525,34
16593,1,Champions,0.5081740092860771,0.5226723350175121,51,8,1071.14,735,133.8925,57
14083,1,Champions,1.4395468764269104,-0.2659623409246822,5,11,1082.19,722,98.3809090909091,169
15946,0,Hibernating,0.2494222717880307,1.098927276470902,503,3,2304.18,634,768.06,25
13551,0,Hibernating,-2.0761170709216783,0.9572737421625803,320,2,244.2,667,122.1,5
15864,1,Champions,0.6859276581026194,-0.431887378547316,23,7,2180.76,382,311.5371428571429,18
16468,0,Hibernating,-0.12768588189906427,0.15544824205198893,75,3,787.52,482,262.50666666666666,38
16088,0,Hibernating,-0.9138133516886436,1.0167485662297908,576,2,1437.4299999999998,592,718.7149999999999,3
17457,1,Champions,1.5569961569316273,0.8880112399461403,127,14,5984.8099999999995,733,427.4864285714285,30
15431,0,Hibernating,-2.828567292780924,0.7986707433889814,503,1,153.24,503,153.24,2
17955,0,Hibernating,-0.4113793490067612,0.895836743206349,199,6,949.9,666,158.31666666666663,16
17321,1,Champions,1.7211156963011511,-0.3612705776139844,9,6,1665.2100000000005,578,277.535,241
12633,1,Champions,2.2262586158132067,0.23514455885600158,59,7,5156.16,526,736.5942857142857,219
13615,1,Champions,2.1534651192229686,1.1354325911205065,319,8,6272.530000000001,681,784.0662500000001,259
14822,0,Hibernating,-2.332833154772301,0.7763462277022568,486,1,157.70000000000002,486,157.70000000000002,9
14012,0,Hibernating,-1.6433668478952372,0.03588996244804537,278,1,328.79999999999995,278,328.79999999999995,11
18263,1,Champions,0.4957098040805439,-0.8346005030084058,26,3,1213.16,253,404.3866666666666,59
13630,1,Champions,1.2318073024157485,-1.1509719114252197,6,7,2031.78,286,290.2542857142857,51
12808,0,Hibernating,0.057226142347480594,-0.07758317074000388,37,5,748.6999999999999,463,149.73999999999998,45
12518,2,New / Promising,1.394937883021866,-2.5266868319266234,1,5,1840.89,111,368.178,83
14904,1,Champions,1.5698380456329228,-1.0561749407974232,3,4,1630.49,428,407.6225,127
13389,2,New / Promising,0.2265810203190283,-1.1835699942855593,12,3,797.9599999999999,233,265.9866666666666,50
17618,1,Champions,2.5513292261724083,-0.28878480954680713,6,11,4001.64,685,363.78545454545457,202
14272,0,Hibernating,0.2391042012855696,0.36510005288896985,74,4,920.81,583,230.2025,62
17657,0,Hibernating,-2.604212444850731,0.6232990765931159,431,1,126.0,431,126.0,7
16120,1,Champions,1.3335778960682414,0.02058247149832839,60,6,2967.5099999999993,423,494.58499999999987,84
13195,0,Hibernating,-1.8684754329203392,0.6045417695637064,415,1,136.73,415,136.73,43
15336,0,Hibernating,-1.7959511323956694,0.5274101654596807,402,1,240.5,402,240.5,15
17768,1,Champions,2.1220183114384845,-0.1493086968788917,9,7,3292.7299999999996,738,470.38999999999993,134
12463,1,Champions,0.361240148945699,-0.5590575789513691,54,4,1200.7800000000002,242,300.19500000000005,64
13517,1,Champions,1.0071207282974721,-0.828461576035408,60,3,2128.42,180,709.4733333333334,125
15958,0,Hibernating,-0.43047382035717213,0.33521372662173576,75,4,462.12,551,115.53,50
16751,2,New / Promising,0.07489838570007912,-2.8075383455491107,31,1,1764.72,31,1764.72,24
12618,2,New / Promising,-2.3649841156788525,-3.1759839973265183,22,1,137.31,22,137.31,10
15136,2,New / Promising,0.7880563216498327,-2.404340845050528,3,4,1286.6999999999998,97,321.67499999999995,61
17327,0,Hibernating,-2.713612507486177,0.9054851046927643,410,2,152.35,563,76.175,3
13512,0,Hibernating,-0.5112986121494013,0.8467458272907702,261,4,713.39,584,178.3475,31
16872,0,Hibernating,-0.18369032066907423,0.19526067813311337,78,6,1213.13,464,202.18833333333336,12
17045,0,Hibernating,-0.12515827417742215,0.281873475154479,114,5,827.68,430,165.536,44
14483,0,Hibernating,-1.6538257349310186,1.0135831665329462,282,2,257.1,737,128.55,13
14015,2,New / Promising,-0.5461483073822974,-2.113062537909158,53,1,917.34,53,917.34,20
17272,1,Champions,0.9457767695881867,-0.5858493808460044,43,4,2148.63,263,537.1575,70
17183,1,Champions,1.3047070299718289,-1.9896384199713717,8,6,3347.31,106,557.885,42
14108,1,Champions,0.4881735392509994,0.24141193426672164,31,4,1044.96,739,261.24,49
13020,0,Hibernating,-0.69624120719407,1.1749191909779395,563,2,618.96,660,309.48,38
15400,0,Hibernating,0.005507219399941076,0.4782867290677842,93,8,1302.3000000000002,561,162.78750000000002,16
14460,0,Hibernating,0.15738117398039603,0.8140098337941168,111,9,1093.5,725,121.5,33
14751,0,Hibernating,-2.655789131051799,1.3548622083162307,685,2,126.45000000000002,727,63.22500000000001,7
14933,0,Hibernating,-1.0122872190517278,0.7261846173600943,444,4,1770.0,445,442.5,1
13019,0,Hibernating,0.0804377378171363,1.2460521025555016,380,6,1229.95,734,204.99166666666667,46
14758,1,Champions,1.2315979702110902,0.7168522212029762,145,7,2864.97,611,409.28142857142853,91
17239,0,Hibernating,-0.3508998327749636,0.7989029658555086,313,4,1189.4499999999998,527,297.36249999999995,18
17824,2,New / Promising,-1.6390484281445503,-2.1118502716229814,52,1,298.4,52,298.4,13
17911,2,New / Promising,-1.034433802821258,-4.136607073798298,10,1,366.23,10,366.23,39
17736,2,New / Promising,-0.782595383953634,-1.885408158656855,10,3,377.43999999999994,114,125.81333333333332,24
17300,0,Hibernating,-1.066988255746463,0.7615265527240782,391,2,393.64,482,196.82,37
12385,0,Hibernating,0.3656429114331131,0.4241471171103216,380,1,1668.4,380,1668.4,64
13049,0,Hibernating,0.0955249473127677,-0.05595296352541801,65,4,1408.24,402,352.06,19
15494,1,Champions,2.3340267277332867,0.12970025148848913,22,5,3702.6,730,740.5200000000001,307
16880,1,Champions,1.2898480591200598,-0.025992146999339452,31,8,1813.21,494,226.65125,130
18158,2,New / Promising,-0.674905337667481,-2.1640531612396385,10,2,453.4,89,226.7,24
15345,2,New / Promising,-1.2484437797598247,-2.268053969295946,46,1,393.54,46,393.54,20
13689,0,Hibernating,-0.3855424830032037,-0.07498716157211005,64,2,1259.5,445,629.75,6
16516,2,New / Promising,-2.795043650057397,-2.7476127538243573,31,1,101.7,31,101.7,6
16571,1,Champions,2.158247089591634,0.15523784458354148,27,10,4248.74,632,424.874,151
13836,0,Hibernating,-0.8168941990216506,0.616769828512082,400,2,620.37,415,310.185,29
15917,0,Hibernating,-0.1443769121551996,1.104555148208724,248,5,530.1700000000001,738,106.03400000000002,127
17788,2,New / Promising,-1.1012420994814434,-1.1449200904110648,74,2,1112.95,130,556.475,2
18030,2,New / Promising,-1.6490791771160136,-3.0491189506355174,5,2,230.65,43,115.325,8
14750,0,Hibernating,-2.1543857923724907,1.348185698002734,737,1,112.03000000000002,737,112.03000000000002,32
16282,0,Hibernating,-0.03004126023806908,1.0820971171907017,340,3,1307.5800000000002,719,435.86000000000007,31
16246,0,Hibernating,-0.13241147210653526,1.1156688103868224,460,2,821.3499999999999,670,410.6749999999999,79
13478,1,Champions,0.845716570927231,1.2310155145836161,470,5,2215.7799999999997,678,443.1559999999999,114
15979,0,Hibernating,-1.398973278909662,1.0497315517916517,603,1,329.22,603,329.22,22
17842,0,Hibernating,-1.2503991031475097,1.0381437782688774,603,1,430.69000000000005,603,430.69000000000005,18
16614,0,Hibernating,0.042439249162577415,0.6525126306209779,183,3,1179.7900000000002,579,393.2633333333334,37
17699,0,Hibernating,-1.2754607514724638,0.9600604712100793,477,2,442.0,562,221.0,17
12648,0,Hibernating,0.01926992044655692,0.8046422140844828,155,4,1039.0,702,259.75,37
12492,0,Hibernating,-0.3557018349153776,-0.05809160748954806,64,3,607.21,404,202.40333333333336,37
17987,1,Champions,0.3913518134775996,0.7125490242482073,186,5,965.44,551,193.088,139
13671,0,Hibernating,-1.5404860726784644,0.5403551313047227,395,1,172.6,395,172.6,61
17903,0,Hibernating,-1.0082701727337187,0.5108636343000863,395,1,381.09,395,381.09,44
16244,1,Champions,0.47293387699149064,0.26877229161780475,212,2,1522.75,373,761.375,88
18156,1,Champions,0.439374841996618,-0.7688111765746316,13,2,675.64,370,337.82,100
15723,0,Hibernating,0.11339594109166373,0.9780336500159915,365,4,930.7,575,232.675,108
15512,0,Hibernating,-1.0298587491391527,0.8031279082991098,156,4,331.58,677,82.895,29
14886,0,Hibernating,-1.3756586625802636,-0.08011826508183842,253,1,364.7999999999999,253,364.7999999999999,18
16172,1,Champions,0.9041792498540331,0.4303707139435016,96,8,1884.55,514,235.56875,81
17664,1,Champions,0.7729501712893528,-0.09590892975861946,19,4,1166.23,621,291.5575,68
12930,2,New / Promising,-1.1156000548855942,-0.8010186486083094,79,2,415.7999999999999,172,207.9,20
15584,1,Champions,1.197778871556521,0.13153248060168515,24,6,1268.1999999999998,671,211.36666666666665,174
16660,1,Champions,0.7860411224782854,0.005352742695927658,17,7,1879.55,695,268.50714285714287,20
16404,2,New / Promising,-1.1039089089825198,-1.715979206877267,71,1,443.05,71,443.05,23
12719,2,New / Promising,-0.3213259111222126,-2.608608657622347,6,2,572.95,66,286.475,33
16708,2,New / Promising,-0.7098348097831999,-2.277689429937834,46,1,656.6300000000001,46,656.6300000000001,27
16601,0,Hibernating,0.09599000719062616,0.172108249394347,41,3,675.8299999999999,624,225.27666666666664,59
16914,2,New / Promising,-1.794163275218119,-2.517108473850087,37,1,183.76,37,183.76,25
16612,1,Champions,1.7708489220287393,0.3559584506342156,33,9,3245.4300000000003,737,360.60333333333335,105
17573,2,New / Promising,-1.0410630126028853,-1.6570362493135087,30,3,380.6,94,126.86666666666667,24
14664,2,New / Promising,-0.276479791756242,-2.7590264614588564,20,2,636.2399999999999,34,318.11999999999995,78
18210,1,Champions,2.051456541561227,-1.208986024062497,2,7,2768.8299999999995,383,395.5471428571428,116
15712,1,Champions,2.027916995491219,-0.04391119227585578,10,12,3472.4100000000003,739,289.3675,86
12625,1,Champions,1.6928572967380118,0.7596175053817968,212,4,4678.88,597,1169.72,143
15405,0,Hibernating,-0.5364726474228999,0.6258259923600785,190,2,659.8399999999999,577,329.91999999999996,29
13640,0,Hibernating,-1.8245394929088607,1.0336257187030575,612,1,405.0,612,405.0,4
15378,0,Hibernating,-2.04791021177035,0.8500448590411821,463,2,246.5,502,123.25,8
15186,1,Champions,0.6841918282099824,-0.06901530655961748,15,5,1403.2,697,280.64,29
12889,0,Hibernating,-1.216613321912525,0.8727657980391791,382,4,385.46,503,96.365,25
12605,0,Hibernating,-0.0037940677956402025,0.7324656458735122,377,3,1124.95,459,374.98333333333335,62
18031,0,Hibernating,-0.8257653387967105,0.45440497946948905,379,1,451.3,379,451.3,49
15554,0,Hibernating,-1.9003670853096748,0.05238954141129487,278,1,217.2,278,217.2,14
12778,1,Champions,1.0910706500652778,0.002675184315385596,20,9,1541.6799999999998,603,171.29777777777775,76
13835,1,Champions,0.651219541865805,0.13265415000152336,26,7,1095.27,646,156.46714285714285,60
16038,2,New / Promising,-0.4378501825192027,-1.453594514063599,8,3,471.78,202,157.26,24
15925,0,Hibernating,-1.9904899946566383,-0.4067747138026955,195,1,207.15,195,207.15,12
16957,0,Hibernating,-1.3611500780100514,0.06887486511462709,240,2,416.64,282,208.32,15
15132,1,Champions,0.3371203898829493,-0.84526472026363,19,5,977.93,263,195.586,49
17064,0,Hibernating,0.041980521746638626,-0.2813284575657487,59,3,855.45,328,285.15000000000003,53
16846,0,Hibernating,0.15026417559449354,0.2672257463766914,51,3,842.4100000000001,640,280.80333333333334,47
16311,2,New / Promising,-0.5121887570927816,-2.4699496775956336,18,2,616.26,50,308.13,35
17637,2,New / Promising,-0.5626959191734143,-1.497828006077341,32,2,547.06,116,273.53,35
17197,2,New / Promising,-0.31564568283458,-2.8287910155673464,30,1,1013.01,30,1013.01,29
14731,0,Hibernating,-0.8027825217887419,-0.7330390819465785,48,3,380.02,213,126.67333333333332,38
13449,2,New / Promising,-1.5066152292654262,-3.0786687009324516,24,1,291.88,24,291.88,19
15745,1,Champions,0.4457996703758708,-0.9511274319596623,20,4,1094.59,237,273.64750000000004,57
14106,0,Hibernating,-2.713014070692348,1.277211754292625,738,1,214.8,738,214.8,1
12848,0,Hibernating,-1.900386819764373,1.2054418493168124,676,1,208.0,676,208.0,16
15684,0,Hibernating,-2.2580409607053418,1.324951868092859,548,3,173.95,736,57.98333333333333,9
17304,0,Hibernating,-2.8211301557010624,0.9010801008181681,535,1,111.5,535,111.5,5
14674,0,Hibernating,-2.0948799342723676,0.8436303077084883,510,1,173.66,510,173.66,14
16227,0,Hibernating,-0.24023509362328016,0.6629746076187085,226,3,1027.22,536,342.4066666666667,28
13556,0,Hibernating,-2.2301451765213494,0.699620533887723,430,2,200.82,436,100.41,8
16606,0,Hibernating,-1.4900890450618345,0.6695921445761718,405,2,357.65999999999997,435,178.82999999999998,16
15346,0,Hibernating,-0.7255705074644491,0.6380036158338694,333,3,596.12,432,198.70666666666668,36
13157,1,Champions,2.31535348842933,0.38108524310414466,50,9,5687.360000000001,642,631.928888888889,173
13487,0,Hibernating,0.015282762719162334,0.501748685644108,58,5,846.87,735,169.374,31
16436,0,Hibernating,-1.2778719166798729,1.407710013270155,669,3,319.14,734,106.38,37
16610,0,Hibernating,-3.0674411526474676,-0.23336424723690366,220,1,75.66,220,75.66,6
17653,2,New / Promising,0.1623387258238995,-1.3357223363947195,37,4,1207.56,121,301.89,44
15642,0,Hibernating,-2.8088629001380743,1.307880175166886,730,1,105.78000000000004,730,105.78000000000004,6
18080,2,New / Promising,-0.6013449822276574,-1.0959531665315092,19,2,1231.5,243,615.75,2
16079,2,New / Promising,-0.14247540254537663,-2.6520383008268182,17,3,1352.0,41,450.6666666666667,18
17747,2,New / Promising,-3.5958777505202573,-1.113915787004154,113,1,71.4,113,71.4,1
14785,2,New / Promising,-3.324067662148387,-3.6333498239519995,11,2,77.4,16,38.7,2
16802,0,Hibernating,-0.6775985911370634,1.346922427319287,680,2,582.61,731,291.305,48
18153,0,Hibernating,-1.7376349336109944,1.1705483758874875,660,1,246.22,660,246.22,17
15651,1,Champions,0.5963263831862812,0.14034375817887793,37,5,1259.06,597,251.812,52
14650,0,Hibernating,-3.3707753378783494,1.0411900415780109,590,1,62.5,590,62.5,4
16371,0,Hibernating,-2.2628997530821473,0.6774710845149419,449,1,157.20000000000002,449,157.20000000000002,11
14716,0,Hibernating,-0.028264712853459308,-0.0943520026780997,44,3,543.28,445,181.09333333333333,85
14579,0,Hibernating,-2.304389166878682,0.6562612200240827,433,1,105.56,433,105.56,24
16193,0,Hibernating,-0.5887242018733174,0.4100292321532186,237,2,630.43,411,315.215,38
14263,0,Hibernating,-1.528174863240999,0.5887884454567357,424,1,322.92999999999995,424,322.92999999999995,16
12767,0,Hibernating,-0.2562835458335241,0.41967826001069325,376,1,949.82,376,949.82,43
15549,1,Champions,1.3945924606526023,0.6320460896715855,78,8,2330.41,698,291.30125,138
13072,0,Hibernating,-2.3149903737931883,-0.005772795473216014,267,1,177.15,267,177.15,7
16114,0,Hibernating,-2.482795192008939,-0.570721194241809,171,1,135.75,171,135.75,8
16389,1,Champions,0.25695783989344356,-0.4307551199507084,54,4,1382.0699999999997,284,345.5174999999999,33
13868,2,New / Promising,0.9372342603593364,-3.030964439765879,8,2,3192.54,39,1596.27,32
17379,2,New / Promising,-0.755043993585697,-3.9106079380884013,12,1,389.72,12,389.72,71
12953,1,Champions,0.4244674923652056,-0.5698081796208845,10,2,828.81,523,414.405,45
15246,0,Hibernating,-0.29287431727793517,0.7347218789057793,239,3,780.4000000000001,556,260.1333333333334,45
14636,0,Hibernating,-0.43119924802465204,-0.6913945270170692,37,2,609.8499999999999,269,304.92499999999995,27
13887,0,Hibernating,-1.3879750327628972,-0.3494603084135672,205,1,349.55,205,349.55,19
14383,2,New / Promising,0.27386795053550705,-1.0782348893418636,39,3,1247.69,164,415.8966666666667,49
15678,1,Champions,0.9349064166699517,0.0852492592222585,53,3,1825.94,523,608.6466666666666,77
13594,0,Hibernating,-0.44701595232544394,-0.012657558889450854,53,2,533.32,486,266.66,31
15814,1,Champions,1.5690122374772684,-0.1269459027277655,17,6,2634.4400000000005,604,439.07333333333344,83
17007,1,Champions,0.4663615473994509,0.03498927198203621,51,7,1120.1,438,160.0142857142857,63
15449,1,Champions,0.22521003882842497,-0.7866581407219082,27,3,974.52,262,324.84,47
15435,2,New / Promising,-1.9034781584091103,-3.104087644877567,23,1,149.29,23,149.29,29
14052,1,Champions,0.10852341460491695,-0.5478551527074614,20,2,466.66,391,233.33,115
18212,0,Hibernating,-0.706611051307375,0.995333707980642,327,2,514.37,678,257.185,40
14115,0,Hibernating,-0.8708919655204294,1.1297897462367736,502,2,622.6700000000001,667,311.33500000000004,22
17024,0,Hibernating,-2.9937601759217696,-1.0284119166158374,46,3,95.85,158,31.95,2
17830,2,New / Promising,-0.37217288989839964,-1.5563395487986684,2,3,398.7000000000001,289,132.9,18
13058,2,New / Promising,-1.7444687321393975,-1.309796138438215,25,3,271.4,152,90.46666666666664,5
15071,1,Champions,0.4053158979684942,0.41676671308092594,94,4,1455.56,571,363.89,41
14228,0,Hibernating,-0.5308580256106901,0.9525139494362946,438,3,745.5,547,248.5,38
15208,1,Champions,0.6279160919892566,-1.1348753892824548,2,6,970.52,424,161.75333333333333,27
18188,1,Champions,1.8230676552769558,-0.12350923719690556,16,6,3280.59,624,546.765,95
17224,0,Hibernating,-2.744246080442051,0.82938051148613,502,1,100.86,502,100.86,8
12845,0,Hibernating,-1.3061066751102752,0.24296297180554643,268,4,354.09,291,88.5225,26
15893,0,Hibernating,-2.414802150374667,0.7154203369121476,482,1,305.28000000000003,482,305.28000000000003,1
16953,2,New / Promising,-4.57776547604951,-2.725646630313966,31,1,20.8,31,20.8,1
12789,0,Hibernating,-1.868095828545316,0.43444790080891815,66,3,225.35,694,75.11666666666667,4
16834,0,Hibernating,-0.13694149383888296,0.8367313980473959,228,2,898.96,675,449.48,43
17575,0,Hibernating,-2.467083594205858,1.175776555873857,668,1,171.7,668,171.7,5
17626,0,Hibernating,-1.6892962073580151,1.053736860465114,603,1,254.0,603,254.0,18
14902,1,Champions,0.4672699857127301,-0.12260626188495537,26,3,1035.62,554,345.20666666666665,51
16788,1,Champions,1.4510102933112003,0.7319558973748105,124,5,1927.28,671,385.456,347
12864,0,Hibernating,-1.7803315465926877,0.384019812472714,139,2,299.56999999999994,509,149.78499999999997,5
13677,0,Hibernating,-0.4040668617526893,0.8540771226298891,405,2,551.24,521,275.62,98
18050,0,Hibernating,-1.248596154782975,0.5358935671779331,360,2,412.06000000000006,394,206.03000000000003,22
14089,2,New / Promising,-2.1640888459729077,-1.9763540829113242,57,1,158.75,57,158.75,13
14638,2,New / Promising,-1.2330965656239765,-2.1445491298926034,51,1,443.6,51,443.6,16
17832,2,New / Promising,-1.5973014896309492,-2.1140476378220416,50,1,155.37,50,155.37,61
16438,2,New / Promising,0.3234577539904557,-2.2793495077219528,6,5,798.35,83,159.67000000000002,74
14969,0,Hibernating,-0.7530909697500563,1.2107946555450038,704,1,906.23,704,906.23,13
13543,0,Hibernating,-0.021677121749613587,1.2338261395070738,635,2,1439.61,688,719.8050000000001,37
16666,0,Hibernating,-0.8182136619198759,-0.12358632366172878,20,2,217.71,622,108.855,42
17928,0,Hibernating,-0.8973501444213151,0.1441338795026009,46,3,313.15999999999997,572,104.38666666666666,26
14693,0,Hibernating,0.03301909136754574,0.8262268620897479,265,7,1165.36,526,166.48,43
13312,0,Hibernating,-2.7258140267204922,0.6796393605664414,452,1,124.75,452,124.75,5
13300,0,Hibernating,0.19467948084251818,0.6184833638214255,170,3,1285.5100000000002,575,428.5033333333334,44
14753,0,Hibernating,-0.018254397803448896,0.12593748429310933,88,2,869.51,461,434.755,45
15762,2,New / Promising,-0.7223571535153495,-1.5805790987285622,66,2,583.75,78,291.875,37
14158,2,New / Promising,-0.7635418113413747,-2.4081715385705085,41,1,507.66,41,507.66,41
17964,0,Hibernating,-0.12776762094994495,-0.4208352116037427,32,2,463.21,373,231.605,84
18191,0,Hibernating,-1.0739730651099426,0.573800690877019,262,2,529.4,478,264.7,15
13306,0,Hibernating,-3.4912684764309487,0.6392932866946882,431,1,53.65,431,53.65,4
14028,1,Champions,0.7236145131780781,0.9266368245351794,551,3,10396.5,551,3465.5,3
15389,0,Hibernating,-0.18836829632018545,0.7739286682118937,173,5,2733.8,682,546.76,2
18270,0,Hibernating,-0.7870213992600609,-0.18885578755643112,39,3,444.55,433,148.18333333333334,17
16576,0,Hibernating,-0.8581167274737348,0.8503832881663095,421,2,540.87,522,270.435,32
15968,0,Hibernating,-0.7910218638836253,0.4979481840915473,389,1,401.7999999999999,389,401.7999999999999,69
12398,2,New / Promising,0.37648480355414493,-2.279613593540689,46,1,1435.66,46,1435.66,84
14503,1,Champions,1.9683348500699938,-1.72834258832075,4,6,3543.26,179,590.5433333333334,113
16941,0,Hibernating,-4.092145170709841,1.0973198549509282,612,1,33.0,612,33.0,2
13383,0,Hibernating,-2.4165893247717847,0.8720097420161086,544,1,305.28000000000003,544,305.28000000000003,1
15439,0,Hibernating,0.06964269834161142,1.1110327239587707,405,4,1269.0499999999995,654,317.26249999999993,49
14768,2,New / Promising,-2.061226717962075,-1.6305214851815324,18,2,192.6,128,96.3,4
15753,0,Hibernating,-3.5251873897603723,0.16330026895685168,305,1,79.2,305,79.2,1
17178,0,Hibernating,-1.0447576599547972,1.298935909503806,732,1,432.96,732,432.96,31
18285,0,Hibernating,-1.542430028026947,1.1521827170797585,661,1,377.0,661,377.0,11
17916,0,Hibernating,-3.227819735416064,1.3738467352159693,629,2,43.870000000000005,734,21.935,15
16741,0,Hibernating,-2.188156510537401,1.1047224694027604,626,1,173.06,626,173.06,11
18089,0,Hibernating,-1.5016570753028131,0.638631739922612,447,1,428.45,447,428.45,9
16203,1,Champions,0.2639158069745113,0.20084466146344213,59,6,943.84,505,157.3066666666667,56
14059,0,Hibernating,-2.239217035580204,-0.00457529271806872,267,1,183.59999999999997,267,183.59999999999997,8
13132,0,Hibernating,-3.271507235486305,-0.019088616493607227,262,1,77.3,262,77.3,3
17252,0,Hibernating,-0.7726420620271192,-0.5422988887274117,117,2,348.90999999999997,187,174.45499999999998,86
13801,2,New / Promising,-1.3612215048778429,-1.7809190497636211,67,1,324.8,67,324.8,23
12552,2,New / Promising,-1.4431849082063095,-2.4397586248506866,40,1,317.82,40,317.82,19
14150,0,Hibernating,-0.36253943741607736,-0.4431011715543741,36,2,658.64,360,329.32,23
15948,1,Champions,1.0251379981601327,-0.755600816694822,9,3,1509.09,425,503.03,63
12860,0,Hibernating,-3.0104388439593692,1.2788894009770047,694,1,54.22,694,54.22,16
15928,0,Hibernating,-1.7503598797825703,1.1517149968523546,657,1,293.53,657,293.53,11
17477,0,Hibernating,-0.15113307209195473,1.1758447347619794,613,2,1144.3,648,572.15,44
13612,0,Hibernating,-0.3302902578249158,1.100887835200039,633,1,818.29,633,818.29,50
15650,0,Hibernating,-0.8356356436986744,1.1026393685778484,522,2,553.8800000000001,629,276.94000000000005,33
12911,1,Champions,0.83097330506971,0.9308919178494318,552,1,1651.7200000000005,552,1651.7200000000005,220
15471,1,Champions,1.4047377570117836,-0.8588223429456379,3,3,1292.0100000000002,551,430.6700000000001,122
13479,0,Hibernating,-0.2061574025687252,0.565930350330578,201,4,851.37,478,212.8425,45
14968,0,Hibernating,-0.02886032230918949,-0.24731733275391596,31,2,497.49,459,248.745,82
16579,0,Hibernating,-1.652289034453347,0.5951495474832842,426,1,295.05,426,295.05,14
15589,0,Hibernating,-1.0129494790040006,0.2403462786291684,256,3,478.5300000000001,311,159.51000000000002,28
12945,0,Hibernating,-0.1589195295656321,0.9055086871891198,289,2,900.1099999999999,657,450.0549999999999,47
14747,0,Hibernating,-1.4633726661683466,-0.09240106936049278,250,1,328.2,250,328.2,18
17278,0,Hibernating,-1.5314394877441457,0.7182175910788696,242,2,271.24,566,135.62,17
12545,0,Hibernating,-0.17488948861677106,-0.4494881290733273,76,2,832.39,260,416.195,41
13876,2,New / Promising,-2.598133475567698,-1.8317333336170825,64,1,122.7,64,122.7,7
15163,2,New / Promising,-0.908283285319362,-1.2190858399913955,19,2,304.47,193,152.235,29
15315,2,New / Promising,-0.6775756459797726,-1.222275837940704,65,2,570.5,117,285.25,35
18152,0,Hibernating,-1.4732205243399605,1.1191470300389907,647,1,426.69000000000005,647,426.69000000000005,10
16251,0,Hibernating,-2.2138425344115737,0.8665549787319377,513,1,128.31,513,128.31,20
15565,2,New / Promising,-2.2578975245542514,-1.7551286223903304,51,2,173.16,71,86.58,8
16789,2,New / Promising,-3.027890630569734,-4.251961868649556,9,1,80.8,9,80.8,5
14353,0,Hibernating,-1.2737308298500967,0.4713420111054884,216,3,376.49999999999994,432,125.5,18
15045,0,Hibernating,-0.9198837196848503,-0.21024414740623276,152,2,735.66,258,367.83,11
13099,2,New / Promising,-2.712813040485602,-1.3022153275408657,100,1,207.36,100,207.36,1
17151,0,Hibernating,-2.2905900453072534,1.2889503436923582,736,1,231.9,736,231.9,4
17035,0,Hibernating,-0.6014928337499513,1.0381036539463984,246,4,613.59,737,153.3975,29
14641,2,New / Promising,-2.6696258888763413,-3.1756770719489364,22,1,110.46,22,110.46,7
17246,0,Hibernating,-3.615930849679482,1.3133857207441866,547,2,38.92,739,19.46,6
17008,0,Hibernating,-3.5080993908188383,0.6066287814153556,430,1,81.36,430,81.36,1
14500,0,Hibernating,-1.6836003632646546,-0.6313160029424543,89,3,356.85,190,118.95,6
17294,0,Hibernating,-1.2667095483505106,1.2494623683128716,670,2,467.79,670,233.895,17
15455,0,Hibernating,-3.9720913732309335,1.0631109310424633,598,1,38.25,598,38.25,2
12672,0,Hibernating,-1.1730402042307104,0.8769383241696419,330,2,407.0499999999999,596,203.525,21
13595,0,Hibernating,-0.06704341590000525,1.1881797439069288,517,3,784.48,647,261.49333333333334,114
15310,0,Hibernating,0.20980223122399216,0.7176423954775032,479,1,1634.64,479,1634.64,45
14187,0,Hibernating,-2.5760693616905246,0.7491723577978796,474,1,123.5,474,123.5,8
12914,0,Hibernating,-2.039036416858222,0.5173053975505661,401,1,223.98,401,223.98,9
14627,0,Hibernating,-1.0049948380004308,0.44730978912231234,380,1,462.75,380,462.75,29
14124,2,New / Promising,-1.7660611606008143,-1.5139668052588944,85,1,419.58,85,419.58,4
14830,2,New / Promising,-1.6218112593648562,-2.0306220166221958,54,1,188.03,54,188.03,38
17684,2,New / Promising,-1.7672806599899678,-2.314960891513309,44,1,239.40999999999997,44,239.40999999999997,15
15558,0,Hibernating,-1.7860391344195117,1.1419471304403976,640,1,202.68,640,202.68,23
12866,0,Hibernating,0.019690502296189145,0.7051174485540981,284,3,1092.35,503,364.1166666666666,57
14269,0,Hibernating,-1.6018413394715831,0.6393030403953681,440,1,295.73,440,295.73,16
17981,0,Hibernating,-1.754933248486991,0.5584685971340444,411,1,239.12,411,239.12,17
14670,0,Hibernating,-0.025675771627552624,1.0803783338578161,281,3,583.33,733,194.44333333333336,159
15185,2,New / Promising,-1.4332389759552164,-1.7071521998915662,71,1,310.62,71,310.62,21
14518,2,New / Promising,-2.012197575455151,-1.8078706669591988,65,1,174.37000000000003,65,174.37000000000003,16
15883,2,New / Promising,-0.5453243761303863,-3.40039418804052,3,2,396.48,34,198.24,42
14140,2,New / Promising,0.24428602225201684,-3.3858338482638106,4,2,935.05,32,467.525,60
17247,2,New / Promising,-1.1462179794934602,-3.558520180425761,16,1,280.09,16,280.09,53
12596,0,Hibernating,-0.8211019715812343,-0.6474622222134936,52,2,450.27,243,225.135,24
15749,1,Champions,2.177542401683858,0.1067117145620735,236,3,44534.3,333,14844.766666666668,5
14354,2,New / Promising,-1.9904068759187215,-3.2665466770708917,6,2,163.62,31,81.81,9
14155,0,Hibernating,-2.6984421033417196,0.0034408011339247873,267,1,118.75,267,118.75,6
15868,0,Hibernating,-3.030140446261563,1.015862633395169,584,1,94.53,584,94.53,4
13323,2,New / Promising,-0.5378827495499894,-2.433516167867714,4,5,787.85,85,157.57,6
14835,0,Hibernating,-2.469170868124194,1.055977223185544,529,2,297.0,618,148.5,1
13781,0,Hibernating,-0.1681015789590663,0.9947770077609593,251,3,778.83,722,259.61,56
14611,0,Hibernating,-0.694239762798899,0.9951816724129224,444,2,604.3299999999999,599,302.16499999999996,37
14240,1,Champions,0.49106569706650044,-0.30652048018835903,31,3,1247.49,424,415.83,46
15174,0,Hibernating,-0.9226426863396164,0.5356423119312367,323,2,481.46,411,240.73,34
14807,0,Hibernating,-0.8006031847125579,1.0254077315349899,391,2,504.14,650,252.07,37
13945,0,Hibernating,-0.3184886503847246,0.7441163566025596,395,2,854.15,480,427.075,49
16975,0,Hibernating,-0.30316238583970667,0.8656362844886488,424,3,926.12,506,308.70666666666665,44
17648,1,Champions,1.1745667772943962,-0.06680631468975781,61,5,2216.37,386,443.274,114
14629,2,New / Promising,0.6109528001088549,-2.941538858314092,5,2,955.26,48,477.63000000000005,133
16061,0,Hibernating,-3.156782937055359,0.6230375268994064,432,1,89.65,432,89.65,3
14707,0,Hibernating,-3.067924507266269,0.9409434766947525,436,2,139.2,577,69.6,1
17206,2,New / Promising,-2.1735411991622637,-2.0633328822815358,54,1,204.24,54,204.24,7
15603,0,Hibernating,-2.686692446757853,0.4191014702741095,79,2,88.48,649,44.24,4
13245,0,Hibernating,0.17641216177158292,-0.14411420168443217,51,2,989.22,433,494.61,43
16635,0,Hibernating,-1.0438184578740626,0.5327028963068962,407,1,473.0000000000001,407,473.0000000000001,25
13903,0,Hibernating,-2.2529220492500937,0.5280517436769636,401,1,165.45,401,165.45,10
12461,2,New / Promising,-0.6788029831649227,-0.7165104883990372,155,1,626.8800000000001,155,626.8800000000001,34
15175,2,New / Promising,-1.6703751022503768,-1.6779766805616947,72,1,224.14,72,224.14,23
12445,0,Hibernating,-0.6954726579094075,-0.45302017565153613,23,2,378.98,421,189.49,23
14131,0,Hibernating,-1.6860102196362454,1.1779488329442644,649,1,168.22,649,168.22,45
16537,0,Hibernating,-4.992978540227047,1.1912507592015595,642,1,10.55,642,10.55,2
15280,0,Hibernating,-0.7523437802416889,0.6566307116883746,173,3,397.52,572,132.50666666666666,48
15261,1,Champions,0.589078721087321,0.32533153427267314,136,4,1508.0,435,377.0,87
12847,1,Champions,1.0535376343330733,-0.5421777040221164,23,2,1609.0,388,804.5,100
12718,2,New / Promising,-1.8471315145230742,-1.679411602222013,72,1,202.25,72,202.25,18
16165,0,Hibernating,-3.525414299395821,0.8177303615193747,506,1,79.9,506,79.9,1
14791,0,Hibernating,-1.521047338724192,1.0580081863888258,607,1,303.63000000000005,607,303.63000000000005,19
14084,0,Hibernating,-2.4597206937810285,0.8434204823943057,513,1,150.5,513,150.5,7
15390,0,Hibernating,0.11698016852773362,0.6012493193076784,397,2,1216.66,410,608.3299999999999,77
13667,0,Hibernating,-0.9557926070160281,-0.7203755512752411,150,1,299.05,150,299.05,82
14076,2,New / Promising,-1.968558979696664,-0.8895019441711549,130,1,118.67,130,118.67,43
13061,2,New / Promising,-1.8900580138806058,-1.6783011669239158,73,1,248.61,73,248.61,10
16106,2,New / Promising,-2.75344247182166,-1.7913471464756296,66,1,108.38,66,108.38,6
16056,2,New / Promising,-0.37566692097024673,-2.260749387058889,46,1,650.75,46,650.75,66
12544,2,New / Promising,-1.465080186600025,-2.5391580624299324,37,1,316.7,37,316.7,18
16195,0,Hibernating,-1.5352551803479262,1.281251156163735,724,1,323.25000000000006,724,323.25000000000006,16
13036,0,Hibernating,-1.9244881692576417,1.1941129910107124,685,1,307.1,685,307.1,6
18046,0,Hibernating,-1.7953499651085931,1.1662309801196402,650,1,189.63,650,189.63,26
17599,0,Hibernating,-3.6049499466104615,0.7698154387053077,478,1,52.05,478,52.05,3
14787,0,Hibernating,-2.4667945169812624,0.7566904526235587,472,1,110.65,472,110.65,14
14838,0,Hibernating,-0.20134213603652817,1.1699236085695446,424,2,769.92,737,384.96,69
16785,0,Hibernating,-0.8159109528241105,0.5448474042716669,410,1,533.78,410,533.78,35
14417,0,Hibernating,-0.40289258777669984,0.4948440749803433,388,1,524.65,388,524.65,106
16517,0,Hibernating,-2.0685583669231367,0.06438585530068963,278,1,162.70000000000002,278,162.70000000000002,17
16457,0,Hibernating,-2.09010566225038,-0.26218626960946195,219,1,208.36,219,208.36,9
15746,2,New / Promising,-1.7130764954671822,-0.8637980223877131,135,1,196.88,135,196.88,28
16826,2,New / Promising,-1.3320376587275518,-2.106363795379556,52,1,341.70000000000005,52,341.70000000000005,22
16277,0,Hibernating,-1.8473894603169285,1.3214830834418512,734,1,188.69,734,188.69,23
15575,0,Hibernating,-4.054010965806428,1.122270302675981,620,1,30.1,620,30.1,3
16420,0,Hibernating,-3.415147102872114,0.5134758344121093,397,1,75.0,397,75.0,2
13682,0,Hibernating,-3.4816328307427264,-0.43985570124693696,188,1,59.5,188,59.5,3
12439,0,Hibernating,0.020378726815366864,1.3293345078198218,683,2,1142.88,726,571.44,69
14207,0,Hibernating,-2.808903713831637,1.2032095513672483,688,1,157.8,688,157.8,2
13757,0,Hibernating,-2.200614142129459,1.1931900723165134,675,1,195.54999999999995,675,195.54999999999995,8
16346,0,Hibernating,-1.85246429520967,0.4769115221495025,386,1,224.50999999999996,386,224.50999999999996,15
17654,0,Hibernating,-2.241607308513413,0.07862863603214017,278,1,117.54999999999998,278,117.54999999999998,22
17795,0,Hibernating,-1.0769724092550261,-0.0734721691491403,180,2,342.8299999999999,265,171.41499999999996,43
15517,0,Hibernating,-1.4819347534233716,-0.16430550087915005,234,1,267.03,234,267.03,27
16181,2,New / Promising,-1.6849013725169055,-1.6653193095497567,74,1,305.5400000000001,74,305.5400000000001,11
18104,2,New / Promising,-0.46149831553894133,-2.517399300736928,38,1,754.6400000000001,38,754.6400000000001,38
14879,0,Hibernating,-1.802113697368677,1.2355451127081336,685,1,185.06,685,185.06,27
12954,0,Hibernating,-2.274966697666526,1.1315308468635026,639,1,162.45,639,162.45,10
13961,0,Hibernating,-1.0382844613023188,0.4785880752313176,393,1,538.4,393,538.4,19
17701,0,Hibernating,-1.1550886105462577,-0.07889187756858097,253,1,417.95,253,417.95,24
17630,0,Hibernating,-0.9926259260585847,-0.23408467773746547,170,2,503.6,233,251.8,24
18238,0,Hibernating,-1.7260009807098478,0.8456542781509333,516,1,270.91999999999996,516,270.91999999999996,14
17945,0,Hibernating,-0.9824823960817403,1.383754046904871,697,3,359.5,697,119.83333333333331,65
18199,0,Hibernating,-1.3981447060547565,1.2098020786626928,684,1,344.75,684,344.75,20
13701,0,Hibernating,-2.314439771259918,0.667508183317097,447,1,161.0,447,161.0,9
14192,0,Hibernating,-1.65464501319387,0.4777605107290923,389,1,293.74,389,293.74,14
17711,2,New / Promising,-0.6230758744450305,-1.0610099260292647,11,2,385.1,290,192.55,22
18049,0,Hibernating,-0.5495506712020233,0.9979710551010355,438,2,500.5,591,250.25,81
18267,0,Hibernating,-1.663296259662606,1.1931499961050105,673,1,269.37,673,269.37,17
16543,0,Hibernating,-1.5726182592067899,1.0257699357792274,592,1,292.21,592,292.21,18
14919,0,Hibernating,-1.5189457911375577,0.8948309245535434,540,1,359.35,540,359.35,13
18054,0,Hibernating,-2.164965316710181,0.5017475750812003,393,1,176.50000000000003,393,176.50000000000003,11
15165,0,Hibernating,-0.9880028156822098,0.42385467862435267,374,1,487.75,374,487.75,27
12886,1,Champions,0.4673181852790015,-0.6467586697169804,68,2,1378.4,220,689.2,75
18000,0,Hibernating,-2.6720676273426394,0.9714589268737455,565,1,124.25,565,124.25,6
18200,2,New / Promising,-1.9198764221154048,-1.1541073625141094,107,1,150.35,107,150.35,29
17658,2,New / Promising,-0.5977537118122831,-1.0472051319730793,26,2,595.4200000000001,212,297.71000000000004,17
17186,2,New / Promising,-3.012108518477665,-1.9454212644866515,47,2,144.0,61,72.0,1
15680,1,Champions,2.3598966243175306,-0.0647150914654429,10,10,4028.690000000001,738,402.869,155
16168,1,Champions,3.316721791170394,0.21694472242499171,11,66,10360.670000000002,737,156.9798484848485,131
18181,1,Champions,1.054152026369433,0.2031618528356977,25,5,1188.34,736,237.66800000000003,139
17406,1,Champions,1.6735495163972485,1.2932941658153594,334,13,4186.95,734,322.0730769230769,155
16773,0,Hibernating,-0.3791057832538616,0.46316793144670015,58,3,421.24,734,140.41333333333333,53
15523,1,Champions,2.8397633579662247,0.742554369628127,85,16,17259.190000000002,738,1078.699375,65
17961,1,Champions,2.6908042585492677,0.5963005653923605,22,100,2866.7400000000007,739,28.667400000000008,486
15808,1,Champions,3.2445100647436997,1.3111163893781306,307,21,17180.25,739,818.1071428571429,348
18242,1,Champions,1.6944168366073302,0.5900189570380476,73,8,3605.210000000001,698,450.65125000000006,113
17213,1,Champions,2.1821623293592234,0.46830177278314616,41,13,4869.400000000001,725,374.5692307692308,130
17841,1,Champions,6.458647503198381,-0.14621113288654586,2,211,68508.15,738,324.6831753554502,2114
13313,1,Champions,1.9279622175699518,0.26169770669478953,23,12,3445.3199999999993,738,287.10999999999996,105
14628,1,Champions,0.8985093055133853,0.6017400290501141,92,5,1998.0,684,399.6,65
14099,1,Champions,2.8501652820918055,0.21814238338788058,17,20,5750.91,730,287.5455,273
13553,0,Hibernating,-0.5373331554412457,1.2086345655523445,675,1,499.6,675,499.6,85
14399,1,Champions,0.8945403591207499,1.2275038083001764,395,8,2108.21,675,263.52625,119
13293,0,Hibernating,0.06843053454911975,1.1777902705651218,393,6,1192.94,669,198.82333333333335,51
15260,1,Champions,2.703648810970986,0.9098202107729834,101,25,8767.730000000001,734,350.70920000000007,186
13276,1,Champions,1.3720556493146632,0.43035387555487936,64,5,1891.91,643,378.38199999999995,209
15847,0,Hibernating,0.13590208892937777,0.2332860498527145,39,5,822.57,642,164.514,39
14249,1,Champions,1.8670403143173429,1.2876560729895046,411,12,5400.46,680,450.03833333333336,177
14400,1,Champions,0.6735655602880798,0.6560970034749679,150,3,1732.47,632,577.49,71
18189,1,Champions,0.6792836563509818,0.4042045162939599,78,3,1403.73,626,467.91,79
12971,1,Champions,3.840799764187397,-0.06940209709748307,4,116,15704.6,725,135.38448275862066,102
14844,1,Champions,2.36322244395827,0.43294526148518286,64,10,6702.43,607,670.243,158
16231,0,Hibernating,0.058626743033905686,1.0165045490427782,380,4,1074.47,598,268.6175,69
15696,1,Champions,2.1096614188898415,0.35702174440560885,34,13,3881.2199999999993,685,298.5553846153846,163
17888,1,Champions,1.6165323059941898,0.3543503097051257,22,25,1807.4400000000005,719,72.29760000000002,145
12835,1,Champions,2.029201748001591,1.550569646465471,428,41,5996.83,737,146.2641463414634,138
14031,1,Champions,4.718483754094311,0.019533750754204455,8,44,39019.51,737,886.8070454545455,280
13001,1,Champions,4.389027757316877,-0.16543655809522345,5,33,24042.65,737,728.5651515151515,300
14092,1,Champions,3.027991807959908,-0.04721093218042191,8,24,7229.450000000001,724,301.2270833333334,169
18177,1,Champions,1.2770465427497986,0.33193761113356784,32,9,2216.32,725,246.2577777777778,66
15812,1,Champions,1.863583843633102,0.8172931546343359,108,12,5201.47,725,433.4558333333334,87
16202,1,Champions,1.0376669222966044,1.2829748480680407,361,9,2501.99,738,277.9988888888889,105
14687,0,Hibernating,0.26064420873033717,0.395725582528401,107,3,1402.06,552,467.3533333333333,34
17040,0,Hibernating,-1.0166334724945234,0.4590634213885604,138,2,463.24999999999994,551,231.62499999999997,15
13446,1,Champions,1.392729467481272,1.2730643352367175,431,11,3881.89,664,352.8990909090909,113
18109,1,Champions,3.5720520272627234,-0.6977597634249018,2,38,9555.71,527,251.46605263157895,203
15542,0,Hibernating,0.27506110043766585,1.3137657407924936,513,3,855.71,738,285.2366666666667,212
16128,1,Champions,2.127944389082336,-0.168698931646652,18,11,3801.05,512,345.55,155
13705,1,Champions,1.224875232084887,-0.33859593461838544,8,7,1717.19,625,245.31285714285715,55
15015,1,Champions,1.105150209664521,1.4584117533394727,502,13,2344.47,726,180.34384615384613,157
13552,1,Champions,2.5056500888991478,0.6398785647230845,67,22,6948.919999999999,659,315.85999999999996,162
16883,1,Champions,1.3390643928269956,1.1479892350950172,188,19,2246.0600000000004,736,118.21368421052634,159
18145,1,Champions,2.777696653217852,0.0345663730540862,13,11,5609.739999999999,732,509.97636363636354,250
13032,1,Champions,1.586865963140202,0.12060231755014056,53,9,2815.96,461,312.88444444444445,147
17713,0,Hibernating,0.042725781103809736,0.9345495569383366,383,4,1198.09,549,299.5225,55
15394,1,Champions,2.5214437042693283,-0.07858566098632012,10,11,5286.799999999999,725,480.61818181818177,129
13381,1,Champions,2.7318611427462973,0.36814151163622016,32,12,8224.369999999999,739,685.3641666666666,154
12964,0,Hibernating,-2.0881363264440673,0.6659660995490231,438,1,132.24,438,132.24,26
13962,0,Hibernating,-0.7205650836766007,-0.38595986647972086,22,3,362.7999999999999,436,120.93333333333332,23
14769,1,Champions,4.418412737978546,-0.40518296963015416,3,17,15512.459999999995,724,912.4976470588234,833
16843,1,Champions,3.8101423964932235,0.6152468849398574,43,35,19571.429999999997,730,559.1837142857142,317
14180,1,Champions,2.6973773650246824,-0.13981309954623916,11,33,6117.5,549,185.37878787878788,125
16724,0,Hibernating,-2.1561969694850096,0.5537109733480342,405,1,147.35,405,147.35,17
14152,1,Champions,1.1386642943022003,0.551625575920005,76,7,1997.3399999999997,660,285.33428571428567,104
15628,1,Champions,2.7341493959253858,-0.24705430789217867,5,17,5333.08,727,313.7105882352941,136
15001,0,Hibernating,-1.6257000094008374,0.6081196844197199,395,2,197.11,395,98.555,43
16395,1,Champions,2.2902402926740066,0.6731429336672886,61,14,3517.56,734,251.25428571428571,415
15842,0,Hibernating,-0.9379577818475121,0.829345753398191,394,2,548.8,528,274.4,24
17759,1,Champions,1.0442997469865736,-0.13407905109169704,18,5,1260.63,584,252.126,113
17243,1,Champions,4.573428440353595,-0.31244931457232833,2,69,20184.68,739,292.53159420289853,358
13047,1,Champions,2.78576179814873,0.6673267009713143,57,23,8423.58,724,366.24260869565217,189
14810,1,Champions,1.4560520338341025,0.015233376318897858,41,13,2354.03,430,181.0792307692308,125
13324,1,Champions,2.338871042529322,0.20256456294507302,37,18,10513.47,564,584.0816666666667,36
16899,1,Champions,1.3695051076489315,-0.717056660127679,8,8,1695.77,398,211.97125,101
16556,1,Champions,2.825403193487034,0.7045047476251852,67,17,8012.580000000001,733,471.3282352941177,280
15563,1,Champions,1.8836166615365604,0.10600001938537702,23,6,2820.46,681,470.07666666666665,178
15044,1,Champions,3.8081970222529304,0.31509637857077494,20,32,15769.01,724,492.7815625,343
13680,1,Champions,3.853084717040511,-0.5601953998864985,2,12,11419.67,736,951.6391666666668,354
12359,1,Champions,2.9134346085854816,0.5731331071037609,58,10,8873.39,735,887.3389999999999,305
15447,0,Hibernating,-0.8963213728312637,1.0399996805382292,331,5,492.88000000000005,626,98.576,27
13008,0,Hibernating,-0.6494048625352363,1.0920850243150015,324,3,612.1299999999999,724,204.0433333333333,31
14662,1,Champions,1.3098395548567505,0.3090942566109392,29,7,1376.4299999999998,737,196.63285714285712,199
13330,1,Champions,1.2595796157767798,0.5857340401488191,93,6,2796.1000000000004,655,466.0166666666667,80
14443,1,Champions,1.1625552803404218,-0.12485925919775177,54,5,2082.97,380,416.59399999999994,119
17567,1,Champions,2.3666769633222744,-0.6316331668462507,8,9,4838.08,442,537.5644444444445,128
17090,1,Champions,1.8145757346477427,-0.6109464950113155,5,13,3080.18,509,236.93692307692305,54
12431,1,Champions,3.1360099279497735,0.46627220871356195,36,25,10102.22,694,404.0888000000001,243
17191,1,Champions,2.458531736685267,0.3933747090512907,29,15,4310.339999999999,739,287.35599999999994,269
16923,1,Champions,3.821871661772942,0.10785374342055898,13,32,13157.13,678,411.1603125,431
12637,1,Champions,2.7461785511493955,0.3893962062338011,68,12,8085.81,544,673.8175,294
16520,1,Champions,1.330981106657148,0.8745065579030473,187,6,2148.38,648,358.06333333333333,251
17054,1,Champions,0.6096379950472286,-0.7529431544406472,29,5,1356.33,246,271.26599999999996,64
17179,1,Champions,0.5476091156346795,0.7176293704995067,179,6,1507.26,563,251.21,75
14740,1,Champions,1.7821361171089354,0.9630701887001116,198,11,4161.0599999999995,653,378.2781818181818,173
12502,1,Champions,1.2361608310353607,-0.10287266210282607,96,5,2995.87,310,599.174,101
13520,1,Champions,1.9895526043996887,0.5674975866822438,59,11,5446.0,723,495.09090909090907,80
14340,0,Hibernating,-2.591275263601135,-0.25615931318930707,219,1,134.7,219,134.7,6
16316,1,Champions,2.2967510066029626,0.2984535486022468,65,13,5744.910000000001,494,441.9161538461539,193
17422,1,Champions,2.0868987168901354,-0.14894955909429203,17,11,3594.76,535,326.79636363636365,149
14078,1,Champions,0.8841110243692734,0.6541731467799409,102,9,1551.82,622,172.42444444444445,106
16690,0,Hibernating,-1.223227378491168,0.1270239797469561,73,4,353.03000000000003,452,88.25750000000001,12
17750,1,Champions,1.2526256316799342,-1.5946709725452541,6,9,1694.16,165,188.24,100
12931,1,Champions,4.481827524601874,0.3616885446819914,22,57,91810.34,739,1610.7077192982456,37
15985,1,Champions,0.9728406875158174,0.5710689460765986,124,7,2715.28,562,387.8971428571429,50
15796,1,Champions,2.830029056312887,-0.660939335050919,2,17,5170.63,619,304.15470588235297,137
12593,0,Hibernating,-1.3705479205215447,-0.41376307155850683,109,3,382.1,219,127.36666666666667,13
15410,1,Champions,1.7374519905133883,0.5287746356224619,85,10,4685.72,600,468.572,80
16686,1,Champions,2.740026169618853,0.5970672395235298,48,16,4881.07,734,305.066875,549
13889,1,Champions,0.8559135949828003,0.6326270060810795,93,6,1991.23,687,331.87166666666667,57
13700,1,Champions,1.82002911364389,0.2634831314127168,27,13,2596.9700000000003,671,199.7669230769231,163
17802,1,Champions,2.317966774283366,0.7161719316672553,83,10,4946.219999999999,727,494.622,283
16173,2,New / Promising,0.6336437450194139,-1.7693432389970056,16,6,1418.3200000000002,99,236.38666666666668,70
17629,1,Champions,1.8616023792220815,-0.7359061994162351,6,10,2455.52,422,245.552,129
18226,1,Champions,3.2947253882662815,0.4893816261703488,45,26,11878.88,645,456.88000000000005,299
17839,2,New / Promising,-1.076804695507828,-2.330336880388818,43,1,318.15,43,318.15,50
14487,1,Champions,0.9521868866070907,-0.32407811522655744,27,7,1266.27,380,180.8957142857143,129
15251,1,Champions,3.845235988578595,-0.07501660143976875,10,21,20324.54,680,967.835238095238,183
17930,1,Champions,1.6135252743644246,0.29560836494656484,36,13,4275.22,646,328.86307692307696,39
15344,2,New / Promising,-0.21119848426602433,-2.937617702951136,1,3,563.94,75,187.98,21
12849,1,Champions,1.694405510808559,0.09343378210076131,32,6,3015.98,592,502.66333333333336,122
17313,2,New / Promising,0.30557919291677776,-2.7758515555545507,32,1,2328.84,32,2328.84,24
17512,1,Champions,2.2996157728400703,0.3836497310215352,29,18,5467.82,730,303.7677777777778,102
13999,1,Champions,3.233301198707705,0.09884695125992761,11,29,9502.259999999998,735,327.6641379310344,174
17720,1,Champions,1.5111735375569444,0.07772525126169046,27,10,2666.91,579,266.691,81
17377,1,Champions,4.149983462288796,0.5383586333211308,24,78,17639.230000000003,738,226.1439743589744,504
16657,1,Champions,0.8101633550441005,-1.110018210005095,10,4,874.4300000000001,255,218.6075,158
17650,2,New / Promising,-2.2860154819926444,-3.1854163666089037,22,1,166.08000000000004,22,166.08000000000004,8
18130,2,New / Promising,0.17999610168439062,-2.336628874872622,16,3,1059.39,58,353.12999999999994,58
13589,1,Champions,0.7123647501262801,0.01900617713303312,15,6,1120.74,734,186.79,48
16426,1,Champions,1.860625452393191,-1.3170038579935788,3,10,1863.76,277,186.376,211
14910,2,New / Promising,-0.5683768158532199,-2.89746374404392,3,4,434.35,55,108.5875,25
16000,2,New / Promising,1.3018080992523804,-5.44973724958475,3,3,12393.7,3,4131.233333333333,9
17271,0,Hibernating,-1.518335963123496,1.3372665113542188,737,1,204.3,737,204.3,46
15309,0,Hibernating,-0.3818198409312044,1.3911291431677189,611,4,797.96,736,199.49,49
17047,1,Champions,1.2698459444248258,0.6691146796739279,86,6,2289.2299999999996,732,381.5383333333333,114
15302,0,Hibernating,-1.5992995758929383,1.2939783064262762,731,1,308.0,731,308.0,15
13491,1,Champions,2.196760311651909,0.6808662578918423,52,27,4467.66,733,165.46888888888887,144
13777,1,Champions,4.579273668444109,-0.5559188891412004,1,61,49638.26000000001,738,813.7419672131149,44
16331,0,Hibernating,0.31815887108579444,1.1555005360790032,433,6,2037.7,643,339.6166666666667,33
12957,1,Champions,3.4000993615977677,-0.042435749359235886,10,13,8706.97,729,669.766923076923,402
14857,1,Champions,1.8726777011991678,0.4176046902362868,60,7,3651.85,635,521.6928571428572,169
14330,0,Hibernating,-2.0051630750723413,1.099170825023565,624,1,200.63,624,200.63,13
13929,1,Champions,1.096943817785283,0.9373174813551765,170,11,3494.1000000000004,695,317.6454545454546,38
14990,0,Hibernating,-1.2551745378042305,1.3228892792546385,613,2,304.17,731,152.085,41
14160,1,Champions,1.7939948982460503,1.360906985811112,611,7,8421.47,699,1203.0671428571427,80
12392,0,Hibernating,-2.0931852161545166,1.0156996216926917,592,1,234.75000000000003,592,234.75000000000003,7
14389,1,Champions,0.7810833072223982,0.3377277237214792,66,5,1898.01,591,379.602,48
13824,1,Champions,1.5672171150412273,0.25507930497671677,33,12,3314.7600000000007,638,276.2300000000001,59
14316,0,Hibernating,-0.19347246063957058,1.1076000106818384,423,5,1370.34,631,274.068,21
14876,0,Hibernating,-1.8735142080044236,1.0047187386099743,522,2,256.7,562,128.35,12
14209,1,Champions,2.492005057347711,-0.046207442549914136,11,15,4993.2699999999995,687,332.88466666666665,133
14618,1,Champions,0.8270461807724245,-0.38031634593885877,10,7,1342.32,547,191.76,40
16062,1,Champions,1.9321355896438817,-0.37769127109247436,10,8,2863.45,537,357.93125,134
12799,0,Hibernating,-1.8764434805276557,0.8877604752525684,530,1,219.34999999999997,530,219.34999999999997,15
14870,1,Champions,0.45577519910800574,1.025090271799072,262,6,1838.95,684,306.4916666666667,43
18168,1,Champions,1.7897407749352798,1.0934142620408025,177,16,3435.5,737,214.71875,209
16421,0,Hibernating,-0.8497269815542552,0.765594032833456,377,3,526.2699999999999,470,175.4233333333333,35
16289,0,Hibernating,-2.1440655836380387,0.7329735031007641,463,1,136.30999999999997,463,136.30999999999997,21
13728,1,Champions,1.5737621274818794,0.4725958727426773,37,16,2855.17,731,178.448125,75
17473,0,Hibernating,-0.7712529846136434,0.7157964522702767,409,2,607.0,457,303.5,33
17147,1,Champions,1.8013486975288526,0.17073786923730688,23,9,3199.9500000000003,698,355.55,99
12530,1,Champions,1.6024154462450517,0.45557318027223986,60,9,3381.26,643,375.6955555555556,93
15329,1,Champions,1.644380090259639,0.4452628352670918,40,11,2958.83,726,268.98454545454547,98
18096,1,Champions,1.7091040555658343,-0.36131533789064213,12,6,1638.16,514,273.02666666666664,298
13966,0,Hibernating,-1.2830679147059418,0.6246826059859689,436,1,384.26,436,384.26,21
13360,0,Hibernating,0.2689629069783622,1.1968145192223305,432,4,1503.65,701,375.9125,57
15957,1,Champions,0.6041672363857764,-0.2738434378675853,32,3,921.25,421,307.0833333333333,121
14183,0,Hibernating,-1.4855948450392515,0.7861219176002158,412,2,278.34,482,139.17,27
17236,1,Champions,1.5969993250859784,-0.052500410578022114,13,12,1929.26,643,160.77166666666668,123
14484,1,Champions,0.3820754708267357,0.40850885428218586,51,4,1070.98,723,267.745,47
17274,0,Hibernating,-0.0021947908764407475,-0.33037371537492877,36,2,573.2199999999999,396,286.60999999999996,76
17968,0,Hibernating,-0.3004266486660561,0.8970070349474208,374,4,590.4399999999999,513,147.61,106
13988,1,Champions,2.4342210552413883,0.006644795168072791,20,8,4757.799999999999,626,594.7249999999999,218
14146,1,Champions,3.4016475353100346,-0.13888886789618668,9,12,9450.3,696,787.5250000000001,337
12573,0,Hibernating,-0.03525220345985494,0.6430325843980131,228,5,717.41,466,143.482,107
14721,0,Hibernating,-2.275442911477699,0.486425276836219,380,1,109.07,380,109.07,24
14157,1,Champions,0.6740323584765732,-0.0026261428930051916,20,5,978.69,647,195.738,75
16766,0,Hibernating,-0.5084059137123472,0.06647756295775327,274,2,1145.6,274,572.8,17
12683,1,Champions,3.5278361910122995,-0.23248191842719979,5,20,10445.7,727,522.2850000000001,235
13184,1,Champions,1.307285460560757,-0.7392077395512244,15,10,1667.9499999999998,291,166.795,137
14924,0,Hibernating,-0.2783164142489484,0.8607449211966325,246,3,931.01,640,310.33666666666664,30
14696,1,Champions,1.9023128343748643,-0.8267042983314852,5,8,2473.28,422,309.16,137
12867,1,Champions,3.068276652262017,0.315286312209407,27,13,7829.26,724,602.2507692307693,365
15756,0,Hibernating,0.010647026056683178,-0.4354625811852421,62,4,528.01,250,132.0025,160
15910,1,Champions,2.783801200144529,-0.7012363415561313,1,15,2661.17,688,177.41133333333337,394
13523,1,Champions,2.0877241864577303,-0.23734505569777312,34,6,4534.570000000001,403,755.7616666666668,177
16458,1,Champions,2.7457255727556995,-0.561559563519063,3,30,5690.89,563,189.69633333333337,91
17704,0,Hibernating,-0.47182705649502377,-0.22405022885188608,169,2,885.19,240,442.595,27
18218,0,Hibernating,-0.14584535785998698,0.8614322724559661,212,4,1121.84,661,280.46,25
16384,1,Champions,0.6217560019863168,0.4458655056638968,90,4,1358.95,591,339.7375,80
14825,1,Champions,2.81001984036172,-0.41197211104609377,4,24,4735.080000000001,613,197.29500000000004,187
14232,1,Champions,0.9749415245229345,-0.5446579261409472,43,5,2048.07,265,409.614,81
13159,2,New / Promising,0.9533068668205901,-1.8789784059064805,9,4,1429.35,116,357.3375,114
14284,1,Champions,0.7089218795333032,0.08987730859509366,31,3,1299.65,654,433.2166666666667,59
12680,2,New / Promising,0.3204264411052084,-2.5258124758076113,1,4,790.8100000000001,114,197.7025,32
16119,1,Champions,1.0937055071413977,-0.15293335399918115,9,8,1720.81,724,215.10125,37
17652,1,Champions,2.0395870823409057,-0.5725139217304612,26,12,4867.72,282,405.6433333333334,118
14511,2,New / Promising,0.5708525910515451,-1.6289728127720842,12,5,1314.81,134,262.962,53
12876,1,Champions,1.7060856155750084,0.2547073314432155,58,4,3751.79,591,937.9475,116
18118,1,Champions,3.1120482948411325,-0.4642777309013078,11,29,6218.62,382,214.4351724137931,443
14229,1,Champions,1.0108281571053856,0.07741426119699057,52,7,2594.04,472,370.57714285714286,41
17125,2,New / Promising,-1.4943866971827438,-2.111418872696262,51,1,230.5,51,230.5,34
15121,0,Hibernating,-0.70999145538872,-0.49560449443159765,51,2,457.72,289,228.86,28
14019,2,New / Promising,0.201700355688356,-1.1658179378524118,47,3,1421.61,139,473.86999999999995,37
14416,2,New / Promising,-1.1534020838225085,-2.5246940331139736,23,2,490.22,43,245.11,13
17623,1,Champions,1.5642161537298256,0.3200214726261963,33,7,2365.77,726,337.96714285714285,130
12465,2,New / Promising,-0.08514352021326944,-1.3692040665079415,18,2,682.19,170,341.095,45
14540,1,Champions,2.3934918912187824,-0.05014464432096021,10,11,3709.64,733,337.24,197
16628,1,Champions,1.3730670238716787,0.1649593969582539,30,7,2318.1000000000004,642,331.1571428571429,84
12663,0,Hibernating,-2.290726765402512,1.2350458730533764,625,2,185.40000000000003,669,92.70000000000002,8
16548,0,Hibernating,-3.8330485322072723,1.0904717460989413,600,1,30.15,600,30.15,6
15855,1,Champions,0.2578427286154717,0.4739681988836115,137,6,1052.72,477,175.45333333333335,72
17949,1,Champions,5.327791684303247,-0.31957735224213013,2,116,107833.48,738,929.5989655172414,56
14306,1,Champions,1.2524733385386941,0.37942520996009066,52,6,3151.4,678,525.2333333333333,43
15367,1,Champions,2.319737283635998,0.5904153661263658,58,11,5081.33,730,461.9390909090909,214
16191,1,Champions,3.69468476528143,-0.38620762921547874,3,24,15677.820000000003,729,653.2425000000002,113
12853,1,Champions,1.6466188781015234,0.8361123405849824,135,11,3907.499999999999,673,355.2272727272727,111
12432,1,Champions,1.6107587243130466,-0.9776392634912594,43,4,4359.32,173,1089.83,106
14967,1,Champions,0.6380438463399192,0.4414572133714574,50,6,1982.61,737,330.435,22
13171,0,Hibernating,-0.4046456715775552,-0.7233409984621867,22,3,468.41,300,156.13666666666666,37
16988,2,New / Promising,-0.4912418307788146,-1.0269818388193652,6,2,382.67,380,191.335,20
16248,2,New / Promising,-2.415337528859416,-1.8787333377369795,62,1,152.94000000000003,62,152.94000000000003,7
16634,1,Champions,0.5999962222161374,0.9809459003524719,223,6,1649.81,688,274.9683333333333,72
17281,0,Hibernating,-1.3709888319661954,1.1236601861422812,375,6,797.8499999999999,674,132.975,2
16680,0,Hibernating,-0.1309845361698048,0.03686489682781496,44,3,821.45,535,273.81666666666666,24
14224,1,Champions,1.2061093688863986,0.5727925041843975,111,9,1841.71,545,204.63444444444443,189
12714,1,Champions,3.7456912049288293,-0.05533859559042804,10,12,12815.71,736,1067.9758333333334,435
17353,0,Hibernating,0.3709357479982899,0.5681108454654101,130,4,3242.0,625,810.5,7
13856,0,Hibernating,0.09205868849845911,0.861607701110726,169,11,1142.03,620,103.82090909090908,33
15166,0,Hibernating,-2.181265659400138,0.7308135000984941,468,1,167.15999999999997,468,167.15999999999997,12
13434,0,Hibernating,0.27453045852852465,0.4659798540493904,75,5,1666.86,656,333.372,17
14439,1,Champions,2.1082776462086117,1.0510607815647435,320,5,9443.04,688,1888.6079999999995,105
13022,0,Hibernating,-3.543972831372706,0.6381621082298748,430,1,50.3,430,50.3,4
14532,1,Champions,1.7649239472295177,1.1002035625974247,237,11,3845.78,699,349.61636363636364,209
18087,1,Champions,2.2342596563725663,1.2169122598287614,291,16,13908.72,739,869.2950000000001,43
15831,0,Hibernating,0.04532217308527687,-0.2842319497078935,59,3,794.6400000000001,325,264.88000000000005,63
13900,1,Champions,0.6429735330267349,0.8222780631804777,184,6,1610.59,625,268.4316666666667,80
15953,1,Champions,2.0403366822026845,0.18544928181406797,16,18,3440.3399999999997,737,191.13,102
17874,0,Hibernating,-0.5492388303410431,0.02835540633913458,186,6,683.4599999999999,256,113.90999999999998,37
13216,0,Hibernating,-1.9018594669272229,-0.025123529837668544,268,1,333.74,268,333.74,5
12939,1,Champions,2.8518969081723133,0.5910728028479556,65,20,25264.8,697,1263.24,24
17663,1,Champions,2.4022776280926337,0.2327414163106853,26,17,5175.83,646,304.4605882352941,153
14285,1,Champions,1.5512660839162509,0.16617596983612581,22,8,3284.4200000000005,732,410.55250000000007,48
15934,0,Hibernating,0.23108465677724532,0.6287246809497242,418,2,2190.6600000000003,430,1095.3300000000002,29
17912,0,Hibernating,-0.9958664856572198,0.5972674857842137,311,6,371.6,376,61.93333333333334,47
13282,1,Champions,0.6005827237015977,-0.49150457708888035,19,4,1313.19,407,328.2975,42
16419,1,Champions,0.6091853423543504,0.734455994914898,113,8,1463.7,669,182.9625,62
16322,2,New / Promising,-0.7805170555448165,-3.4392002530117245,2,2,326.75,37,163.375,28
16950,1,Champions,1.7389842430927416,0.5103847309893885,57,10,3533.7700000000004,685,353.37700000000007,110
13250,0,Hibernating,-1.7532718702305587,0.8626466848396933,461,2,253.09,503,126.545,17
14905,1,Champions,0.6805747913202517,0.9366620232028773,158,8,1971.39,737,246.42375,45
13539,1,Champions,0.730168314983957,0.49821230865144495,86,7,1569.36,591,224.19428571428577,69
18133,0,Hibernating,-1.474538430870604,-0.3730432683995686,213,1,931.5,213,931.5,1
13804,1,Champions,1.7918399624540209,-0.13411588140993685,31,9,3161.12,437,351.23555555555555,149
14173,1,Champions,0.05700532040748054,-0.08617854176883981,11,6,586.0,731,97.66666666666669,30
16698,0,Hibernating,-0.5211813689606779,-0.115790735215355,227,2,1998.0,254,999.0,4
17857,1,Champions,3.3260435423294905,-0.3974456109140115,5,23,25769.54,642,1120.4147826086958,20
17991,0,Hibernating,-1.1504571070146037,0.7939919316507184,226,3,298.65000000000003,592,99.55,36
14681,0,Hibernating,-0.19921652494287032,0.4936321534823567,72,6,875.1500000000001,654,145.85833333333335,19
15789,1,Champions,0.7847299381410442,1.0794580216165983,359,6,1962.01,624,327.00166666666667,110
17181,0,Hibernating,-0.9195063657689553,0.27134893183657205,58,3,309.85,596,103.28333333333336,28
13953,1,Champions,1.7203733161635852,-0.19663458731370906,8,12,6640.68,729,553.39,8
16454,0,Hibernating,-4.779241388612674,0.34550708153646426,65,2,7.45,612,3.725,2
16127,1,Champions,0.3724439454358634,0.25018713052198804,40,2,801.31,727,400.655,75
15959,0,Hibernating,-0.6840504505300697,1.3432670040513792,683,3,542.8900000000001,683,180.96333333333337,58
13048,1,Champions,2.1716887965765146,-0.01020853012312218,15,9,4049.13,682,449.90333333333336,125
15012,1,Champions,0.38243526153749585,0.2265268674762192,54,3,646.26,577,215.42,165
15422,1,Champions,0.5514945572736604,1.1267865309585963,324,7,1619.9699999999998,671,231.42428571428567,80
12809,1,Champions,0.4706885999907506,0.752206680296168,178,3,1384.34,648,461.44666666666666,74
17310,0,Hibernating,-1.4011520737489556,0.7686444738392708,388,2,1025.1,535,512.55,1
13756,1,Champions,3.2818825116890133,-0.37567041703803783,3,23,8655.95,725,376.3456521739131,142
14858,0,Hibernating,-2.148970225057559,0.827997794021991,506,1,180.75,506,180.75,11
14433,0,Hibernating,-1.075385003460393,0.7429669198895418,466,1,280.7,466,280.7,72
12758,1,Champions,2.629858211587065,0.7837442435118469,117,7,9903.24,739,1414.7485714285715,187
16787,0,Hibernating,0.18625013526681522,1.1849576995422477,398,4,1017.5300000000002,699,254.38250000000005,102
16827,0,Hibernating,-1.5493349524737954,1.0410578261681502,394,5,387.18000000000006,590,77.436,9
15817,1,Champions,1.0514869831340954,0.9170880675367327,421,3,2766.4,544,922.1333333333332,133
16069,0,Hibernating,-1.0715666475584478,0.5681691902082031,418,1,457.7000000000001,418,457.7000000000001,25
13557,1,Champions,1.8513866351958583,0.3597588781628345,29,13,3032.26,732,233.25076923076924,126
17767,0,Hibernating,-0.39472269297402485,-0.6034440471992881,16,2,413.0499999999999,411,206.525,35
17322,0,Hibernating,0.18533993798182083,1.2472792247106406,377,5,922.59,737,184.51799999999997,115
16640,0,Hibernating,-2.0912774456002894,0.5205643132001181,398,1,179.4,398,179.4,13
17689,0,Hibernating,-1.540979806467476,0.7383520459978313,389,2,317.08,475,158.54,17
16089,0,Hibernating,-1.3379280860071203,0.8228817472122596,387,2,263.48999999999995,510,131.74499999999998,42
15579,1,Champions,0.7750581596491859,0.10518043032742577,69,5,1250.63,433,250.12600000000003,140
12433,1,Champions,4.070339616158411,-1.152832648341122,1,10,16794.14,477,1679.414,285
13329,1,Champions,1.9249756505752562,0.30654398427678187,32,8,4808.77,736,601.09625,68
17611,1,Champions,3.7334985525334514,0.017974545975017513,8,28,8287.53,739,295.9832142857143,721
14850,1,Champions,0.785538661609546,0.9690559543249534,312,7,1770.96,569,252.99428571428572,129
17069,1,Champions,2.543353070068676,0.3680948561051181,29,14,5517.23,737,394.0878571428571,202
12766,1,Champions,3.1755089948801674,-0.934813521851983,4,9,8134.99,408,903.8877777777776,252
16348,1,Champions,1.340014365233872,-0.11887847882266318,33,8,1742.0800000000002,431,217.76,179
13268,1,Champions,2.025936794648077,-0.753851175731944,18,10,3152.71,268,315.271,256
15095,1,Champions,1.434465970821748,0.7444004629287361,104,10,3141.6399999999994,688,314.16399999999993,90
12406,1,Champions,2.3845244966773596,0.07059358908043366,23,5,6390.36,698,1278.072,114
16873,1,Champions,3.755236277985472,-0.39149450566179705,5,12,14617.39,669,1218.1158333333333,252
13355,2,New / Promising,-0.6372531352690242,-1.0174755479834885,123,1,674.7,123,674.7,32
18257,1,Champions,2.3102032638589263,0.3736876381905487,40,12,4585.15,660,382.0958333333333,218
15067,1,Champions,1.8292520764091091,0.435189575886773,79,5,3862.880000000001,608,772.5760000000001,170
16594,2,New / Promising,-1.5305433323376134,-1.587024712115571,76,1,181.08999999999995,76,181.08999999999995,53
12700,1,Champions,2.2648540313006587,-1.3828632641078165,8,4,4525.990000000001,216,1131.4975000000002,192
16685,2,New / Promising,-1.058145049981931,-1.7837225541453194,62,2,324.24,62,162.12,60
16239,1,Champions,0.3120626813291398,0.08172844339547078,57,6,1492.1999999999998,464,248.69999999999996,24
17503,2,New / Promising,-0.2915613893430962,-3.292070949570176,3,2,558.96,39,279.48,36
15021,1,Champions,2.2475358745096816,-0.4004734882998538,9,12,2500.59,499,208.3825,355
14962,0,Hibernating,-1.3673265586065142,0.8677854915617741,271,4,366.9100000000001,585,91.72750000000002,14
13865,0,Hibernating,-0.6903955874276703,-0.35269251877791796,59,4,501.56,290,125.39,26
15169,0,Hibernating,-0.5001048041897643,1.1237904985581773,383,2,569.22,727,284.61,58
15222,1,Champions,1.3465068950088108,1.2349773199313294,319,11,3550.91,724,322.81,98
14465,1,Champions,1.583132613235179,1.1101449562994279,247,11,3925.85,702,356.8954545454546,128
14556,0,Hibernating,0.07366938905249441,1.3060199144374989,597,3,815.69,689,271.8966666666667,158
16447,0,Hibernating,-0.08991625803444023,0.6811393727380922,136,3,727.1,661,242.36666666666667,59
14610,0,Hibernating,-3.8143345214239632,0.8820171083427072,396,2,24.35,515,12.175,10
15704,1,Champions,1.5723539058505127,0.6423021138077629,141,6,3734.66,584,622.4433333333333,129
17667,1,Champions,1.8707834071033211,0.5176723942708138,67,9,3950.7,655,438.96666666666664,140
16221,1,Champions,1.4679161069911515,0.04715167440459001,37,9,2018.4700000000005,487,224.27444444444447,176
12744,1,Champions,3.092308792273314,0.32241592536678554,57,8,13158.160000000002,592,1644.7700000000002,244
17429,1,Champions,0.48945769038334036,0.3261648737971293,129,5,1357.4599999999998,430,271.49199999999996,80
16003,1,Champions,2.3861776478272456,0.3253068039188348,30,10,5613.83,737,561.383,146
12724,1,Champions,1.6122306943390838,-0.5712491842605988,6,7,2083.52,536,297.6457142857143,93
16354,1,Champions,0.6896644191458272,0.35967348284169276,64,5,1119.46,592,223.892,116
17826,0,Hibernating,-1.9887190738762746,0.4692712493896011,375,1,133.34,375,133.34,33
14350,0,Hibernating,-0.11554601737018096,0.5553956888986995,275,3,972.0300000000002,431,324.01000000000005,55
15388,0,Hibernating,-2.3822945591634146,0.026336197270233393,271,1,140.54000000000002,271,140.54000000000002,10
14107,1,Champions,2.0211599327074383,0.537173053650321,52,11,4877.299999999999,731,443.390909090909,102
16654,1,Champions,0.5655876773339311,0.7433338679193195,142,8,1484.0700000000002,613,185.50875,64
15897,0,Hibernating,-1.9184598421381749,-0.3225135707945247,195,2,208.59,195,104.295,17
17472,1,Champions,0.46906125137284066,0.8213067269723053,192,4,922.35,629,230.5875,183
12922,0,Hibernating,-1.1158018222793877,-0.6503047436310168,162,1,405.38,162,405.38,28
15914,0,Hibernating,-2.0370491687373415,0.5314732091439323,379,2,205.99,379,102.995,13
18093,1,Champions,1.4183984406004995,0.5536134768195371,94,8,4452.71,619,556.58875,43
12640,2,New / Promising,0.023682865455367172,-1.879360667070064,24,3,994.58,82,331.5266666666667,46
17480,0,Hibernating,0.05310620338459319,0.04919703623218033,78,2,882.23,445,441.115,50
15243,0,Hibernating,0.1424188203267148,0.01630549989960557,75,2,927.28,436,463.64,56
15809,1,Champions,0.6019093912611366,0.08853466839092515,37,7,1274.44,536,182.06285714285715,51
14044,1,Champions,2.39653213449742,0.26179718037765143,27,10,3073.95,685,307.395,532
13146,2,New / Promising,-1.773750956589917,-2.9276623059873312,27,1,228.91,27,228.91,16
15539,2,New / Promising,-0.691733583203185,-4.407255627635655,8,1,538.4599999999999,8,538.4599999999999,41
14188,1,Champions,0.758478936325453,-0.5145948861791916,31,6,2054.36,311,342.3933333333334,34
17067,0,Hibernating,-1.566753579129442,1.398526262412985,725,3,454.54,732,151.51333333333332,8
17230,1,Champions,2.399005472419824,1.2234293796687712,265,18,9388.49,732,521.5827777777778,141
12365,0,Hibernating,-1.427493537835038,0.11169388732791953,292,1,320.69,292,320.69,21
14868,1,Champions,2.4071469851967433,-0.8575595440430465,4,12,4184.01,421,348.6675,132
13965,0,Hibernating,-0.446799845996589,1.196578010644461,477,3,996.61,704,332.2033333333333,23
13480,0,Hibernating,-0.593288313899777,1.0862506592204721,417,2,627.8199999999999,680,313.90999999999997,40
17030,2,New / Promising,-2.2905641229354887,-1.8292708786531104,64,1,146.86999999999998,64,146.86999999999998,11
13578,0,Hibernating,-2.384807860799827,0.5582864909559287,410,1,147.66,410,147.66,9
13950,2,New / Promising,0.030087882676882945,-1.0987920160979128,12,4,745.0600000000001,247,186.265,33
16659,0,Hibernating,-3.936899463441165,-0.4195381921513752,190,1,39.12,190,39.12,2
13606,0,Hibernating,-0.868353273302295,-0.5551360843188751,30,3,276.75,312,92.25,40
13173,1,Champions,2.0758820125830715,-0.28028532848319215,5,11,2389.8199999999997,730,217.2563636363636,159
14145,1,Champions,1.4897057499146105,0.21731119044163383,47,7,7600.049999999999,611,1085.7214285714283,11
18287,1,Champions,1.8895041363932785,0.1857248626043911,43,7,4132.99,572,590.4271428571428,119
15233,0,Hibernating,-3.7656450653595073,0.5287194683528862,402,1,59.400000000000006,402,59.400000000000006,1
14836,2,New / Promising,-2.696222577555957,-3.003357626908861,11,3,102.45,31,34.15,5
13234,0,Hibernating,-1.0472953072479636,1.3635704116314529,673,2,346.5,733,173.25,56
14425,0,Hibernating,-0.5992837186545227,1.2234860549935642,435,3,661.39,738,220.46333333333337,35
16822,0,Hibernating,-2.1505572369167756,1.2237172630032798,687,1,181.39,687,181.39,11
13684,0,Hibernating,-0.3007716349006253,0.9626022008314676,286,4,594.8799999999999,622,148.71999999999997,81
16408,0,Hibernating,-1.4182526016001478,1.049484813680899,592,1,231.93,592,231.93,45
15381,0,Hibernating,0.1887673125507627,0.7634269027784184,214,5,1890.57,584,378.114,20
17192,0,Hibernating,-2.6545468352479267,0.9413590488153547,537,1,75.28,537,75.28,20
13760,1,Champions,0.8095400955503036,0.29529807124003965,55,5,1363.64,594,272.728,95
15331,0,Hibernating,-0.4839130041749384,1.1031953963770136,500,3,767.9100000000001,610,255.97000000000003,41
16972,0,Hibernating,-0.3937367223826627,0.6933584933539212,383,2,749.0,457,374.5,54
16574,1,Champions,0.6770807715253081,0.42396869739266735,72,3,1301.7800000000002,659,433.92666666666673,86
16824,0,Hibernating,0.0018105431522733942,-0.6065715153840364,16,3,686.24,394,228.74666666666667,34
17075,1,Champions,1.7424037006112065,0.14963765616423536,18,10,2236.63,726,223.663,153
17162,1,Champions,0.999603137763046,-0.46046620945834016,29,10,1715.46,306,171.546,81
13437,1,Champions,1.7985972908571728,-1.1910409430406466,15,7,3408.0600000000004,191,486.8657142857143,143
14915,1,Champions,0.9016207728401924,0.783483091929434,92,11,1811.25,737,164.6590909090909,65
12357,1,Champions,3.3293770062047137,-0.44578323207494736,34,2,17437.66,389,8718.83,260
17219,0,Hibernating,-0.8450427896723358,-0.315320758420733,32,2,259.13,417,129.565,43
14921,1,Champions,0.5945697395838616,-1.0200849487959194,31,2,1316.0700000000002,202,658.0350000000001,78
13502,1,Champions,0.10906611019716252,-0.22319748406243003,17,5,780.5,549,156.1,28
13722,1,Champions,2.0198269623207876,0.7711531939993261,132,10,5635.41,647,563.5409999999999,137
15068,1,Champions,0.9613868915771797,0.26337844669954164,47,4,1174.9,622,293.725,178
17345,1,Champions,1.5350062014355084,0.1350774457814559,16,10,1586.63,739,158.66299999999998,174
18254,0,Hibernating,-1.6880776078767825,1.004156309195434,582,1,267.9,582,267.9,16
13943,0,Hibernating,-1.7807188429223868,0.99652253714623,578,1,246.54,578,246.54,15
16805,1,Champions,0.705336998685956,0.9116524835401715,174,4,1076.34,726,269.085,212
17604,1,Champions,0.40095216352172325,0.9935307548043469,218,6,942.38,682,157.06333333333336,142
16341,1,Champions,1.9026359709488045,0.0391978659527365,25,7,3850.79,610,550.1128571428571,103
12348,1,Champions,0.3143865066649157,0.11328227437079846,76,5,1658.4,439,331.68,24
13849,1,Champions,1.876596670415662,0.30556763382010393,52,5,3469.3,625,693.86,189
12817,0,Hibernating,-1.0520242631957895,0.5652032996178956,282,3,570.98,435,190.32666666666668,15
17430,0,Hibernating,-0.23040193996435826,-0.12032074875326332,33,4,622.5699999999999,480,155.64249999999998,30
13650,1,Champions,1.989928050607791,0.05839610094950516,17,10,3288.0,683,328.8,127
12868,1,Champions,0.7967743070813103,0.44061629032749683,186,8,2043.76,393,255.47,86
13569,1,Champions,0.5908674030429661,-0.42367749607935745,18,4,725.04,429,181.26,139
12564,0,Hibernating,-1.2543788790471184,-0.03599296531543206,262,1,402.9,262,402.9,20
16980,1,Champions,0.410589455778015,0.5217432156826594,256,3,1422.83,429,474.27666666666664,91
16882,0,Hibernating,-0.26987502319681866,-0.26083154900915956,67,3,705.1199999999999,318,235.03999999999996,39
12449,1,Champions,1.9878856272670347,-0.33641736209481243,23,5,4274.889999999999,439,854.9779999999998,124
12884,2,New / Promising,-1.836882650768909,-1.43700699703062,89,1,309.05000000000007,89,309.05000000000007,7
17451,2,New / Promising,1.26584859705218,-2.362132579656044,2,7,1721.4,106,245.91428571428577,83
17674,0,Hibernating,-0.7345702546959088,-0.1395491693904148,75,2,551.04,369,275.52,19
14547,1,Champions,2.068407980638805,-2.741338208025138,4,8,3974.749999999999,55,496.84374999999994,198
12994,2,New / Promising,0.6059631360625489,-1.358848773687555,5,3,974.42,269,324.8066666666667,52
12442,2,New / Promising,-2.268602747864412,-5.154418838452686,4,1,144.06,4,144.06,11
17152,0,Hibernating,-0.10315786996284852,0.39526449879589876,195,4,2016.5,426,504.125,9
17182,0,Hibernating,-1.9655526019750096,1.1218701844475134,423,2,321.3,719,160.65,4
17053,2,New / Promising,-1.2258745405366516,-0.9438477038390208,131,1,498.48,131,498.48,13
14860,2,New / Promising,-2.1511235726940434,-3.298614899509627,20,1,170.32000000000002,20,170.32000000000002,11
16479,2,New / Promising,-1.3022831995057327,-3.9416623312990793,11,2,300.83000000000004,11,150.41500000000002,35
14501,0,Hibernating,-1.881515327465383,0.08655128701505696,184,2,251.21,320,125.605,9
16163,1,Champions,0.842593349949864,1.0466535773690615,233,6,2407.98,738,401.33,59
15118,2,New / Promising,-2.579446223408825,-0.9213265964915045,135,1,244.8,135,244.8,1
17143,0,Hibernating,-0.09192771998054243,0.8403708630298219,418,2,880.97,516,440.485,82
17286,0,Hibernating,-0.16179412389598297,-0.43858916906561707,22,3,389.18,401,129.72666666666666,89
14633,0,Hibernating,-1.3838959237134367,-0.006982579015183188,267,1,344.90000000000003,267,344.90000000000003,20
18155,0,Hibernating,-1.117594444216529,-0.28427575289365076,76,3,371.62,292,123.87333333333332,19
12669,1,Champions,0.4510669561473014,-0.19594831903266316,151,2,1427.73,257,713.865,96
15725,2,New / Promising,-1.0117454243789095,-3.5795608368009075,16,1,415.25,16,415.25,32
17352,0,Hibernating,-3.7465290495269112,1.2762315503373436,697,1,36.25,697,36.25,5
14225,1,Champions,0.5957760015378881,1.189297771509054,435,4,2031.07,697,507.7675,70
12947,1,Champions,0.6026319697911804,0.263024100166925,144,6,1603.9900000000002,374,267.3316666666667,83
14138,2,New / Promising,0.3654835881883068,-2.97686118760311,2,2,965.88,64,482.94000000000005,40
14132,1,Champions,2.0419712438584763,-1.70664238122551,3,11,3586.0299999999997,184,326.00272727272727,100
16290,1,Champions,0.5832984313310768,1.0310497819994169,465,4,1957.7000000000005,566,489.42500000000007,85
17169,1,Champions,0.4848087086369316,0.2218530214319386,58,3,1156.73,579,385.57666666666665,64
17609,1,Champions,1.6802801547303443,0.3323333690438988,41,11,1875.36,610,170.4872727272727,316
12756,2,New / Promising,-2.861500427205817,-1.4452520254584613,87,1,112.07999999999998,87,112.07999999999998,4
12798,1,Champions,2.108300844039484,-0.7204152440177234,11,4,8510.93,422,2127.7325,27
14238,0,Hibernating,-1.2571827997305431,1.1036067654173871,327,3,434.23,735,144.74333333333334,13
15201,1,Champions,0.692932822220813,0.5255328753187676,88,7,1842.95,612,263.2785714285714,44
13635,1,Champions,1.5897391372986291,0.5276876206235783,68,4,2999.16,739,749.79,135
16569,1,Champions,0.9494169041358244,-0.4884250773541778,4,5,1455.23,724,291.046,27
12870,1,Champions,0.5137785442858371,1.005512228827179,376,3,1676.95,625,558.9833333333333,85
13443,1,Champions,0.5711619674714261,1.2629753610515682,449,6,1269.37,678,211.56166666666664,175
14301,1,Champions,0.6097552996213568,0.6339717956486218,118,4,1992.18,667,498.045,37
18042,0,Hibernating,-1.2841880763739617,0.09636257363839157,54,2,281.15,542,140.575,13
12592,1,Champions,0.5198672181321379,0.32237534462308104,93,4,1723.64,520,430.91,40
14043,0,Hibernating,-1.2509659240485889,1.2346893750179193,492,2,302.6,730,151.3,37
14026,0,Hibernating,-0.5030684868087106,1.0559541702384034,471,2,713.11,626,356.555,43
12554,0,Hibernating,-1.21756617785699,0.6658657790896703,449,1,384.5,449,384.5,25
16124,1,Champions,0.5202919134727741,1.1157349471025932,318,4,1772.4899999999998,733,443.12249999999995,63
16898,1,Champions,0.9277197228159269,0.02879602402551823,27,5,885.21,577,177.042,223
13898,0,Hibernating,-0.5396803460143691,0.5353452694063187,326,2,686.3999999999999,412,343.19999999999993,43
16943,0,Hibernating,-0.5966496796732508,0.17112823338739064,212,3,816.73,319,272.24333333333334,23
14470,1,Champions,0.3003450490102893,-0.6211268377771489,12,3,712.0400000000001,431,237.3466666666667,56
16728,1,Champions,0.7721044981421656,-0.502533326612905,47,4,1048.28,265,262.07,218
16483,0,Hibernating,-2.1502268853947966,-0.4001669834839156,193,1,139.35000000000002,193,139.35000000000002,19
13663,1,Champions,0.874682928673219,0.814551857449447,180,5,2047.51,647,409.50200000000007,87
14745,1,Champions,1.1724749740430847,0.7366558987183046,113,12,2551.41,638,212.6175,74
16488,2,New / Promising,-0.6919842959202196,-1.2000778106140928,34,3,498.80000000000007,149,166.26666666666668,28
13266,1,Champions,2.743307874227478,0.06270776695843439,12,19,6135.04,723,322.89684210526315,154
16086,1,Champions,1.3177097369476303,0.5959755581625921,60,10,2687.73,738,268.773,66
15489,1,Champions,1.448652830281557,0.15172898981666902,23,8,2419.61,694,302.45125,75
15066,2,New / Promising,-0.2876223926929597,-2.074798582903367,54,1,893.5900000000001,54,893.5900000000001,42
15754,1,Champions,1.6269649822247962,0.4261708398554066,52,9,3037.6099999999997,656,337.5122222222222,114
13812,2,New / Promising,-0.7835283173934637,-1.414831790419228,43,3,485.0,106,161.66666666666666,32
14582,2,New / Promising,-2.703962448329204,-2.3984020813015126,41,1,114.11,41,114.11,6
15531,2,New / Promising,1.167147609960381,-3.1443857804382267,9,2,1972.39,31,986.195,196
17059,1,Champions,2.5802792515240958,0.261964140323059,30,9,4864.57,683,540.5077777777777,349
13926,2,New / Promising,-1.927020070862231,-3.080601688207533,24,1,223.85,24,223.85,11
13960,2,New / Promising,-1.7285020146092755,-2.0620601970287535,22,2,230.22,72,115.11,11
17636,2,New / Promising,-1.5031166825733704,-3.3031569241267094,20,1,285.56,20,285.56,20
15676,1,Champions,1.9072148877911257,-0.855008836455912,19,3,3435.76,284,1145.253333333333,191
16892,1,Champions,1.1128221940298082,-0.5830574780708043,2,7,754.75,732,107.82142857142856,119
14578,2,New / Promising,-1.8507383727440108,-5.145026687577791,4,1,168.63,4,168.63,24
13521,2,New / Promising,0.8966802592214872,-4.42516104099344,2,3,1070.47,11,356.8233333333333,312
17998,0,Hibernating,-0.4116608997433501,1.1835062445429412,381,3,639.24,739,213.08,57
15945,0,Hibernating,-0.7157977143288449,1.1892613854145448,366,4,646.27,739,161.5675,24
13377,0,Hibernating,0.320378113037785,1.0064130878934758,397,2,1452.88,646,726.4399999999999,70
13454,0,Hibernating,-1.7185353048249055,1.1435864839851713,642,1,219.87000000000003,642,219.87000000000003,23
16397,0,Hibernating,-2.541471929674022,1.1174407103521995,629,1,123.13,629,123.13,9
13053,0,Hibernating,-2.281318229941085,1.1131271377188758,622,1,127.65,622,127.65,17
14893,1,Champions,1.4024860473482719,-0.3761799449207014,10,3,1809.61,618,603.2033333333334,98
13916,0,Hibernating,0.19933004776846497,1.2007876807887081,464,4,1275.81,676,318.9525,72
12696,0,Hibernating,-0.5151669281596027,0.8363271195092228,435,2,731.91,509,365.955,42
15702,0,Hibernating,-2.1813072008774133,0.7830662863767651,477,1,112.57000000000002,477,112.57000000000002,29
17649,1,Champions,0.6368679883754876,0.37075288008418816,139,3,1578.89,473,526.2966666666667,88
17751,0,Hibernating,-1.8744324223034687,0.6158645634158337,422,1,157.86,422,157.86,31
12376,0,Hibernating,-1.6032719378800373,0.6085074475894613,390,2,383.15,418,191.575,10
15995,0,Hibernating,-0.16315336925000137,0.5739125337101783,415,1,694.5400000000001,415,694.5400000000001,108
16491,1,Champions,0.8165819796890353,-0.21577002280354687,47,2,1533.16,414,766.5799999999999,86
12537,0,Hibernating,-0.6312115575409442,0.5409957110376239,409,1,612.94,409,612.94,42
17080,1,Champions,0.20479721845553459,-0.10934883456038252,23,7,957.53,527,136.79,26
17855,0,Hibernating,-1.8653623804288757,0.4369738678583201,373,1,208.96999999999997,373,208.96999999999997,17
12811,0,Hibernating,-0.2373552859181064,0.5671916361861752,262,4,893.9000000000001,428,223.475,46
18262,0,Hibernating,-0.45691887063100695,0.6112507984128762,141,3,577.54,603,192.51333333333332,40
16697,0,Hibernating,-2.3096446905415786,-0.1010115689994192,242,1,112.75,242,112.75,20
17410,1,Champions,0.5585728646384054,-1.0677966165761543,17,5,1214.7199999999998,216,242.94399999999996,57
16968,2,New / Promising,-0.4327333736978373,-2.219696685845201,5,2,439.4299999999999,108,219.71499999999995,31
17411,1,Champions,1.0695690995924836,-0.05449460215091615,13,5,1425.38,737,285.076,69
16982,2,New / Promising,-1.2371960136031646,-1.9064536514680994,61,1,384.06,61,384.06,22
15427,2,New / Promising,0.7738337990426362,-2.207562148022864,34,3,1430.54,48,476.84666666666664,233
17878,1,Champions,0.708742164068662,-0.22818425022756691,44,3,1378.93,396,459.6433333333334,82
14359,2,New / Promising,-0.012961496646756344,-1.8819166355196997,20,3,912.18,88,304.06,44
16337,2,New / Promising,-2.293452816285907,-2.5277763445581884,37,1,151.04999999999998,37,151.04999999999998,10
17843,0,Hibernating,-1.069665505158006,0.5367303453785834,304,2,312.65,412,156.325,57
14022,0,Hibernating,-0.2892812927377472,0.5418709946861796,226,2,792.1500000000001,487,396.0750000000001,45
17185,0,Hibernating,-1.5553183565064588,1.1860554134245438,592,3,229.46,599,76.48666666666666,38
13062,0,Hibernating,-1.5931781344642075,-0.44352490035886466,192,1,346.97999999999996,192,346.97999999999996,11
15744,2,New / Promising,-3.906163505278407,-1.5553384983352951,78,1,34.8,78,34.8,3
15406,1,Champions,0.6306383716462619,-0.17155691894828104,32,4,975.87,454,243.96750000000003,108
18131,0,Hibernating,-2.3209714586658157,1.092874022672899,632,1,222.96,632,222.96,4
13295,0,Hibernating,0.00370978780376979,0.9584840116954014,360,4,1101.97,577,275.4925,56
12738,0,Hibernating,-2.4060118874596816,0.4399188648550771,373,1,137.35,373,137.35,10
13940,2,New / Promising,0.0016404782745368155,-1.4331810192774301,18,4,839.1400000000001,145,209.78500000000005,39
15127,0,Hibernating,-0.29298086229990866,0.12133090662929238,66,2,711.5,520,355.75,27
17600,2,New / Promising,-2.1324726587525427,-3.4239026904104026,18,1,161.67000000000002,18,161.67000000000002,13
16568,0,Hibernating,-0.9586717472621045,0.9930986253169531,428,2,1020.9,642,510.4500000000001,5
18121,0,Hibernating,-0.7735458413212326,-0.6555372608771607,150,2,653.3000000000001,155,326.65000000000003,28
12675,0,Hibernating,-0.023429792923096666,1.0597552001787662,554,2,873.2500000000001,579,436.62500000000006,110
14086,0,Hibernating,-4.091738192975037,0.7229840851497078,463,1,39.95,463,39.95,1
17523,2,New / Promising,-0.6879127737081642,-3.3428773503118756,12,4,652.74,20,163.185,25
14448,2,New / Promising,-0.6142504461993203,-0.887456643200744,10,2,375.35,365,187.675,20
17561,1,Champions,0.7145670338796377,0.10609834648199816,20,4,703.0200000000001,734,175.75500000000002,163
16694,0,Hibernating,-3.0884272543916893,1.288650218374434,724,1,98.3,724,98.3,3
15875,0,Hibernating,-2.3949445628077735,1.1699425307820048,647,1,108.52,647,108.52,18
16336,1,Champions,1.0058702925336596,1.0699174057975047,421,4,3517.69,632,879.4225,64
14248,0,Hibernating,-0.17335478230868287,0.7686942892691486,319,3,1032.95,516,344.31666666666666,41
16299,0,Hibernating,-2.05961809837601,0.7538359972900297,478,1,193.65,478,193.65,12
16448,0,Hibernating,-0.9209520319091739,0.4874914400822096,199,2,361.12,472,180.56,45
13264,0,Hibernating,-0.5336588870158087,0.6375604999855418,443,1,722.56,443,722.56,38
16868,0,Hibernating,-0.9599660058842155,1.0106447536374257,395,3,384.55999999999995,594,128.18666666666664,47
16250,0,Hibernating,-0.822009140942302,0.4431064567146389,262,3,565.24,387,188.41333333333333,29
17837,1,Champions,0.7896745146703242,-0.8988504594630603,43,8,1535.33,164,191.91625,109
15411,1,Champions,0.6630771786097617,-1.0716353978322792,27,4,1348.93,183,337.2325,86
15653,2,New / Promising,-1.1715056697438866,-1.143159972811135,93,2,877.4399999999999,116,438.72,4
15232,2,New / Promising,-0.8153940033583262,-0.8461160147341004,114,2,612.0600000000001,141,306.03000000000003,26
17614,2,New / Promising,-0.6639871488197656,-1.9432337256637315,58,1,386.3200000000001,58,386.3200000000001,97
17951,1,Champions,0.24749763440726186,-0.22829944986834994,40,4,1340.5800000000002,405,335.14500000000004,24
16759,2,New / Promising,-0.19247722615145618,-3.1375836740995844,8,3,789.79,31,263.2633333333333,40
14479,1,Champions,0.4624246273253994,1.0567041888208242,254,4,1124.71,734,281.1775,127
15091,1,Champions,0.34018993621770366,0.4218700624530136,68,3,1046.61,675,348.87000000000006,55
15892,0,Hibernating,-1.976088255074216,1.2240142499723938,670,1,128.20000000000002,670,128.20000000000002,38
12371,1,Champions,1.6750088176047888,0.3543168452188814,60,4,3347.38,646,836.845,133
14186,0,Hibernating,0.39670405460561636,1.1521071181569076,428,5,1550.63,645,310.12600000000003,75
18208,0,Hibernating,-1.419541547704456,0.9604363112654261,566,1,360.08,566,360.08,17
17101,1,Champions,1.444155638424072,-0.352694532020772,11,7,2507.05,551,358.15000000000003,54
18103,0,Hibernating,-2.627531745716726,0.9499910032928032,550,1,105.8,550,105.8,10
18128,0,Hibernating,-0.9918403126983775,0.908360407341862,538,1,399.29,538,399.29,42
13958,1,Champions,1.7325523277788477,1.2730645683248323,380,8,4709.2300000000005,735,588.6537500000001,172
12770,1,Champions,0.5613479039231308,0.4000828649038027,211,2,3246.45,457,1623.225,19
13484,0,Hibernating,-0.3206872008211847,0.8636048447289343,242,3,790.7199999999999,640,263.5733333333333,38
12377,1,Champions,1.2610528755137937,0.9117840936161805,316,4,3266.3199999999997,590,816.5799999999999,128
17120,0,Hibernating,-1.5166496187702458,-0.17587740037306177,234,1,307.46,234,307.46,18
12622,0,Hibernating,-2.2618646027706135,-0.17297707936970674,233,1,162.1,233,162.1,10
13499,1,Champions,0.3201911184317665,-0.8549235653786031,18,5,1159.11,270,231.82200000000003,31
15053,2,New / Promising,0.310446538531058,-1.3072490603092584,5,3,693.95,282,231.3166666666667,49
13968,0,Hibernating,-2.573352679444988,0.604919032311072,424,1,123.66,424,123.66,8
18221,1,Champions,0.8459840715031832,-0.394352934934708,23,6,1424.94,391,237.49,71
16715,0,Hibernating,-0.42270784392903227,0.266006734486932,79,2,625.52,563,312.76,27
14345,2,New / Promising,-2.74124858965071,-2.4603131145436357,39,1,108.98,39,108.98,6
16862,0,Hibernating,-0.6621304737152629,1.3047046777054194,548,4,662.3300000000002,702,165.58250000000004,34
14762,0,Hibernating,-0.9847477782226005,0.8411311588178509,264,2,417.5700000000001,627,208.78500000000005,28
17770,0,Hibernating,-0.1724311944511724,0.10290264073224305,199,5,1143.27,283,228.654,33
13272,2,New / Promising,-1.4978732220713538,-1.7215789340503134,32,2,276.56000000000006,90,138.28000000000003,15
12430,2,New / Promising,-1.9978820645817499,-2.319141676695471,44,1,216.4,44,216.4,10
17723,0,Hibernating,0.2884966564809031,0.174584770174111,128,7,3378.4000000000005,376,482.6285714285715,6
13302,0,Hibernating,-2.480409831312367,0.47073667412126097,156,2,159.2,527,79.6,3
15940,0,Hibernating,-4.1749966583259726,0.21570136033071685,312,1,35.8,312,35.8,1
13559,0,Hibernating,-1.4876625568583806,0.8929607302576023,513,2,990.0,544,495.0,1
15504,0,Hibernating,-0.6247259231036948,0.5424549016475869,82,4,391.45,666,97.8625,41
17933,0,Hibernating,-2.594053700174238,1.1335326999180393,633,1,105.99,633,105.99,11
16884,1,Champions,0.5156507187507936,0.08855990997200901,38,4,1070.97,571,267.7425,64
12728,0,Hibernating,0.06984711891043656,0.0008684427965682138,72,5,926.17,384,185.234,47
12878,0,Hibernating,-0.4228630509688452,0.010381094015857217,237,2,854.99,267,427.495,38
16146,0,Hibernating,-0.18563681870829069,0.40795012279818504,158,4,946.38,449,236.595,34
12535,0,Hibernating,-0.5529543650167237,-0.6768903764843889,92,2,716.3499999999999,187,358.17499999999995,28
15004,2,New / Promising,0.4567890256180447,-0.767430824318604,148,1,1220.38,148,1220.38,153
13201,0,Hibernating,0.10371500829881493,1.1857310005941106,503,4,1233.06,643,308.265,65
17498,2,New / Promising,-1.6224503867350304,-1.6200391040391537,76,1,272.22,76,272.22,17
17835,2,New / Promising,-0.7148288050623909,-3.6498861140442194,3,3,342.24,24,114.08,45
13734,1,Champions,1.1170784154017999,1.0635379442418353,509,4,6695.6900000000005,603,1673.9225,24
15536,0,Hibernating,-1.7106763381103895,0.5518590534135285,410,1,259.09000000000003,410,259.09000000000003,16
15476,1,Champions,0.5858826231436565,0.7236855786311296,381,4,2209.98,443,552.495,67
17094,0,Hibernating,-1.3049768002909552,0.557480772166129,323,2,402.2,424,201.1,18
14336,1,Champions,0.9507495885273025,-0.8756356692362661,17,4,1614.91,277,403.7275,77
12513,2,New / Promising,-0.7706047237665219,-1.1197728079497309,113,1,558.29,113,558.29,34
12635,1,Champions,1.381498443407862,0.20619455737227074,90,4,2624.41,457,656.1025,158
13322,2,New / Promising,-1.7158285269846316,-3.4182625380848535,18,1,199.48,18,199.48,25
18063,0,Hibernating,-2.624221125050776,0.9834258118797319,391,2,186.6,634,93.3,2
15820,0,Hibernating,-1.8710401081894354,0.23911624809225634,320,1,206.98,320,206.98,17
18078,0,Hibernating,-0.1595206006657525,0.857819893191318,218,4,725.53,629,181.3825,65
16236,2,New / Promising,-1.1783811359124112,-1.5811878253385394,79,1,432.2,79,432.2,20
15070,0,Hibernating,-0.5919949633539937,1.1391400749845992,373,3,737.0500000000001,725,245.68333333333337,26
15524,0,Hibernating,-0.6115839083959859,-0.1200473643836491,25,2,591.4,607,295.7,9
17693,2,New / Promising,-1.9075498699115851,-0.8462467599630851,138,1,200.47,138,200.47,16
15000,2,New / Promising,-0.5570445161684745,-2.1957005253377857,48,1,490.52,48,490.52,76
18274,2,New / Promising,-2.130541224086546,-2.753421743919822,31,1,175.92,31,175.92,11
16185,0,Hibernating,0.06303144913359875,-0.25322626474558607,17,3,644.72,565,214.90666666666667,39
13270,0,Hibernating,-1.8627726765389776,0.34336130761241535,367,1,590.0,367,590.0,1
17347,2,New / Promising,-2.6285394473848913,-1.4837874540644092,87,1,228.96,87,228.96,1
12443,0,Hibernating,-1.351009211785784,1.2976735495013088,733,1,365.31,733,365.31,20
15338,0,Hibernating,-1.1860443831234722,1.2238386901771208,678,1,277.93,678,277.93,56
14602,0,Hibernating,-1.66287548706963,1.1809969479836224,657,1,205.36000000000004,657,205.36000000000004,31
17586,0,Hibernating,-2.3282274709968873,1.087736361479009,620,1,167.40000000000003,620,167.40000000000003,8
15112,0,Hibernating,-2.1885191212592163,1.0620781492572973,612,1,209.4,612,209.4,7
13180,0,Hibernating,-3.1077556162443294,1.0707306873709148,608,1,86.10000000000001,608,86.10000000000001,4
18028,0,Hibernating,-2.443624310113345,0.9950249604357411,584,1,192.05,584,192.05,4
16307,0,Hibernating,0.10588320261604894,0.9926412182363872,430,3,1194.92,578,398.3066666666667,69
12730,0,Hibernating,-0.48556909170328344,0.8542549192574757,522,1,703.2500000000001,522,703.2500000000001,46
17773,0,Hibernating,-0.63880534865677,1.1885427754192075,515,2,575.3699999999999,691,287.68499999999995,48
15363,0,Hibernating,-0.655301036921942,0.7450244799994824,373,2,678.1099999999999,493,339.05499999999995,32
14254,0,Hibernating,-0.8767385066412418,0.6041917519729245,433,1,601.03,433,601.03,23
16022,0,Hibernating,-0.45351970683477555,-0.030099396804601393,261,1,602.63,261,602.63,68
16642,1,Champions,0.7630957873249502,-0.9676829559414074,5,3,1077.45,416,359.15000000000003,50
12453,2,New / Promising,-0.48693174589519284,-0.8935931891498948,135,1,707.0899999999999,135,707.0899999999999,43
18192,2,New / Promising,-0.2074655316043426,-1.7084662911197164,72,1,957.97,72,957.97,45
16803,2,New / Promising,-1.3260424276861196,-1.8000222842076505,66,1,332.3,66,332.3,24
18088,2,New / Promising,-1.7583203865225796,-1.8524063663350427,62,1,166.03,62,166.03,35
14995,0,Hibernating,-0.9787889128617291,-0.5910316972953639,39,2,231.98,281,115.99,53
14863,2,New / Promising,-1.7845911604179303,-2.8068613214235145,30,1,266.76,30,266.76,11
16410,0,Hibernating,-2.6968625135687208,1.3076453998655466,735,1,130.32000000000002,735,130.32000000000002,5
14018,0,Hibernating,-1.5037401571149174,1.1261936008617686,646,1,367.1500000000001,646,367.1500000000001,13
14011,0,Hibernating,-0.9947048312051356,1.045191364345719,481,2,457.8200000000001,608,228.91000000000005,32
12804,0,Hibernating,-1.0701758250013422,0.879172939568956,466,2,325.36999999999995,501,162.68499999999997,60
16646,0,Hibernating,-0.6886393247869751,0.6546767458520089,450,1,678.8,450,678.8,29
13977,0,Hibernating,-1.207890631994876,0.533876139252069,412,1,519.8100000000001,412,519.8100000000001,13
13660,0,Hibernating,-1.235299741446387,0.5345301669027204,401,1,306.64,401,306.64,39
16494,0,Hibernating,-0.33451503069715943,0.12055671890838614,297,1,826.53,297,826.53,47
13951,0,Hibernating,-0.542318758639509,0.04553667749690474,177,3,674.45,295,224.8166666666667,38
15507,0,Hibernating,-0.8383117018988189,-0.5707623292579627,172,1,475.86,172,475.86,41
16102,2,New / Promising,0.46057600842466195,-1.2726547299336808,43,3,1842.14,129,614.0466666666666,41
12688,1,Champions,1.6578343353012375,-1.142152870666918,114,1,4873.8099999999995,114,4873.8099999999995,171
12965,2,New / Promising,-0.05499696423329739,-1.399738778359064,90,1,769.8100000000001,90,769.8100000000001,108
14174,2,New / Promising,-2.03693286680405,-2.61382385527801,34,1,134.46,34,134.46,26
15450,2,New / Promising,-1.0168662449102943,-2.7616466078904227,31,1,429.84,31,429.84,30
16025,2,New / Promising,-1.023722983160615,-2.80475406907772,30,1,439.66,30,439.66,28
15904,2,New / Promising,-1.7964039062278077,-4.241482420352463,9,1,164.68,9,164.68,30
16567,0,Hibernating,-0.36525386478214944,0.14339423138421817,195,2,865.6,337,432.8,34
15675,0,Hibernating,-0.5504900886511201,0.07736782748042727,82,4,542.04,405,135.51,32
17129,0,Hibernating,-4.118453765482402,0.889978666666071,521,1,31.85,521,31.85,2
18053,0,Hibernating,-0.4671769672853918,0.22153856274580533,71,3,571.0699999999999,528,190.35666666666663,29
15909,0,Hibernating,-2.242192865479836,-0.5607477688747778,174,1,191.94,174,191.94,7
16866,0,Hibernating,-2.086201566203977,-0.5739382121927091,141,3,207.74,162,69.24666666666667,10
15991,0,Hibernating,-2.512355063526349,0.8952005206897975,535,1,150.54999999999998,535,150.54999999999998,6
15461,0,Hibernating,-2.127993425733527,1.012144521287541,461,2,429.7,632,214.85,1
13366,2,New / Promising,-3.7813086565420098,-2.1246883220868567,51,1,56.16,51,56.16,1
17342,0,Hibernating,-0.11397812140994364,1.1007380120372283,380,4,1227.54,670,306.885,31
17902,0,Hibernating,-1.7133860410495452,0.9375487709843938,547,1,216.4,547,216.4,24
15126,0,Hibernating,-1.1021949380693383,1.195962320144301,537,2,449.49,688,224.745,25
15190,0,Hibernating,-0.39394092396619756,0.6106824636179928,435,1,834.44,435,834.44,40
17687,0,Hibernating,-1.103655422394543,0.5798022538837285,421,1,432.68000000000006,421,432.68000000000006,26
14718,0,Hibernating,-1.9590119819327647,0.5523293402134579,411,1,226.42,411,226.42,11
13937,0,Hibernating,-0.10823970001491105,0.2606112897944687,170,2,880.13,403,440.065,54
15832,0,Hibernating,-0.26868627877985496,-0.07418116390439763,255,1,836.79,255,836.79,54
16464,1,Champions,0.8582454736174283,-1.431827669820983,20,3,1298.66,143,432.8866666666666,152
14557,2,New / Promising,-0.762107560663421,-1.4942385101560542,86,1,788.38,86,788.38,16
15604,2,New / Promising,-1.8077706737855046,-2.073330317321399,53,1,216.39,53,216.39,17
17441,0,Hibernating,-1.515131671140211,1.3050407101312531,733,1,293.35,733,293.35,21
18139,2,New / Promising,1.5003978840740784,-3.2538515200555613,18,6,8438.34,19,1406.39,35
14063,1,Champions,1.4867681638413106,1.4257344723063827,687,7,9471.5,732,1353.071428571429,29
14900,0,Hibernating,-4.935283432665373,0.9105654666114766,523,1,13.919999999999998,523,13.919999999999998,1
13474,0,Hibernating,-0.10506852261908399,0.6513082502401869,237,3,646.5899999999999,496,215.52999999999997,116
12736,0,Hibernating,-2.7613287651402025,0.272530942280383,333,1,144.0,333,144.0,3
17148,2,New / Promising,-2.4931683391138617,-2.0926165827976924,52,1,124.88,52,124.88,9
13122,0,Hibernating,-0.047451820027080274,-0.43041980625674736,95,2,922.39,241,461.1950000000001,54
15503,0,Hibernating,-0.893210102740731,1.1387810288195654,363,2,257.3,727,128.65,112
14677,0,Hibernating,-2.0450663790093753,1.0369324926030494,593,1,184.91,593,184.91,14
14728,0,Hibernating,-2.0147130000241806,0.5710804337082891,414,1,190.58,414,190.58,14
16429,2,New / Promising,-2.2922887634816242,-1.2169149892601294,107,1,284.55,107,284.55,2
17087,0,Hibernating,-1.9544363179814037,1.3120739287874217,738,1,221.53,738,221.53,12
16481,0,Hibernating,-1.2530871009956845,1.1957769317038502,683,1,453.38,683,453.38,16
15176,0,Hibernating,-0.15903938152606112,1.1657186811526723,668,1,988.04,668,988.04,52
16602,0,Hibernating,-0.04995977584969322,-0.35812493521172856,37,2,763.33,389,381.665,37
15214,1,Champions,1.521975252026386,-1.5882199221070585,2,8,1661.44,243,207.68,109
15923,0,Hibernating,-2.198888638206551,0.4554501290189104,373,1,127.08,373,127.08,21
13351,2,New / Promising,-1.5222002890966801,-1.7885895563655154,67,1,323.94,67,323.94,15
14601,2,New / Promising,-2.112434953785291,-4.0386834112169385,11,1,213.96,11,213.96,7
17437,0,Hibernating,-0.9738112648176467,0.8952438188052391,530,1,369.6799999999999,530,369.6799999999999,52
12665,0,Hibernating,-1.729940476189016,1.0308365074233723,325,3,259.6,670,86.53333333333335,12
12988,0,Hibernating,-0.5631226511401733,0.12633907526622618,293,1,505.8200000000001,293,505.8200000000001,75
15054,2,New / Promising,-0.6543287032237511,-2.723258912083205,13,2,302.09999999999997,41,151.04999999999998,105
13349,2,New / Promising,-1.9081783349484134,-4.023050301761172,11,1,197.32,11,197.32,15
16222,1,Champions,0.5287158587958315,1.0387020724071099,319,2,1272.05,722,636.025,133
15084,0,Hibernating,-0.3226675495512287,0.9863214249437637,380,2,965.2,646,482.6,31
14097,0,Hibernating,-0.9734889251075164,1.1069951137325382,482,2,422.86,646,211.43,39
12851,0,Hibernating,-0.7958743242143,0.23799247047365132,97,2,280.76,478,140.38,71
13088,0,Hibernating,-1.7244415015650894,0.5827003492272087,418,1,236.11,418,236.11,19
16559,0,Hibernating,-2.0134520394980195,0.5260985394956393,398,1,175.00000000000003,398,175.00000000000003,17
12491,2,New / Promising,-1.1149971228613167,-2.4760530210985396,39,1,424.4,39,424.4,24
16423,2,New / Promising,-1.3856293256369845,-3.033827939309773,25,1,346.12,25,346.12,18
12762,2,New / Promising,0.5802882579229038,-3.357367722273979,8,2,1702.5199999999998,26,851.2599999999999,61
14771,0,Hibernating,-0.6558311299630104,1.3183874984645054,622,2,594.6200000000001,737,297.31000000000006,46
13794,0,Hibernating,-2.52015500230619,0.9359527395118001,547,1,126.03,547,126.03,9
15772,0,Hibernating,-1.6439225327897855,0.577562365169287,419,1,280.88,419,280.88,16
14379,1,Champions,0.7277598940231403,-0.0007373456273640615,45,4,1265.16,481,316.29,93
17891,0,Hibernating,-1.6133068329285292,-0.6184922759021662,163,1,203.86,163,203.86,34
13810,2,New / Promising,-0.3991591437879355,-2.187362762198362,29,2,827.5099999999999,57,413.75499999999994,30
15168,2,New / Promising,-2.8143453641486142,-2.9722195072250073,26,1,106.56,26,106.56,5
18070,0,Hibernating,-1.7657618132148911,1.1715980453778825,670,1,314.1,670,314.1,9
14007,0,Hibernating,-3.099753558731375,0.8566593186698347,513,1,79.48,513,79.48,5
17532,0,Hibernating,-3.3280328478514325,0.4909244191054172,386,1,65.34,386,65.34,4
12587,2,New / Promising,-2.9769455861446814,-4.403716749501465,8,1,104.0,8,104.0,3
15250,0,Hibernating,-3.4928669905047514,1.1454379151170322,641,1,60.0,641,60.0,3
12781,0,Hibernating,-0.3693103378788126,-0.44040497558173375,64,2,786.74,285,393.37,24
15170,0,Hibernating,-3.1506080372365086,0.553108731556106,407,1,81.15,407,81.15,4
13645,2,New / Promising,-2.123235970996593,-1.0420527706599556,121,1,252.1,121,252.1,5
15672,0,Hibernating,-3.724584972104527,1.3148220091785414,726,1,45.3,726,45.3,3
13289,0,Hibernating,-1.5755524330322315,1.2826828319878878,724,1,307.95,724,307.95,16
12411,0,Hibernating,-1.3497937255659502,0.5490199314383061,410,1,346.9000000000001,410,346.9000000000001,22
15438,2,New / Promising,-1.945364204526697,-0.8880613826906185,132,1,156.57999999999998,132,156.57999999999998,25
17154,2,New / Promising,-1.3515235308573554,-1.6201643875402842,76,1,329.34,76,329.34,23
16688,2,New / Promising,0.679346586485485,-2.9343204590901584,2,4,1260.86,61,315.21500000000003,52
17914,2,New / Promising,-0.8754046799546172,-5.144291140620789,4,1,329.36,4,329.36,72
14983,0,Hibernating,-1.7707405642571332,1.2472040320797395,690,1,183.2,690,183.2,30
17710,0,Hibernating,-1.524837529271564,0.5956479720445269,424,1,293.5,424,293.5,20
13624,0,Hibernating,-1.1105918126576972,0.4725470097603723,389,1,462.08,389,462.08,22
17493,0,Hibernating,-2.739957346536395,0.48944192098588885,386,1,100.91,386,100.91,8
15225,0,Hibernating,-1.1871766188104111,-0.17436466173092613,235,1,409.4,235,409.4,23
14100,2,New / Promising,-1.792552870489767,-0.8375965636014467,138,1,191.95,138,191.95,24
15348,2,New / Promising,-2.303166051609166,-1.666771759255367,73,1,158.04,73,158.04,9
15096,2,New / Promising,-1.9520887798079565,-2.3470217390846564,43,1,219.39,43,219.39,11
16243,2,New / Promising,-0.8385433488320188,-2.1295106332358964,34,2,409.1,55,204.55,49
17413,0,Hibernating,-1.2328749520526356,0.8931205066456354,405,2,560.14,570,280.07,10
12995,2,New / Promising,-2.4234807023749787,-1.4829952937559596,86,1,211.32,86,211.32,3
13592,0,Hibernating,-1.3908689826674567,-0.6114868964459286,36,4,247.96,265,61.99,15
17959,0,Hibernating,-2.9014004902190336,1.014207492243806,593,1,140.75,593,140.75,2
15731,0,Hibernating,-2.5664055544912463,0.9505674461214942,554,1,125.3,554,125.3,8
14374,0,Hibernating,-2.7350187816590608,0.9243377029478932,542,1,108.0,542,108.0,7
12732,0,Hibernating,-1.9773036934805195,-0.5130769061873224,180,1,218.26,180,218.26,11
15130,0,Hibernating,-1.3780552380190454,-0.5865429386715166,170,1,330.11,170,330.11,22
16878,2,New / Promising,-4.672497664787224,-1.4180761937625619,85,1,13.3,85,13.3,3
15409,0,Hibernating,-2.4906823017436572,1.2940921080371592,722,1,131.25,722,131.25,9
14303,0,Hibernating,-1.599956440725354,0.684777034622695,408,2,277.94,435,138.97,21
17245,0,Hibernating,-1.0651356877061742,0.8308059677203066,205,2,371.63,690,185.815,24
16023,1,Champions,0.10977315090423691,-0.539183490665436,47,3,719.81,267,239.93666666666664,90
13806,2,New / Promising,-1.8625828226021262,-1.8473495365379713,64,1,256.38,64,256.38,10
17240,0,Hibernating,-2.579361297968786,1.0438547345296794,597,1,130.6,597,130.6,7
17369,0,Hibernating,-1.4441747398331986,0.6092199262849092,456,1,979.2,456,979.2,1
12934,0,Hibernating,-2.6932637618429003,1.2881447978105884,737,1,181.65,737,181.65,2
15844,2,New / Promising,-2.382372657755496,-2.2189613628421023,47,1,130.74,47,130.74,11
14568,0,Hibernating,-0.2512337510098421,0.6137870335025674,436,1,919.7,436,919.7,47
17427,2,New / Promising,-3.1463778860745544,-1.6942071759360968,72,1,100.8,72,100.8,2
12713,2,New / Promising,-0.3848035517292399,-6.370862959341435,1,1,794.5500000000001,1,794.5500000000001,37
13498,0,Hibernating,-1.502462973177582,1.2944274761175785,731,1,327.38,731,327.38,17
15209,0,Hibernating,-2.1022005708881313,1.3074356818064403,731,1,178.98000000000002,731,178.98000000000002,13
16262,0,Hibernating,-0.42156092026103403,0.43800113309134997,379,1,755.1500000000001,379,755.1500000000001,46
18224,0,Hibernating,-2.2799646781929703,-0.01109095494626364,264,1,158.95,264,158.95,10
16581,0,Hibernating,-2.6483111314690047,-0.4739524429236885,183,1,105.84,183,105.84,9
12534,2,New / Promising,-0.07314162972409705,-0.9351324611307991,131,1,981.1799999999998,131,981.1799999999998,62
15158,0,Hibernating,-0.7330773379027219,-0.2610509744002855,46,2,606.02,402,303.01,11
17326,0,Hibernating,-0.9435696323681921,0.8867478309878128,409,2,312.35,530,156.175,82
17499,0,Hibernating,0.2712815391448333,0.759785620708036,290,2,1341.39,562,670.6949999999999,66
18197,0,Hibernating,-2.022008655909274,0.98508935028723,576,1,230.1,576,230.1,9
13423,0,Hibernating,-1.9634547597134566,0.6105530393683906,429,1,217.03,429,217.03,12
14436,0,Hibernating,-1.4991091120042985,0.34633650548922895,99,2,271.70000000000005,554,135.85000000000002,11
15846,0,Hibernating,-2.2470468829328323,0.5094104879353849,386,1,107.01,386,107.01,27
13621,2,New / Promising,-1.787878974289929,-1.0574148142563229,117,1,213.84999999999997,117,213.84999999999997,19
17910,0,Hibernating,-1.5444330674353348,1.3009602197001624,727,1,261.7,727,261.7,25
16238,0,Hibernating,-3.2190102872694633,0.6165054959323931,423,1,63.66,423,63.66,6
13906,0,Hibernating,-4.04921840488991,0.5642707304569303,410,1,42.0,410,42.0,1
16721,0,Hibernating,-1.2884759024153432,-0.010278031519439875,263,1,292.47,263,292.47,37
17927,0,Hibernating,-1.784497205372601,1.2721502947696617,722,1,294.00000000000006,722,294.00000000000006,10
12661,0,Hibernating,-2.2375803282358913,0.641540342215938,437,1,162.0,437,162.0,11
14333,2,New / Promising,-1.3160541570784139,-1.776992346183848,68,1,415.2000000000001,68,415.2000000000001,15
13372,2,New / Promising,-1.3724299793445935,-1.404312392341431,90,1,328.64000000000004,90,328.64000000000004,22
14642,2,New / Promising,-3.1827120140047302,-1.9470959681773614,59,1,96.12,59,96.12,2
17057,0,Hibernating,-1.219615246696269,1.0547154123366755,597,1,288.79,597,288.79,47
14576,0,Hibernating,-4.186743107092641,0.44688828721892876,373,1,35.400000000000006,373,35.400000000000006,1
16144,0,Hibernating,-2.8658744703468817,-0.1325021982887198,247,1,175.2,247,175.2,1
15487,0,Hibernating,-1.861296220579231,1.20755498341466,680,1,231.32,680,231.32,14
14070,0,Hibernating,-1.1939524451581223,1.2265323983192924,685,1,321.6,685,321.6,40
17815,0,Hibernating,-1.0990654363602832,0.47225432278732454,394,1,591.9599999999999,394,591.9599999999999,13
16958,0,Hibernating,-0.24229648959937666,0.6259289610715038,436,1,778.4900000000001,436,778.4900000000001,69
17066,0,Hibernating,-1.801652116406318,1.2979552304189086,727,1,228.34000000000003,727,228.34000000000003,17
17052,2,New / Promising,-0.7422603966403544,-2.826766135424561,29,1,399.09,29,399.09,72
16339,0,Hibernating,-2.5221520127913517,0.11261785997158662,285,1,94.05,285,94.05,17
16090,0,Hibernating,-1.9730150287969475,1.1101854050752453,625,1,180.55999999999997,625,180.55999999999997,18
18284,0,Hibernating,-1.1311753964285234,0.6153321030927841,432,1,411.68,432,411.68,27
16237,0,Hibernating,-2.537314739951591,0.6417552318440811,438,1,136.65,438,136.65,7
12617,2,New / Promising,-1.0804029697540687,-2.7921206405575254,30,1,352.9800000000001,30,352.9800000000001,39
14795,0,Hibernating,-2.607494750402848,-0.6050873798590286,167,1,131.45,167,131.45,6
14394,0,Hibernating,-2.904288675641266,0.9797092476415945,565,1,93.8,565,93.8,6
14833,0,Hibernating,-2.841416377590959,0.821189981413738,499,1,94.79999999999998,499,94.79999999999998,7
15464,0,Hibernating,0.32012392724118827,0.3071120058790933,339,1,1044.65,339,1044.65,155
16152,0,Hibernating,0.14456244811584334,-0.03987063160902267,269,1,1829.04,269,1829.04,29
13412,0,Hibernating,-0.9201444140803344,1.0836878347009833,621,1,487.35,621,487.35,33
12354,0,Hibernating,-0.02783927380743355,-0.19688015591779165,233,1,1079.4,233,1079.4,58
15090,0,Hibernating,-1.2503007214269908,0.181370241598666,309,1,381.31999999999994,309,381.31999999999994,23
13796,0,Hibernating,-1.5024760959179781,0.8110840395285318,500,1,289.7,500,289.7,22
15999,0,Hibernating,-4.63962481034489,1.3421477415135425,736,1,20.4,736,20.4,1
17944,0,Hibernating,-2.5859587873926726,0.6391050578507956,424,1,74.99,424,74.99,24
15340,0,Hibernating,-2.7548983205427393,0.9719234267856915,562,1,105.5,562,105.5,7
14689,0,Hibernating,-2.4658936338416204,-0.298017389891546,209,1,112.8,209,112.8,13
15035,2,New / Promising,-1.5278467103119588,-1.393495744165982,90,1,252.73,90,252.73,26
12655,0,Hibernating,-1.7869565921292183,0.5959803939453968,424,1,243.35,424,243.35,15
16113,0,Hibernating,-1.856355056818316,-0.45770166653334987,184,1,161.37999999999997,184,161.37999999999997,30
16260,2,New / Promising,-0.4839126153873347,-2.1674930224379376,51,1,1035.4499999999998,51,1035.4499999999998,18
16171,2,New / Promising,-3.2947221404552005,-1.9121930924480486,60,1,73.2,60,73.2,3
15964,0,Hibernating,-1.6032273147050284,1.1786831848855615,664,1,269.21000000000004,664,269.21000000000004,20
12774,0,Hibernating,-3.0577934755053056,0.9119040443033921,536,1,83.7,536,83.7,5
17121,0,Hibernating,-1.6538235882197567,0.5187158510557053,403,1,314.74,403,314.74,12
16318,2,New / Promising,-1.4150816658320744,-2.5738045953372195,36,1,328.15,36,328.15,19
17587,0,Hibernating,-1.6943143602047068,1.1347340331559574,629,1,173.76,629,173.76,41
17020,0,Hibernating,-0.1486024815425038,1.1404321034281009,543,2,935.62,647,467.81,64
14319,0,Hibernating,-0.9921069887156218,0.5880663918199254,425,1,494.8500000000001,425,494.8500000000001,26
15087,0,Hibernating,-1.5881011443140969,0.06187644495104396,282,1,306.94000000000005,282,306.94000000000005,15
13281,0,Hibernating,-1.3414239143428794,0.6400332332098887,440,1,350.85,440,350.85,22
17922,0,Hibernating,-2.3115742122093814,0.9179481734622975,544,1,170.4,544,170.4,8
18003,0,Hibernating,-1.3161978169174364,0.4407515554105041,377,1,353.51,377,353.51,23
15119,0,Hibernating,-1.7290448697467178,-0.11158954142572364,246,1,266.40000000000003,246,266.40000000000003,14
16753,2,New / Promising,-1.5205441885715663,-1.925020071954251,59,1,223.92,59,223.92,34
16870,0,Hibernating,-1.0443548051259004,0.7224327137922545,470,1,450.16,470,450.16,28
15320,2,New / Promising,-1.3483478432765184,-2.273674082212216,45,1,267.13,45,267.13,36
13858,2,New / Promising,-1.9687004389469833,-1.9662306871626352,58,1,216.17,58,216.17,11
15567,2,New / Promising,-2.2361204101527328,-3.372220614019469,19,1,186.01,19,186.01,7
17976,0,Hibernating,-1.055464579367713,0.4462650438191544,373,1,321.78999999999996,373,321.78999999999996,56
13392,0,Hibernating,-2.832298038281915,1.2213715484441714,678,1,91.14,678,91.14,8
12390,2,New / Promising,-0.8843818188305371,-1.561622672885965,80,1,504.8400000000001,80,504.8400000000001,31
17435,0,Hibernating,-1.530097119577223,0.5497330807656224,412,1,331.34999999999997,412,331.34999999999997,15
12702,2,New / Promising,-2.013784201138308,-3.303494275766393,20,1,201.0,20,201.0,11
14989,0,Hibernating,-1.4425389549978795,1.1657653516692261,662,1,342.4,662,342.4,18
15564,0,Hibernating,-3.24577737002519,1.1469802081651135,464,2,70.74000000000001,677,35.370000000000005,4
13779,0,Hibernating,-1.9127044631392716,0.8728990069236469,516,1,161.13,516,161.13,27
13844,2,New / Promising,-1.2997603250387813,-3.931944607009766,12,1,361.62,12,361.62,20
17906,0,Hibernating,-2.8573677503056283,-0.06577599050177496,248,1,72.9,248,72.9,12
12776,0,Hibernating,-4.127897958682061,1.221392022816634,668,1,27.5,668,27.5,3
14773,0,Hibernating,-2.3937942514344512,1.0390797562087268,593,1,140.55,593,140.55,10
17161,0,Hibernating,-0.27249621896644305,0.6442362167257695,445,1,856.01,445,856.01,52
14391,0,Hibernating,-2.301613769665377,1.0106571542230893,577,1,135.59999999999997,577,135.59999999999997,14
13944,0,Hibernating,-1.6368445978382447,1.1780390242442467,654,1,200.43,654,200.43,35
13708,0,Hibernating,-1.2157951991210503,0.03898332910637734,272,1,283.33,272,283.33,48
17792,0,Hibernating,-1.0877785429097204,0.8310836813605295,468,2,368.35,479,184.175,45
15516,2,New / Promising,-2.925729441895589,-2.080879577348575,45,3,62.43000000000001,47,20.81,15
14974,2,New / Promising,-2.5295196829270745,-2.469460069543404,38,1,89.94,38,89.94,17
17275,0,Hibernating,-2.2543291014814084,0.49786323491604983,384,1,114.1,384,114.1,23
14971,2,New / Promising,0.33671077036887365,-2.2646921213697535,36,3,1097.98,44,365.99333333333334,144
17296,0,Hibernating,-1.2382523729245196,1.3050571568920555,731,1,338.13,731,338.13,32
14485,2,New / Promising,-1.6804978043793082,-2.43655140684646,39,1,162.79999999999998,39,162.79999999999998,44
12852,0,Hibernating,-1.5302549929679314,0.12192092165582376,295,1,311.55,295,311.55,17
16375,0,Hibernating,-2.664390837440082,0.8294745219254498,471,2,104.0,471,52.0,11
12819,0,Hibernating,-1.037306084818813,0.6792837423729552,459,1,540.52,459,540.52,19
14668,0,Hibernating,-2.580124932917149,0.6771985976890977,446,1,111.63,446,111.63,10
13436,2,New / Promising,-1.9707822226530716,-5.8244250213937825,2,1,196.89,2,196.89,12
15924,0,Hibernating,-2.5338956011625013,1.3268206390200803,732,1,102.82,732,102.82,14
13866,2,New / Promising,-2.458446248097814,-1.6340598312734607,75,1,145.67000000000002,75,145.67000000000002,7
12603,2,New / Promising,-1.789641839443674,-3.2527208635870415,22,1,613.1999999999999,22,613.1999999999999,1
16377,0,Hibernating,-0.5974118608684241,0.772980718037778,268,2,1308.48,618,654.24,6
12536,2,New / Promising,1.7206666826957229,-1.9525277302530508,60,1,4279.71,60,4279.71,259
13990,0,Hibernating,-1.5485733275090272,-0.2936988881732573,214,1,311.30000000000007,214,311.30000000000007,16
12671,0,Hibernating,0.591594103275172,1.0097300037490917,607,1,2622.4799999999996,607,2622.4799999999996,44
17112,0,Hibernating,-1.5575084146544513,0.8429411077893593,503,1,197.57,503,197.57,44
15631,0,Hibernating,-0.6886053927418282,1.1258784432823412,643,1,596.6700000000001,643,596.6700000000001,39
14300,2,New / Promising,-3.710109960393219,-3.342742808464165,19,1,43.2,19,43.2,3
13688,0,Hibernating,-1.8166032551143316,1.0891400074820416,636,1,375.5,636,375.5,5
13845,2,New / Promising,-1.7344115402858526,-1.8352628390276495,65,1,312.98,65,312.98,9
16819,0,Hibernating,-2.041431244646822,0.8070987120236844,466,2,182.59,466,91.295,17
12659,2,New / Promising,-3.191949250813294,-2.7857716249335662,30,1,73.68,30,73.68,4
